trial,t_wall,t_sim,x,y,yaw,linear_x,angular_z,confidence,width,safety_margin,obstacle,center_points
1,0.13583407000260195,0.40800000000001546,0.08566271053174504,1.6004855382890002e-05,0.0001203099901989334,0.5,0.011521459055532497,0.8561115264892578,1.300391435623169,0.38660380244255066,False,21
1,0.2606403030004003,0.5099999999999909,0.10742356154124133,1.8630062354872343e-05,0.00012073680624659944,0.5,0.01154004321403064,0.8386492729187012,1.270975112915039,0.38755688071250916,False,21
1,0.36642342599952826,0.5439999999999827,0.11467717370206683,1.950771826631522e-05,0.00012110605399391488,0.5,0.011521451227869045,0.8386492729187012,1.270975112915039,0.38755688071250916,False,21
1,0.48527752000518376,0.6119999999999663,0.1291843896012788,2.1260509007707345e-05,0.00012117454376855261,0.5,0.011521450423829476,0.8686245679855347,1.3297679424285889,0.3856043517589569,False,21
1,0.6071662070025923,0.7139999999999418,0.15094519577154936,2.3898543926665692e-05,0.00012160547385951432,0.5,0.011540039673008068,0.8427642583847046,1.2920831441879272,0.3853733241558075,False,21
1,0.7086609309990308,0.7479999999999336,0.15819879676224358,2.4780096384477842e-05,0.00012194919626466955,0.5,0.011521454340825868,0.8427642583847046,1.2920831441879272,0.3853733241558075,False,21
1,0.8274324430021807,0.8160000000000309,0.17270599755158167,2.6544098757715485e-05,0.000121978909046033,0.5,0.011521472078923671,0.8354442119598389,1.2627887725830078,0.3857085406780243,False,21
1,0.9486125160037773,0.9180000000000064,0.19446679858450333,2.920581331424687e-05,0.0001226007204420278,0.5,0.011521253270489636,0.8719882965087891,1.3142224550247192,0.3849129378795624,False,21
1,1.0508186490042135,0.9180000000000064,0.19446679858450333,2.920581331424687e-05,0.0001226007204420278,0.5,0.01150252219838984,0.8487345576286316,1.3142224550247192,0.3849129378795624,False,21
1,1.1731909860027372,1.0199999999999818,0.21622742644237872,3.123789873176784e-05,5.5132056309695676e-05,0.5,0.0011189540189897086,0.8487345576286316,1.3059126138687134,0.3735775649547577,False,20
1,1.3088773600029526,1.0879999999999654,0.23073446363440533,3.18919522382051e-05,4.385574712251333e-05,0.5,0.0034504546950588732,0.8607432842254639,1.3345365524291992,0.3809223473072052,False,21
1,1.431246006002766,1.1899999999999409,0.25249516998600635,3.323790866646507e-05,6.154293787402322e-05,0.5,-0.01237909435742206,0.8571524620056152,1.3138339519500732,0.3688637912273407,True,21
1,1.5324640030012233,1.2239999999999327,0.2597484618735686,3.278956204652365e-05,-4.040351793209935e-05,0.5,-0.012368373830756995,0.8571524620056152,1.3138339519500732,0.3688637912273407,True,21
1,1.6513870070048142,1.29200000000003,0.27425539333365406,3.196730250735779e-05,-5.8251347819378166e-05,0.5,-0.01133023026812517,0.8654220104217529,1.3436124324798584,0.3808583915233612,True,21
1,1.7708769119999488,1.3940000000000055,0.29601591714303394,3.0848311008459146e-05,-5.1730360328019356e-05,0.5,-0.011576863986026916,0.8703068494796753,1.330747365951538,0.38489457964897156,True,21
1,1.8717000000033295,1.3940000000000055,0.29601591714303394,3.0848311008459146e-05,-5.1730360328019356e-05,0.5,-0.011596209471698529,0.8703068494796753,1.330747365951538,0.38489457964897156,True,21
1,1.9941477100001066,1.495999999999981,0.3177764213389908,2.9668209614587767e-05,-5.414285453662939e-05,0.5,-0.02360134033839346,0.8583019971847534,1.3054602146148682,0.37230876088142395,True,20
1,2.11481749000086,1.5979999999999563,0.3395326325382167,3.202090556591461e-05,-0.00017305747906106543,0.5,-0.022073293625262634,0.8665717840194702,1.3168660402297974,0.37258192896842957,True,21
1,2.2156422670013853,1.5979999999999563,0.3395326325382167,3.202090556591461e-05,-0.00017305747906106543,0.5,-0.022102648585098975,0.8665717840194702,1.3168660402297974,0.37258192896842957,True,21
1,2.3357318839989603,1.6999999999999318,0.36128700864163227,2.9786050893944687e-05,-0.0001929460656917985,0.5,-0.021311077443922244,0.8638880848884583,1.3238900899887085,0.3804784119129181,False,21
1,2.4588619749993086,1.802000000000021,0.3830362792696839,2.6788966839805565e-05,-0.00021148863388398766,0.5,-0.016922469535757986,0.8641850352287292,1.328985333442688,0.3134133517742157,False,21
1,2.5597638140025083,1.802000000000021,0.3830362792696839,2.6788966839805565e-05,-0.00021148863388398766,0.5,-0.016911962357170233,0.8641850352287292,1.328985333442688,0.3134133517742157,False,21
1,2.6791151560028084,1.9039999999999964,0.4047823705678419,2.296282959908241e-05,-0.00019403424973523774,0.5,-0.02205781815796699,0.8545225262641907,1.3006505966186523,0.31834885478019714,False,21
1,2.801346050000575,2.005999999999972,0.4265331632777277,2.076169549518901e-05,-0.00025205486844314106,0.5,-0.018190003674125082,0.8511415123939514,1.2988334894180298,0.3095429241657257,False,20
1,2.901904069003649,2.005999999999972,0.4265331632777277,2.076169549518901e-05,-0.00025205486844314106,0.5,-0.018154323850939423,0.8511415123939514,1.2988334894180298,0.3095429241657257,False,20
1,3.0244484120048583,2.1079999999999472,0.44827847279196553,1.5759157474990238e-05,-0.00024063551925113764,0.5,-0.016750209205791153,0.8636311888694763,1.3110551834106445,0.315691202878952,False,19
1,3.1477257369988365,2.2100000000000364,0.47002545670943796,1.0785865914632577e-05,-0.0002350073584123091,0.5,-0.011272281322052099,0.8517799377441406,1.319683313369751,0.3032398223876953,False,21
1,3.2486634439992486,2.244000000000028,0.47727841865251547,8.280428931595397e-06,-0.00020018579500322584,0.5,-0.011227735469699771,0.8517799377441406,1.319683313369751,0.3032398223876953,False,21
1,3.367387937003514,2.312000000000012,0.4917854855210215,5.376240971261329e-06,-0.00018939098865880624,0.5,-0.005434293623280508,0.8744456768035889,1.3474076986312866,0.32952189445495605,False,21
1,3.4888861470026313,2.4139999999999873,0.5135460567078544,2.1924602198449014e-06,-0.00014517398314179038,0.5,-0.002003235219708044,0.8921049237251282,1.3568493127822876,0.373933881521225,False,21
1,3.5926638410019223,2.4139999999999873,0.5135460567078544,2.1924602198449014e-06,-0.00014517398314179038,0.5,-0.0019826127440397347,0.8921049237251282,1.3309788703918457,0.373933881521225,False,21
1,3.7119997710033203,2.5159999999999627,0.5353066826442857,-3.4367004643497425e-07,-0.00011208078141081901,0.5,-0.0008794758266331544,0.8704525232315063,1.3309788703918457,0.38923022150993347,False,20
1,3.8360500560011133,2.617999999999938,0.5570673244262314,-2.6024925664261126e-06,-9.248052878417645e-05,0.5,0.001954135741057146,0.8977020978927612,1.3600549697875977,0.38520994782447815,False,21
1,3.940341150002496,2.617999999999938,0.5570673244262314,-2.6024925664261126e-06,-9.248052878417645e-05,0.5,0.0019290356967666673,0.8977020978927612,1.3694818019866943,0.38520994782447815,False,21
1,4.061004923001747,2.7200000000000273,0.5788280431091065,-4.388643912945261e-06,-7.036013530673866e-05,0.5,0.004832258230192409,0.8882083892822266,1.3694818019866943,0.4032619297504425,False,21
1,4.201843627000926,2.788000000000011,0.5933352017674367,-5.370750613494587e-06,-6.730436453414429e-05,0.5,0.005413082233866065,0.88337641954422,1.3351119756698608,0.4034525454044342,False,21
1,4.3276761660017655,2.8899999999999864,0.6150959412976822,-6.7339455742072854e-06,-6.273755104173474e-05,0.5,0.007682678653964482,0.8928750157356262,1.367444634437561,0.41077157855033875,False,21
1,4.428642687998945,2.8899999999999864,0.6150959412976822,-6.7339455742072854e-06,-6.273755104173474e-05,0.5,0.007694474126665963,0.8928750157356262,1.367444634437561,0.41077157855033875,False,21
1,4.552098553001997,2.991999999999962,0.6368567547991303,-7.71058179146182e-06,-4.518025860725258e-05,0.5,0.010533101089909498,0.8938001990318298,1.3476777076721191,0.40642252564430237,False,21
1,4.6742905150022125,3.0939999999999372,0.6586176944536202,-8.194489601104064e-06,-2.304254053091282e-05,0.5,0.008193250720013756,0.882795512676239,1.3394700288772583,0.4059290587902069,False,21
1,4.775143819002551,3.0939999999999372,0.6586176944536202,-8.194489601104064e-06,-2.304254053091282e-05,0.5,0.008225564000390225,0.882795512676239,1.3394700288772583,0.4059290587902069,False,21
1,4.901603637001244,3.1960000000000264,0.6803784459558975,-9.092343934168311e-06,-4.015742334532624e-05,0.5,0.008319361765033794,0.9024406671524048,1.398397445678711,0.40737202763557434,False,20
1,5.034699658004683,3.298000000000002,0.7021392357864844,-9.95886315545475e-06,-3.945063928906766e-05,0.5,0.008719374567278164,0.9192090034484863,1.3813791275024414,0.4044433534145355,False,21
1,5.135782145000121,3.298000000000002,0.7021392357864844,-9.95886315545475e-06,-3.945063928906766e-05,0.5,0.00871172199543064,0.9192090034484863,1.3813791275024414,0.4044433534145355,False,21
1,5.262416814999597,3.3999999999999773,0.7239000433717933,-1.07602738565159e-05,-3.6331774844694e-05,0.5,0.008615203150100385,0.9058307409286499,1.3587133884429932,0.4082273542881012,False,20
1,5.387015427004371,3.5019999999999527,0.7456608464377328,-1.1574606470790134e-05,-3.684835076688651e-05,0.5,0.011418701718230544,0.9185022711753845,1.3931760787963867,0.41110190749168396,False,21
1,5.488077048001287,3.5019999999999527,0.7456608464377328,-1.1574606470790134e-05,-3.684835076688651e-05,0.5,0.011418316623256283,0.9185022711753845,1.3931760787963867,0.41110190749168396,False,21
1,5.610849638003856,3.604000000000042,0.7674218132673895,-1.1894681064201829e-05,-1.5021605418825931e-05,0.5,0.013129263647566631,0.9016466736793518,1.3725941181182861,0.4023922383785248,False,21
1,5.732055117005075,3.7060000000000173,0.7891828438519785,-1.188785004457929e-05,-9.161702404865941e-07,0.5,0.015025402959167695,0.9252663850784302,1.3977961540222168,0.40522775053977966,False,19
1,5.833013472998573,3.7060000000000173,0.7891828438519785,-1.188785004457929e-05,-9.161702404865941e-07,0.5,0.01505085592075378,0.9252663850784302,1.3977961540222168,0.40522775053977966,False,19
1,5.957665469002677,3.8079999999999927,0.8109435501590102,-1.2601528201832357e-05,3.0526807350273514e-05,0.5,0.01729877809025325,0.9041319489479065,1.3783550262451172,0.3951844871044159,False,21
1,6.080018305001431,3.909999999999968,0.8326997140209682,-1.2405127176026535e-05,5.524052252198145e-05,0.5,0.01886739481206341,0.9027328491210938,1.3695600032806396,0.39171186089515686,False,21
1,6.184918038001342,3.94399999999996,0.8399506329196796,-1.2307539951870371e-05,6.620721846922521e-05,0.5,0.01890638648038802,0.9027328491210938,1.3695600032806396,0.39171186089515686,False,21
1,6.303821646004508,4.011999999999944,0.8544522150202541,-1.1658176531905975e-05,7.286898748518528e-05,0.5,0.02102576980978042,0.9371344447135925,1.4208202362060547,0.5028582811355591,False,20
1,6.427274954003224,4.114000000000033,0.8762009578933482,-1.2772128144725648e-05,0.0001157718946534837,0.5,0.019146213325448417,0.9339925646781921,1.4006154537200928,0.47305604815483093,False,20
1,6.534419221003191,4.148000000000025,0.8834493867734063,-1.178392376075774e-05,0.0001074899060351961,0.5,0.019159057740433878,0.9339925646781921,1.4006154537200928,0.47305604815483093,False,20
1,6.653389570004947,4.216000000000008,0.8979463418731735,-1.0511756443827801e-05,0.00011071824044340559,0.5,0.01795205259029245,0.9403895139694214,1.4028657674789429,0.49228140711784363,False,21
1,6.774961950999568,4.317999999999984,0.9196980787195964,-7.794548367611328e-06,0.0001114618950665919,0.5,0.017393325484696732,0.8985781073570251,1.3618278503417969,0.45524248480796814,False,21
1,6.875442937998741,4.317999999999984,0.9196980787195964,-7.794548367611328e-06,0.0001114618950665919,0.5,0.0173754103781614,0.8985781073570251,1.420400857925415,0.45524248480796814,False,21
1,6.996398792005493,4.419999999999959,0.9414575432804267,-4.769714699155921e-06,0.00010116077243893036,0.5,0.016052724604251913,0.9246439933776855,1.420400857925415,0.39394471049308777,False,21
1,7.1385604180031805,4.487999999999943,0.9559648670065932,-3.334314067848862e-06,9.924111749008691e-05,0.5,0.01705816341160293,0.9075421094894409,1.3753571510314941,0.38789114356040955,False,21
1,7.263879545003874,4.590000000000032,0.9777259025495222,-9.645032295442312e-07,0.00010983747624941408,0.5,0.016239760847618398,0.9152008891105652,1.3764597177505493,0.38592347502708435,False,21
1,7.364472364002722,4.590000000000032,0.9777259025495222,-9.645032295442312e-07,0.00010983747624941408,0.5,0.016249362353314065,0.9152008891105652,1.3764597177505493,0.38592347502708435,False,21
1,7.491638801002409,4.692000000000007,0.9994868964115163,1.3108513514357619e-06,0.00010509485492113014,0.5,0.012537812401503198,0.9141066670417786,1.3657338619232178,0.324278861284256,False,21
1,7.615287491003983,4.793999999999983,1.0212476493039915,2.966774242921979e-06,7.703561214284028e-05,0.5,0.012474876741074647,0.9061051607131958,1.3371787071228027,0.32195401191711426,False,20
1,7.716123925005377,4.793999999999983,1.0212476493039915,2.966774242921979e-06,7.703561214284028e-05,0.5,0.01248470619586894,0.9061051607131958,1.3371787071228027,0.32195401191711426,False,20
1,7.842509489004442,4.895999999999958,1.0430084435312275,4.644035244794436e-06,7.697005616646136e-05,0.5,0.011687237450783164,0.9147144556045532,1.3357880115509033,0.3227139115333557,False,21
1,7.948317462003615,4.963999999999942,1.0575156192912332,5.677946774051252e-06,7.125752762774562e-05,0.5,0.011712337772635887,0.9216456413269043,1.3567688465118408,0.32384413480758667,False,21
1,8.082946229005756,4.997999999999934,1.0647692129487647,6.198118071473417e-06,7.144687928406416e-05,0.5,0.010815414233003496,0.9216456413269043,1.3567688465118408,0.32384413480758667,False,21
1,8.209075983002549,5.100000000000023,1.0865299696075152,7.612335599614195e-06,6.527307080240557e-05,0.5,0.008075807547002796,0.9258622527122498,1.3759335279464722,0.3271530270576477,False,20
1,8.333248132003064,5.201999999999998,1.1082906976444478,8.564353328411018e-06,4.4611994421876255e-05,0.5,0.0058080849373385165,0.9007501006126404,1.3228306770324707,0.3071261942386627,False,21
1,8.434026524999354,5.201999999999998,1.1082906976444478,8.564353328411018e-06,4.4611994421876255e-05,0.5,0.005829549177690439,0.9007501006126404,1.3228306770324707,0.3071261942386627,False,21
1,8.557288900003186,5.303999999999974,1.1300513944809176,9.126122717284953e-06,2.7643555640576463e-05,0.5,0.004015228392902349,0.9291590452194214,1.3572027683258057,0.309621661901474,False,21
1,8.682901389998733,5.405999999999949,1.1518120601854172,9.412306885262286e-06,1.3891686283765366e-05,0.5,0.004147724452683965,0.932095468044281,1.3775506019592285,0.3208779990673065,False,21
1,8.783743412001058,5.405999999999949,1.1518120601854172,9.412306885262286e-06,1.3891686283765366e-05,0.5,0.004133783337374951,0.932095468044281,1.3775506019592285,0.3208779990673065,False,21
1,8.91419197399955,5.508000000000038,1.1735727606182547,9.725399687080542e-06,1.4745088777280356e-05,0.5,0.0019590768744072807,0.9256483912467957,1.3940227031707764,0.3211572468280792,False,20
1,9.038578141000471,5.610000000000014,1.1953333771306602,9.686071619825191e-06,-1.7715768964603018e-06,0.5,0.0034149398566826962,0.90777987241745,1.3834624290466309,0.384370893239975,False,21
1,9.139704257999256,5.610000000000014,1.1953333771306602,9.686071619825191e-06,-1.7715768964603018e-06,0.5,0.0033588849359334964,0.90777987241745,1.3834624290466309,0.384370893239975,False,21
1,9.271640117003699,5.711999999999989,1.2170940763865885,9.889735210581264e-06,8.784218767384954e-06,0.5,0.003795913567042657,0.9461723566055298,1.4093408584594727,0.4920240342617035,False,21
1,9.395407679003256,5.8139999999999645,1.2388547678001083,1.0171917896067403e-05,1.2305968843524079e-05,0.5,0.0007035862643634484,0.8881533741950989,1.3410062789916992,0.4052980840206146,False,21
1,9.500911095004994,5.847999999999956,1.2461082721078522,1.0087960425345622e-05,-7.1720825515402844e-06,0.5,0.0006757356012264775,0.8881533741950989,1.3410062789916992,0.4052980840206146,False,21
1,9.619784280002932,5.91599999999994,1.260615329839444,9.939416451451451e-06,-1.0891753775292746e-05,0.5,0.004622458981213379,0.9381945729255676,1.3985713720321655,0.43864408135414124,False,21
1,9.742909978005628,6.018000000000029,1.2823761611677122,1.0646261522053809e-05,4.7175863035265325e-05,0.5,0.008968037345739177,0.9451040625572205,1.418550729751587,0.5120377540588379,False,21
1,9.849135766999098,6.018000000000029,1.2823761611677122,1.0646261522053809e-05,4.7175863035265325e-05,0.5,0.008961062130209025,0.9451040625572205,1.4277082681655884,0.5120377540588379,False,21
1,9.969777383004839,6.1200000000000045,1.3041369900609023,1.199406694825324e-05,7.6939214651278e-05,0.5,0.012760708124231433,0.9464758038520813,1.4277082681655884,0.5209401845932007,False,20
1,10.108951947004243,6.187999999999988,1.3186442002393421,1.316328608824943e-05,8.174796752895615e-05,0.5,0.01232633041494119,0.9302330017089844,1.3724501132965088,0.4864162504673004,False,21
1,10.233295666999766,6.289999999999964,1.340404981258752,1.4865756629682935e-05,7.926217167791673e-05,0.5,0.01305196868304385,0.9561410546302795,1.4115861654281616,0.501846432685852,False,20
1,10.33406293400185,6.289999999999964,1.340404981258752,1.4865756629682935e-05,7.926217167791673e-05,0.5,0.013060360973662111,0.9561410546302795,1.4115861654281616,0.501846432685852,False,20
1,10.46742177499982,6.391999999999939,1.3621657990187912,1.646530650136601e-05,8.815541748027948e-05,0.5,0.013987920375502866,0.9392423033714294,1.4162805080413818,0.4959276020526886,False,20
1,10.590152233999106,6.494000000000028,1.3839266419028429,1.846466684588598e-05,0.00010276121685959323,0.5,0.014428825021848264,0.9618000984191895,1.4150460958480835,0.5306289196014404,False,21
1,10.690812758002721,6.494000000000028,1.3839266419028429,1.846466684588598e-05,0.00010276121685959323,0.5,0.01440596054263527,0.9618000984191895,1.4150460958480835,0.5306289196014404,False,21
1,10.815432378003607,6.596000000000004,1.4056874796002494,2.0810283239136476e-05,0.00011285286201930279,0.5,0.01750996112088177,0.949160099029541,1.402951955795288,0.4820187985897064,False,21
1,10.94850224700349,6.697999999999979,1.4274410663350539,2.337734317262539e-05,0.00016128223542042733,0.5,0.016045637110556673,0.9517019391059875,1.397007703781128,0.42755481600761414,False,21
1,11.049262152002484,6.697999999999979,1.4274410663350539,2.337734317262539e-05,0.00016128223542042733,0.5,0.016028117418846865,0.9517019391059875,1.397007703781128,0.42755481600761414,False,21
1,11.180291889002547,6.7999999999999545,1.4492008655039446,2.7462091085572054e-05,0.00015095708461420514,0.5,0.015555986116667586,0.9199420213699341,1.3544167280197144,0.40452489256858826,False,21
1,11.305689576998702,6.90199999999993,1.470961819466928,3.06662531857031e-05,0.00014739424991815474,0.5,0.018711625813124994,0.9291491508483887,1.3851107358932495,0.41708895564079285,False,21
1,11.40642695200222,6.90199999999993,1.470961819466928,3.06662531857031e-05,0.00014739424991815474,0.5,0.01872806906339213,0.9291491508483887,1.3851107358932495,0.41708895564079285,False,21
1,11.534122688004572,7.004000000000019,1.4927152704727693,3.3872282804157795e-05,0.00019119346413094227,0.5,0.020126598712052322,0.9320063591003418,1.3909608125686646,0.4079683721065521,False,21
1,11.659873096003139,7.1059999999999945,1.5144626640724896,3.69373490170266e-05,0.00021761442363372945,0.5,0.02060527278903847,0.9042077660560608,1.3395204544067383,0.4038785994052887,False,19
1,11.76069475600525,7.1059999999999945,1.5144626640724896,3.69373490170266e-05,0.00021761442363372945,0.5,0.020635393867767617,0.9042077660560608,1.3395204544067383,0.4038785994052887,False,19
1,11.886938597999688,7.20799999999997,1.5362074060456659,4.087978871687678e-05,0.00024245324594681834,0.5,0.01743587551290156,0.9026814699172974,1.3257272243499756,0.4064885675907135,False,21
1,12.01472597799875,7.309999999999945,1.5579603164225555,4.6235729442584725e-05,0.0002307541003783724,0.5,0.0171809544564343,0.9276601076126099,1.3538416624069214,0.40674158930778503,False,21
1,12.115065124999091,7.309999999999945,1.5579603164225555,4.6235729442584725e-05,0.0002307541003783724,0.5,0.017224551527796738,0.9276601076126099,1.3538416624069214,0.40674158930778503,False,21
1,12.241445316001773,7.412000000000035,1.5797203140403182,5.167891994751442e-05,0.0002287266865176266,0.5,0.01595893598944738,0.9423819780349731,1.3888444900512695,0.4678899347782135,False,21
1,12.367002671999217,7.51400000000001,1.6014812909445653,5.643871597800769e-05,0.00021912626466957826,0.5,0.009623415999161073,0.8985098600387573,1.3025010824203491,0.35960468649864197,False,21
1,12.472743288999482,7.51400000000001,1.6014812909445653,5.643871597800769e-05,0.00021912626466957826,0.5,0.009651752384955832,0.8985098600387573,1.3469492197036743,0.35960468649864197,False,21
1,12.59209587800433,7.6159999999999854,1.623241922618719,5.99012709932287e-05,0.00014806865190631553,0.5,0.006123192561055054,0.9283550977706909,1.3469492197036743,0.419828325510025,False,21
1,12.717013362002035,7.717999999999961,1.645002705704304,6.326136768536301e-05,0.00016600858400530404,0.5,0.00952726643004817,0.9288733601570129,1.3744843006134033,0.4149732291698456,False,21
1,12.817922735004686,7.717999999999961,1.645002705704304,6.326136768536301e-05,0.00016600858400530404,0.5,0.00953379453066953,0.9288733601570129,1.3744843006134033,0.4149732291698456,False,21
1,12.951965407999523,7.819999999999936,1.6667635295437058,6.703354278315049e-05,0.0001757910886210002,0.5,0.010382123899301652,0.8967404961585999,1.3289088010787964,0.33412864804267883,False,20
1,13.095749420004722,7.888000000000034,1.6812707137015355,6.960494633844487e-05,0.00017734272377233868,0.5,0.01119511265856198,0.9098396301269531,1.3428224325180054,0.3258248269557953,False,21
1,13.223760713000956,7.990000000000009,1.7030315048494944,7.360163768498938e-05,0.00018392563421446785,0.5,0.011608890394862162,0.901139497756958,1.3224725723266602,0.3167506754398346,False,21
1,13.324579183004971,7.990000000000009,1.7030315048494944,7.360163768498938e-05,0.00018392563421446785,0.5,0.011628397553509293,0.901139497756958,1.3224725723266602,0.3167506754398346,False,21
1,13.44773365400033,8.091999999999985,1.7247922958518493,7.767222967310937e-05,0.00018768541213204707,0.5,0.014730140152465534,0.9186991453170776,1.3524564504623413,0.339957058429718,False,20
1,13.57086410800548,8.19399999999996,1.7465531685138085,8.21534148220246e-05,0.00021266955363598533,0.5,0.014781210351583642,0.9432294964790344,1.3936461210250854,0.4692777693271637,False,21
1,13.672054447000846,8.19399999999996,1.7465531685138085,8.21534148220246e-05,0.00021266955363598533,0.5,0.014787029081265756,0.9432294964790344,1.3936461210250854,0.4692777693271637,False,21
1,13.798697218000598,8.295999999999935,1.768313995302855,8.66548471398437e-05,0.00021555248632990534,0.5,0.017391188077851154,0.9442063570022583,1.3953100442886353,0.4770517647266388,False,20
1,13.925707072005025,8.398000000000025,1.7900701939836354,9.14477785125845e-05,0.00025919602132933495,0.5,0.01994488222528009,0.9390637278556824,1.3918761014938354,0.41723552346229553,False,21
1,14.02667357300379,8.398000000000025,1.7900701939836354,9.14477785125845e-05,0.00025919602132933495,0.5,0.019918847312395918,0.9390637278556824,1.3918761014938354,0.41723552346229553,False,21
1,14.154039521003142,8.5,1.8118187935306205,9.708779856899136e-05,0.00029027259539018583,0.5,0.020964653620338714,0.9449599981307983,1.3740622997283936,0.45790693163871765,False,18
1,14.27831771899946,8.601999999999975,1.8335642680413315,0.00010178734775733135,0.0003248617388260852,0.5,0.02288404920824057,0.9544340968132019,1.4161224365234375,0.5303449630737305,False,20
1,14.379090178001206,8.601999999999975,1.8335642680413315,0.00010178734775733135,0.0003248617388260852,0.5,0.02284005592523646,0.9544340968132019,1.4161224365234375,0.5303449630737305,False,20
1,14.5043476130013,8.70399999999995,1.8553143371938026,0.00010668602949652079,0.00037072739298884427,0.5,0.02556228285306165,0.9515054821968079,1.3989614248275757,0.4955231845378876,False,20
1,14.62929224200343,8.80600000000004,1.8770631285967903,0.00011537529345425172,0.00043494227065724186,0.5,0.027666913372195217,0.9536781311035156,1.3919732570648193,0.47479256987571716,False,21
1,14.730120810003427,8.80600000000004,1.8770631285967903,0.00011537529345425172,0.00043494227065724186,0.5,0.027657161305053496,0.9536781311035156,1.3919732570648193,0.47479256987571716,False,21
1,14.856699941999977,8.908000000000015,1.8987909328767592,0.00012896323512152759,0.0005033050037747927,0.5,0.02801237469683576,0.9204084277153015,1.3621565103530884,0.40935251116752625,False,20
1,14.980611163999129,9.009999999999991,1.9205158360894123,0.0001408161654517413,0.0005451636377426195,0.5,0.02605019032466814,0.9223906397819519,1.3633177280426025,0.407758504152298,False,19
1,15.08122883800388,9.009999999999991,1.9205158360894123,0.0001408161654517413,0.0005451636377426195,0.5,0.026038429177555382,0.9223906397819519,1.3633177280426025,0.407758504152298,False,19
1,15.20894122900063,9.111999999999966,1.9422403416862768,0.00015133259970345314,0.0005606464292314285,0.5,0.027526793883953328,0.9239029884338379,1.345110297203064,0.4122348129749298,False,21
1,15.336942262001685,9.213999999999942,1.9639658953858998,0.00016467067976620717,0.0006018661045932815,0.5,0.027969370979836417,0.903910756111145,1.3362040519714355,0.40202656388282776,False,19
1,15.44617868700152,9.247999999999934,1.9712074680395013,0.00016927251652667016,0.0006163140020894077,0.5,0.027984199286344998,0.903910756111145,1.3362040519714355,0.40202656388282776,False,19
1,15.565241557000263,9.316000000000031,1.9856905868374801,0.00017865367827072143,0.0006416241980845643,0.5,0.028689244115463162,0.9186569452285767,1.372000813484192,0.4117593467235565,False,20
1,15.690386293004849,9.418000000000006,2.0074153894794855,0.00019342328474703378,0.0006873885646651947,0.5,0.02858428690208873,0.8992951512336731,1.3526328802108765,0.4004494249820709,False,19
1,15.798156335004023,9.418000000000006,2.0074153894794855,0.00019342328474703378,0.0006873885646651947,0.5,0.028612605613602574,0.8992951512336731,1.3522015810012817,0.4004494249820709,False,19
1,15.918438063999929,9.519999999999982,2.0291402880602094,0.0002087914583286269,0.0007211264583118428,0.5,0.028345287403032635,0.8951554894447327,1.3522015810012817,0.4034050405025482,False,21
1,16.062960301998828,9.587999999999965,2.043623813501457,0.00021933142567987198,0.0007432196258229125,0.5,0.025371568391035063,0.9134647846221924,1.3415663242340088,0.4050789177417755,False,21
1,16.191295996999543,9.68999999999994,2.0653496382571985,0.00023426871670430955,0.0007551095988376133,0.5,0.02484933171345127,0.9417017102241516,1.3839781284332275,0.42035266757011414,False,21
1,16.292393128002004,9.68999999999994,2.0653496382571985,0.00023426871670430955,0.0007551095988376133,0.5,0.024840574634880753,0.9417017102241516,1.3839781284332275,0.42035266757011414,False,21
1,16.42138208400138,9.79200000000003,2.087079341789747,0.00025023572990459203,0.0007801451216733808,0.5,0.023360754860358022,0.9159225225448608,1.360531210899353,0.401581734418869,False,21
1,16.548109802002728,9.894000000000005,2.108813789363001,0.00026613002067480107,0.0007927949711127797,0.5,0.021049326799138793,0.9224563837051392,1.3648598194122314,0.41008397936820984,False,21
1,16.648886211005447,9.894000000000005,2.108813789363001,0.00026613002067480107,0.0007927949711127797,0.5,0.02101454576219362,0.9224563837051392,1.3648598194122314,0.41008397936820984,False,21
1,16.77467220800463,9.995999999999981,2.1305574465526425,0.0002818484181181115,0.0007908116932997925,0.5,0.01933998569262506,0.9049240946769714,1.3505581617355347,0.4052436053752899,False,21
1,16.898430130000634,10.097999999999956,2.152302690304676,0.0002984200039359679,0.0007866004616827758,0.5,0.0108909341324345,0.877961277961731,1.315922498703003,0.40291163325309753,False,20
1,16.999186323002505,10.097999999999956,2.152302690304676,0.0002984200039359679,0.0007866004616827758,0.5,0.01087401805176858,0.877961277961731,1.315922498703003,0.40291163325309753,False,20
1,17.126506181004515,10.199999999999932,2.1740627461957134,0.00031578467706107463,0.000718917938573259,0.5,0.011414200838592486,0.8929856419563293,1.3396646976470947,0.40730807185173035,False,21
1,17.228211097004532,10.268000000000029,2.1885699991221985,0.00032627592132888797,0.000722823091881554,0.5,0.011414503835409037,0.9215472936630249,1.3541330099105835,0.415754109621048,False,20
1,17.362796002002142,10.302000000000021,2.195823620314107,0.00033152068338628324,0.0007230544800038796,0.5,0.013602968422890422,0.9215472936630249,1.3541330099105835,0.415754109621048,False,20
1,17.498748695004906,10.403999999999996,2.2175846183938632,0.00034759857700843654,0.0007412819562408489,0.5,0.01299255276131838,0.926489531993866,1.3593937158584595,0.42033353447914124,False,21
1,17.601441292004893,10.47199999999998,2.232091877992944,0.00035827334352849834,0.0007372166900512685,0.5,0.012990218601446987,0.9272183775901794,1.379433274269104,0.46293821930885315,False,21
1,17.736443567002425,10.505999999999972,2.2393455012507157,0.0003636199828452739,0.0007372183551658627,0.5,0.01420400618551107,0.9272183775901794,1.379433274269104,0.46293821930885315,False,21
1,17.863679943002353,10.607999999999947,2.2611064863680097,0.0003794477446634036,0.000752812208119464,0.5,0.013859925203547905,0.916541576385498,1.3482309579849243,0.3570142686367035,False,21
1,17.994081491000543,10.710000000000036,2.2828673893742333,0.0003957177838986706,0.0007516173959148433,0.5,0.014251439942707677,0.9168187379837036,1.3482500314712524,0.43530282378196716,False,20
1,18.095316841005115,10.710000000000036,2.2828673893742333,0.0003957177838986706,0.0007516173959148433,0.5,0.014212297782629715,0.9168187379837036,1.3482500314712524,0.43530282378196716,False,20
1,18.224892062004074,10.812000000000012,2.304628303185678,0.00041193888150043654,0.0007575330421758539,0.5,0.0160351703250005,0.8979344964027405,1.3564302921295166,0.3419051766395569,False,21
1,18.352395481000713,10.913999999999987,2.3263879643930903,0.0004276754863651299,0.0007885941892912023,0.5,0.014997335721752901,0.9147656559944153,1.3394616842269897,0.33877983689308167,False,21
1,18.46116709800117,10.947999999999979,2.3336415177880285,0.00043385935952599977,0.0007769008766145045,0.5,0.01496805969889121,0.9147656559944153,1.3394616842269897,0.33877983689308167,False,21
1,18.579825655004242,11.015999999999963,2.3481487940432784,0.00044507959725578565,0.0007740424075597918,0.5,0.014678994376020217,0.9208214282989502,1.3620450496673584,0.35330554842948914,False,20
1,18.705720905003545,11.117999999999938,2.3699096653449616,0.0004618609491503333,0.0007719931795348805,0.5,0.01410876677390773,0.9126759767532349,1.3624714612960815,0.41694197058677673,False,21
1,18.817204111001047,11.15199999999993,2.377163263296936,0.0004674251058450998,0.0007685960326346,0.5,0.014065121033618896,0.9126759767532349,1.3624714612960815,0.41694197058677673,False,21
1,18.935562254002434,11.220000000000027,2.3916704663176884,0.00047855929276436964,0.0007676868592709128,0.5,0.016104020872604336,0.9017016887664795,1.3576452732086182,0.3529724180698395,False,21
1,19.079476127000817,11.288000000000011,2.4061778055066694,0.0004898471159685648,0.0007901009109862469,0.5,0.017631336631359344,0.9115291833877563,1.36958646774292,0.4178335964679718,False,21
1,19.206152373000805,11.389999999999986,2.427937644534886,0.0005067611537863048,0.0008222381314219592,0.5,0.018416475237239306,0.912781834602356,1.3697222471237183,0.42447206377983093,False,21
1,19.306995011000254,11.389999999999986,2.427937644534886,0.0005067611537863048,0.0008222381314219592,0.5,0.0184241632283619,0.912781834602356,1.3697222471237183,0.42447206377983093,False,21
1,19.436129415000323,11.491999999999962,2.449693157620198,0.0005248126560376391,0.0008388809594327269,0.5,0.01668688644059416,0.9331576228141785,1.388107180595398,0.43047288060188293,False,21
1,19.562200028005464,11.593999999999937,2.4714539695017574,0.00054336145983903,0.0008233657471012577,0.5,0.018851951022295078,0.8941866755485535,1.3429763317108154,0.3965403735637665,False,20
1,19.66299839500425,11.593999999999937,2.4714539695017574,0.00054336145983903,0.0008233657471012577,0.5,0.018861022925873556,0.8941866755485535,1.3429763317108154,0.3965403735637665,False,20
1,19.78989512100088,11.696000000000026,2.4932106999954775,0.0005607882884271903,0.000854501873080971,0.5,0.018487211675105947,0.8879314661026001,1.339732050895691,0.39092162251472473,False,20
1,19.916731850004,11.798000000000002,2.514968349686656,0.0005793349919382432,0.0008630921861059165,0.5,0.017744546231885056,0.9014611840248108,1.3277876377105713,0.39248332381248474,False,19
1,20.0174194229985,11.798000000000002,2.514968349686656,0.0005793349919382432,0.0008630921861059165,0.5,0.01777128883194459,0.9014611840248108,1.3277876377105713,0.39248332381248474,False,19
1,20.15194487899862,11.899999999999977,2.5367291931526936,0.0005983633385981263,0.0008561459769100776,0.5,0.019153060583522993,0.908497154712677,1.3406763076782227,0.3959265649318695,False,21
1,20.253601069998695,11.967999999999961,2.5512362533140216,0.0006110643920208928,0.0008751386389328495,0.5,0.019180319418879783,0.9132199883460999,1.3715070486068726,0.42886194586753845,False,21
1,20.390618884004653,12.001999999999953,2.558489876171816,0.0006173795956094805,0.0008788465153183382,0.5,0.018189882108309952,0.9132199883460999,1.3715070486068726,0.42886194586753845,False,21
1,20.493866228003753,12.104000000000042,2.580250749652414,0.00063637419277367,0.0008738015086072659,0.5,0.019675499134956777,0.906076967716217,1.3509432077407837,0.39281001687049866,False,21
1,20.5948014040041,12.104000000000042,2.580250749652414,0.00063637419277367,0.0008738015086072659,0.5,0.019696625999204135,0.906076967716217,1.3509432077407837,0.39281001687049866,False,21
1,20.73503195500234,12.206000000000017,2.6020062556028494,0.0006540035076432949,0.0009033067857990984,0.5,0.02058588990301052,0.9067873954772949,1.3544718027114868,0.39151617884635925,False,21
1,20.839707604005525,12.274000000000001,2.6165041323941143,0.0006656554037098803,0.0009227491524349412,0.5,0.0206090306725001,0.9072778820991516,1.3665217161178589,0.39695701003074646,False,20
1,20.97499985500326,12.307999999999993,2.6237523698036824,0.0006718894493205685,0.0009296188682319543,0.5,0.021355768130350984,0.9072778820991516,1.3665217161178589,0.39695701003074646,False,20
1,21.079515274002915,12.409999999999968,2.6454968223135324,0.00069088195557303,0.0009609465300741423,0.5,0.02167392996842503,0.9080778956413269,1.3591924905776978,0.39421942830085754,False,20
1,21.180314379002084,12.409999999999968,2.6454968223135324,0.00069088195557303,0.0009609465300741423,0.5,0.02170937400746224,0.9080778956413269,1.3591924905776978,0.39421942830085754,False,20
1,21.312929127001553,12.511999999999944,2.6672410815215226,0.0007105861488712051,0.0009881615720223474,0.5,0.018108239583621955,0.8890504240989685,1.3361037969589233,0.3916344940662384,False,21
1,21.44357280300028,12.614000000000033,2.6889872206730256,0.0007313130975403062,0.0009724114661779065,0.5,0.01642540891122342,0.8931402564048767,1.3536041975021362,0.3844890296459198,False,19
1,21.552505387000565,12.648000000000025,2.6962372573497895,0.000738605300656484,0.00096499731765264,0.5,0.016470044658847847,0.8931402564048767,1.3536041975021362,0.3844890296459198,False,19
1,21.671010112004296,12.716000000000008,2.7107408429899524,0.0007526209110133694,0.000970230393330358,0.5,0.010372807345505084,0.8866385221481323,1.3210588693618774,0.38116273283958435,False,20
1,21.798255100999086,12.817999999999984,2.7325015054189814,0.0007733995025415978,0.0009180912228487902,0.5,0.010666698758243736,0.9016715288162231,1.347232460975647,0.3241126835346222,False,19
1,21.908009320999554,12.851999999999975,2.7397551025447515,0.000780062207929585,0.0009186526158655226,0.5,0.010716123462257454,0.9016715288162231,1.347232460975647,0.3241126835346222,False,19
1,22.02705178299948,12.919999999999959,2.7542622910045074,0.0007933950391617862,0.0009196738586989622,0.5,0.01128669779468035,0.9191839098930359,1.3602160215377808,0.423007994890213,False,21
1,22.172351468005218,12.987999999999943,2.7687694903299245,0.0008067874744979136,0.0009237876375846884,0.5,0.01174697332589383,0.9197406768798828,1.3791730403900146,0.3811134994029999,False,21
1,22.29925216799893,13.090000000000032,2.790530289582673,0.0008269465078917394,0.0009280569318528642,0.5,0.012387051325517274,0.9118126630783081,1.3589420318603516,0.29965105652809143,False,21
1,22.40006017900305,13.090000000000032,2.790530289582673,0.0008269465078917394,0.0009280569318528642,0.5,0.012438811833897202,0.9118126630783081,1.3589420318603516,0.29965105652809143,False,21
1,22.527435215000878,13.192000000000007,2.8122910980663596,0.0008472539649546265,0.0009337586915993206,0.5,0.012510108871888161,0.8922079801559448,1.341291904449463,0.31342124938964844,False,21
1,22.65521386999899,13.293999999999983,2.834051892096356,0.0008675884829241425,0.0009347672721869593,0.5,0.011126520317925237,0.9125834703445435,1.3591636419296265,0.3055119216442108,False,21
1,22.756100541002525,13.293999999999983,2.834051892096356,0.0008675884829241425,0.0009347672721869593,0.5,0.011149418216947938,0.9125834703445435,1.3591636419296265,0.3055119216442108,False,21
1,22.886376921000192,13.395999999999958,2.855812642763407,0.0008877110063588961,0.0009247455392570082,0.5,0.009078800765078643,0.8816344738006592,1.3380695581436157,0.310716450214386,False,21
1,23.014622998998675,13.497999999999934,2.8775733564818373,0.0009074989684593432,0.0009092862787719964,0.5,0.01093106706850917,0.9217852354049683,1.3855891227722168,0.3170718252658844,False,21
1,23.115230704999703,13.497999999999934,2.8775733564818373,0.0009074989684593432,0.0009092862787719964,0.5,0.010915808057423438,0.9217852354049683,1.3855891227722168,0.3170718252658844,False,21
1,23.244213012003456,13.600000000000023,2.8993341512616317,0.0009275904736532702,0.0009232628949258975,0.5,0.010224010879776459,0.8933532238006592,1.339964509010315,0.3183973729610443,False,20
1,23.374937411004794,13.701999999999998,2.921094898608788,0.0009475705278731664,0.00091842126859094,0.5,0.01257280561764546,0.921966016292572,1.3704313039779663,0.4044208228588104,False,21
1,23.475821612999425,13.701999999999998,2.921094898608788,0.0009475705278731664,0.00091842126859094,0.5,0.01253572812595211,0.921966016292572,1.3704313039779663,0.4044208228588104,False,21
1,23.6201966860026,13.803999999999974,2.9428557270910645,0.0009677611722258633,0.0009382464570934104,0.5,0.014398611267571916,0.9360766410827637,1.4038227796554565,0.49691399931907654,False,20
1,23.7206307200031,13.837999999999965,2.9501093070776814,0.0009737213370935419,0.0009607152792799322,0.5,0.014341718521583646,0.9360766410827637,1.3628935813903809,0.401091068983078,False,21
1,23.866582016002212,13.905999999999949,2.9646162858427108,0.0009879019583614317,0.0009673109195030606,0.5,0.013018355877444225,0.9222295880317688,1.3628935813903809,0.401091068983078,False,21
1,24.010510746004,14.008000000000038,2.9863770390177353,0.001008775019097745,0.0009546768845082814,0.5,0.01688640000390488,0.9343141913414001,1.4120427370071411,0.508560299873352,False,18
1,24.115532811003504,14.076000000000022,3.0008826175297254,0.0010229388583518132,0.001006707905672868,0.5,0.016840212987296672,0.9239155054092407,1.3706839084625244,0.3947899043560028,False,21
1,24.25025314400409,14.110000000000014,3.0081344624480075,0.0010299659759516518,0.0010092484930760363,0.5,0.020054778844147844,0.9239155054092407,1.3706839084625244,0.3947899043560028,False,21
1,24.37942534800095,14.211999999999989,3.029881631138451,0.0010519315946088865,0.001045339321784823,0.5,0.01930375479271461,0.9004809856414795,1.3271522521972656,0.3890785872936249,False,20
1,24.506960543003515,14.313999999999965,3.051630654991601,0.0010744509735480777,0.001051665507797013,0.5,0.01646793982542474,0.8829772472381592,1.3226780891418457,0.3908068835735321,False,21
1,24.61791988999903,14.347999999999956,3.0588833862078313,0.0010826155524686512,0.0010382375508223836,0.5,0.016456734868153508,0.8829772472381592,1.3226780891418457,0.3908068835735321,False,21
1,24.73652740000398,14.41599999999994,3.073390645508636,0.0010979308453154784,0.0010311780047278054,0.5,0.01874418522529159,0.8905497193336487,1.34722900390625,0.38578328490257263,False,21
1,24.8639967420022,14.518000000000029,3.0951464371244426,0.00111981632975252,0.0010625831500997228,0.5,0.0211162727010737,0.9204505085945129,1.3818962574005127,0.390146940946579,False,20
1,24.97454015900439,14.552000000000021,3.1023963957675758,0.0011255490528440037,0.0010879060701428505,0.5,0.02113227104071342,0.9204505085945129,1.3818962574005127,0.390146940946579,False,20
1,25.093232177001482,14.620000000000005,3.116896309816769,0.0011401472000620756,0.0011100194509881102,0.5,0.022660905764937008,0.8671610951423645,1.3319002389907837,0.38577672839164734,False,21
1,25.238714405000792,14.687999999999988,3.1313967493643493,0.0011549691405399387,0.0011429936273401444,0.5,0.023408491139982113,0.9125166535377502,1.3827921152114868,0.3950302302837372,False,21
1,25.363864195001952,14.789999999999964,3.153146007836428,0.0011791357383112546,0.001183226049006657,0.5,0.018437093737547587,0.8851370215415955,1.32601797580719,0.3883940875530243,False,21
1,25.4646990800029,14.789999999999964,3.153146007836428,0.0011791357383112546,0.001183226049006657,0.5,0.018481070458055162,0.8851370215415955,1.32601797580719,0.3883940875530243,False,21
1,25.588954072001798,14.891999999999939,3.174891930516073,0.00120358767184775,0.0011616629160914006,0.5,0.019900739261222267,0.9101347327232361,1.392824411392212,0.393461674451828,False,21
1,25.71328317300504,14.994000000000028,3.196636904750982,0.0012285010057740654,0.0011802230532009482,0.5,0.017057538692992456,0.9032180309295654,1.3608378171920776,0.39126232266426086,False,19
1,25.814051437999296,14.994000000000028,3.196636904750982,0.0012285010057740654,0.0011802230532009482,0.5,0.017079674688615126,0.9032180309295654,1.3608378171920776,0.39126232266426086,False,19
1,25.940283158000966,15.096000000000004,3.2183885697684436,0.001254156709680717,0.0011687292933948534,0.5,0.018472395081839788,0.9006673097610474,1.347132682800293,0.39104315638542175,False,21
1,26.065932919998886,15.197999999999979,3.2401410976898513,0.0012794068226097105,0.0011855401073807695,0.5,0.02041635515495749,0.8915490508079529,1.3574720621109009,0.39355942606925964,False,21
1,26.16682652500458,15.197999999999979,3.2401410976898513,0.0012794068226097105,0.0011855401073807695,0.5,0.02045099947211064,0.8915490508079529,1.3574720621109009,0.39355942606925964,False,21
1,26.292700572004833,15.299999999999955,3.2618876567650172,0.0013038761942620579,0.0012176265245605062,0.5,0.022282603211194827,0.9262261986732483,1.3752721548080444,0.40618714690208435,False,21
1,26.425928806005686,15.40199999999993,3.283637962810917,0.0013281193526713175,0.0012646098295631294,0.5,0.023140909758394744,0.8871431946754456,1.3580725193023682,0.38789376616477966,False,20
1,26.526656015004846,15.40199999999993,3.283637962810917,0.0013281193526713175,0.0012646098295631294,0.5,0.023177256269441157,0.8871431946754456,1.3580725193023682,0.38789376616477966,False,20
1,26.663746777005144,15.504000000000019,3.3053873696165934,0.0013541119506095371,0.001301394178258043,0.5,0.021092327752957715,0.8959932923316956,1.310992956161499,0.4422580897808075,False,21
1,26.769861024004058,15.572000000000003,3.3198835017315593,0.0013724124096439194,0.0012995488754613438,0.5,0.021140017901592596,0.9366217255592346,1.404280185699463,0.49090883135795593,False,19
1,26.90483674799907,15.605999999999995,3.327131582592098,0.0013815804241252537,0.0013032266941982833,0.5,0.021549493426573328,0.9366217255592346,1.404280185699463,0.49090883135795593,False,19
1,27.04497466199973,15.70799999999997,3.3488758044839724,0.0014094149502000843,0.0013217305678063316,0.5,0.020444213125987497,0.9402012825012207,1.4100583791732788,0.5026391744613647,False,20
1,27.15235541199945,15.741999999999962,3.3561239742398095,0.0014187832604129072,0.0013193631665274373,0.5,0.020463942888011726,0.9402012825012207,1.3467118740081787,0.5026391744613647,False,20
1,27.29676673200447,15.809999999999945,3.3706203309254796,0.0014375955725314839,0.0013242602457959741,0.5,0.018575598294706765,0.9008792638778687,1.3467118740081787,0.38255444169044495,False,21
1,27.435819049998827,15.912000000000035,3.3923678648693714,0.001466171159803984,0.0013186681619917137,0.5,0.019109472249859448,0.8927577137947083,1.3372315168380737,0.3140086531639099,False,21
1,27.537025899000582,15.946000000000026,3.399617739541221,0.0014756940985617905,0.0013247281531897437,0.5,0.019117312275641014,0.8927577137947083,1.3676856756210327,0.3140086531639099,False,19
1,27.644516498003213,16.01400000000001,3.4141185682055144,0.0014950243219560059,0.0013328624731948713,0.5,0.018149165841769045,0.9126821160316467,1.3676856756210327,0.3245445191860199,False,19
1,27.76833968199935,16.115999999999985,3.4358753465804264,0.001524158899716886,0.0013349241209945927,0.5,0.020160424798798218,0.9185406565666199,1.3547518253326416,0.32654353976249695,False,21
1,27.87766223699873,16.149999999999977,3.4431266717248166,0.0015332533482612313,0.0013516877803486386,0.5,0.020165247602402528,0.9185406565666199,1.3547518253326416,0.32654353976249695,False,21
1,27.995205669001734,16.21799999999996,3.457624982465794,0.001551405905484595,0.0013665038966531257,0.5,0.020945524622995253,0.9067226648330688,1.360979437828064,0.3130438029766083,False,21
1,28.125127993000206,16.319999999999936,3.479370296811985,0.0015796970316505619,0.0013993447652764677,0.5,0.01484640917064232,0.8897552490234375,1.2998933792114258,0.3138017952442169,False,20
1,28.23013077700307,16.319999999999936,3.479370296811985,0.0015796970316505619,0.0013993447652764677,0.5,0.014868500507185963,0.9054734110832214,1.2998933792114258,0.3138017952442169,False,20
1,28.351790352004173,16.422000000000025,3.5011259488978603,0.0016097909178813931,0.001381388909293983,0.5,0.017336625588964632,0.9054734110832214,1.3550561666488647,0.32902395725250244,False,20
1,28.49835837000137,16.49000000000001,3.5156290375751453,0.0016296638608297542,0.0013885865436142984,0.5,0.01657395219073726,0.9305170774459839,1.3985620737075806,0.44386026263237,False,21
1,28.625112806003017,16.591999999999985,3.537389300323179,0.001660321838884889,0.0013811144810817275,0.5,0.015970037784846257,0.9063893556594849,1.3715300559997559,0.38728269934654236,False,21
1,28.725926705999882,16.591999999999985,3.537389300323179,0.001660321838884889,0.0013811144810817275,0.5,0.01595898544113941,0.9063893556594849,1.3715300559997559,0.38728269934654236,False,21
1,28.85411223400297,16.69399999999996,3.559150266233015,0.0016902652470748142,0.0013766582654810738,0.5,0.015498204928130295,0.9193658232688904,1.3919754028320312,0.3858707845211029,False,21
1,28.98210232000565,16.795999999999935,3.5809112346673166,0.001720144017071393,0.0013733827476264014,0.5,0.015270534453431716,0.9055153727531433,1.3693715333938599,0.39368048310279846,False,21
1,29.08290068000497,16.795999999999935,3.5809112346673166,0.001720144017071393,0.0013733827476264014,0.5,0.0152121072062305,0.9055153727531433,1.3693715333938599,0.39368048310279846,False,21
1,29.21581266200519,16.898000000000025,3.6026721621077726,0.0017499793994750512,0.001371519127664911,0.5,0.019125623359862842,0.9321388006210327,1.3825656175613403,0.3980521857738495,False,21
1,29.340450310999586,17.0,3.624422713529519,0.0017796846274371473,0.001421622102063638,0.5,0.020263721947664615,0.9193120002746582,1.383079171180725,0.3926412761211395,False,21
1,29.441261680003663,17.0,3.624422713529519,0.0017796846274371473,0.001421622102063638,0.5,0.02022080966454465,0.9193120002746582,1.383079171180725,0.3926412761211395,False,21
1,29.567791809000482,17.101999999999975,3.64616900243858,0.0018098501315285196,0.0014445802755503623,0.5,0.024138816141223512,0.9283088445663452,1.3915878534317017,0.406594842672348,False,21
1,29.69242591100192,17.20399999999995,3.667926140417693,0.0018378914341036369,0.0015090041037895323,0.5,0.028379792262500005,0.9420351386070251,1.4129027128219604,0.5028076171875,False,21
1,29.79320610099967,17.20399999999995,3.667926140417693,0.0018378914341036369,0.0015090041037895323,0.5,0.028371398999351333,0.9420351386070251,1.4129027128219604,0.5028076171875,False,21
1,29.92198359900067,17.30600000000004,3.6896748883076023,0.0018731834196687688,0.0015981193616826108,0.5,0.032164899092739216,0.9473599791526794,1.4092305898666382,0.504787802696228,False,21
1,30.047886223001115,17.408000000000015,3.7114154789621185,0.0019102755157273774,0.001694157982839192,0.5,0.03381457474511389,0.9488783478736877,1.4194616079330444,0.5117517709732056,False,21
1,30.148989228000573,17.408000000000015,3.7114154789621185,0.0019102755157273774,0.001694157982839192,0.5,0.03381804990161345,0.9488783478736877,1.4194616079330444,0.5117517709732056,False,21
1,30.27935339400574,17.50999999999999,3.7331539602003763,0.0019498645347782507,0.0017796470768953114,0.5,0.03113454393983697,0.9461712837219238,1.4075130224227905,0.49746838212013245,False,21
1,30.406666692004364,17.611999999999966,3.7548766936299574,0.0019899740798075254,0.0018203808336720063,0.5,0.030544323822419152,0.9336636066436768,1.3925837278366089,0.49253371357917786,False,21
1,30.507529818001785,17.611999999999966,3.7548766936299574,0.0019899740798075254,0.0018203808336720063,0.5,0.030544861962462852,0.9336636066436768,1.3925837278366089,0.49253371357917786,False,21
1,30.636780412001826,17.713999999999942,3.776598612139125,0.002029246076837951,0.0018502113809453291,0.5,0.027573055293189652,0.9371353387832642,1.3814219236373901,0.3958549201488495,False,21
1,30.759099079004955,17.81600000000003,3.798318169615102,0.0020685723521844004,0.0018627879346963308,0.5,0.025342679695510094,0.9206217527389526,1.3575268983840942,0.3234623074531555,False,19
1,30.866971048002597,17.850000000000023,3.8055586842384366,0.00208177821470938,0.0018573498414593598,0.5,0.025283029219434837,0.9206217527389526,1.3575268983840942,0.3234623074531555,False,19
1,30.986375152999244,17.918000000000006,3.820041269365465,0.0021081902817740986,0.001867923136924306,0.5,0.024949100073575755,0.9237470030784607,1.356355905532837,0.3261544108390808,False,21
1,31.10967127099866,18.019999999999982,3.84176923224912,0.002148386149130253,0.0018912160593150507,0.5,0.027528771685819936,0.933807909488678,1.359525203704834,0.3252021074295044,False,21
1,31.214424377001706,18.019999999999982,3.84176923224912,0.002148386149130253,0.0018912160593150507,0.5,0.027491419657069232,0.933807909488678,1.3737143278121948,0.3252021074295044,False,21
1,31.354819022999436,18.087999999999965,3.856253656857287,0.0021779254648970204,0.0019322660563738188,0.5,0.02963366981878676,0.9410403370857239,1.3737143278121948,0.314314067363739,False,19
1,31.48069599000155,18.18999999999994,3.8779795183559638,0.0022216492101985205,0.0020076971053852033,0.5,0.029105987638628372,0.9185106158256531,1.337369441986084,0.3069080114364624,False,21
1,31.609647010001936,18.29200000000003,3.899704162303823,0.002264921212191588,0.0020359144149251726,0.5,0.029719850300525128,0.9434975385665894,1.3626997470855713,0.3013075292110443,False,20
1,31.710514307000267,18.29200000000003,3.899704162303823,0.002264921212191588,0.0020359144149251726,0.5,0.02972848667306917,0.9434975385665894,1.3626997470855713,0.3013075292110443,False,20
1,31.83611646800273,18.394000000000005,3.9214292937340516,0.002309880105405759,0.0020816688455297175,0.5,0.030991357786758048,0.9373996257781982,1.3784241676330566,0.4166090786457062,False,21
1,31.965120646003925,18.49599999999998,3.9431531935992403,0.0023580278446239614,0.002159131669156708,0.5,0.028001378352296317,0.9333536028862,1.363930106163025,0.37719759345054626,False,21
1,32.06591570399905,18.49599999999998,3.9431531935992403,0.0023580278446239614,0.002159131669156708,0.5,0.02798637412721421,0.9333536028862,1.363930106163025,0.37719759345054626,False,21
1,32.196386608004104,18.597999999999956,3.9648749133372316,0.002403142857282687,0.0021642418398572895,0.5,0.026793422555788177,0.9451153874397278,1.37625253200531,0.3943463861942291,False,21
1,32.323879720999685,18.699999999999932,3.9865956039457315,0.002449740604525136,0.002185147058320671,0.5,0.024193215076444983,0.9447076916694641,1.3612347841262817,0.40004876255989075,False,21
1,32.42462746800447,18.699999999999932,3.9865956039457315,0.002449740604525136,0.002185147058320671,0.5,0.02412476042471533,0.9447076916694641,1.3612347841262817,0.40004876255989075,False,21
1,32.55413820200192,18.80200000000002,4.008323370603011,0.00249614813832289,0.0021902970087376837,0.5,0.024487096979344126,0.9351698756217957,1.3826930522918701,0.425898939371109,False,21
1,32.679570070999034,18.903999999999996,4.030053686061625,0.0025439830715465687,0.0022179747841756443,0.5,0.02709163028576811,0.9260333776473999,1.3522404432296753,0.4023878276348114,False,21
1,32.78045510400261,18.903999999999996,4.030053686061625,0.0025439830715465687,0.0022179747841756443,0.5,0.027049108989251096,0.9260333776473999,1.3522404432296753,0.4023878276348114,False,21
1,32.91066559200408,19.005999999999972,4.051780808777371,0.002594598232628413,0.002274391686425021,0.5,0.028943854036275505,0.9218279719352722,1.382433295249939,0.42194363474845886,False,21
1,33.03963906900026,19.107999999999947,4.07350608406986,0.0026455345322455703,0.0023403671499066946,0.5,0.030214859142053747,0.940158486366272,1.3941923379898071,0.5216237306594849,False,20
1,33.140703219003626,19.107999999999947,4.07350608406986,0.0026455345322455703,0.0023403671499066946,0.5,0.030203507642272174,0.940158486366272,1.3941923379898071,0.5216237306594849,False,20
1,33.27122180000151,19.210000000000036,4.095230310297553,0.002697887665071214,0.00240694716941371,0.5,0.031032674112185795,0.9475492835044861,1.3910198211669922,0.5168886184692383,False,21
1,33.398293123005715,19.312000000000012,4.1169539034230676,0.0027516581077930927,0.0024686249006587923,0.5,0.02962579128801493,0.9567570686340332,1.4008909463882446,0.5304055213928223,False,21
1,33.50688019100198,19.346000000000004,4.124195022595331,0.002768732573563996,0.002468756407770262,0.5,0.029604255196296836,0.9567570686340332,1.4008909463882446,0.5304055213928223,False,21
1,33.62539084900345,19.413999999999987,4.138677407998627,0.0028043573780365903,0.002488514407100076,0.5,0.028439544527082264,0.9624578356742859,1.4059839248657227,0.5290651321411133,False,21
1,33.75579813900549,19.515999999999963,4.16040019890598,0.0028583432595187274,0.0025153337955116394,0.5,0.02769709714985221,0.9556222558021545,1.3859174251556396,0.4911350905895233,False,20
1,33.86580503100413,19.515999999999963,4.16040019890598,0.0028583432595187274,0.0025153337955116394,0.5,0.027651272163710758,0.9556222558021545,1.361994743347168,0.4911350905895233,False,20
1,33.98496438300208,19.617999999999938,4.182121825816098,0.0029128062100926477,0.0025371652554003355,0.5,0.02635249199107484,0.9417496919631958,1.361994743347168,0.4206031262874603,False,21
1,34.11107721600274,19.720000000000027,4.203844525874099,0.0029686215020347942,0.0025753173472937907,0.5,0.02814141562711141,0.9455874562263489,1.3572763204574585,0.4407695233821869,False,21
1,34.22201266000047,19.720000000000027,4.203844525874099,0.0029686215020347942,0.0025753173472937907,0.5,0.028103466583154144,0.9455874562263489,1.3916051387786865,0.4407695233821869,False,21
1,34.35970283500501,19.78800000000001,4.218326457990112,0.0030072069689274757,0.0026105379799578215,0.5,0.02964585771565383,0.9539175629615784,1.3916051387786865,0.507515549659729,False,21
1,34.47077253799944,19.923999999999978,4.2472926920479,0.0030835169495972196,0.0026260775848070276,0.5,0.020123310353970338,0.8896151781082153,1.3312417268753052,0.40522411465644836,False,21
1,34.57257131400547,19.923999999999978,4.2472926920479,0.0030835169495972196,0.0026260775848070276,0.5,0.020128324892094256,0.8896151781082153,1.2894673347473145,0.40522411465644836,False,21
1,34.711171237999224,19.991999999999962,4.261783796648946,0.0031210639851327634,0.0026320412361697802,0.5,0.01188802128294992,0.8805508613586426,1.2894673347473145,0.40244194865226746,False,18
1,34.834416174999205,20.093999999999937,4.283539423788336,0.0031765328355771306,0.0025784694002318454,0.5,0.006149356418115789,0.8872069120407104,1.2991617918014526,0.3953722417354584,False,20
1,34.95865341700119,20.196000000000026,4.305299996251992,0.0032321967649413933,0.0025247766956102134,0.5,0.010850978061076716,0.8838537335395813,1.3158998489379883,0.40493831038475037,False,20
1,35.05968885600305,20.196000000000026,4.305299996251992,0.0032321967649413933,0.0025247766956102134,0.5,0.0108148618175751,0.8838537335395813,1.3158998489379883,0.40493831038475037,False,20
1,35.18654355900071,20.298000000000002,4.327060967996761,0.0032879358129441266,0.002560169777125867,0.5,0.015221319573312606,0.8883675932884216,1.3036707639694214,0.39998146891593933,False,21
1,35.309255167005176,20.399999999999977,4.34881550316832,0.0033427284285761773,0.0026110535281458685,0.5,0.021047499470885096,0.9434401988983154,1.3914499282836914,0.5141648054122925,False,21
1,35.41011009200156,20.399999999999977,4.34881550316832,0.0033427284285761773,0.0026110535281458685,0.5,0.021021826142893926,0.9434401988983154,1.3914499282836914,0.5141648054122925,False,21
1,35.53746560300351,20.501999999999953,4.37055899634097,0.0034001839130524685,0.0026708383625668013,0.5,0.0225448050683121,0.9462903141975403,1.3799744844436646,0.48485586047172546,False,21
1,35.670972732004884,20.604000000000042,4.392301739182528,0.003456924845658237,0.0027102079537646468,0.5,0.02347134475090999,0.9219120740890503,1.377683401107788,0.4173224866390228,False,20
1,35.77191325100284,20.604000000000042,4.392301739182528,0.003456924845658237,0.0027102079537646468,0.5,0.02341965570468574,0.9219120740890503,1.377683401107788,0.4173224866390228,False,20
1,35.90334750900365,20.706000000000017,4.414039035652501,0.0035165312325882935,0.002748412025595269,0.5,0.025745778780365065,0.9218351244926453,1.3454933166503906,0.3989618718624115,False,21
1,36.02636404600344,20.807999999999993,4.435773161571549,0.0035778530014463116,0.002808696433413219,0.5,0.027890999483832453,0.8995409607887268,1.3350502252578735,0.40362557768821716,False,18
1,36.12743845600198,20.807999999999993,4.435773161571549,0.0035778530014463116,0.002808696433413219,0.5,0.027872092104869305,0.8995409607887268,1.3350502252578735,0.40362557768821716,False,18
1,36.254796056004125,20.909999999999968,4.457498744048217,0.0036407963394852303,0.0028685329559317895,0.5,0.027694793816074932,0.9075861573219299,1.296938180923462,0.3917718231678009,False,21
1,36.366636306003784,20.977999999999952,4.471982289907448,0.0036817937409829742,0.0028856210420816226,0.5,0.02769352206111338,0.9132462739944458,1.3340898752212524,0.39612504839897156,False,20
1,36.49707777400181,21.011999999999944,4.479224516884635,0.0037025082755077435,0.002897228945214499,0.5,0.027792618860436432,0.9132462739944458,1.3340898752212524,0.39612504839897156,False,20
1,36.61811001000024,21.114000000000033,4.500951196285106,0.003765769462116523,0.002933242362099534,0.5,0.026755841368180485,0.9081296324729919,1.3041417598724365,0.3306882083415985,False,20
1,36.74242602700542,21.216000000000008,4.522678238132809,0.0038292851382250672,0.002960163979289501,0.5,0.025003952976459253,0.9109856486320496,1.2981306314468384,0.3309682011604309,False,21
1,36.85172751200298,21.216000000000008,4.522678238132809,0.0038292851382250672,0.002960163979289501,0.5,0.02502359732089128,0.9109856486320496,1.3101885318756104,0.3309682011604309,False,21
1,36.97201013700396,21.317999999999984,4.544406405377942,0.00389338168558238,0.0029853899776329,0.5,0.02604546286205309,0.9158047437667847,1.3101885318756104,0.3160991370677948,False,21
1,37.09853300500254,21.41999999999996,4.566135259937689,0.003958162763288884,0.003001361207588995,0.5,0.022805539254472987,0.9042435884475708,1.2931004762649536,0.32071617245674133,False,20
1,37.20478338799876,21.41999999999996,4.566135259937689,0.003958162763288884,0.003001361207588995,0.5,0.02281432689636544,0.9042435884475708,1.349426507949829,0.32071617245674133,False,20
1,37.3271396850032,21.521999999999935,4.587868904639556,0.004023396804053015,0.0030291977980920594,0.5,0.02479183957694858,0.9409304857254028,1.349426507949829,0.328702837228775,False,20
1,37.471179013002256,21.590000000000032,4.602355895927371,0.004067712062929685,0.0030535319626182615,0.5,0.0236337590580962,0.9353845715522766,1.3510669469833374,0.3315916061401367,False,19
1,37.59867497700179,21.692000000000007,4.62408890600274,0.0041334908786341724,0.003070421930648495,0.5,0.02296396362872842,0.9487380981445312,1.3516253232955933,0.33662423491477966,False,18
1,37.69943777900335,21.692000000000007,4.62408890600274,0.0041334908786341724,0.003070421930648495,0.5,0.022932283742456053,0.9487380981445312,1.3516253232955933,0.33662423491477966,False,18
1,37.82594156399864,21.793999999999983,4.645826345316082,0.004199192818408602,0.003088824100148582,0.5,0.02297878676330662,0.94054114818573,1.368247628211975,0.449383944272995,False,19
1,37.95328687399888,21.895999999999958,4.667565964448298,0.0042655698569586615,0.003118022591909826,0.5,0.025816267067323893,0.9522608518600464,1.37844979763031,0.4906347692012787,False,21
1,38.05436616500083,21.895999999999958,4.667565964448298,0.0042655698569586615,0.003118022591909826,0.5,0.025791294393272775,0.9522608518600464,1.37844979763031,0.4906347692012787,False,21
1,38.18171894099942,21.997999999999934,4.689304623742226,0.004334976487497056,0.003182969653780467,0.5,0.02793192205517739,0.9189635515213013,1.3499964475631714,0.43423160910606384,False,21
1,38.28237275900028,22.06600000000003,4.703789253779304,0.004383012986569244,0.003230265497781069,0.5,0.027907711095949275,0.917497992515564,1.3607912063598633,0.4852263033390045,False,21
1,38.417299022003135,22.100000000000023,4.7110309857899475,0.004406573523943976,0.0032442388815174163,0.5,0.028485441060360526,0.917497992515564,1.3607912063598633,0.4852263033390045,False,21
1,38.54322855800274,22.201999999999998,4.732755926316614,0.0044781464823069606,0.0032916842739748545,0.5,0.02910900968315381,0.9374278783798218,1.3638464212417603,0.4210871160030365,False,21
1,38.66831303800427,22.303999999999974,4.754480238024497,0.0045510664424016425,0.003343593736225066,0.5,0.02730598370083073,0.9488104581832886,1.3804030418395996,0.48972198367118835,False,20
1,38.76909660900128,22.303999999999974,4.754480238024497,0.0045510664424016425,0.003343593736225066,0.5,0.027287608909731153,0.9488104581832886,1.3804030418395996,0.48972198367118835,False,20
1,38.89506711799913,22.40599999999995,4.776203525142508,0.004622440147336095,0.0033556856482289087,0.5,0.028687800848650004,0.9462894201278687,1.3784067630767822,0.5141806602478027,False,20
1,39.020345007003925,22.508000000000038,4.79792817951699,0.004696498499398057,0.003401529608951837,0.5,0.026392569055737856,0.9559095501899719,1.367495059967041,0.5074135065078735,False,21
1,39.12146750800457,22.508000000000038,4.79792817951699,0.004696498499398057,0.003401529608951837,0.5,0.026336721335450005,0.9559095501899719,1.367495059967041,0.5074135065078735,False,21
1,39.24640622700099,22.610000000000014,4.819651048173061,0.004769645723314977,0.003418231030375524,0.5,0.01732084176147515,0.8842674493789673,1.2865715026855469,0.3804449141025543,False,21
1,39.37385607800388,22.71199999999999,4.841396067357413,0.004841108579372143,0.0033751560286295647,0.5,0.023650165746725117,0.9340243339538574,1.3611199855804443,0.49574121832847595,False,19
1,39.482493180003075,22.74599999999998,4.8486422090671715,0.004866527888525814,0.0034205848410235017,0.5,0.023617806517213544,0.9340243339538574,1.3611199855804443,0.49574121832847595,False,19
1,39.60185119900416,22.813999999999965,4.863132319983438,0.004915582250013617,0.0034397681135879374,0.5,0.02596646621670544,0.8725098371505737,1.262546181678772,0.38020846247673035,False,21
1,39.725067270999716,22.91599999999994,4.884868278166445,0.004990985212800599,0.003495628161034846,0.5,0.030370317425063187,0.9501891136169434,1.3760570287704468,0.5061334371566772,False,21
1,39.834918518005,22.949999999999932,4.892112527884056,0.005017030051181054,0.003545225561822914,0.5,0.030360539005844213,0.9501891136169434,1.3760570287704468,0.5061334371566772,False,21
1,39.95360230500228,23.01800000000003,4.906600078719388,0.00506930590283875,0.0035961327901813593,0.5,0.029735079852579196,0.9419168829917908,1.3583776950836182,0.4921693503856659,False,21
1,40.08063874900108,23.120000000000005,4.9283269499169995,0.005149236682584619,0.0036680737041099266,0.5,0.0329013625985386,0.930286705493927,1.3657089471817017,0.4930036962032318,False,21
1,40.18680244400457,23.120000000000005,4.9283269499169995,0.005149236682584619,0.0036680737041099266,0.5,0.03287181529025668,0.930286705493927,1.3185735940933228,0.4930036962032318,False,21
1,40.32420704400283,23.187999999999988,4.942814286961479,0.0052036818737786214,0.003716964954972753,0.5,0.03060125264681883,0.8961691856384277,1.3185735940933228,0.38285478949546814,False,20
1,40.451892510005564,23.289999999999964,4.964536078491561,0.005284091321209214,0.0037434511260899007,0.5,0.03181203534811637,0.9136523008346558,1.324829339981079,0.38311567902565,False,21
1,40.580352984005,23.39199999999994,4.986258613703695,0.005368415159405687,0.0038124238784548606,0.5,0.03513399820417328,0.9197186827659607,1.3357210159301758,0.39299604296684265,False,20
1,40.68144971700531,23.39199999999994,4.986258613703695,0.005368415159405687,0.0038124238784548606,0.5,0.03515291961261421,0.9197186827659607,1.3357210159301758,0.39299604296684265,False,20
1,40.81352317600249,23.494000000000028,5.007990928414334,0.005453025782156926,0.003908269309593235,0.5,0.03164975947936739,0.8890734910964966,1.2797789573669434,0.38097307085990906,False,21
1,40.91354440400028,23.562000000000012,5.0224713666283005,0.005508888449170533,0.003913873129128966,0.5,0.030208708648515336,0.8913015723228455,1.28406822681427,0.38241949677467346,False,20
1,41.04805594400386,23.596000000000004,5.029711844622901,0.0055371997739376904,0.003925619271608914,0.5,0.030234884488113713,0.8913015723228455,1.28406822681427,0.38241949677467346,False,20
1,41.17631092300144,23.69799999999998,5.051433445563392,0.005622119048408944,0.003950614293722975,0.5,0.029343288966358523,0.9024356007575989,1.303052306175232,0.3841407001018524,False,21
1,41.301689308005734,23.799999999999955,5.073155981171692,0.0057077687217808905,0.003978147528038803,0.5,0.028349087730521146,0.8905020356178284,1.2864468097686768,0.37931737303733826,False,21
1,41.40273894400161,23.799999999999955,5.073155981171692,0.0057077687217808905,0.003978147528038803,0.5,0.028376600168190786,0.8905020356178284,1.2864468097686768,0.37931737303733826,False,21
1,41.53503120000096,23.90199999999993,5.094879085924294,0.0057938949318158935,0.004003298961024562,0.5,0.03051004941054303,0.9126013517379761,1.331711769104004,0.38140758872032166,False,21
1,41.665920434003056,24.00400000000002,5.116603123886516,0.0058840952228801915,0.004078094175755995,0.5,0.031309733363577175,0.9215856194496155,1.3382879495620728,0.3942115008831024,False,21
1,41.766889106002054,24.00400000000002,5.116603123886516,0.0058840952228801915,0.004078094175755995,0.5,0.03133186763255045,0.9215856194496155,1.3382879495620728,0.3942115008831024,False,21
1,41.89439666100225,24.105999999999995,5.138326175008965,0.005974353235270794,0.004141754840012278,0.5,0.032603831151432686,0.9301508665084839,1.3423479795455933,0.4089348018169403,False,21
1,42.020482576001086,24.20799999999997,5.160049609864641,0.0060664048197002635,0.004214117306091951,0.5,0.03152739899416022,0.9130623936653137,1.3179430961608887,0.39141687750816345,False,20
1,42.12107285299862,24.20799999999997,5.160049609864641,0.0060664048197002635,0.004214117306091951,0.5,0.03154841882554012,0.9130623936653137,1.3179430961608887,0.39141687750816345,False,20
1,42.251622357005544,24.309999999999945,5.181771792443472,0.006157645381591152,0.004244230745167095,0.5,0.03141748080336892,0.9051311016082764,1.324000358581543,0.3770824372768402,False,21
1,42.381646113004535,24.412000000000035,5.203494575605887,0.006250695356123006,0.004286497440721034,0.5,0.03011125277218114,0.9226582050323486,1.3437387943267822,0.38562676310539246,False,21
1,42.491194170004746,24.446000000000026,5.210735379061178,0.006281603670947845,0.004292835229847663,0.5,0.03013623263838425,0.9226582050323486,1.3437387943267822,0.38562676310539246,False,21
1,42.60939023300307,24.51400000000001,5.225217206466049,0.006343895043606185,0.004316108898323185,0.5,0.02716293161172269,0.9003510475158691,1.2804418802261353,0.30815404653549194,False,20
1,42.73757597900112,24.615999999999985,5.246937542611579,0.006436695839182539,0.004327304367623813,0.5,0.026429933980578933,0.895702064037323,1.27793288230896,0.3052690327167511,False,21
1,42.84708888900059,24.649999999999977,5.254177862493838,0.0064676805715224595,0.004331102389073196,0.5,0.02646005678398039,0.895702064037323,1.27793288230896,0.3052690327167511,False,21
1,42.965888778999215,24.71799999999996,5.268660284394711,0.006530386433355246,0.0043548375595855605,0.5,0.028028061898692017,0.9196755290031433,1.3417576551437378,0.44248148798942566,False,21
1,43.09169739299978,24.819999999999936,5.290385155618182,0.006625643237230373,0.004393605556922246,0.5,0.02854355768393203,0.9134910106658936,1.3337278366088867,0.433716744184494,False,21
1,43.19646839600318,24.819999999999936,5.290385155618182,0.006625643237230373,0.004393605556922246,0.5,0.028568454824091,0.9265963435173035,1.3337278366088867,0.433716744184494,False,21
1,43.334648713003844,24.888000000000034,5.304868805806592,0.006689625003333901,0.004418895624602186,0.5,0.026380373193144534,0.9265963435173035,1.3154915571212769,0.43827030062675476,False,20
1,43.461951666999084,24.99000000000001,5.3265941955761225,0.006784822987641779,0.004437754854664363,0.5,0.026596305211469887,0.9176340699195862,1.3425182104110718,0.43200287222862244,False,20
1,43.58903942300094,25.091999999999985,5.348320569160985,0.006881691017478909,0.004472084828279465,0.5,0.028520819744117572,0.9242098927497864,1.3343929052352905,0.4429377019405365,False,19
1,43.68974498999887,25.091999999999985,5.348320569160985,0.006881691017478909,0.004472084828279465,0.5,0.02853017439424246,0.9242098927497864,1.3343929052352905,0.4429377019405365,False,19
1,43.81468735400267,25.19399999999996,5.370045148923246,0.006981794275845033,0.004534396237073561,0.5,0.028194599554775608,0.9244587421417236,1.3483262062072754,0.4474821388721466,False,20
1,43.940808065002784,25.295999999999935,5.391768765063328,0.00708058765446206,0.004567128744025237,0.5,0.028084543446616848,0.9234364628791809,1.3620458841323853,0.4741646945476532,False,21
1,44.04165135099902,25.295999999999935,5.391768765063328,0.00708058765446206,0.004567128744025237,0.5,0.02804957488003816,0.9234364628791809,1.3620458841323853,0.4741646945476532,False,21
1,44.170851360002416,25.398000000000025,5.413493040707629,0.007179835292493098,0.004596453531324383,0.5,0.03134306521028541,0.9348976612091064,1.362269401550293,0.4925282895565033,False,21
1,44.30165099300211,25.5,5.435221751245101,0.007281866266168524,0.0046940593699878,0.5,0.030403624313796323,0.9289296269416809,1.3545808792114258,0.4876907169818878,False,21
1,44.40253292000125,25.5,5.435221751245101,0.007281866266168524,0.0046940593699878,0.5,0.030356714799245545,0.9289296269416809,1.3545808792114258,0.4876907169818878,False,21
1,44.532573087002675,25.601999999999975,5.456944854260119,0.007384470644584029,0.00472760383382938,0.5,0.0282862713890439,0.9267829060554504,1.356498122215271,0.4896584451198578,False,21
1,44.65860235400032,25.70399999999995,5.478668103691395,0.007486267092451125,0.0047416986690005285,0.5,0.026739960712970027,0.8975827097892761,1.321664571762085,0.3818911015987396,False,21
1,44.759410493999894,25.70399999999995,5.478668103691395,0.007486267092451125,0.0047416986690005285,0.5,0.026678949396345523,0.8975827097892761,1.321664571762085,0.3818911015987396,False,21
1,44.889012013001775,25.80600000000004,5.500391731819343,0.007588399420532037,0.004759564106113016,0.5,0.027073722081254734,0.8847278356552124,1.3036646842956543,0.3799974024295807,False,21
1,45.01561576899985,25.908000000000015,5.522117494785844,0.007692133351679787,0.004793717366513641,0.5,0.02722698143114424,0.8790862560272217,1.2525153160095215,0.3782457411289215,False,21
1,45.117479129003186,25.908000000000015,5.522117494785844,0.007692133351679787,0.004793717366513641,0.5,0.027202806667502754,0.8790862560272217,1.2525153160095215,0.3782457411289215,False,21
1,45.2471064410056,26.00999999999999,5.543843217496437,0.007796797725564288,0.004829112899201737,0.5,0.027608021393960982,0.8947405219078064,1.317209005355835,0.37249240279197693,False,21
1,45.3749927530007,26.111999999999966,5.565568030300853,0.007902495578630797,0.004865720576864044,0.5,0.028359257160978462,0.9034540057182312,1.3181160688400269,0.3714817464351654,False,20
1,45.47563590500067,26.111999999999966,5.565568030300853,0.007902495578630797,0.004865720576864044,0.5,0.028354999948247504,0.9034540057182312,1.3181160688400269,0.3714817464351654,False,20
1,45.60369422700023,26.213999999999942,5.587292653651325,0.008009239718705104,0.004908807441289625,0.5,0.028045830225383477,0.890410840511322,1.3137179613113403,0.3778563439846039,False,20
1,45.729129053004726,26.31600000000003,5.609016781426617,0.008116426026329364,0.004943063023824494,0.5,0.029788018141363476,0.8966138958930969,1.3310545682907104,0.38405635952949524,False,21
1,45.837632294002105,26.350000000000023,5.616258220181449,0.00815333329640805,0.004973408020092128,0.5,0.029795657269150365,0.8966138958930969,1.3310545682907104,0.38405635952949524,False,21
1,45.956708072000765,26.418000000000006,5.63074052275832,0.008226497158552643,0.005017387254559318,0.5,0.028796887825623636,0.8936965465545654,1.3208593130111694,0.3804692327976227,False,20
1,46.0828036410021,26.519999999999982,5.652464350075121,0.008334400746183497,0.005032443633296295,0.5,0.02813172112733285,0.9028235673904419,1.3243229389190674,0.3743596374988556,False,19
1,46.186728007000056,26.519999999999982,5.652464350075121,0.008334400746183497,0.005032443633296295,0.5,0.028149693087661833,0.9028235673904419,1.3312431573867798,0.3743596374988556,False,19
1,46.3109565640043,26.621999999999957,5.6741889615947,0.008443613019962654,0.0050586499184938636,0.5,0.02771064212739529,0.9000738263130188,1.3312431573867798,0.38073691725730896,False,21
1,46.45597248100239,26.68999999999994,5.688672514460412,0.0085168343943767,0.0050792353654148725,0.5,0.025885508920945866,0.9179730415344238,1.3485848903656006,0.39732906222343445,False,21
1,46.5808369410006,26.79200000000003,5.710399396154165,0.008626415279500721,0.005100054066830967,0.5,0.020654637775782785,0.8989903330802917,1.3309890031814575,0.37428727746009827,False,21
1,46.68160940400412,26.79200000000003,5.710399396154165,0.008626415279500721,0.005100054066830967,0.5,0.020645975375178587,0.8989903330802917,1.3309890031814575,0.37428727746009827,False,21
1,46.80730090200086,26.894000000000005,5.732138959548774,0.008735627809501014,0.005089966823388213,0.5,0.020257882285393783,0.8946677446365356,1.3305928707122803,0.3674372136592865,False,21
1,46.93388834399957,26.99599999999998,5.75388335134538,0.008845368631925386,0.005094443580635216,0.5,0.01927717777114281,0.9000027179718018,1.3304545879364014,0.36547836661338806,False,21
1,47.034676597002544,26.99599999999998,5.75388335134538,0.008845368631925386,0.005094443580635216,0.5,0.019286150774174962,0.9000027179718018,1.3304545879364014,0.36547836661338806,False,21
1,47.16240027200547,27.097999999999956,5.7756283758834,0.008955614243222007,0.005094871285325037,0.5,0.01887409787025953,0.8818579912185669,1.3067010641098022,0.31320634484291077,False,21
1,47.28612572700513,27.199999999999932,5.797374871189685,0.00906622318363421,0.005099600797325969,0.5,0.01990542385685306,0.884721577167511,1.3268603086471558,0.38477447628974915,False,21
1,47.38715700100147,27.199999999999932,5.797374871189685,0.00906622318363421,0.005099600797325969,0.5,0.019892083605601366,0.884721577167511,1.3268603086471558,0.38477447628974915,False,21
1,47.51331497399951,27.30200000000002,5.819122209249712,0.009176614584936345,0.005114940631685851,0.5,0.023547121525244654,0.9110094904899597,1.3331660032272339,0.38735058903694153,False,20
1,47.638891451002564,27.403999999999996,5.840877404349413,0.009284402721012063,0.005174501497889461,0.5,0.025969174409660508,0.9063608050346375,1.3002164363861084,0.3815171420574188,False,21
1,47.739659423001285,27.403999999999996,5.840877404349413,0.009284402721012063,0.005174501497889461,0.5,0.02593955308858139,0.9063608050346375,1.3002164363861084,0.3815171420574188,False,21
1,47.86828486400191,27.505999999999972,5.862633259644572,0.00939615958800397,0.005233717797313098,0.5,0.03038823161426121,0.9088296294212341,1.3145700693130493,0.4139290750026703,False,21
1,47.9949516380002,27.607999999999947,5.884374404017473,0.009514362175174042,0.005332455201811436,0.5,0.031218927345322667,0.912505567073822,1.3521441221237183,0.39790019392967224,False,21
1,48.09604717800539,27.607999999999947,5.884374404017473,0.009514362175174042,0.005332455201811436,0.5,0.031173676682188952,0.912505567073822,1.3521441221237183,0.39790019392967224,False,21
1,48.22325724700204,27.710000000000036,5.906106832170414,0.009632681330071358,0.005403272751546096,0.5,0.0348726622604656,0.9119074940681458,1.3652610778808594,0.4109213054180145,False,21
1,48.350153400002455,27.812000000000012,5.927844330874372,0.009751659904921137,0.005504402222111469,0.5,0.034888163858370305,0.916660487651825,1.3661115169525146,0.4528123438358307,False,20
1,48.45862726699852,27.846000000000004,5.9350887977524085,0.009792635128383784,0.00552834218276734,0.5,0.034836565917741646,0.916660487651825,1.3661115169525146,0.4528123438358307,False,20
1,48.57720074499957,27.913999999999987,5.949576080449616,0.009874089791946889,0.005571810773010019,0.5,0.035254616892340426,0.9157748222351074,1.3474767208099365,0.3697807490825653,False,21
1,48.70241941000131,28.015999999999963,5.9713054452922325,0.009997285154730468,0.005642542158767541,0.5,0.0354399843871685,0.8975909352302551,1.3143248558044434,0.3656991422176361,False,21
1,48.81097701800172,28.015999999999963,5.9713054452922325,0.009997285154730468,0.005642542158767541,0.5,0.03539481199086491,0.8975909352302551,1.340393304824829,0.3656991422176361,False,21
1,48.930487969999376,28.117999999999938,5.993033048107789,0.010122024345796827,0.005716505390069665,0.5,0.03600552526852251,0.9073155522346497,1.340393304824829,0.3658551275730133,False,21
1,49.0590720830005,28.220000000000027,6.014758527152232,0.010247754900229252,0.00577830700511086,0.5,0.034742353278124756,0.8999846577644348,1.305980920791626,0.36666950583457947,False,21
1,49.16783162199863,28.220000000000027,6.014758527152232,0.010247754900229252,0.00577830700511086,0.5,0.034725114315644116,0.8999846577644348,1.2859643697738647,0.36666950583457947,False,21
1,49.304420141001174,28.28800000000001,6.0292389020984745,0.01033145709909414,0.005809933521023598,0.5,0.033265019113438675,0.8742459416389465,1.2859643697738647,0.3595364987850189,False,21
1,49.434520144001,28.389999999999986,6.050960372942866,0.010457652112725898,0.005842017353128241,0.5,0.03311122218149074,0.8907344341278076,1.3164690732955933,0.36421868205070496,False,21
1,49.56275301200367,28.491999999999962,6.07268303915347,0.010585261955708296,0.005886965926117089,0.5,0.035900947421013886,0.8866986632347107,1.3172240257263184,0.3561980426311493,False,21
1,49.66381342900422,28.491999999999962,6.07268303915347,0.010585261955708296,0.005886965926117089,0.5,0.035902276558081286,0.8866986632347107,1.3172240257263184,0.3561980426311493,False,21
1,49.787396355000965,28.593999999999937,6.094413234636725,0.010715189336816724,0.005990476373774738,0.5,0.03753174838922235,0.9187414050102234,1.3532031774520874,0.4813717305660248,False,20
1,49.91438592200575,28.696000000000026,6.116145624557527,0.010848295229940973,0.006080659050406532,0.5,0.037477124411774976,0.8986634612083435,1.318100094795227,0.3520564138889313,False,20
1,50.015772140999616,28.696000000000026,6.116145624557527,0.010848295229940973,0.006080659050406532,0.5,0.037476283600865724,0.8986634612083435,1.318100094795227,0.3520564138889313,False,20
1,50.14468380300241,28.798000000000002,6.137874754389297,0.010982630239334875,0.006152491585420889,0.5,0.039151115460575155,0.9122232794761658,1.3623872995376587,0.3692174255847931,False,21
1,50.27009542000451,28.899999999999977,6.1596061645932,0.01111887508972908,0.006244080833225483,0.5,0.03969358065235297,0.9054492712020874,1.3501230478286743,0.36158546805381775,False,21
1,50.3709354599996,28.899999999999977,6.1596061645932,0.01111887508972908,0.006244080833225483,0.5,0.039695509028165744,0.9054492712020874,1.3501230478286743,0.36158546805381775,False,21
1,50.50128444300208,29.001999999999953,6.181337982749054,0.011256855480513939,0.006327906239020768,0.5,0.04004164763172338,0.9035189747810364,1.3350003957748413,0.3561278283596039,False,21
1,50.62815302100353,29.104000000000042,6.203069501354629,0.011396605997186417,0.006410506155706274,0.5,0.03902311659217056,0.9063165783882141,1.3230024576187134,0.3551999628543854,False,21
1,50.728927752003074,29.104000000000042,6.203069501354629,0.011396605997186417,0.006410506155706274,0.5,0.03902598887807887,0.9063165783882141,1.3230024576187134,0.3551999628543854,False,21
1,50.85626832100388,29.206000000000017,6.224797329590727,0.01153768267783857,0.006478096966785001,0.5,0.039629236233941295,0.9028734564781189,1.3658791780471802,0.41155168414115906,False,21
1,50.98061719399993,29.307999999999993,6.246524817166532,0.011680495889799148,0.006561919052269807,0.5,0.03996732202710355,0.90928715467453,1.3658605813980103,0.45030269026756287,False,21
1,51.08196642200346,29.307999999999993,6.246524817166532,0.011680495889799148,0.006561919052269807,0.5,0.03997061477730919,0.90928715467453,1.3658605813980103,0.45030269026756287,False,21
1,51.206431550999696,29.409999999999968,6.2682520016727095,0.011825017186990038,0.006645269360415875,0.5,0.04036652788462088,0.9042054414749146,1.3731237649917603,0.4806375205516815,False,21
1,51.33053958399978,29.511999999999944,6.289979093013367,0.011971384794918076,0.006730185942854592,0.5,0.03800867146384869,0.9182583689689636,1.3563944101333618,0.4741956889629364,False,21
1,51.43901010099944,29.545999999999935,6.297218987646978,0.012019673674709748,0.006740405365577307,0.5,0.03798145411964583,0.9182583689689636,1.3563944101333618,0.4741956889629364,False,21
1,51.55804805600201,29.614000000000033,6.311698476341139,0.012117987677881406,0.006777773153398379,0.5,0.04018945785554904,0.9175118207931519,1.3734705448150635,0.4782038629055023,False,20
1,51.684902245004196,29.716000000000008,6.333425845667126,0.01226834637271613,0.006876737057039718,0.5,0.04148603661167339,0.918946385383606,1.3558378219604492,0.45838120579719543,False,21
1,51.79045618400414,29.716000000000008,6.333425845667126,0.01226834637271613,0.006876737057039718,0.5,0.041471723574996754,0.9226428270339966,1.3558378219604492,0.45838120579719543,False,21
1,51.912012446002336,29.817999999999984,6.35515605940421,0.012420010452834645,0.006962130051033914,0.5,0.04003128323643826,0.9226428270339966,1.3780229091644287,0.47789713740348816,False,20
1,52.03833801900328,29.91999999999996,6.37688168742678,0.01257287560058423,0.007025546272292613,0.5,0.03839513458411342,0.9190950989723206,1.3928806781768799,0.4794040620326996,False,20
1,52.145524233004835,29.91999999999996,6.37688168742678,0.01257287560058423,0.007025546272292613,0.5,0.03839197630981599,0.9290579557418823,1.3928806781768799,0.4794040620326996,False,20
1,52.28594899000018,29.987999999999943,6.391360608675195,0.012675534874171761,0.0070694427163239554,0.5,0.03417765549626542,0.9290579557418823,1.4002375602722168,0.4772205650806427,False,21
1,52.41382993099978,30.090000000000032,6.41307788576636,0.012828240518345517,0.0070868416327321835,0.5,0.031086069810068794,0.9248853325843811,1.3764253854751587,0.4334219992160797,False,21
1,52.541018863004865,30.192000000000007,6.434794844905283,0.012981138524041211,0.00710208381813083,0.5,0.029841337034390195,0.9099434614181519,1.3743236064910889,0.41507914662361145,False,21
1,52.64197588000388,30.192000000000007,6.434794844905283,0.012981138524041211,0.00710208381813083,0.5,0.029781014609733782,0.9099434614181519,1.3743236064910889,0.41507914662361145,False,21
1,52.76961562100041,30.293999999999983,6.456513382219805,0.013134782705010527,0.0071250044781346515,0.5,0.03136021238013613,0.924541175365448,1.3845854997634888,0.41887542605400085,False,21
1,52.894764778000535,30.395999999999958,6.4782345823115035,0.013292106095517599,0.0071904697721104785,0.5,0.027519553623187233,0.8849652409553528,1.3243887424468994,0.3092072904109955,False,21
1,52.996294636999664,30.395999999999958,6.4782345823115035,0.013292106095517599,0.0071904697721104785,0.5,0.027424783443508304,0.8849652409553528,1.3243887424468994,0.3092072904109955,False,21
1,53.11926747500547,30.497999999999934,6.499953805282832,0.013446378469311345,0.0071907984862305705,0.5,0.029038339325956165,0.9088244438171387,1.3334524631500244,0.2851918637752533,False,18
1,53.24410841100325,30.600000000000023,6.52167662135289,0.013602968425432386,0.007230997842521565,0.5,0.026949268139658464,0.8709772825241089,1.3267147541046143,0.28902509808540344,False,21
1,53.344860245000746,30.600000000000023,6.52167662135289,0.013602968425432386,0.007230997842521565,0.5,0.026872264832307688,0.8709772825241089,1.3267147541046143,0.28902509808540344,False,21
1,53.470839255998726,30.701999999999998,6.543397410654404,0.01375923693846888,0.007249049183120863,0.5,0.028262695014622433,0.9016070365905762,1.3511301279067993,0.2911789119243622,False,21
1,53.59441340200283,30.803999999999974,6.56512044976734,0.013917783158793669,0.007293733506719676,0.5,0.028190517142543677,0.901095449924469,1.3395792245864868,0.35956522822380066,False,21
1,53.69593947099929,30.803999999999974,6.56512044976734,0.013917783158793669,0.007293733506719676,0.5,0.028150167695955547,0.901095449924469,1.3395792245864868,0.35956522822380066,False,21
1,53.819897189001495,30.90599999999995,6.586843133158704,0.01407691391056207,0.007331455778799474,0.5,0.029257717402003836,0.907148540019989,1.3511743545532227,0.36210599541664124,False,20
1,53.94775028100412,31.008000000000038,6.608566064922982,0.014238670023296237,0.007391307452508176,0.5,0.02892057798340547,0.8967028260231018,1.3299413919448853,0.28993457555770874,False,21
1,54.04815541800053,31.008000000000038,6.608566064922982,0.014238670023296237,0.007391307452508176,0.5,0.028898570242597656,0.8967028260231018,1.3299413919448853,0.28993457555770874,False,21
1,54.173221551005554,31.110000000000014,6.630289037586221,0.01439911862838974,0.007420869237894437,0.5,0.028616745711163544,0.8997511863708496,1.346519112586975,0.36131903529167175,False,21
1,54.29725195300125,31.21199999999999,6.6520130019829855,0.014560502449799515,0.007451556085972156,0.5,0.0280131839744754,0.8954989910125732,1.3461209535598755,0.3817184865474701,False,21
1,54.40577040300559,31.24599999999998,6.659254400770798,0.014614328422784081,0.007458807170211521,0.5,0.028006750759172312,0.8954989910125732,1.3461209535598755,0.3817184865474701,False,21
1,54.5238240020044,31.313999999999965,6.6737374653763,0.014722297897700767,0.0074781459146568635,0.5,0.026037797212183446,0.9278210401535034,1.3959190845489502,0.39693841338157654,False,21
1,54.649275909003336,31.41599999999994,6.695463205660049,0.014883871155225041,0.007496359399666334,0.5,0.0272082789280161,0.9156411290168762,1.3940318822860718,0.38921770453453064,False,20
1,54.75250137800322,31.41599999999994,6.695463205660049,0.014883871155225041,0.007496359399666334,0.5,0.027186480215578006,0.9156411290168762,1.3489959239959717,0.38921770453453064,False,20
1,54.87419013800536,31.51800000000003,6.717191094116902,0.015047417769326613,0.007534766929546441,0.5,0.027047881097327194,0.903099775314331,1.3489959239959717,0.380374938249588,False,19
1,54.99834115300473,31.620000000000005,6.738918289286829,0.01521104035080589,0.007559051330782951,0.5,0.02511768475027644,0.918549120426178,1.3864667415618896,0.46915188431739807,False,21
1,55.09977139699913,31.620000000000005,6.738918289286829,0.01521104035080589,0.007559051330782951,0.5,0.025084258949594398,0.918549120426178,1.3657962083816528,0.46915188431739807,False,21
1,55.2406707820046,31.687999999999988,6.753403659243947,0.015320258898578014,0.007577677334865655,0.5,0.02568418508815158,0.8952950239181519,1.3657962083816528,0.38002732396125793,False,18
1,55.3642635560027,31.789999999999964,6.7751314901973645,0.01548549660495764,0.007611928555437576,0.5,0.02647911228514077,0.8846335411071777,1.3611204624176025,0.3908790051937103,False,21
1,55.49299061200145,31.89199999999994,6.796858526209437,0.015651751796448343,0.007649228145336576,0.5,0.026645717005935075,0.8972235918045044,1.3691580295562744,0.3946271240711212,False,21
1,55.5940468359986,31.89199999999994,6.796858526209437,0.015651751796448343,0.007649228145336576,0.5,0.026633059265778435,0.8972235918045044,1.3691580295562744,0.3946271240711212,False,21
1,55.71931897300237,31.994000000000028,6.818584735900323,0.01581854846567773,0.007682728061331907,0.5,0.027295228758896027,0.9164401292800903,1.3974480628967285,0.4717961251735687,False,21
1,55.84545228200295,32.096000000000004,6.840310687960875,0.015985976709562536,0.007721583462243524,0.5,0.027611357081609587,0.9311735033988953,1.3951373100280762,0.48610231280326843,False,21
1,55.946363016999385,32.096000000000004,6.840310687960875,0.015985976709562536,0.007721583462243524,0.5,0.02760831216933387,0.9311735033988953,1.3951373100280762,0.48610231280326843,False,21
1,56.07196095299878,32.19799999999998,6.862036468879517,0.016154053368145353,0.007759354208646957,0.5,0.02605604859695446,0.9294288158416748,1.3915903568267822,0.47856447100639343,False,21
1,56.19684893399972,32.299999999999955,6.883763498160995,0.016322004142546833,0.007781015666558952,0.5,0.03344692514561017,0.9251980781555176,1.4039006233215332,0.4973721206188202,False,21
1,56.29770911599917,32.299999999999955,6.883763498160995,0.016322004142546833,0.007781015666558952,0.5,0.033478753895107675,0.9251980781555176,1.4039006233215332,0.4973721206188202,False,21
1,56.42496387700521,32.40199999999993,6.905502512673201,0.016492365284560596,0.007907255022548116,0.5,0.035427804121850856,0.9266617298126221,1.395279884338379,0.48981425166130066,False,20
1,56.55158408400166,32.50400000000002,6.92724275767241,0.016666452438436976,0.008000330908871528,0.5,0.03979753834218606,0.9309967756271362,1.4031575918197632,0.4891892373561859,False,21
1,56.652666927999235,32.50400000000002,6.92724275767241,0.016666452438436976,0.008000330908871528,0.5,0.03984087544250022,0.9309967756271362,1.4031575918197632,0.4891892373561859,False,21
1,56.781596172004356,32.605999999999995,6.9489896947826,0.01684286247184143,0.008120257792977295,0.5,0.0399679049737582,0.9314701557159424,1.4066314697265625,0.48796984553337097,False,21
1,56.90826535200176,32.70799999999997,6.970731270848762,0.017023043248486667,0.008208073906668672,0.5,0.040457771371027275,0.9204465746879578,1.3945703506469727,0.42626234889030457,False,19
1,57.00926786399941,32.70799999999997,6.970731270848762,0.017023043248486667,0.008208073906668672,0.5,0.040474523320669795,0.9204465746879578,1.3945703506469727,0.42626234889030457,False,19
1,57.13351833100023,32.809999999999945,6.992469217544514,0.01720401889901789,0.008293129495485177,0.5,0.04077775491084269,0.9229779839515686,1.3985610008239746,0.4844838082790375,False,19
1,57.259304342005635,32.912000000000035,7.014204818548051,0.017386571220441512,0.008377941406235077,0.5,0.041373916242083905,0.9167653322219849,1.4070870876312256,0.48671767115592957,False,21
1,57.36496315400291,32.946000000000026,7.021449921992032,0.017447825969809462,0.008409792972703115,0.5,0.041380669990145856,0.9167653322219849,1.4070870876312256,0.48671767115592957,False,21
1,57.48366691800038,33.01400000000001,7.035939769052264,0.017570915623610926,0.00846761112079951,0.5,0.03997301263585589,0.9011965990066528,1.3462440967559814,0.3752443492412567,False,21
1,57.60954753999977,33.115999999999985,7.0576701771005155,0.017756706576498638,0.00853547461526422,0.5,0.03919071863240383,0.885447084903717,1.3442274332046509,0.3751053512096405,False,21
1,57.71316311100236,33.115999999999985,7.0576701771005155,0.017756706576498638,0.00853547461526422,0.5,0.039191734335785475,0.885447084903717,1.3867794275283813,0.3751053512096405,False,21
1,57.833599689998664,33.21799999999996,7.079396295700526,0.017943825926473287,0.008608933469809302,0.5,0.03959646702576502,0.8933758735656738,1.3867794275283813,0.369860976934433,False,21
1,57.961742732004495,33.319999999999936,7.101121890399305,0.018132806480390413,0.00869411518259012,0.5,0.04029573250356298,0.9166926145553589,1.38101065158844,0.3749719560146332,False,20
1,58.0633756419993,33.319999999999936,7.101121890399305,0.018132806480390413,0.00869411518259012,0.5,0.040289442920427215,0.8957472443580627,1.38101065158844,0.3749719560146332,False,20
1,58.187136974003806,33.422000000000025,7.122845575744247,0.018322307429596202,0.008748006507924327,0.5,0.036163556933084054,0.8957472443580627,1.349582552909851,0.3732018768787384,False,21
1,58.33137826100574,33.49000000000001,7.137324620829066,0.018448891240691913,0.008775072657431673,0.5,0.03488302558418219,0.9177447557449341,1.3799042701721191,0.37146487832069397,False,19
1,58.45819046399993,33.591999999999985,7.159043748207587,0.018639865379267664,0.00881547492452908,0.5,0.032869635238738926,0.9060174226760864,1.3416956663131714,0.3637286126613617,False,20
1,58.55905668900232,33.591999999999985,7.159043748207587,0.018639865379267664,0.00881547492452908,0.5,0.03286850107115651,0.9060174226760864,1.3416956663131714,0.3637286126613617,False,20
1,58.68313973900513,33.69399999999996,7.180762599161301,0.01883126287172371,0.008847223642660796,0.5,0.029293799106934693,0.9146909117698669,1.356966257095337,0.3703705966472626,False,21
1,58.80963080999936,33.795999999999935,7.202478840033827,0.01902244203604466,0.008860810060524442,0.5,0.02706402072894069,0.9220749735832214,1.361497402191162,0.36903664469718933,False,20
1,58.91044198500458,33.795999999999935,7.202478840033827,0.01902244203604466,0.008860810060524442,0.5,0.027014603049379887,0.9220749735832214,1.361497402191162,0.36903664469718933,False,20
1,59.037282861005224,33.898000000000025,7.2241976402146095,0.019214117323721195,0.008867686734895205,0.5,0.028361297285326083,0.9214510917663574,1.3703516721725464,0.36639705300331116,False,21
1,59.16674130700267,34.0,7.2459177286675365,0.019407465710853108,0.008910599513814024,0.5,0.023667721814695394,0.9172800779342651,1.3802282810211182,0.41281571984291077,False,20
1,59.267573985001945,34.0,7.2459177286675365,0.019407465710853108,0.008910599513814024,0.5,0.023578772624845652,0.9172800779342651,1.3802282810211182,0.41281571984291077,False,20
1,59.39148891399964,34.101999999999975,7.267643533572309,0.01959987547608008,0.00890348381738136,0.5,0.024261655381466324,0.899583637714386,1.3464879989624023,0.3012285530567169,False,21
1,59.51698427199881,34.20399999999995,7.289373065615926,0.019792725320741715,0.00892644470655656,0.5,0.026538658319760416,0.9211045503616333,1.3878231048583984,0.4182993471622467,False,20
1,59.61829972200212,34.20399999999995,7.289373065615926,0.019792725320741715,0.00892644470655656,0.5,0.02649194410975645,0.9211045503616333,1.3878231048583984,0.4182993471622467,False,20
1,59.740667231999396,34.30600000000004,7.311102038589679,0.019988606962213037,0.008975686430814414,0.5,0.026244488377490178,0.9029510021209717,1.3666212558746338,0.3053280711174011,False,21
1,59.86868074299855,34.408000000000015,7.332830934634234,0.02018328380607222,0.009004055714167203,0.5,0.02805972041677528,0.9192811846733093,1.3773130178451538,0.41584333777427673,False,20
1,59.96973289200105,34.408000000000015,7.332830934634234,0.02018328380607222,0.009004055714167203,0.5,0.0280088902522716,0.9192811846733093,1.3773130178451538,0.41584333777427673,False,20
2,0.14581885899679037,0.4079999999999018,0.0856005044096,3.0497174082810222e-05,0.0004359517187270331,0.5,0.028501878105681073,0.8537353277206421,1.293100118637085,0.38978293538093567,False,19
2,0.28381824900134234,0.4759999999999991,0.10008345535047357,3.713520428126545e-05,0.00046432219557908063,0.5,0.028507770724954588,0.8531877398490906,1.31325101852417,0.38575682044029236,False,19
2,0.40612805700220633,0.5779999999999745,0.12180864460135944,4.685662812176224e-05,0.0004939394464623919,0.5,0.028582158225272113,0.8522387146949768,1.2988301515579224,0.387737900018692,False,19
2,0.5070784089984954,0.5779999999999745,0.12180864460135944,4.685662812176224e-05,0.0004939394464623919,0.5,0.028514695879641873,0.8522387146949768,1.2988301515579224,0.387737900018692,False,19
2,0.6301459079986671,0.67999999999995,0.1435343249604726,5.793905103056224e-05,0.0005288950377863716,0.5,0.028511328048164707,0.8512644171714783,1.3064969778060913,0.3807460367679596,False,19
2,0.7491300900001079,0.7819999999999254,0.16525989409737596,6.995842981329269e-05,0.0005653972471383054,0.5,0.028579312802503212,0.8552628755569458,1.289420485496521,0.38406142592430115,False,19
2,0.850273598000058,0.8159999999999172,0.17250169466735676,7.419223724274907e-05,0.0005783523523013713,0.5,0.028510646859943017,0.8552628755569458,1.289420485496521,0.38406142592430115,False,19
2,0.9685556300028111,0.8839999999999009,0.18698510383320585,8.292187340961884e-05,0.0006028043289224474,0.5,0.028510108781953473,0.8623908162117004,1.3045927286148071,0.38514551520347595,False,19
2,1.088387263000186,0.98599999999999,0.20870982707349228,9.677587542446436e-05,0.0006408555697344309,0.5,0.028578867067098685,0.861870527267456,1.3127752542495728,0.3807862102985382,False,19
2,1.1893856030001189,0.98599999999999,0.20870982707349228,9.677587542446436e-05,0.0006408555697344309,0.5,0.028509865681085253,0.861870527267456,1.3127752542495728,0.3807862102985382,False,19
2,1.3089602140025818,1.0879999999999654,0.2304342230607218,0.00011145552317470149,0.0006785505552748304,0.5,0.02720615412093255,0.8608843684196472,1.3031456470489502,0.3810686767101288,False,21
2,1.4311092759962776,1.1899999999999409,0.2521577426608374,0.0001260214511255625,0.0007014169426328008,0.5,0.01542163618661937,0.8683614134788513,1.3312420845031738,0.382738322019577,True,21
2,1.532056347001344,1.1899999999999409,0.2521577426608374,0.0001260214511255625,0.0007014169426328008,0.5,0.015416087942762665,0.8683614134788513,1.3312420845031738,0.382738322019577,True,21
2,1.6534019760001684,1.2919999999999163,0.27390456896166826,0.0001378261822902721,0.0006394336288645689,0.5,0.0047298064297352175,0.8662062287330627,1.3278902769088745,0.3834351599216461,True,20
2,1.7783326700009638,1.3940000000000055,0.2956649606869889,0.00015157053026792908,0.0005509985020411852,0.5,0.002709584602306283,0.8699350953102112,1.3467930555343628,0.3877432644367218,True,20
2,1.8806741880034679,1.4279999999999973,0.3029184926034363,0.0001554487996128705,0.0005376311108808977,0.5,0.0027135102710286207,0.8699350953102112,1.3467930555343628,0.3877432644367218,True,20
2,2.001064445001248,1.495999999999981,0.31742559234708556,0.00016322138555017516,0.0005354312834848422,0.5,-0.007570572526163957,0.8658820390701294,1.315602421760559,0.3789975941181183,True,20
2,2.1220363039974472,1.5979999999999563,0.33918598008608764,0.00017317775134640883,0.0004574939411359186,0.5,-0.015447051173071245,0.859828770160675,1.2937326431274414,0.3826240599155426,True,20
2,2.224447645996406,1.6319999999999482,0.34643732475776695,0.00017755560529029966,0.00039698290588915047,0.5,-0.015449673085873453,0.859828770160675,1.2937326431274414,0.3826240599155426,False,20
2,2.3430427600033,1.6999999999999318,0.36093654678086573,0.00018356971278966954,0.0003831763349103156,0.5,-0.01488537680738473,0.8573887944221497,1.3225735425949097,0.3728972375392914,False,19
2,2.46238249399903,1.8019999999999072,0.38268856238527366,0.00019189329825375543,0.0003818831537210141,0.5,-0.010712955203946526,0.8750771284103394,1.3340328931808472,0.37997546792030334,False,20
2,2.5673159529978875,1.835999999999899,0.3899421404357092,0.0001940211691028725,0.00041237224505633437,0.5,-0.010710886858151343,0.8750771284103394,1.3340328931808472,0.37997546792030334,False,20
2,2.685987812001258,1.9039999999999964,0.4044491926413909,0.00020007435505242782,0.00041884536369332133,0.5,-0.006282631134800599,0.866909384727478,1.334080696105957,0.29633042216300964,False,21
2,2.806702572001086,2.005999999999972,0.42620973185516114,0.00020989238483859287,0.0004518828078728968,0.5,-0.006415046993673402,0.8606844544410706,1.3043142557144165,0.3135005533695221,False,20
2,2.9095350700008566,2.005999999999972,0.42620973185516114,0.00020989238483859287,0.0004518828078728968,0.5,-0.006411845381254657,0.8606844544410706,1.3055453300476074,0.3135005533695221,False,20
2,3.0300639100023545,2.1079999999999472,0.4479701657683626,0.00021964589297437243,0.00044344752179257364,0.5,-0.0076522245602285615,0.8692238926887512,1.3055453300476074,0.2882019579410553,False,19
2,3.1699743529970874,2.175999999999931,0.4624771115170316,0.00022606061505031936,0.0004420883726317769,0.5,-0.00221627313445004,0.8680839538574219,1.3346774578094482,0.3037942945957184,False,21
2,3.2919613990015932,2.2779999999999063,0.4842377419100243,0.0002365819452299879,0.0004831024943616481,0.5,0.0005574584010125448,0.8813353180885315,1.3572877645492554,0.3221273124217987,False,21
2,3.3928723389981315,2.2779999999999063,0.4842377419100243,0.0002365819452299879,0.0004831024943616481,0.5,0.0005909986584257207,0.8813353180885315,1.3572877645492554,0.3221273124217987,False,21
2,3.514888505997078,2.3799999999999955,0.5059983949126043,0.00024756845169706597,0.0005045773533991641,0.5,0.004446582318093389,0.8948060870170593,1.3739970922470093,0.40193864703178406,False,20
2,3.6386017839977285,2.481999999999971,0.5277591490463955,0.0002591917241784692,0.0005339057174396038,0.5,0.004076706670895004,0.9056419134140015,1.3472695350646973,0.38674721121788025,False,21
2,3.7394304600020405,2.481999999999971,0.5277591490463955,0.0002591917241784692,0.0005339057174396038,0.5,0.0040900768834220905,0.9056419134140015,1.3472695350646973,0.38674721121788025,False,21
2,3.861456309998175,2.5839999999999463,0.5495198318495879,0.0002707500151729218,0.0005313858572380868,0.5,0.0031751945621432422,0.8768470287322998,1.336775302886963,0.3912394940853119,False,21
2,3.983253380996757,2.685999999999922,0.5712804867170581,0.0002821531498428978,0.0005244481818564188,0.5,0.0077461625663538735,0.8972005248069763,1.3563227653503418,0.40936192870140076,False,21
2,4.08401540700288,2.685999999999922,0.5712804867170581,0.0002821531498428978,0.0005244481818564188,0.5,0.007756432098450061,0.8972005248069763,1.3563227653503418,0.40936192870140076,False,21
2,4.206228830997134,2.7879999999998972,0.5930413803171422,0.00029433780973836266,0.0005594541233235454,0.5,0.008408556218297787,0.8805023431777954,1.346821904182434,0.41166409850120544,False,21
2,4.3339862970024114,2.8899999999999864,0.6148023106970595,0.0003066232884830914,0.0005648731733230184,0.5,0.01117648057242709,0.9071728587150574,1.3742784261703491,0.4138011634349823,False,19
2,4.434887108000112,2.8899999999999864,0.6148023106970595,0.0003066232884830914,0.0005648731733230184,0.5,0.011184269985576525,0.9071728587150574,1.3742784261703491,0.4138011634349823,False,19
2,4.555884911998874,2.991999999999962,0.6365633428909214,0.0003193705709258939,0.0005862346460253921,0.5,-0.0010909992487416402,0.8587731719017029,1.282213807106018,0.401268869638443,False,21
2,4.677439020997554,3.0939999999999372,0.6583237433485695,0.00033005877698401455,0.0004936870067640056,0.5,0.003912331218447838,0.9133696556091309,1.3895353078842163,0.4116656482219696,False,20
2,4.780302017999929,3.127999999999929,0.6655773595770742,0.00033392477004258486,0.000525159331597899,0.5,0.0039426659781467855,0.9133696556091309,1.3895353078842163,0.4116656482219696,False,20
2,4.899261072001536,3.1959999999999127,0.6800845104877481,0.0003416238900512318,0.0005311075183882185,0.5,0.0055340301186579495,0.9031172394752502,1.364084005355835,0.4092194139957428,False,21
2,5.022041657997761,3.298000000000002,0.7018452622010216,0.00035345435862344833,0.0005435714640979711,0.5,0.006259214245804474,0.9107673168182373,1.398071527481079,0.40682950615882874,False,20
2,5.1250342190032825,3.3319999999999936,0.7090988502765433,0.0003574402111096514,0.0005481705731841212,0.5,0.006270223991063264,0.9107673168182373,1.398071527481079,0.40682950615882874,False,20
2,5.243690413997683,3.3999999999999773,0.7236060136013377,0.0003654090929954904,0.0005492484588285415,0.5,0.006795821819592634,0.8971072435379028,1.3573201894760132,0.40063437819480896,False,21
2,5.366603148999275,3.5019999999999527,0.7453667724591772,0.00037745047183970136,0.0005533414130334354,0.5,0.006582274741189333,0.8907498717308044,1.3500834703445435,0.39967188239097595,False,20
2,5.47169169299741,3.5359999999999445,0.752620352591386,0.0003814514312701657,0.0005521028044207547,0.5,0.006590836191808012,0.8907498717308044,1.3500834703445435,0.39967188239097595,False,20
2,5.5904725680011325,3.603999999999928,0.76712751765437,0.0003894558318742621,0.0005521291592992763,0.5,0.009016203768930984,0.9032953381538391,1.3893706798553467,0.4034450948238373,False,20
2,5.7149009209970245,3.7059999999999036,0.788888466541866,0.0004020076858596252,0.0005838983797822536,0.5,0.011048823181189988,0.9156981706619263,1.3672312498092651,0.39684662222862244,False,21
2,5.818244836002123,3.7059999999999036,0.788888466541866,0.0004020076858596252,0.0005838983797822536,0.5,0.011070127128983778,0.9156981706619263,1.3820048570632935,0.39684662222862244,False,21
2,5.938874435996695,3.8079999999999927,0.8106495112932366,0.0004148936002984885,0.0006018636367821024,0.5,0.013442448894434715,0.9211844205856323,1.3820048570632935,0.3987290561199188,False,21
2,6.081636130002153,3.8759999999999764,0.8251568905982317,0.000423663047089241,0.0006052422955816621,0.5,0.006132720667209887,0.8827667236328125,1.2749830484390259,0.3966112434864044,False,21
2,6.2061669410031755,3.977999999999952,0.8469175450119265,0.00043558553208315564,0.0005503943811427613,0.5,0.010035364040012894,0.8972154259681702,1.3612779378890991,0.38813892006874084,False,19
2,6.30727789500088,3.977999999999952,0.8469175450119265,0.00043558553208315564,0.0005503943811427613,0.5,0.010080773826151813,0.8972154259681702,1.3612779378890991,0.38813892006874084,False,19
2,6.431055772998661,4.079999999999927,0.8686785000168015,0.00044822713515603696,0.0005803477650429518,0.5,0.013546585396679864,0.932061493396759,1.4035568237304688,0.43503400683403015,False,20
2,6.5531098040009965,4.181999999999903,0.8904396154796842,0.00046121971417373205,0.0006100862088038466,0.5,0.013513418444248816,0.9327841401100159,1.4315732717514038,0.509189248085022,False,21
2,6.653927952997037,4.181999999999903,0.8904396154796842,0.00046121971417373205,0.0006100862088038466,0.5,0.013531882351357128,0.9327841401100159,1.4315732717514038,0.509189248085022,False,21
2,6.782094440997753,4.283999999999992,0.912200675483594,0.00047434973642559796,0.0006129849179256093,0.5,0.017784902577554756,0.943336009979248,1.4227735996246338,0.516181468963623,False,19
2,6.9059209159968304,4.385999999999967,0.9339505759682378,0.0004864952257745889,0.0006589369896973895,0.5,0.015703200936140183,0.9397416114807129,1.4197118282318115,0.5069330930709839,False,21
2,7.006935509001778,4.385999999999967,0.9339505759682378,0.0004864952257745889,0.0006589369896973895,0.5,0.01570689915440788,0.9397416114807129,1.4197118282318115,0.5069330930709839,False,21
2,7.134108910999203,4.487999999999943,0.9557096683445134,0.0005015839632673114,0.0006464690930847585,0.5,0.013225191823085496,0.9189815521240234,1.3809814453125,0.3907717764377594,False,21
2,7.257583735998196,4.589999999999918,0.9774705889154294,0.000515218798153123,0.0006269190918537317,0.5,0.013103429290687849,0.9080756306648254,1.3549318313598633,0.3850994408130646,False,21
2,7.358407596999314,4.589999999999918,0.9774705889154294,0.000515218798153123,0.0006269190918537317,0.5,0.013108914149971694,0.9080756306648254,1.3549318313598633,0.3850994408130646,False,21
2,7.485372340997856,4.692000000000007,0.9992315545828726,0.0005288357402948979,0.0006264456783909486,0.5,0.009647560553048128,0.9133555889129639,1.33992338180542,0.3852180540561676,False,18
2,7.6108763459997135,4.793999999999983,1.0209923323320245,0.000541815557747067,0.0005997922078055516,0.5,0.009616096030578107,0.9054399132728577,1.3582799434661865,0.31782111525535583,False,21
2,7.711751440001535,4.793999999999983,1.0209923323320245,0.000541815557747067,0.0005997922078055516,0.5,0.009621608035797143,0.9054399132728577,1.3582799434661865,0.31782111525535583,False,21
2,7.841008802999568,4.895999999999958,1.0427531582389293,0.0005548573870623898,0.0005998335450846791,0.5,0.004211215265556102,0.9002408385276794,1.325214147567749,0.3771958649158478,False,19
2,7.969259195997438,4.997999999999934,1.0645137788983106,0.0005670135666425492,0.0005593729632614343,0.5,0.004655023537070712,0.8986037373542786,1.338448166847229,0.323100745677948,False,21
2,8.07561089200317,5.031999999999925,1.0717673522385294,0.0005710951913540877,0.0005619416431842674,0.5,0.004683066422310417,0.8986037373542786,1.338448166847229,0.323100745677948,False,21
2,8.19415865100018,5.099999999999909,1.0862744927128525,0.0005792623459400253,0.0005628821542286182,0.5,0.004646301135846376,0.9234598278999329,1.346182942390442,0.31681400537490845,False,21
2,8.318581952997192,5.201999999999998,1.1080351944873217,0.0005915108395525272,0.0005628542022929661,0.5,0.0021868628562351864,0.9067184925079346,1.3318374156951904,0.3132380247116089,False,21
2,8.42461865900259,5.23599999999999,1.115288715715799,0.0005954516600237499,0.0005469299759677091,0.5,0.0021970684232128215,0.9067184925079346,1.3318374156951904,0.3132380247116089,False,21
2,8.543813616997795,5.303999999999974,1.1297957997288606,0.0006033547671932662,0.0005443728436109017,0.5,0.0046130985312396846,0.9361867308616638,1.393224835395813,0.42481693625450134,False,21
2,8.667437413001608,5.405999999999949,1.1515564764458608,0.0006154243629253559,0.0005432686774852119,0.5,0.0015769721802762796,0.9377548694610596,1.3844135999679565,0.37665924429893494,False,20
2,8.77444752700103,5.405999999999949,1.1515564764458608,0.0006154243629253559,0.0005432686774852119,0.5,0.0015590936923942198,0.9377548694610596,1.406268835067749,0.37665924429893494,False,20
2,8.896151531000214,5.5079999999999245,1.173317126022837,0.0006272765426838749,0.0005519006259549434,0.5,0.00340001274775974,0.9421839714050293,1.406268835067749,0.4333910644054413,False,21
2,9.037119141001313,5.575999999999908,1.1878242494390532,0.0006352988153120454,0.0005535780989066161,0.5,0.002516434377395998,0.9165517687797546,1.3666470050811768,0.3838181793689728,False,21
2,9.159654411996598,5.677999999999997,1.2095848934013476,0.0006471875694905429,0.0005467342676021527,0.5,0.0032370063307127156,0.9073916077613831,1.374595046043396,0.3361036777496338,False,20
2,9.260531717001868,5.677999999999997,1.2095848934013476,0.0006471875694905429,0.0005467342676021527,0.5,0.003188564173145847,0.9073916077613831,1.374595046043396,0.3361036777496338,False,20
2,9.38650787199731,5.779999999999973,1.231345579772229,0.0006591926091633937,0.0005518249220916724,0.5,0.00038615545931479844,0.880212664604187,1.3221608400344849,0.3973095118999481,False,21
2,9.510519306997594,5.881999999999948,1.253106151074923,0.0006707392757712236,0.0005307926554190528,0.5,0.0032481988488350455,0.9480507373809814,1.4118235111236572,0.5170999765396118,False,21
2,9.611302848999912,5.881999999999948,1.253106151074923,0.0006707392757712236,0.0005307926554190528,0.5,0.003223639106970585,0.9480507373809814,1.4118235111236572,0.5170999765396118,False,21
2,9.735854404003476,5.983999999999924,1.2748668689613847,0.0006827671248866174,0.0005522957306602612,0.5,0.0055711982058596074,0.9535260200500488,1.430234670639038,0.533461332321167,False,21
2,9.864536948996829,6.085999999999899,1.2966276304985056,0.0006951895521370474,0.0005702561006532575,0.5,0.009610329806244584,0.9459792375564575,1.4119991064071655,0.5144435167312622,False,21
2,9.965401241002837,6.085999999999899,1.2966276304985056,0.0006951895521370474,0.0005702561006532575,0.5,0.009598310851083694,0.9459792375564575,1.4119991064071655,0.5144435167312622,False,21
2,10.090513832998113,6.187999999999988,1.3183885067958598,0.0007082923114409782,0.0006012151387318124,0.5,0.013582062313935045,0.9508965015411377,1.419812798500061,0.5324052572250366,False,21
2,10.214660878002178,6.289999999999964,1.3401494354768928,0.0007218459307124114,0.000635207513924144,0.5,0.011175727803701737,0.9199783802032471,1.3535757064819336,0.4240347445011139,False,19
2,10.315330217999872,6.289999999999964,1.3401494354768928,0.0007218459307124114,0.000635207513924144,0.5,0.011162215302644288,0.9199783802032471,1.3535757064819336,0.4240347445011139,False,19
2,10.441028200999426,6.391999999999939,1.3619101800374214,0.0007352673360231738,0.0006178606970316703,0.5,0.014544776131553642,0.9488071203231812,1.4175465106964111,0.5274204015731812,False,21
2,10.566276272002142,6.4939999999999145,1.3836711085841027,0.0007488446088482428,0.0006498015478833953,0.5,0.01712711556213786,0.9449991583824158,1.4289404153823853,0.5302760601043701,False,21
2,10.667028850999486,6.4939999999999145,1.3836711085841027,0.0007488446088482428,0.0006498015478833953,0.5,0.017143396932412246,0.9449991583824158,1.4289404153823853,0.5302760601043701,False,21
2,10.7929879910007,6.596000000000004,1.4054270115060856,0.0007622289401039045,0.0006859919468204168,0.5,0.01567443496992329,0.9578746557235718,1.4103758335113525,0.526288628578186,False,21
2,10.914703089998511,6.697999999999979,1.4271877214596147,0.00077759584306433,0.000671640987301179,0.5,0.018810823567426586,0.9335986375808716,1.384795904159546,0.40558764338493347,False,21
2,11.023301406996325,6.731999999999971,1.4344404207750538,0.0007819992733657442,0.0007013945821313866,0.5,0.018822745166999406,0.9335986375808716,1.384795904159546,0.40558764338493347,False,21
2,11.142210188001627,6.7999999999999545,1.4489425918835834,0.0007922805002562469,0.0007153191971459843,0.5,0.014657980321562366,0.9152905344963074,1.3456655740737915,0.404708594083786,False,21
2,11.267723420998664,6.90199999999993,1.470703421512677,0.0008080137603427965,0.0006812182521285385,0.5,0.012803339066468168,0.914992094039917,1.3510472774505615,0.4114954173564911,False,19
2,11.376377845997922,6.935999999999922,1.477957028196036,0.0008128343734587716,0.0006690899762387773,0.5,0.01281199942426111,0.914992094039917,1.3510472774505615,0.4114954173564911,False,19
2,11.495558843002073,7.003999999999905,1.4924642278769285,0.0008225130350587358,0.0006672019583393613,0.5,0.012433934719148408,0.8985408544540405,1.3294464349746704,0.40535375475883484,False,19
2,11.62346327999694,7.1059999999999945,1.514225015848404,0.0008369790617760369,0.0006647468261988936,0.5,0.014057786869620342,0.9225085973739624,1.3439390659332275,0.40355488657951355,False,21
2,11.728315111999109,7.1059999999999945,1.514225015848404,0.0008369790617760369,0.0006647468261988936,0.5,0.014086852558820423,0.9225085973739624,1.2932573556900024,0.40355488657951355,False,21
2,11.849627527997654,7.20799999999997,1.535985809160317,0.0008514587798745092,0.0006478180256541184,0.5,0.009546213525420677,0.8713254332542419,1.2932573556900024,0.4066576659679413,False,20
2,11.994109070001286,7.275999999999954,1.550492993536958,0.0008607887528556497,0.0006432721695326312,0.5,0.00902475180115075,0.9161927103996277,1.3251076936721802,0.4055884778499603,False,21
2,12.12289010600216,7.377999999999929,1.5722537856252987,0.0008746949669325818,0.0006398071899861004,0.5,0.011447204122566215,0.9399319887161255,1.3645507097244263,0.3509352505207062,False,21
2,12.223662472999422,7.377999999999929,1.5722537856252987,0.0008746949669325818,0.0006398071899861004,0.5,0.011491696438310817,0.9399319887161255,1.3645507097244263,0.3509352505207062,False,21
2,12.350004913001612,7.4799999999999045,1.5940146101319879,0.0008890286456541051,0.0006589096436449567,0.5,0.010716752178159624,0.936477780342102,1.37220299243927,0.4183763563632965,False,21
2,12.472210569998424,7.581999999999994,1.6157753758578524,0.0009032293442078774,0.0006533896752497144,0.5,0.013805038922515868,0.937608540058136,1.3929165601730347,0.41398152709007263,False,21
2,12.573264853999717,7.581999999999994,1.6157753758578524,0.0009032293442078774,0.0006533896752497144,0.5,0.013832078922397788,0.937608540058136,1.3929165601730347,0.41398152709007263,False,21
2,12.6984621149968,7.683999999999969,1.63753623892163,0.0009179529236961067,0.0006772954165847707,0.5,0.012936719952088168,0.9152172803878784,1.361172080039978,0.34060046076774597,False,21
2,12.824184140998113,7.7859999999999445,1.6592970255792368,0.0009325461718591217,0.0006710205113382811,0.5,0.013078374857019008,0.9049361348152161,1.353813886642456,0.3451615869998932,False,20
2,12.925069163000444,7.7859999999999445,1.6592970255792368,0.0009325461718591217,0.0006710205113382811,0.5,0.013065665416839307,0.9049361348152161,1.353813886642456,0.3451615869998932,False,20
2,13.052093279999099,7.88799999999992,1.6810578275007355,0.0009471224861631688,0.0006727918527286556,0.5,0.01709355944127634,0.9305373430252075,1.372514247894287,0.3304983079433441,False,21
2,13.177597166999476,7.990000000000009,1.7028087363273252,0.0009610151187080977,0.0007219106122696115,0.5,0.015124208748807835,0.8985438346862793,1.3140369653701782,0.3194678723812103,False,21
2,13.278351104003377,7.990000000000009,1.7028087363273252,0.0009610151187080977,0.0007219106122696115,0.5,0.015137351729466685,0.8985438346862793,1.3140369653701782,0.3194678723812103,False,21
2,13.40680771299958,8.091999999999985,1.7245682919180143,0.0009774681342518549,0.0007101997727231366,0.5,0.010796323331377276,0.8863915801048279,1.293067455291748,0.3327789008617401,False,20
2,13.531597207998857,8.19399999999996,1.7463289765007395,0.0009921908869896527,0.0006769009637453116,0.5,0.014446045513542446,0.9379149675369263,1.3871333599090576,0.46512505412101746,False,21
2,13.632372585001576,8.19399999999996,1.7463289765007395,0.0009921908869896527,0.0006769009637453116,0.5,0.01448022393964003,0.9379149675369263,1.3871333599090576,0.46512505412101746,False,21
2,13.755854144001205,8.295999999999935,1.7680898356990074,0.0010075209268734149,0.0007048934614142514,0.5,0.015074499023945835,0.940287172794342,1.381716012954712,0.47383472323417664,False,20
2,13.88212277799903,8.39799999999991,1.789850664319318,0.0010229854476306276,0.0007140397938812325,0.5,0.01658597073351,0.927501380443573,1.3720366954803467,0.4096114933490753,False,20
2,13.982885489996988,8.39799999999991,1.789850664319318,0.0010229854476306276,0.0007140397938812325,0.5,0.016575959045591757,0.927501380443573,1.3720366954803467,0.4096114933490753,False,20
2,14.110900207997474,8.5,1.8116116770378845,0.0010390949296303418,0.0007403329543755003,0.5,0.017447335390054285,0.9297665357589722,1.3718891143798828,0.4199136197566986,False,21
2,14.23495677200117,8.601999999999975,1.8333727313037584,0.0010555248258088343,0.0007582520757431912,0.5,0.019857745010533463,0.9375580549240112,1.387927770614624,0.4747435748577118,False,19
2,14.343360840997775,8.635999999999967,1.8406248838036943,0.0010604376492092257,0.0007829072861172236,0.5,0.01982301667524071,0.9375580549240112,1.387927770614624,0.4747435748577118,False,19
2,14.46224669500225,8.70399999999995,1.8551262529796757,0.0010713049135824468,0.0007968422918516833,0.5,0.02176504306168243,0.9560863971710205,1.4098989963531494,0.5176340341567993,False,19
2,14.587148521997733,8.805999999999926,1.8768761184168443,0.001085791655146322,0.0008419873590910088,0.5,0.023171118507911734,0.9453650116920471,1.3857977390289307,0.4284106194972992,False,21
2,14.6932002609974,8.805999999999926,1.8768761184168443,0.001085791655146322,0.0008419873590910088,0.5,0.023148181988449472,0.9461091160774231,1.3857977390289307,0.4284106194972992,False,21
2,14.814505836002354,8.907999999999902,1.8986284354784542,0.0011018285212472101,0.0009005201782994379,0.5,0.02540221897038182,0.9461091160774231,1.377437949180603,0.41072097420692444,False,21
2,14.958166953998443,8.975999999999999,1.9131269053102071,0.0011160444365831436,0.0009337438185099019,0.5,0.023598652780741126,0.9203258752822876,1.3569570779800415,0.40681788325309753,False,21
2,15.08880309399683,9.077999999999975,1.9348616142835016,0.0011366725818147258,0.0009556834290630555,0.5,0.02578601481272534,0.9151017069816589,1.36231529712677,0.4084194600582123,False,21
2,15.190092867000203,9.077999999999975,1.9348616142835016,0.0011366725818147258,0.0009556834290630555,0.5,0.02578249902755699,0.9151017069816589,1.36231529712677,0.4084194600582123,False,21
2,15.314216170998407,9.17999999999995,1.9565931389022226,0.001159863359738126,0.0010106442250617164,0.5,0.024529615266518423,0.8985766172409058,1.3351269960403442,0.40049371123313904,False,21
2,15.443745563999983,9.281999999999925,1.9783237429570792,0.001180692365084578,0.0010304998065594415,0.5,0.025007636865427528,0.8942021131515503,1.3393932580947876,0.3990665376186371,False,19
2,15.544729212997481,9.281999999999925,1.9783237429570792,0.001180692365084578,0.0010304998065594415,0.5,0.02502592925895161,0.8942021131515503,1.3393932580947876,0.3990665376186371,False,19
2,15.679041379997216,9.3839999999999,2.0000544822577964,0.0012036622367651586,0.0010654283692682056,0.5,0.025410497008536714,0.9034600257873535,1.3254191875457764,0.40413209795951843,False,21
2,15.811942243002704,9.48599999999999,2.021784457201346,0.001227507604952133,0.0010999120721834651,0.5,0.024502431381300708,0.8973798155784607,1.3389688730239868,0.40494808554649353,False,21
2,15.91578877899883,9.48599999999999,2.021784457201346,0.001227507604952133,0.0010999120721834651,0.5,0.024532175739679765,0.8973798155784607,1.3389688730239868,0.40494808554649353,False,21
2,16.033847402999527,9.587999999999965,2.04351426426067,0.0012513300270470418,0.0011234829306676548,0.5,0.024596878868146075,0.9107621312141418,1.347623348236084,0.4053889811038971,False,21
2,16.13493056200241,9.587999999999965,2.04351426426067,0.0012513300270470418,0.0011234829306676548,0.5,0.022411497582725644,0.9107621312141418,1.347623348236084,0.4053889811038971,False,21
2,16.278802408996853,9.68999999999994,2.065247853961558,0.0012751854019586943,0.0011334126025134429,0.5,0.022981293828853305,0.8936190605163574,1.3247339725494385,0.4050006568431854,False,21
2,16.403860617996543,9.791999999999916,2.0869856759194225,0.0012991167512198612,0.0011593092578162734,0.5,0.022120371059226086,0.8973740339279175,1.3219525814056396,0.3984302580356598,False,20
2,16.504632543998014,9.791999999999916,2.0869856759194225,0.0012991167512198612,0.0011593092578162734,0.5,0.022144149907307915,0.8973740339279175,1.3219525814056396,0.3984302580356598,False,20
2,16.63672338500328,9.894000000000005,2.1087288699243816,0.0013226088271517356,0.001175504018173602,0.5,0.0211096130348064,0.9172145128250122,1.372246503829956,0.4127773940563202,False,20
2,16.76835959500022,9.995999999999981,2.1304732529848858,0.0013472793862326267,0.001181369216668045,0.5,0.019399080619536102,0.9120403528213501,1.350858449935913,0.4071862995624542,False,21
2,16.868737718003104,9.995999999999981,2.1304732529848858,0.0013472793862326267,0.001181369216668045,0.5,0.01938410234121657,0.9120403528213501,1.350858449935913,0.4071862995624542,False,21
2,16.994379411997215,10.097999999999956,2.152218470550085,0.0013723725929685683,0.001177547659444162,0.5,0.02009202525987156,0.9181761741638184,1.3594309091567993,0.41068515181541443,False,20
2,17.11859328099672,10.199999999999932,2.1739633842689763,0.001397565360369767,0.0011908362953270862,0.5,0.016310403811032156,0.9100955724716187,1.3333444595336914,0.3523610532283783,False,21
2,17.21944086199801,10.199999999999932,2.1739633842689763,0.001397565360369767,0.0011908362953270862,0.5,0.016294524943247225,0.9100955724716187,1.3333444595336914,0.3523610532283783,False,21
2,17.34714660300233,10.301999999999907,2.195721547646375,0.0014242789281225874,0.001166205709308679,0.5,0.013585950472179606,0.8934310078620911,1.3030073642730713,0.38267138600349426,False,19
2,17.470285379000416,10.403999999999996,2.2174823905022922,0.001449172975537499,0.001145059232336293,0.5,0.01294659417712375,0.9232359528541565,1.3637635707855225,0.3877337872982025,False,21
2,17.580322980000346,10.403999999999996,2.2174823905022922,0.001449172975537499,0.001145059232336293,0.5,0.012909843765640958,0.9232359528541565,1.377814769744873,0.3877337872982025,False,21
2,17.699162602002616,10.505999999999972,2.239243260417981,0.0014741404192363998,0.0011573108426691946,0.5,0.015475526399082973,0.930860698223114,1.377814769744873,0.4458182752132416,False,21
2,17.82495431999996,10.607999999999947,2.261003921405725,0.0014986655056513133,0.0011815693447601947,0.5,0.017375057019508974,0.9189110994338989,1.3543744087219238,0.35334160923957825,False,21
2,17.935117278997495,10.641999999999939,2.2682562375933504,0.0015071873751512585,0.0011891335535268732,0.5,0.017364971984700737,0.9189110994338989,1.3543744087219238,0.35334160923957825,False,21
2,18.069474987998547,10.67599999999993,2.2755087339584166,0.0015158661622229888,0.0011932317272364823,0.5,0.016442821713007292,0.9229224324226379,1.3724499940872192,0.4348946511745453,False,21
2,18.197526668998762,10.777999999999906,2.2972688525528224,0.001542288988966977,0.001185224483647756,0.5,0.014985342478743047,0.8895646333694458,1.3369030952453613,0.33861812949180603,False,21
2,18.323871052998584,10.879999999999995,2.319029790241967,0.0015678478877278604,0.0011743175408887622,0.5,0.014366260919342498,0.8833977580070496,1.3276135921478271,0.3400462567806244,False,21
2,18.424669599997287,10.879999999999995,2.319029790241967,0.0015678478877278604,0.0011743175408887622,0.5,0.014358621643555475,0.8833977580070496,1.3276135921478271,0.3400462567806244,False,21
2,18.549080908996984,10.981999999999971,2.340790645247392,0.0015932934751049246,0.001169855834625891,0.5,0.013116845169237671,0.8948789238929749,1.3326419591903687,0.339278906583786,False,20
2,18.679831713998283,11.083999999999946,2.3625514056254633,0.0016185458907216348,0.0011607057529502362,0.5,0.012085233234483541,0.8999522924423218,1.3494470119476318,0.4007546603679657,False,21
2,18.780832393997116,11.083999999999946,2.3625514056254633,0.0016185458907216348,0.0011607057529502362,0.5,0.012051850161778312,0.8999522924423218,1.3494470119476318,0.4007546603679657,False,21
2,18.905495708997478,11.185999999999922,2.384312160121678,0.001643628968413407,0.0011529500795197125,0.5,0.010735760478167615,0.8912842869758606,1.3431016206741333,0.3503310978412628,False,21
2,19.033639713998127,11.287999999999897,2.4060729007955657,0.0016684991868810464,0.0011432910369378667,0.5,0.010018642022778584,0.9017975330352783,1.3354685306549072,0.40489670634269714,False,21
2,19.134817548001593,11.287999999999897,2.4060729007955657,0.0016684991868810464,0.0011432910369378667,0.5,0.009970964549216456,0.9017975330352783,1.3354685306549072,0.40489670634269714,False,21
2,19.261970815001405,11.389999999999986,2.4278336463400167,0.0016932502684428522,0.0011377599235315077,0.5,0.011718564076942566,0.9058104753494263,1.3526414632797241,0.3997516334056854,False,21
2,19.392644061998,11.491999999999962,2.4495944525087534,0.0017182998564637514,0.0011514154405072097,0.5,0.014748510382460693,0.9193487763404846,1.3833867311477661,0.4252414405345917,False,20
2,19.493612888996722,11.491999999999962,2.4495944525087534,0.0017182998564637514,0.0011514154405072097,0.5,0.014744549508092964,0.9193487763404846,1.3833867311477661,0.4252414405345917,False,20
2,19.621227012998133,11.593999999999937,2.471355318010106,0.001743617402791766,0.0011786129924116705,0.5,0.016804220275481372,0.8887342810630798,1.3453683853149414,0.40062281489372253,False,21
2,19.74996836599894,11.695999999999913,2.4931133773844474,0.0017693232599964182,0.0012192479920716585,0.5,0.018429458877516756,0.9249479174613953,1.3738152980804443,0.4243262708187103,False,20
2,19.850808064002194,11.695999999999913,2.4931133773844474,0.0017693232599964182,0.0012192479920716585,0.5,0.018447331854004507,0.9249479174613953,1.3738152980804443,0.4243262708187103,False,20
2,19.980804168997565,11.798000000000002,2.5148665946602415,0.0017961371901899445,0.0012427171925681302,0.5,0.01910512496455125,0.9017239809036255,1.339517593383789,0.40758344531059265,False,21
2,20.108533541002544,11.899999999999977,2.5366194344167217,0.001822954358341751,0.0012585719242976315,0.5,0.020103616158104045,0.9288657307624817,1.3825286626815796,0.4261251389980316,False,20
2,20.214791008998873,11.933999999999969,2.543869451825137,0.001831423939515797,0.0012702094277721536,0.5,0.020135611901675714,0.9288657307624817,1.3825286626815796,0.4261251389980316,False,20
2,20.332644212998275,12.001999999999953,2.5583665717331154,0.001848774052296205,0.0012839334798566298,0.5,0.018084536177209128,0.9225789308547974,1.3771482706069946,0.4327544867992401,False,21
2,20.462177706001967,12.103999999999928,2.5801186026657836,0.0018768800911610076,0.001279819193818345,0.5,0.019481447371220255,0.9122238159179688,1.368489384651184,0.3963814675807953,False,21
2,20.573064479001914,12.103999999999928,2.5801186026657836,0.0018768800911610076,0.001279819193818345,0.5,0.01949973686713583,0.8984222412109375,1.368489384651184,0.3963814675807953,False,21
2,20.692460247999406,12.205999999999904,2.601873509979743,0.001905485278434095,0.0012778971208939325,0.5,0.01616255596155712,0.8984222412109375,1.312996506690979,0.3905106484889984,False,21
2,20.837881168998138,12.274000000000001,2.616380804672377,0.0019239725802567378,0.001273204924165596,0.5,0.005538061761504494,0.8778183460235596,1.305099368095398,0.3865914046764374,False,18
2,20.96494731999701,12.375999999999976,2.638141356561378,0.0019498474717456725,0.0011924519256013059,0.5,0.00554924547523035,0.8823111653327942,1.3454341888427734,0.3910611569881439,False,21
2,21.0897507280024,12.409999999999968,2.645394927590953,0.001958493121378356,0.0011922053692667326,0.5,0.009753437497965164,0.8823111653327942,1.3454341888427734,0.3910611569881439,False,21
2,21.19348237200029,12.477999999999952,2.6599021969655685,0.0019762705268959843,0.0012235655047389154,0.5,0.011192679502552195,0.9041326642036438,1.3599894046783447,0.3880814015865326,False,20
2,21.324116185001913,12.579999999999927,2.6816630100791374,0.0020031785408580523,0.001235864222353868,0.5,0.011546256489261999,0.8989993333816528,1.340553641319275,0.38018009066581726,False,21
2,21.425228863001394,12.579999999999927,2.6816630100791374,0.0020031785408580523,0.001235864222353868,0.5,0.011568582643510844,0.8989993333816528,1.340553641319275,0.38018009066581726,False,21
2,21.552471616996627,12.681999999999903,2.7034237934784127,0.0020301449349498938,0.0012392325183537985,0.5,0.011832986013984836,0.9138197898864746,1.3301960229873657,0.38437148928642273,False,21
2,21.67684446399653,12.783999999999992,2.7251845718549736,0.0020571647103306734,0.0012416923460064567,0.5,0.011605296059704201,0.9121130704879761,1.346122145652771,0.3305273950099945,False,20
2,21.777615300001344,12.783999999999992,2.7251845718549736,0.0020571647103306734,0.0012416923460064567,0.5,0.011640619852165622,0.9121130704879761,1.346122145652771,0.3305273950099945,False,20
2,21.902257670997642,12.885999999999967,2.746945336834863,0.0020841585531054018,0.0012406868352648995,0.5,0.011973147678875161,0.9239614605903625,1.3827943801879883,0.45382294058799744,False,21
2,22.028491737997683,12.987999999999943,2.7687061127211656,0.0021112097223129453,0.0012435987674774822,0.5,0.00854872381486278,0.8882527947425842,1.330040693283081,0.3167923390865326,False,21
2,22.129354978002084,12.987999999999943,2.7687061127211656,0.0021112097223129453,0.0012435987674774822,0.5,0.00856146790627087,0.8882527947425842,1.330040693283081,0.3167923390865326,False,21
2,22.254838636996283,13.089999999999918,2.790466825947784,0.0021376888208004007,0.0012179212413385234,0.5,0.011655622509741323,0.9107040166854858,1.3569058179855347,0.29844287037849426,False,21
2,22.379871969002124,13.192000000000007,2.812227649618989,0.002164702031753374,0.0012416026429198127,0.5,0.00953839901157441,0.8921611309051514,1.3550649881362915,0.3126509487628937,False,21
2,22.480701920001593,13.192000000000007,2.812227649618989,0.002164702031753374,0.0012416026429198127,0.5,0.009538349592803409,0.8921611309051514,1.3550649881362915,0.3126509487628937,False,21
2,22.608129159998498,13.293999999999983,2.833988369382786,0.002191366155686013,0.0012260178902716327,0.5,0.004520579286273871,0.8899052739143372,1.319557785987854,0.31167757511138916,False,19
2,22.737679598001705,13.395999999999958,2.8557489889443852,0.002217170723510113,0.0011878863958533895,0.5,0.0044495300814647795,0.8996427655220032,1.3727450370788574,0.3164992332458496,False,20
2,22.83821598200302,13.395999999999958,2.8557489889443852,0.002217170723510113,0.0011878863958533895,0.5,0.00442091292950004,0.8996427655220032,1.3727450370788574,0.3164992332458496,False,20
2,22.967329535000317,13.497999999999934,2.8775096772980477,0.0022430027298320663,0.001186971733088223,0.5,0.006297388231951121,0.9188573956489563,1.3760435581207275,0.3141566812992096,False,21
2,23.095737623996683,13.599999999999909,2.8992704355340893,0.0022691591828230243,0.001201296080799093,0.5,0.0074594582509092955,0.905951976776123,1.3475360870361328,0.31810590624809265,False,21
2,23.196686269002385,13.599999999999909,2.8992704355340893,0.0022691591828230243,0.001201296080799093,0.5,0.007413970364097985,0.905951976776123,1.3475360870361328,0.31810590624809265,False,21
2,23.325470003997907,13.701999999999998,2.9210312067885114,0.002295522368457223,0.0012101802257885224,0.5,0.009026660602122101,0.9229716062545776,1.3616334199905396,0.4450072944164276,False,21
2,23.45439812800032,13.803999999999974,2.9427919712042754,0.002322154517303034,0.0012228203077037716,0.5,0.011411870147466805,0.9273989796638489,1.3951107263565063,0.46564021706581116,False,21
2,23.56767080999998,13.803999999999974,2.9427919712042754,0.002322154517303034,0.0012228203077037716,0.5,0.01135696687794962,0.9273989796638489,1.384994387626648,0.46564021706581116,False,21
2,23.686786313002813,13.905999999999949,2.964552767330658,0.002349160323790515,0.001240795790297341,0.5,0.01572727577882637,0.9241371154785156,1.384994387626648,0.405579537153244,False,21
2,23.81426661399746,14.007999999999925,2.9863042680620255,0.0023758964328629054,0.0013169107953059456,0.5,0.0187958836342606,0.9418971538543701,1.4087026119232178,0.49733325839042664,False,19
2,23.925850394996814,14.041999999999916,2.9935528768961457,0.0023855777649102253,0.001327749399523985,0.5,0.01876856871425565,0.9418971538543701,1.4087026119232178,0.49733325839042664,False,19
2,24.0607729809999,14.075999999999908,3.0008014316675298,0.0023948572050892384,0.0013297265378641734,0.5,0.021345013507373323,0.9437177777290344,1.4103907346725464,0.510352373123169,False,21
2,24.18780382499972,14.177999999999997,3.0225462943970722,0.0024237140776096648,0.0013686080539129296,0.5,0.020479799767148813,0.9048548936843872,1.3443456888198853,0.39205917716026306,False,21
2,24.316689503000816,14.279999999999973,3.0442909456931093,0.0024529752688253054,0.001376389489755143,0.5,0.018709198803355195,0.9010496735572815,1.338171124458313,0.38838431239128113,False,21
2,24.417639630002668,14.279999999999973,3.0442909456931093,0.0024529752688253054,0.001376389489755143,0.5,0.018732993214407932,0.9010496735572815,1.338171124458313,0.38838431239128113,False,21
2,24.54592308899737,14.381999999999948,3.066040177416632,0.002482951603289102,0.001373343707543709,0.5,0.018717015946195292,0.8900972008705139,1.3556363582611084,0.38691362738609314,False,21
2,24.67094122600247,14.483999999999924,3.0877941736397108,0.0025128576635315937,0.0013824364876185657,0.5,0.02028404134843013,0.907577395439148,1.37405264377594,0.38222745060920715,False,21
2,24.771955146003165,14.483999999999924,3.0877941736397108,0.0025128576635315937,0.0013824364876185657,0.5,0.020319329373724916,0.907577395439148,1.37405264377594,0.38222745060920715,False,21
2,24.898734032001812,14.585999999999899,3.1095421227863853,0.002541290686914327,0.0014120261362126263,0.5,0.022517906706327744,0.8940941095352173,1.3523696660995483,0.38611146807670593,False,20
2,25.028082302997063,14.687999999999988,3.1312936505496665,0.002569450938149683,0.0014617595221312477,0.5,0.02108453319753034,0.8874950408935547,1.3478219509124756,0.3864692151546478,False,21
2,25.128852112997265,14.687999999999988,3.1312936505496665,0.002569450938149683,0.0014617595221312477,0.5,0.02114306052555149,0.8874950408935547,1.3478219509124756,0.3864692151546478,False,21
2,25.253644208998594,14.789999999999964,3.153038494115761,0.002601157973560622,0.0014709465858377014,0.5,0.01876092477889632,0.8952969312667847,1.3340609073638916,0.3878081738948822,False,20
2,25.38229767500161,14.891999999999939,3.174784159751231,0.002632506269278925,0.001462767811656959,0.5,0.014325675057617164,0.9000571370124817,1.3570520877838135,0.3879919946193695,False,21
2,25.483047652000096,14.891999999999939,3.174784159751231,0.002632506269278925,0.001462767811656959,0.5,0.014353467905951777,0.9000571370124817,1.3570520877838135,0.3879919946193695,False,21
2,25.612772107997444,14.993999999999915,3.196543834097677,0.002665110306910475,0.001428553118600026,0.5,0.017384401444000486,0.8952364325523376,1.3560353517532349,0.39002904295921326,False,21
2,25.74075700600224,15.096000000000004,3.2183015557778187,0.0026956050115903895,0.0014656351607235168,0.5,0.019152552172707737,0.9211888313293457,1.3687876462936401,0.39141228795051575,False,19
2,25.840932243998395,15.096000000000004,3.2183015557778187,0.0026956050115903895,0.0014656351607235168,0.5,0.01918954922266432,0.9211888313293457,1.3687876462936401,0.39141228795051575,False,19
2,25.96702928799641,15.197999999999979,3.240054653802706,0.002727684962852948,0.0014910800268794688,0.5,0.019340818106366123,0.9025202393531799,1.3336431980133057,0.37732288241386414,False,20
2,26.094796058998327,15.299999999999955,3.26180796628615,0.0027597934898819,0.0015042346765622642,0.5,0.020616663292799115,0.898451030254364,1.354806900024414,0.3900708854198456,False,21
2,26.204619267999078,15.333999999999946,3.2690578841544022,0.002769841348750024,0.0015180728606215869,0.5,0.020658126533594137,0.898451030254364,1.354806900024414,0.3900708854198456,False,21
2,26.323451308002404,15.40199999999993,3.2835546178126793,0.0027907048778362353,0.0015342717629280094,0.5,0.021362087975762816,0.9027608036994934,1.3721121549606323,0.39529141783714294,False,21
2,26.453114101997926,15.503999999999905,3.3052990353427902,0.002822845163978544,0.0015647929419299138,0.5,0.02162188510061249,0.9046754240989685,1.3685306310653687,0.38531431555747986,False,21
2,26.563068329996895,15.537999999999897,3.3125471303578853,0.0028337232280725875,0.0015743491594042722,0.5,0.021663854230951837,0.9046754240989685,1.3685306310653687,0.38531431555747986,False,21
2,26.682106211002974,15.605999999999995,3.3270432901846925,0.0028556948652873385,0.001590970325604606,0.5,0.02204661755590521,0.941430926322937,1.3985350131988525,0.4988436996936798,False,20
2,26.807596519996878,15.70799999999997,3.348787349785182,0.002888984061997533,0.0016185166717729352,0.5,0.022168700723110966,0.9404985308647156,1.398514986038208,0.49827632308006287,False,20
2,26.9166859629986,15.70799999999997,3.348787349785182,0.002888984061997533,0.0016185166717729352,0.5,0.02221210317006539,0.9404985308647156,1.3438397645950317,0.49827632308006287,False,20
2,27.054927231001784,15.775999999999954,3.363283368771494,0.002911317800989801,0.0016329777576331852,0.5,0.02147337410077721,0.8978524804115295,1.3438397645950317,0.3855534493923187,False,21
2,27.181225464002637,15.877999999999929,3.3850276009785563,0.002945902717886963,0.0016431546312785335,0.5,0.020967832107202936,0.9038171172142029,1.3504689931869507,0.31984448432922363,False,20
2,27.309039380001195,15.979999999999905,3.406772010137472,0.0029810665952442186,0.001652756705226446,0.5,0.018430138522678354,0.8905911445617676,1.310653805732727,0.3213685154914856,False,21
2,27.410114509002597,15.979999999999905,3.406772010137472,0.0029810665952442186,0.001652756705226446,0.5,0.018476360970626004,0.8905911445617676,1.310653805732727,0.3213685154914856,False,21
2,27.53786206299992,16.081999999999994,3.428518256199393,0.003016532928668512,0.0016433335375066393,0.5,0.01924416758375169,0.9134079813957214,1.3378568887710571,0.32647940516471863,False,21
2,27.6674103309997,16.18399999999997,3.450266197704568,0.0030522958690306816,0.0016580511939554776,0.5,0.019375688103429194,0.9021793603897095,1.349615454673767,0.31297338008880615,False,21
2,27.76876866800012,16.18399999999997,3.450266197704568,0.0030522958690306816,0.0016580511939554776,0.5,0.01942240738211324,0.9021793603897095,1.349615454673767,0.31297338008880615,False,21
2,27.89703541700146,16.285999999999945,3.4720167674964255,0.0030883373563506005,0.0016714164696083453,0.5,0.019958146994925922,0.9218633770942688,1.3714579343795776,0.31672272086143494,False,21
2,28.027900467997824,16.38799999999992,3.4937658884109846,0.003123692546273965,0.0016892321770341136,0.5,0.020391674851846578,0.9053958654403687,1.3616470098495483,0.3192593455314636,False,21
2,28.12868256799993,16.38799999999992,3.4937658884109846,0.003123692546273965,0.0016892321770341136,0.5,0.020437216661798336,0.9053958654403687,1.3616470098495483,0.3192593455314636,False,21
2,28.25622167000256,16.49000000000001,3.5155111230195435,0.0031592501184208575,0.0017111973381727685,0.5,0.020858157923864536,0.9399786591529846,1.409839391708374,0.5038830041885376,False,21
2,28.384420080998098,16.591999999999985,3.5372557740513955,0.0031954693081095845,0.0017355759070350112,0.5,0.01607335901165482,0.9128984808921814,1.3761496543884277,0.38067612051963806,False,21
2,28.485284775000764,16.591999999999985,3.5372557740513955,0.0031954693081095845,0.0017355759070350112,0.5,0.016036678196175495,0.9128984808921814,1.3761496543884277,0.38067612051963806,False,21
2,28.613226866997138,16.69399999999996,3.5590104017848057,0.0032332222974298785,0.001712809395591107,0.5,0.016483196854826288,0.9273116588592529,1.3925087451934814,0.3869118392467499,False,19
2,28.742311672998767,16.795999999999935,3.580770288819334,0.0032708059775915965,0.0017157505377305702,0.5,0.0179104375559167,0.9115066528320312,1.37349534034729,0.3926399052143097,False,21
2,28.84312513199984,16.795999999999935,3.580770288819334,0.0032708059775915965,0.0017157505377305702,0.5,0.01789342138404655,0.9115066528320312,1.37349534034729,0.3926399052143097,False,21
2,28.9705436669974,16.89799999999991,3.6025311917176173,0.003308294577467885,0.0017334779623009373,0.5,0.019442385829280383,0.9226918816566467,1.3833558559417725,0.39843299984931946,False,21
2,29.093741404998582,17.0,3.6242873739012413,0.0033452880384281145,0.0017643770657550758,0.5,0.021553104764585013,0.9213649034500122,1.3832051753997803,0.3960844576358795,False,21
2,29.20046935100254,17.033999999999992,3.631537458379681,0.003355899675680433,0.0017891330538897761,0.5,0.021560877402702048,0.9213649034500122,1.3832051753997803,0.3960844576358795,False,21
2,29.31927252499736,17.101999999999975,3.6460375988742015,0.003380669895513744,0.001811194722031719,0.5,0.02230594270133494,0.9191781878471375,1.3763844966888428,0.40549466013908386,False,19
2,29.447257371000887,17.20399999999995,3.667786611890294,0.00341872804611413,0.001873786673455213,0.5,0.02582670766411994,0.939653754234314,1.407500982284546,0.494464248418808,False,21
2,29.548240960997646,17.20399999999995,3.667786611890294,0.00341872804611413,0.001873786673455213,0.5,0.0258333847200737,0.939653754234314,1.407500982284546,0.494464248418808,False,21
2,29.69305372099916,17.305999999999926,3.689521159476694,0.003463741374482617,0.0019315461349546316,0.5,0.028033977706950895,0.9299193024635315,1.3978031873703003,0.4067247211933136,False,21
2,29.81944725500216,17.4079999999999,3.7112480531009036,0.0035067268758342558,0.0020156444845128114,0.5,0.030518894864674254,0.9295474290847778,1.3934879302978516,0.49846646189689636,False,21
2,29.924492081001517,17.4079999999999,3.7112480531009036,0.0035067268758342558,0.0020156444845128114,0.5,0.030534811383632,0.9491851329803467,1.3934879302978516,0.49846646189689636,False,21
2,30.06578101299965,17.476,3.7257344352971904,0.0035364255485573646,0.0020596205556264982,0.5,0.028510609798769355,0.9491851329803467,1.4122565984725952,0.5019949674606323,False,20
2,30.19072183300159,17.577999999999975,3.7474584842716854,0.003580570711431409,0.002073886729291356,0.5,0.027528918260440922,0.9389350414276123,1.3963892459869385,0.4934101998806,False,21
2,30.318263624001702,17.67999999999995,3.7691825032289525,0.0036252612055023077,0.002096869118555629,0.5,0.02839391063683265,0.9404587745666504,1.3979547023773193,0.44711312651634216,False,20
2,30.41927374000079,17.67999999999995,3.7691825032289525,0.0036252612055023077,0.002096869118555629,0.5,0.028391007529193286,0.9404587745666504,1.3979547023773193,0.44711312651634216,False,20
2,30.546041913999943,17.781999999999925,3.7909073070768278,0.0036717060459570336,0.002139298932991356,0.5,0.02856569103224716,0.9278627038002014,1.3635672330856323,0.3799646198749542,False,21
2,30.673175212999922,17.8839999999999,3.81263188839993,0.003719017747002467,0.0021794146692557313,0.5,0.02841154099735599,0.9349086284637451,1.3662118911743164,0.3327968418598175,False,21
2,30.7739286740034,17.8839999999999,3.81263188839993,0.003719017747002467,0.0021794146692557313,0.5,0.028425482378628488,0.9349086284637451,1.3662118911743164,0.3327968418598175,False,21
2,30.901454952996573,17.98599999999999,3.8343559924619095,0.003767043718187942,0.002216506797175762,0.5,0.028928311810339155,0.9161354303359985,1.3438175916671753,0.3089091181755066,False,19
2,31.030273764001322,18.087999999999965,3.856080342078704,0.003816196299139864,0.0022588705248098593,0.5,0.027726668796264106,0.9064847826957703,1.3214519023895264,0.30421730875968933,False,21
2,31.131063100001484,18.087999999999965,3.856080342078704,0.003816196299139864,0.0022588705248098593,0.5,0.027750801045064038,0.9064847826957703,1.3214519023895264,0.30421730875968933,False,21
2,31.25687748999917,18.18999999999994,3.87780402191427,0.0038652197307249966,0.002283934346144645,0.5,0.027783683636773505,0.9236974120140076,1.3493130207061768,0.30611902475357056,False,20
2,31.3861502189975,18.291999999999916,3.899528441278666,0.003915156892265171,0.0023159143875201406,0.5,0.026692816196668644,0.9199991822242737,1.336897373199463,0.3111840784549713,False,20
2,31.48698778400285,18.291999999999916,3.899528441278666,0.003915156892265171,0.0023159143875201406,0.5,0.026724458569424604,0.9199991822242737,1.336897373199463,0.3111840784549713,False,20
2,31.614948230002483,18.394000000000005,3.921254290872325,0.00396506009017316,0.002340720388701704,0.5,0.02685610063199508,0.9339988231658936,1.3712339401245117,0.30885711312294006,False,19
2,31.741224331999547,18.49599999999998,3.942982054154712,0.004016159856831356,0.0023724922686316377,0.5,0.022454632475550098,0.913354754447937,1.324358582496643,0.3752341568470001,False,21
2,31.841877075996308,18.49599999999998,3.942982054154712,0.004016159856831356,0.0023724922686316377,0.5,0.022459737269140134,0.913354754447937,1.324358582496643,0.3752341568470001,False,21
2,31.968109460998676,18.597999999999956,3.9647159239130727,0.004066414198950525,0.0023704076551933836,0.5,0.019631901387015222,0.9265694618225098,1.3789132833480835,0.388192743062973,False,18
2,32.09770563500206,18.699999999999932,3.9864605905276775,0.00411642547555755,0.002360733711608533,0.5,0.021867551883549725,0.9459648132324219,1.3799751996994019,0.31144073605537415,False,21
2,32.1984619299983,18.699999999999932,3.9864605905276775,0.00411642547555755,0.002360733711608533,0.5,0.021818261322758326,0.9459648132324219,1.3799751996994019,0.31144073605537415,False,21
2,32.33037496200268,18.801999999999907,4.008204750236573,0.004167004108304525,0.002393284498340628,0.5,0.023420063675784763,0.9336041212081909,1.3782469034194946,0.4259204566478729,False,19
2,32.457862019997265,18.903999999999996,4.029952381722986,0.004218305334900887,0.002440591502527396,0.5,0.026107254334437724,0.9443982243537903,1.3820769786834717,0.4212915003299713,False,21
2,32.56435826300003,18.903999999999996,4.029952381722986,0.004218305334900887,0.002440591502527396,0.5,0.026067335763197714,0.9560133814811707,1.3820769786834717,0.4212915003299713,False,21
2,32.685775035002735,19.005999999999972,4.05168283466542,0.004276117239093875,0.0025193110824903333,0.5,0.02749025978156837,0.9560133814811707,1.396472454071045,0.5220234394073486,False,21
2,32.81178584200097,19.107999999999947,4.073406937961844,0.004332130426508242,0.00257241718605102,0.5,0.028433359562416372,0.9451028108596802,1.3809034824371338,0.4764367640018463,False,21
2,32.91278193800099,19.107999999999947,4.073406937961844,0.004332130426508242,0.00257241718605102,0.5,0.02842253591640445,0.9451028108596802,1.3737709522247314,0.4764367640018463,False,21
2,33.05485681199934,19.17599999999993,4.087889622100748,0.004369763335768257,0.002601979530232949,0.5,0.029067479512903435,0.9427325129508972,1.3737709522247314,0.44927743077278137,False,20
2,33.18299084300088,19.277999999999906,4.10961385854393,0.004427087131756703,0.002650125683505518,0.5,0.029170339906583524,0.9474382996559143,1.3812628984451294,0.43152591586112976,False,20
2,33.3102137149981,19.379999999999995,4.131338749120913,0.00448440366346027,0.0026850612675431034,0.5,0.029729095714584895,0.947716474533081,1.3936619758605957,0.5188477039337158,False,20
2,33.41138109500025,19.379999999999995,4.131338749120913,0.00448440366346027,0.0026850612675431034,0.5,0.02974779604820939,0.947716474533081,1.3936619758605957,0.5188477039337158,False,20
2,33.53802402900328,19.48199999999997,4.1530639438983,0.00454328560465109,0.002732093102329723,0.5,0.027349591187619912,0.941482663154602,1.3822746276855469,0.4974505603313446,False,21
2,33.664983711001696,19.583999999999946,4.174787713096437,0.004601824349529983,0.0027464137860787677,0.5,0.028111414252276715,0.9259467124938965,1.3540685176849365,0.40535804629325867,False,21
2,33.76585100500233,19.583999999999946,4.174787713096437,0.004601824349529983,0.0027464137860787677,0.5,0.02811780477779541,0.9259467124938965,1.3540685176849365,0.40535804629325867,False,21
2,33.89513525900111,19.685999999999922,4.196512297242849,0.0046622019430010726,0.002786273477035731,0.5,0.028749650977346705,0.9650017619132996,1.3876798152923584,0.5225009918212891,False,21
2,34.02317058100016,19.787999999999897,4.218237104841441,0.004723771361962246,0.0028298877552919116,0.5,0.02645374998012917,0.9600669145584106,1.385803461074829,0.5182334184646606,False,21
2,34.123941855999874,19.787999999999897,4.218237104841441,0.004723771361962246,0.0028298877552919116,0.5,0.026440318355588143,0.9600669145584106,1.385803461074829,0.5182334184646606,False,21
2,34.24978968699725,19.889999999999986,4.2399596862024085,0.004784618393813379,0.0028478956178423142,0.5,0.02560548125437899,0.9540781378746033,1.3928067684173584,0.5055279731750488,False,21
2,34.37622162300249,19.991999999999962,4.261684796952927,0.004846333472221641,0.002871977803035716,0.5,0.01483482908865536,0.8831227421760559,1.3109028339385986,0.4021929204463959,False,19
2,34.47717757999635,19.991999999999962,4.261684796952927,0.004846333472221641,0.002871977803035716,0.5,0.01479277577854545,0.8831227421760559,1.3109028339385986,0.4021929204463959,False,19
2,34.60563816699869,20.093999999999937,4.283432675672515,0.004905683281825265,0.002809313900378419,0.5,0.01689591539368714,0.8791356682777405,1.3409833908081055,0.3995620310306549,False,21
2,34.731526518000464,20.195999999999913,4.305180071551725,0.004966533106316674,0.002832762567313174,0.5,0.020498052532896913,0.8981921076774597,1.3204835653305054,0.4000576436519623,False,19
2,34.83215352099796,20.195999999999913,4.305180071551725,0.004966533106316674,0.002832762567313174,0.5,0.020472619473877816,0.8981921076774597,1.3204835653305054,0.4000576436519623,False,19
2,34.95884074600326,20.298000000000002,4.326924798917268,0.0050283367313120495,0.0028715073562180097,0.5,0.019493651788564364,0.8977000117301941,1.3263088464736938,0.39956435561180115,False,21
2,35.08260575700115,20.399999999999977,4.348669872417779,0.005090307513371048,0.0028721803210690067,0.5,0.023644669617278884,0.9492881298065186,1.3907053470611572,0.5236223936080933,False,21
2,35.19169825300196,20.43399999999997,4.3559207318787525,0.005108968118971023,0.0029076645367972394,0.5,0.023626189010815847,0.9492881298065186,1.3907053470611572,0.5236223936080933,False,21
2,35.3106064800013,20.501999999999953,4.370425302491993,0.005149735904986601,0.002934220030390645,0.5,0.026393594208553438,0.940658688545227,1.3832403421401978,0.5214815139770508,False,21
2,35.44121367899788,20.603999999999928,4.392176505361815,0.005214582917863001,0.003013344457792611,0.5,0.02799934437934999,0.9182583093643188,1.3690900802612305,0.4594152867794037,False,20
2,35.55170633899979,20.63799999999992,4.3994222238976315,0.005238108023201593,0.0030359503017332395,0.5,0.027985624460787926,0.9182583093643188,1.3690900802612305,0.4594152867794037,False,20
2,35.67005640800198,20.705999999999904,4.413906233293612,0.005283998135293593,0.003071700370519249,0.5,0.026559323726016666,0.892575740814209,1.301938533782959,0.39310595393180847,False,20
2,35.797866412001895,20.807999999999993,4.435629997445954,0.005349817984762074,0.0030904434961688838,0.5,0.02673194174452657,0.9047924876213074,1.3451694250106812,0.4229283034801483,False,20
2,35.90165067699854,20.807999999999993,4.435629997445954,0.005349817984762074,0.0030904434961688838,0.5,0.026748038768220503,0.9047924876213074,1.3536427021026611,0.4229283034801483,False,20
2,36.041642957003205,20.875999999999976,4.450113289982343,0.005394780552395973,0.00311283198767425,0.5,0.023965494196440455,0.9329268932342529,1.3536427021026611,0.39217129349708557,False,20
2,36.17083683700184,20.977999999999952,4.471842533861002,0.005461333078151113,0.003120082584645108,0.5,0.024610447502661215,0.9307544231414795,1.345665693283081,0.38763007521629333,False,21
2,36.29895626499638,21.079999999999927,4.493573072669177,0.005529585046420153,0.003152380920031679,0.5,0.025401842198473506,0.9296156764030457,1.3287618160247803,0.3342646658420563,False,20
2,36.39983213999949,21.079999999999927,4.493573072669177,0.005529585046420153,0.003152380920031679,0.5,0.025412098422054545,0.9296156764030457,1.3287618160247803,0.3342646658420563,False,20
2,36.52813771399815,21.181999999999903,4.515304125513847,0.005598563572706755,0.0031892095433917007,0.5,0.024946420533921123,0.9172004461288452,1.3201653957366943,0.33443683385849,False,19
2,36.65591801900155,21.283999999999992,4.537036106638473,0.005667585136240435,0.0032154968114867103,0.5,0.02560865324029951,0.9311470985412598,1.3279101848602295,0.3283967673778534,False,21
2,36.756854031998955,21.283999999999992,4.537036106638473,0.005667585136240435,0.0032154968114867103,0.5,0.02562949657494171,0.9311470985412598,1.3279101848602295,0.3283967673778534,False,21
2,36.88302465699962,21.385999999999967,4.558768182376798,0.005737754175118086,0.0032544011552447204,0.5,0.025673030330567444,0.9186822772026062,1.317723035812378,0.3247316777706146,False,21
2,37.006964795000385,21.487999999999943,4.58049966792986,0.005808765728778958,0.0032874112383908553,0.5,0.026233109518865576,0.9397265911102295,1.348671555519104,0.4496191442012787,False,21
2,37.10778968100203,21.487999999999943,4.58049966792986,0.005808765728778958,0.0032874112383908553,0.5,0.026258798569292464,0.9397265911102295,1.348671555519104,0.4496191442012787,False,21
2,37.23513001399988,21.589999999999918,4.602229354960864,0.005880788664687855,0.003325113064487783,0.5,0.023631054778345487,0.9392150640487671,1.3550539016723633,0.4350613057613373,False,21
2,37.362262205999286,21.692000000000007,4.623961119789413,0.00595190382617314,0.003334625760186879,0.5,0.022461430175190217,0.9321507215499878,1.3325241804122925,0.33273282647132874,False,21
2,37.46304000300006,21.692000000000007,4.623961119789413,0.00595190382617314,0.003334625760186879,0.5,0.022441166461001555,0.9321507215499878,1.3325241804122925,0.33273282647132874,False,21
2,37.589914969001256,21.793999999999983,4.645699188671733,0.00602331538234761,0.003345435019923191,0.5,0.022171895277595378,0.9216232299804688,1.3624098300933838,0.4868963658809662,False,21
2,37.718847301002825,21.895999999999958,4.667442580478283,0.006094803292693557,0.003362878763353901,0.5,0.02173408385503336,0.9162483215332031,1.3395618200302124,0.38630160689353943,False,21
2,37.819323049996456,21.895999999999958,4.667442580478283,0.006094803292693557,0.003362878763353901,0.5,0.021686689728183224,0.9162483215332031,1.3395618200302124,0.38630160689353943,False,21
2,37.94546455499949,21.997999999999934,4.6891867168581856,0.006166647651635366,0.0033717903076872155,0.5,0.024205719457030633,0.9113167524337769,1.3501144647598267,0.4249362051486969,False,21
2,38.074830814999586,22.09999999999991,4.710938955682155,0.0062378533339769605,0.0034254789736763045,0.5,0.02513698926373869,0.9118555188179016,1.3330762386322021,0.41651061177253723,False,21
2,38.18350264200126,22.1339999999999,4.718187763657409,0.006263527970359231,0.003446970060150831,0.5,0.0251211887417161,0.9118555188179016,1.3330762386322021,0.41651061177253723,False,21
2,38.301978869996674,22.201999999999998,4.732674805406957,0.006316238158343273,0.0034861759536861537,0.5,0.026642588373358225,0.9415756464004517,1.374491572380066,0.4851051867008209,False,20
2,38.43002472900116,22.303999999999974,4.754402468226641,0.006393059052473719,0.0035295993836287087,0.5,0.027395916634715314,0.9563315510749817,1.3701884746551514,0.5099046230316162,False,19
2,38.53716674700263,22.303999999999974,4.754402468226641,0.006393059052473719,0.0035295993836287087,0.5,0.027401542810543418,0.951535165309906,1.3701884746551514,0.5099046230316162,False,19
2,38.65845596999861,22.40599999999995,4.776129492218506,0.006469727703427732,0.00356694049171699,0.5,0.02728329190698284,0.951535165309906,1.374338984489441,0.5066186189651489,False,20
2,38.78627398199751,22.507999999999925,4.797856350556078,0.006547869062963932,0.0036094301420912427,0.5,0.028609564948592636,0.9509779810905457,1.3587323427200317,0.4384051263332367,False,21
2,38.888109705003444,22.507999999999925,4.797856350556078,0.006547869062963932,0.0036094301420912427,0.5,0.028620769820770726,0.9450744390487671,1.3587323427200317,0.4384051263332367,False,21
2,39.02897691199905,22.575999999999908,4.812340004813177,0.00660058002566369,0.003639042047388974,0.5,0.029574490347764486,0.9450744390487671,1.3646796941757202,0.4930591285228729,False,21
2,39.15704577800352,22.677999999999997,4.834064028034804,0.0066823954827579645,0.0037079213414097124,0.5,0.028997628121530058,0.9525178074836731,1.372912049293518,0.5031675100326538,False,21
2,39.28344391199789,22.779999999999973,4.855787394216782,0.006762738917420315,0.0037360747372971364,0.5,0.031580638068385,0.9398853778839111,1.3773993253707886,0.5091441869735718,False,20
2,39.38421468999877,22.779999999999973,4.855787394216782,0.006762738917420315,0.0037360747372971364,0.5,0.03158468719220597,0.9398853778839111,1.3773993253707886,0.5091441869735718,False,20
2,39.51150316499843,22.881999999999948,4.877512641676119,0.006847023089997719,0.003823754787340884,0.5,0.036305576873176114,0.9498770833015442,1.3779325485229492,0.4965434968471527,False,21
2,39.64417194700218,22.983999999999924,4.899251764074696,0.006930676246611795,0.003935552663390058,0.5,0.03693340377584684,0.9219395518302917,1.3456716537475586,0.4189630448818207,False,20
2,39.745030963997124,22.983999999999924,4.899251764074696,0.006930676246611795,0.003935552663390058,0.5,0.036988340012015994,0.9219395518302917,1.3456716537475586,0.4189630448818207,False,20
2,39.87012722699728,23.0859999999999,4.92098807806074,0.007018915619775916,0.004020929160011854,0.5,0.03734591878921869,0.9251219630241394,1.3604358434677124,0.498151034116745,False,21
2,39.99773398599791,23.187999999999988,4.942719238771797,0.007108949249365876,0.0040981029672804824,0.5,0.0345886970199724,0.9229384660720825,1.3207056522369385,0.3834044635295868,False,21
2,40.09851966499991,23.187999999999988,4.942719238771797,0.007108949249365876,0.0040981029672804824,0.5,0.0346509871032587,0.9229384660720825,1.3207056522369385,0.3834044635295868,False,21
2,40.227331025998865,23.289999999999964,4.964440995294995,0.007197419500003556,0.004130043536041374,0.5,0.03184323218166395,0.8927676677703857,1.291295051574707,0.3861936628818512,False,20
2,40.354487154996605,23.39199999999994,4.9861619887247715,0.007286407356665244,0.004150047335541313,0.5,0.03111381941402562,0.914857029914856,1.3269445896148682,0.38893839716911316,False,21
2,40.4553682859987,23.39199999999994,4.9861619887247715,0.007286407356665244,0.004150047335541313,0.5,0.031165943772607254,0.914857029914856,1.3269445896148682,0.38893839716911316,False,21
2,40.5833828620016,23.493999999999915,5.007883457253587,0.007376840953855376,0.004186290088020294,0.5,0.030192047218198483,0.9166720509529114,1.3129017353057861,0.3843025863170624,False,20
2,40.70747637299792,23.596000000000004,5.029604661385292,0.007468083857278052,0.004220766058018196,0.5,0.029101927518904287,0.9068562388420105,1.307417392730713,0.38161465525627136,False,21
2,40.814188605996605,23.629999999999995,5.036844873967547,0.007498546450311738,0.004228055847712502,0.5,0.029141841166276425,0.9068562388420105,1.307417392730713,0.38161465525627136,False,21
2,40.93312657700153,23.69799999999998,5.051325459188283,0.007559929951419703,0.004251866018780605,0.5,0.031031141133316037,0.9253131151199341,1.3460693359375,0.3893263041973114,False,21
2,41.061597560001246,23.799999999999955,5.0730480003471685,0.007655655764520792,0.004324949393169221,0.5,0.027993227914976736,0.8870698809623718,1.2965974807739258,0.3815173804759979,False,21
2,41.170624202997715,23.833999999999946,5.080288212221813,0.007685846053586849,0.004315605113938696,0.5,0.028023002276631633,0.8870698809623718,1.2965974807739258,0.3815173804759979,False,21
2,41.28914815600001,23.90199999999993,5.094768872509727,0.007747788819877108,0.004329121785689641,0.5,0.026779648093903485,0.9109533429145813,1.3276903629302979,0.39115896821022034,False,20
2,41.416271157002484,24.003999999999905,5.116489548912557,0.007841021933318112,0.004346419734453453,0.5,0.025612922148667616,0.8708437085151672,1.2750133275985718,0.3802199065685272,False,20
2,41.52348242200242,24.003999999999905,5.116489548912557,0.007841021933318112,0.004346419734453453,0.5,0.02562419689701549,0.8708437085151672,1.3551210165023804,0.3802199065685272,False,20
2,41.644997714000056,24.105999999999995,5.138214910648308,0.007935423326663242,0.004377565387694347,0.5,0.027779460139604837,0.936691164970398,1.3551210165023804,0.5011571645736694,False,19
2,41.76829039299628,24.20799999999997,5.159941104892882,0.008031016037530675,0.004411649930068109,0.5,0.02743316461712611,0.917007327079773,1.3520772457122803,0.4491739571094513,False,21
2,41.86987458999647,24.20799999999997,5.159941104892882,0.008031016037530675,0.004411649930068109,0.5,0.02745122136409389,0.917007327079773,1.3486722707748413,0.4491739571094513,False,21
2,42.01135387799877,24.275999999999954,5.174425441241503,0.008095011917017936,0.0044343989993016015,0.5,0.02818101566159333,0.9183816313743591,1.3486722707748413,0.3990212380886078,False,19
2,42.13882488899981,24.37799999999993,5.196151232436301,0.008192158280946068,0.004474260031199129,0.5,0.028765211144485298,0.9180134534835815,1.3299083709716797,0.38267216086387634,False,19
2,42.265122261000215,24.479999999999905,5.217876482945569,0.008290305544784245,0.0045187965747541465,0.5,0.02798249889889083,0.9127575159072876,1.3051700592041016,0.3096785843372345,False,21
2,42.36610589300108,24.479999999999905,5.217876482945569,0.008290305544784245,0.0045187965747541465,0.5,0.028002658337762554,0.9127575159072876,1.3051700592041016,0.3096785843372345,False,21
2,42.492011164998985,24.581999999999994,5.239600652783539,0.008388819658008794,0.0045502172377662065,0.5,0.027872815621679054,0.905768871307373,1.3225144147872925,0.41460105776786804,False,21
2,42.62102983999648,24.68399999999997,5.261324539091297,0.008488173689127914,0.004584443825436642,0.5,0.027620399139587866,0.9228830933570862,1.3247252702713013,0.4283575117588043,False,21
2,42.72182063999935,24.68399999999997,5.261324539091297,0.008488173689127914,0.004584443825436642,0.5,0.027643332913706863,0.9228830933570862,1.3247252702713013,0.4283575117588043,False,21
2,42.84897112500039,24.785999999999945,5.283048456146801,0.008588128809089452,0.004616294927806405,0.5,0.02729545248664911,0.9168402552604675,1.3482389450073242,0.43643876910209656,False,20
2,42.975821032996464,24.88799999999992,5.304773035182302,0.00868845417238039,0.004645941751580991,0.5,0.02886917786525895,0.9290057420730591,1.3506900072097778,0.4453529417514801,False,20
2,43.07688399300241,24.88799999999992,5.304773035182302,0.00868845417238039,0.004645941751580991,0.5,0.02889456163024547,0.9290057420730591,1.3506900072097778,0.4453529417514801,False,20
2,43.20328949599934,24.99000000000001,5.326498441346519,0.00879024899456394,0.004697385870420554,0.5,0.02793213597620586,0.931427001953125,1.34640634059906,0.4413202702999115,False,21
2,43.332287067001744,25.091999999999985,5.348223529514436,0.008892246466668715,0.004723858792182584,0.5,0.026843683572800536,0.9225718379020691,1.3696657419204712,0.45127996802330017,False,21
2,43.432847964002576,25.091999999999985,5.348223529514436,0.008892246466668715,0.004723858792182584,0.5,0.026838602011753997,0.9225718379020691,1.3696657419204712,0.45127996802330017,False,21
2,43.562167240001145,25.19399999999996,5.3699499774368995,0.008994519095273688,0.004749382756456339,0.5,0.025644632143617074,0.9322627186775208,1.354339599609375,0.48538777232170105,False,21
2,43.690501416996995,25.295999999999935,5.391677472717093,0.00909730678571201,0.004773713857047436,0.5,0.02440993158385491,0.8882113099098206,1.2961198091506958,0.3760734498500824,False,21
2,43.79134159700334,25.295999999999935,5.391677472717093,0.00909730678571201,0.004773713857047436,0.5,0.02436618260578919,0.8882113099098206,1.2961198091506958,0.3760734498500824,False,21
2,43.91987676199642,25.39799999999991,5.413407681578832,0.009200501998139569,0.004793244123933043,0.5,0.026682684433092425,0.9380478858947754,1.3562276363372803,0.4914235770702362,False,21
2,44.02802783199877,25.466000000000008,5.427892830955076,0.009272282485190502,0.004835208176192333,0.5,0.02664412802487118,0.9244067072868347,1.3437483310699463,0.4895225465297699,False,21
2,44.15953177399933,25.5,5.435134557239352,0.009307429976516766,0.004847829664908261,0.5,0.028706420911755116,0.9244067072868347,1.3437483310699463,0.4895225465297699,False,21
2,44.28978563500277,25.601999999999975,5.4568585447041285,0.009414918442765657,0.0049155461900731775,0.5,0.029222549532555632,0.9157907366752625,1.3471702337265015,0.4077824056148529,False,20
2,44.41584578600305,25.70399999999995,5.478581965383287,0.009522801992247415,0.0049646285356771905,0.5,0.030194162960921617,0.9000174403190613,1.3241337537765503,0.3816831409931183,False,19
2,44.52496531399811,25.70399999999995,5.478581965383287,0.009522801992247415,0.0049646285356771905,0.5,0.030194512563835218,0.8878369927406311,1.3241337537765503,0.3816831409931183,False,19
2,44.6462890890034,25.805999999999926,5.500305322936833,0.00963192007964336,0.005022047216526561,0.5,0.030055819110863784,0.8878369927406311,1.3146377801895142,0.37797507643699646,False,19
2,44.77034641600039,25.9079999999999,5.522029365663044,0.009740715283864745,0.005054461962811004,0.5,0.029779194744152644,0.8803948760032654,1.3104671239852905,0.37592360377311707,False,21
2,44.87634156599961,25.942000000000007,5.529270907972571,0.00977732155834614,0.005066210279212256,0.5,0.029790428526761982,0.8803948760032654,1.3104671239852905,0.37592360377311707,False,21
2,45.011087259001215,25.976,5.5365124934550956,0.00981401339204195,0.005078920862520331,0.5,0.02621715411924424,0.8797135949134827,1.3131227493286133,0.3789992034435272,False,21
2,45.137431709998054,26.077999999999975,5.558235165792046,0.00992382347043438,0.005092834291743243,0.5,0.027084202210221623,0.9015287756919861,1.3257471323013306,0.3769252598285675,False,21
2,45.261198690997844,26.17999999999995,5.579959830276895,0.010034178317272597,0.005123209856565821,0.5,0.02695156665831018,0.8968602418899536,1.3206571340560913,0.37427863478660583,False,21
2,45.36199181599659,26.17999999999995,5.579959830276895,0.010034178317272597,0.005123209856565821,0.5,0.02695289733567519,0.8968602418899536,1.3206571340560913,0.37427863478660583,False,21
2,45.48629545199947,26.281999999999925,5.601685440373272,0.010145758918450664,0.005155334022996507,0.5,0.02655556294051036,0.8900401592254639,1.3073185682296753,0.3738209307193756,False,19
2,45.61505156900239,26.3839999999999,5.623410821279738,0.010258077053492624,0.005187337202737476,0.5,0.02498534491342976,0.8882361650466919,1.3022416830062866,0.37136945128440857,False,20
2,45.71586177300196,26.3839999999999,5.623410821279738,0.010258077053492624,0.005187337202737476,0.5,0.024994202248632295,0.8882361650466919,1.3022416830062866,0.37136945128440857,False,20
2,45.842177960999834,26.48599999999999,5.6451379783723645,0.010370263926250314,0.005207620924716606,0.5,0.02387998993102223,0.89300936460495,1.3026868104934692,0.36966750025749207,False,21
2,45.96709663399815,26.587999999999965,5.666869066900164,0.01048296099413739,0.005223340913619055,0.5,0.023338388410037957,0.8981750011444092,1.3424279689788818,0.3803040087223053,False,20
2,46.067846006000764,26.587999999999965,5.666869066900164,0.01048296099413739,0.005223340913619055,0.5,0.02335537824494786,0.8981750011444092,1.3424279689788818,0.3803040087223053,False,20
2,46.19286548800301,26.68999999999994,5.688603361565058,0.010596126747393238,0.005242754106634345,0.5,0.02190494482573525,0.8994787335395813,1.3423786163330078,0.3742803633213043,False,21
2,46.315847065001435,26.791999999999916,5.710344811604838,0.0107085887436168,0.005252163479907465,0.5,0.01822871504125475,0.8912840485572815,1.3195399045944214,0.375963419675827,False,21
2,46.41679602899967,26.791999999999916,5.710344811604838,0.0107085887436168,0.005252163479907465,0.5,0.01822098505802452,0.8912840485572815,1.3195399045944214,0.375963419675827,False,21
2,46.54427867200138,26.894000000000005,5.732090608067953,0.010821985304827579,0.005234600521380762,0.5,0.01847490888383507,0.9093043208122253,1.3285410404205322,0.3714369833469391,False,20
2,46.66956914799812,26.99599999999998,5.753836545318036,0.010935564970354706,0.0052438005317145845,0.5,0.017750829468744435,0.8754529356956482,1.3147642612457275,0.36265984177589417,False,21
2,46.775973789997806,27.029999999999973,5.761086487626587,0.01097372851566189,0.00524259396408951,0.5,0.017758726022399238,0.8754529356956482,1.3147642612457275,0.36265984177589417,False,21
2,46.89446791099908,27.097999999999956,5.775588669317979,0.011049736864246103,0.00524754631695055,0.5,0.01850679848582758,0.8984406590461731,1.3378881216049194,0.3651082217693329,False,21
2,47.0222594720035,27.199999999999932,5.79734268531535,0.011163671439027583,0.005259728733150465,0.5,0.015321491244847666,0.8802945017814636,1.3174524307250977,0.3874543011188507,False,21
2,47.13034250799683,27.233999999999924,5.804596160761992,0.011202366364478107,0.005236841026063544,0.5,0.01530770156632731,0.8802945017814636,1.3174524307250977,0.3874543011188507,False,21
2,47.24878455999715,27.301999999999907,5.819103267763477,0.011278279151318118,0.00523263672190782,0.5,0.021855545958015265,0.8914992213249207,1.3420175313949585,0.38936325907707214,False,21
2,47.377562898996985,27.403999999999996,5.840854889076982,0.011389446593761584,0.005313244910422063,0.5,0.023655513872184966,0.9149107336997986,1.3471318483352661,0.4158601462841034,False,20
2,47.483944353996776,27.403999999999996,5.840854889076982,0.011389446593761584,0.005313244910422063,0.5,0.02362522745332672,0.9107328057289124,1.3471318483352661,0.4158601462841034,False,20
2,47.604926537998836,27.505999999999972,5.862607613819286,0.011503317470552514,0.005380293334408363,0.5,0.02656579650281876,0.9107328057289124,1.3423280715942383,0.39497777819633484,False,21
2,47.748071192996576,27.573999999999955,5.8771002130609,0.011585259046731217,0.00542479949809752,0.5,0.0282990448514661,0.9109973907470703,1.3661552667617798,0.4126528203487396,False,19
2,47.87549754999782,27.67599999999993,5.898826106138436,0.011705223926616822,0.005488945216928298,0.5,0.032047096043459906,0.9248074889183044,1.3607431650161743,0.4145583212375641,False,21
2,47.97652778399788,27.67599999999993,5.898826106138436,0.011705223926616822,0.005488945216928298,0.5,0.03201872718410225,0.9248074889183044,1.3607431650161743,0.4145583212375641,False,21
2,48.10390492500301,27.777999999999906,5.920559722528873,0.011825162935648987,0.005583206737858722,0.5,0.03202186045788034,0.9245417714118958,1.332606315612793,0.40268173813819885,False,19
2,48.23051637900062,27.879999999999995,5.942285673054938,0.011948867421174429,0.005648678380377954,0.5,0.030208947463795204,0.8990687131881714,1.2923588752746582,0.3757501542568207,False,21
2,48.33134557500307,27.879999999999995,5.942285673054938,0.011948867421174429,0.005648678380377954,0.5,0.03014490140988717,0.8990687131881714,1.2923588752746582,0.3757501542568207,False,21
2,48.45922351699846,27.98199999999997,5.9640087881306165,0.012070235481096819,0.005663685343650215,0.5,0.030575175070065536,0.897721529006958,1.314131259918213,0.36472800374031067,False,19
2,48.58642195099674,28.083999999999946,5.985732957952578,0.01219403689096478,0.005706209716403294,0.5,0.030285071788064322,0.9149232506752014,1.3367892503738403,0.37256351113319397,False,21
2,48.68736900499789,28.083999999999946,5.985732957952578,0.01219403689096478,0.005706209716403294,0.5,0.030207098588167707,0.9149232506752014,1.3367892503738403,0.37256351113319397,False,21
2,48.812110908998875,28.185999999999922,6.007457008533699,0.012318633522425864,0.005744873299260496,0.5,0.0342841100119708,0.8988384008407593,1.327945351600647,0.35586050152778625,False,19
2,48.938391873998626,28.287999999999897,6.029190167906874,0.012446547767272638,0.005854344421623518,0.5,0.036903400010698695,0.9103884696960449,1.3413419723510742,0.36054131388664246,False,19
2,49.03935571599868,28.287999999999897,6.029190167906874,0.012446547767272638,0.005854344421623518,0.5,0.036859288060702926,0.9103884696960449,1.3413419723510742,0.36054131388664246,False,19
2,49.16490214000078,28.389999999999986,6.050926974218151,0.012576793835390693,0.005950762535402727,0.5,0.03783837303163904,0.8810364603996277,1.3039864301681519,0.3581291139125824,False,20
2,49.291431849997025,28.491999999999962,6.072661556383589,0.012708615508475681,0.0060333752841757494,0.5,0.03967245473137315,0.8838006854057312,1.3020414113998413,0.3501773178577423,False,21
2,49.39233796299959,28.491999999999962,6.072661556383589,0.012708615508475681,0.0060333752841757494,0.5,0.03965059531598254,0.8838006854057312,1.3020414113998413,0.3501773178577423,False,21
2,49.51821165900037,28.593999999999937,6.09439793566253,0.012842059054329096,0.006130314619327432,0.5,0.03804625819667431,0.8933426141738892,1.3167318105697632,0.36316588521003723,False,21
2,49.645759478997206,28.695999999999913,6.116128306122059,0.012977020835829984,0.006192460312204465,0.5,0.03598039746947904,0.8997474908828735,1.3277453184127808,0.3583270013332367,False,21
2,49.74654995799938,28.695999999999913,6.116128306122059,0.012977020835829984,0.006192460312204465,0.5,0.03594234306017463,0.8997474908828735,1.3277453184127808,0.3583270013332367,False,21
2,49.87481059599668,28.798000000000002,6.137849558937795,0.013111505291872905,0.0062345323420835725,0.5,0.03784198316260598,0.9148247241973877,1.3508074283599854,0.36126992106437683,False,19
2,49.99939647899737,28.899999999999977,6.1595750185727445,0.01324920738201004,0.006330328287225629,0.5,0.03767132463538901,0.908934473991394,1.3249037265777588,0.35541674494743347,False,21
2,50.109857992996695,28.93399999999997,6.166816678047717,0.013295849669746519,0.006353801026936629,0.5,0.03765076439724206,0.908934473991394,1.3249037265777588,0.35541674494743347,False,21
2,50.22835273200326,29.001999999999953,6.181299480623738,0.01338892625278625,0.006401134740800593,0.5,0.04122372237029852,0.9143101572990417,1.3590006828308105,0.3556550443172455,False,20
2,50.35924107900064,29.103999999999928,6.203035152856984,0.013530036095794873,0.006517248524272476,0.5,0.04053553829580747,0.9051262736320496,1.3558588027954102,0.3549759089946747,False,20
2,50.46489516500151,29.103999999999928,6.203035152856984,0.013530036095794873,0.006517248524272476,0.5,0.04054571176206655,0.9051262736320496,1.3570784330368042,0.3549759089946747,False,20
2,50.58517618999758,29.205999999999904,6.224766479356214,0.013674380868284163,0.0065865829741375516,0.5,0.03977794518593452,0.8925538063049316,1.3570784330368042,0.3604215085506439,False,21
2,50.71161414800008,29.307999999999993,6.246495373289612,0.013819769868283961,0.006666777517597883,0.5,0.04045067038593234,0.9115538001060486,1.3767961263656616,0.4611872136592865,False,20
2,50.81334213900118,29.307999999999993,6.246495373289612,0.013819769868283961,0.006666777517597883,0.5,0.04045673711300286,0.9115538001060486,1.3865325450897217,0.4611872136592865,False,20
2,50.9542678459984,29.375999999999976,6.260981875341923,0.013917605895834935,0.006721813487968567,0.5,0.040826615621094936,0.9136692881584167,1.3865325450897217,0.4789520800113678,False,21
2,51.08171789399785,29.477999999999952,6.2827119418641795,0.01406587136188161,0.00680680475217272,0.5,0.03839683043541007,0.9280156493186951,1.3664921522140503,0.4872121512889862,False,21
2,51.20573742599663,29.579999999999927,6.304432050895485,0.014214483455949474,0.006860611930399073,0.5,0.03883348876881023,0.9067610502243042,1.3315023183822632,0.4073944389820099,False,21
2,51.30652189900138,29.579999999999927,6.304432050895485,0.014214483455949474,0.006860611930399073,0.5,0.03881866677700085,0.9067610502243042,1.3315023183822632,0.4073944389820099,False,21
2,51.43703005700081,29.681999999999903,6.326150797554852,0.014365224869158578,0.006938795846045435,0.5,0.03950630895179051,0.9173899292945862,1.3822914361953735,0.47045066952705383,False,20
2,51.56273130000045,29.783999999999992,6.347869529126791,0.01451777164406168,0.007025316040776763,0.5,0.037893213046094984,0.9176592230796814,1.3870642185211182,0.47645798325538635,False,21
2,51.66405898600351,29.783999999999992,6.347869529126791,0.01451777164406168,0.007025316040776763,0.5,0.037883464144541926,0.9176592230796814,1.3870642185211182,0.47645798325538635,False,21
2,51.79165595499944,29.885999999999967,6.369588554968841,0.014671319268930972,0.007075708184257964,0.5,0.03376095599252302,0.9189737439155579,1.3878949880599976,0.4763087332248688,False,20
2,51.915134194998245,29.987999999999943,6.391307051182001,0.014824002498133764,0.007091533947002301,0.5,0.027914951925099837,0.925599217414856,1.379172921180725,0.43657681345939636,False,21
2,52.016048054996645,29.987999999999943,6.391307051182001,0.014824002498133764,0.007091533947002301,0.5,0.027838216465699017,0.925599217414856,1.379172921180725,0.43657681345939636,False,21
2,52.14222410799994,30.089999999999918,6.413024614550057,0.014977009844646243,0.007084341421833497,0.5,0.020441203797822285,0.8550172448158264,1.280126690864563,0.32836803793907166,False,20
2,52.266110627999296,30.192000000000007,6.434753844362237,0.01512939408583839,0.007051898210235586,0.5,0.023817746613690727,0.9068026542663574,1.3848806619644165,0.45310327410697937,False,19
2,52.36689847100206,30.192000000000007,6.434753844362237,0.01512939408583839,0.007051898210235586,0.5,0.023782391840318304,0.9068026542663574,1.3848806619644165,0.45310327410697937,False,19
2,52.49152876500011,30.293999999999983,6.456480059917204,0.015282972192257943,0.007090318418121706,0.5,0.02620272529042283,0.8895053863525391,1.3667356967926025,0.3986535966396332,False,21
2,52.61946108799748,30.395999999999958,6.478203815016399,0.01543755447911708,0.007131765088901424,0.5,0.025293452206417398,0.9013824462890625,1.3549349308013916,0.4071817100048065,False,21
2,52.720412996997766,30.395999999999958,6.478203815016399,0.01543755447911708,0.007131765088901424,0.5,0.025247143761276042,0.9013824462890625,1.3549349308013916,0.4071817100048065,False,21
2,52.84554253499664,30.497999999999934,6.499930148589838,0.015592166133390133,0.007153536959745901,0.5,0.026101856197757015,0.8719964027404785,1.3450567722320557,0.37705501914024353,False,20
2,52.97037615299632,30.59999999999991,6.521658044278395,0.015748239551755507,0.007188449964211628,0.5,0.026177990345063018,0.894612729549408,1.323936104774475,0.2907860577106476,False,19
2,53.07832961100212,30.6339999999999,6.528901001287174,0.015800240298108132,0.007199551539822078,0.5,0.026155602047400996,0.894612729549408,1.323936104774475,0.2907860577106476,False,19
2,53.19707709099748,30.701999999999998,6.54338708351206,0.015904531963421016,0.0072205278791204535,0.5,0.027214729764207198,0.8987180590629578,1.3430793285369873,0.2921610176563263,False,21
2,53.32420548999653,30.803999999999974,6.56511537358806,0.016061998588352732,0.0072637381714633536,0.5,0.026600068697250623,0.9011138677597046,1.334755301475525,0.29137739539146423,False,21
2,53.4316497050022,30.803999999999974,6.56511537358806,0.016061998588352732,0.0072637381714633536,0.5,0.026591118237572854,0.9011138677597046,1.3328735828399658,0.29137739539146423,False,21
2,53.551363289996516,30.90599999999995,6.586843607326451,0.016219679890784496,0.007291313437118012,0.5,0.026270400373402305,0.898345410823822,1.3328735828399658,0.3524913489818573,False,20
2,53.67621034899639,31.007999999999925,6.608572034438253,0.016378265334550172,0.0073215117486973205,0.5,0.025979759205739413,0.8998523950576782,1.3402001857757568,0.2914339005947113,False,21
2,53.77870208099921,31.007999999999925,6.608572034438253,0.016378265334550172,0.0073215117486973205,0.5,0.025979417874928717,0.8998523950576782,1.3523228168487549,0.2914339005947113,False,21
2,53.92092660399794,31.075999999999908,6.62305747707602,0.016484472767377436,0.007342860037530172,0.5,0.025824715384574853,0.9093010425567627,1.3523228168487549,0.3616054356098175,False,19
2,54.0469985430027,31.177999999999997,6.644784853485174,0.01664432934390617,0.007373989601953974,0.5,0.025579852095816175,0.9053087830543518,1.3598666191101074,0.38036713004112244,False,21
2,54.172985363002226,31.279999999999973,6.666511690564831,0.016804880844933007,0.007404039005752426,0.5,0.026250430613023453,0.8926396369934082,1.343491554260254,0.3837628662586212,False,20
2,54.27383894199738,31.279999999999973,6.666511690564831,0.016804880844933007,0.007404039005752426,0.5,0.026253917188296474,0.8926396369934082,1.343491554260254,0.3837628662586212,False,20
2,54.40422403300181,31.381999999999948,6.688239115368415,0.0169664313040094,0.007439544111553543,0.5,0.025326051037551707,0.9201401472091675,1.3678598403930664,0.38763269782066345,False,19
2,54.52829944399855,31.483999999999924,6.7099671334006015,0.017127764954240857,0.007464910794645897,0.5,0.02552702430458134,0.9254769682884216,1.3820698261260986,0.396943062543869,False,20
2,54.629048171998875,31.483999999999924,6.7099671334006015,0.017127764954240857,0.007464910794645897,0.5,0.025535130425476806,0.9254769682884216,1.3820698261260986,0.396943062543869,False,20
2,54.75555011200049,31.5859999999999,6.731697370177281,0.017290139424551692,0.007496141528063083,0.5,0.025740276513413093,0.918761134147644,1.3733282089233398,0.39704325795173645,False,21
2,54.87832652700308,31.687999999999988,6.753428183471741,0.017453082922768204,0.007530320190151034,0.5,0.025553587563225396,0.9033320546150208,1.3499232530593872,0.38968178629875183,False,20
2,54.979103418001614,31.687999999999988,6.753428183471741,0.017453082922768204,0.007530320190151034,0.5,0.025560621420119146,0.9033320546150208,1.3499232530593872,0.38968178629875183,False,20
2,55.10552555599861,31.789999999999964,6.775159484035026,0.01761670013677758,0.007560319149504819,0.5,0.025870334674842274,0.9071228504180908,1.3784211874008179,0.4006207287311554,False,21
2,55.231577231999836,31.89199999999994,6.796890353640982,0.01778136106072052,0.007595953043225,0.5,0.025758807026667444,0.9162630438804626,1.3624299764633179,0.4046328365802765,False,21
2,55.332368297997164,31.89199999999994,6.796890353640982,0.01778136106072052,0.007595953043225,0.5,0.02576579604956166,0.9162630438804626,1.3624299764633179,0.4046328365802765,False,21
2,55.45973505300208,31.993999999999915,6.818620446546616,0.017946786648561672,0.007627937133240857,0.5,0.021724562128359683,0.9205746650695801,1.4010436534881592,0.48457589745521545,False,20
2,55.58653524299734,32.096000000000004,6.8403562353043865,0.018111379932493763,0.007623667511813189,0.5,0.022959476593981815,0.9329806566238403,1.3997621536254883,0.4984622895717621,False,21
2,55.687597021998954,32.096000000000004,6.8403562353043865,0.018111379932493763,0.007623667511813189,0.5,0.022896426808188798,0.9329806566238403,1.3997621536254883,0.4984622895717621,False,21
2,55.813167685002554,32.19799999999998,6.8620937064407785,0.018276708988713638,0.0076508046126025995,0.5,0.02309569969438682,0.9257677793502808,1.398614764213562,0.4746604263782501,False,20
2,55.941527672999655,32.299999999999955,6.883830890799176,0.01844305410782391,0.007680513739801996,0.5,0.029415297201555484,0.9314529895782471,1.4083852767944336,0.49627062678337097,False,20
2,56.0485303960013,32.333999999999946,6.89107764212952,0.01849922789658742,0.007739474733221064,0.5,0.029359765334947836,0.9314529895782471,1.4083852767944336,0.49627062678337097,False,20
2,56.16718210300314,32.40199999999993,6.905568409073707,0.018612105634812158,0.007781620541089601,0.5,0.03304326198427691,0.9239522218704224,1.4000170230865479,0.48341235518455505,False,20
2,56.29362554199906,32.503999999999905,6.927307760801085,0.018782696345942658,0.007881675070712623,0.5,0.03569397851619752,0.9186763763427734,1.3851041793823242,0.3894525468349457,False,21
2,56.39792068699899,32.503999999999905,6.927307760801085,0.018782696345942658,0.007881675070712623,0.5,0.03565407898435625,0.9186763763427734,1.4002344608306885,0.3894525468349457,False,21
2,56.5189756050022,32.605999999999995,6.949051884746135,0.01895612961216797,0.008013706688391225,0.5,0.04087674878507477,0.9288536310195923,1.4002344608306885,0.5018248558044434,False,19
2,56.64652240300347,32.70799999999997,6.970802203575817,0.019131778729642595,0.008113162346748724,0.5,0.041137332870233426,0.9270435571670532,1.3971365690231323,0.49121078848838806,False,21
2,56.74754273999861,32.70799999999997,6.970802203575817,0.019131778729642595,0.008113162346748724,0.5,0.04113126630462594,0.9270435571670532,1.4024900197982788,0.49121078848838806,False,21
2,56.88752773700253,32.775999999999954,6.9852994528795795,0.01925100276501426,0.008176017766937627,0.5,0.041085643601078276,0.927065908908844,1.4024900197982788,0.48458191752433777,False,20
2,57.00974036000116,32.87799999999993,7.0070391709754904,0.019432272479265184,0.008262228667542348,0.5,0.041188980538891105,0.9206498265266418,1.3730179071426392,0.45504429936408997,False,21
2,57.134738929999,32.979999999999905,7.028775169914553,0.019614207146016607,0.008345721244598188,0.5,0.04116241648185398,0.8969875574111938,1.3534833192825317,0.3677245080471039,False,21
2,57.235432886001945,32.979999999999905,7.028775169914553,0.019614207146016607,0.008345721244598188,0.5,0.04115644678697956,0.8969875574111938,1.3534833192825317,0.3677245080471039,False,21
2,57.35881538799731,33.081999999999994,7.050509726434834,0.019797901961723364,0.008427850712136638,0.5,0.04154607098139336,0.9241709113121033,1.391332745552063,0.43296775221824646,False,21
2,57.48306924800272,33.18399999999997,7.0722437048879785,0.01998338087961736,0.008515045779483858,0.5,0.03844513496813004,0.9095456004142761,1.3739961385726929,0.3702806532382965,False,19
2,57.583821316002286,33.18399999999997,7.0722437048879785,0.01998338087961736,0.008515045779483858,0.5,0.03840778677523738,0.9095456004142761,1.3739961385726929,0.3702806532382965,False,19
2,57.70664905499871,33.285999999999945,7.093967893092357,0.020169407035621437,0.00856784585159647,0.5,0.03987301919798283,0.9184643030166626,1.3910548686981201,0.37300512194633484,False,20
2,57.830266174001736,33.38799999999992,7.115694565822923,0.020358017915945596,0.008654738137555212,0.5,0.03503580366679126,0.8842934966087341,1.318027138710022,0.3751402795314789,False,19
2,57.93109804100095,33.38799999999992,7.115694565822923,0.020358017915945596,0.008654738137555212,0.5,0.03501133738157301,0.8842934966087341,1.318027138710022,0.3751402795314789,False,19
2,58.056795208998665,33.49000000000001,7.137412625986211,0.02054445767547942,0.008669996922211964,0.5,0.033535174449522274,0.9146571159362793,1.3858839273452759,0.37617918848991394,False,19
2,58.18193215900101,33.591999999999985,7.15913226658671,0.020732444080258598,0.008700277073136765,0.5,0.03122482708539522,0.9016156792640686,1.3396598100662231,0.3699481785297394,False,21
2,58.283052079998015,33.591999999999985,7.15913226658671,0.020732444080258598,0.008700277073136765,0.5,0.031215271164295108,0.9016156792640686,1.3396598100662231,0.3699481785297394,False,21
2,58.406411370997375,33.69399999999996,7.1808521592357,0.020920755415449747,0.008722396348078146,0.5,0.030232373142005445,0.9378165006637573,1.3900785446166992,0.47767016291618347,False,21
2,58.53304408300028,33.795999999999935,7.202572605753445,0.021110166581238193,0.008753782278509982,0.5,0.025774811972241598,0.9233425855636597,1.3582723140716553,0.371993750333786,False,21
2,58.63388703500095,33.795999999999935,7.202572605753445,0.021110166581238193,0.008753782278509982,0.5,0.02573979686839571,0.9233425855636597,1.3582723140716553,0.371993750333786,False,21
2,58.760308928001905,33.89799999999991,7.224292842475497,0.021299472994072637,0.00874946266183705,0.5,0.028306080912429886,0.9346132874488831,1.3849174976348877,0.43706807494163513,False,19
2,58.88566335700307,34.0,7.246014148165014,0.021490434335019886,0.008798675558124325,0.5,0.02642157605000938,0.9180039763450623,1.3464069366455078,0.31382352113723755,False,20
2,58.992218804000004,34.03399999999999,7.253254151017792,0.021553855877699604,0.008800228905147506,0.5,0.026371523629722105,0.9180039763450623,1.3464069366455078,0.31382352113723755,False,20
2,59.111208289003116,34.101999999999975,7.26773485898488,0.021681031048988598,0.008815715482821548,0.5,0.022901711701643027,0.9217585325241089,1.374017357826233,0.40721097588539124,False,21
2,59.23522316200251,34.20399999999995,7.289465286417116,0.021871377935541454,0.008814851060168613,0.5,0.023130608103584405,0.9182974696159363,1.348109483718872,0.29390934109687805,False,21
2,59.34572412700072,34.20399999999995,7.289465286417116,0.021871377935541454,0.008814851060168613,0.5,0.023032817791274255,0.9182974696159363,1.38796067237854,0.29390934109687805,False,21
2,59.46701577700151,34.305999999999926,7.311199434777049,0.02206248354177414,0.008836163326318182,0.5,0.02328260474362898,0.9354588389396667,1.38796067237854,0.4190351665019989,False,20
2,59.59625559199776,34.4079999999999,7.332934648189746,0.022254830158423677,0.008876204401385066,0.5,0.025440724897630728,0.9157820343971252,1.3881559371948242,0.42183491587638855,False,20
2,59.69864238300215,34.4079999999999,7.332934648189746,0.022254830158423677,0.008876204401385066,0.5,0.025352993406493735,0.9157820343971252,1.4085146188735962,0.42183491587638855,False,20
2,59.83868109699688,34.476,7.347421910294176,0.02238445044153662,0.008906378440147442,0.5,0.024832985170535227,0.9280860424041748,1.4085146188735962,0.49673423171043396,False,21
2,59.96338979899883,34.577999999999975,7.36915404659934,0.02257720229298985,0.008928494620603999,0.5,0.027003977387572306,0.915683925151825,1.3704661130905151,0.35283908247947693,False,21
3,0.11980823199701263,0.4420000000000073,0.09287655403762597,2.670616709734647e-05,0.00036713377892660313,0.5,0.02518013812662488,0.8160687685012817,1.21250319480896,0.3845219314098358,False,21
3,0.2212144770019222,0.4759999999999991,0.10011904261755696,2.937870157400212e-05,0.0003771443569105787,0.5,0.02502007374758018,0.8160687685012817,1.21250319480896,0.3845219314098358,False,21
3,0.3375016339996364,0.5439999999999827,0.11460578280219205,3.4284623012868955e-05,0.0003930661119346008,0.5,0.025104870842306996,0.834142804145813,1.258409023284912,0.3821108043193817,False,21
3,0.4558661109986133,0.6459999999999582,0.13633738267857096,4.278486798906452e-05,0.00042341268873010834,0.5,0.025182010639508923,0.8655673265457153,1.309920072555542,0.3856910765171051,False,21
3,0.5566741290022037,0.6459999999999582,0.13633738267857096,4.278486798906452e-05,0.00042341268873010834,0.5,0.025102458300345257,0.8655673265457153,1.309920072555542,0.3856910765171051,False,21
3,0.6792614880032488,0.7479999999999336,0.15806963768842872,5.192899010662164e-05,0.0004548041998803904,0.5,0.02510224452245103,0.8184660077095032,1.217328429222107,0.38346990942955017,False,21
3,0.7986229590023868,0.8500000000000227,0.17980220946523937,6.188815152438951e-05,0.0004860960961069929,0.5,0.025181878244094454,0.8355993628501892,1.2753465175628662,0.3138457238674164,False,21
3,0.90125872399949,0.8840000000000146,0.18704636089782173,6.539978130735695e-05,0.0004975322523504231,0.5,0.025102201546263633,0.8355993628501892,1.2753465175628662,0.3138457238674164,False,21
3,1.0199438150011702,0.9519999999999982,0.20153444652777477,7.270444871513752e-05,0.0005176850443178637,0.5,0.025101940768922706,0.8699349761009216,1.3208483457565308,0.3842226564884186,False,21
3,1.1413541529982467,1.0539999999999736,0.22326596153354206,8.435659265602e-05,0.0005491616213822966,0.5,0.022017490130485373,0.8586879968643188,1.3071247339248657,0.37999579310417175,False,19
3,1.2447957280019182,1.0879999999999654,0.23051082534440692,8.784615399698174e-05,0.0005420037079228966,0.5,0.022031594270716978,0.8586879968643188,1.3071247339248657,0.37999579310417175,True,19
3,1.3635634610036504,1.155999999999949,0.24500298861341885,9.516741958410095e-05,0.0005507800718018303,0.5,-0.0008766367011030368,0.8417487144470215,1.272411823272705,0.3522168695926666,True,21
3,1.4844505049986765,1.2579999999999245,0.26676330530227915,0.00010457684363001305,0.00037057772939979336,0.5,-0.0003501674570514977,0.8629003167152405,1.3373162746429443,0.38577935099601746,True,21
3,1.589689925996936,1.2919999999999163,0.2740168415608545,0.00010728673313501223,0.00037305045884310515,0.5,-0.0003866754874895198,0.8629003167152405,1.3373162746429443,0.38577935099601746,True,21
3,1.7085217380008544,1.3600000000000136,0.28852390822468604,0.00011269637020372352,0.00037296802877878453,0.5,-0.0005348315086734845,0.8693060278892517,1.3453195095062256,0.385903924703598,True,21
3,1.832036881998647,1.461999999999989,0.3102844833788092,0.00012074475239622533,0.0003663637345240868,0.5,-0.0014579654362267577,0.8665037751197815,1.3371162414550781,0.3864377439022064,True,20
3,1.9366219570001704,1.461999999999989,0.3102844833788092,0.00012074475239622533,0.0003663637345240868,0.5,-0.001480366343509999,0.8736507892608643,1.3371162414550781,0.3864377439022064,True,20
3,2.072747430000163,1.5299999999999727,0.3247915240048832,0.0001260455168208431,0.0003649976300462279,0.5,-0.004427081999956558,0.8736507892608643,1.3488609790802002,0.3797300159931183,True,21
3,2.1930821499991,1.6319999999999482,0.3465519738329083,0.00013351141988168652,0.00034237509989984476,0.5,-0.005187613093099129,0.8550621271133423,1.3178744316101074,0.3799799382686615,False,21
3,2.3162128730036784,1.7339999999999236,0.36831247074340207,0.00014084218261867928,0.00033639951153295356,0.5,-0.008799434843067815,0.8688550591468811,1.3167892694473267,0.32195064425468445,False,21
3,2.4510680050007068,1.768000000000029,0.37556594246893454,0.00014307783447245142,0.00031302155554628955,0.5,-0.008773812285897686,0.8688550591468811,1.3167892694473267,0.32195064425468445,False,21
3,2.554472618998261,1.8360000000000127,0.39007295810516124,0.00014756122192123849,0.0003088814245356307,0.5,-0.009275894077006708,0.8616061210632324,1.314690351486206,0.31720033288002014,False,21
3,2.6786040649967617,1.9379999999999882,0.41183349679707104,0.0001542137537208267,0.00030491421204041207,0.5,-0.018764245034466588,0.8624894022941589,1.2622811794281006,0.3055204451084137,False,21
3,2.7793977969995467,1.9379999999999882,0.41183349679707104,0.0001542137537208267,0.00030491421204041207,0.5,-0.01873531271109701,0.8624894022941589,1.2622811794281006,0.3055204451084137,False,21
3,2.904722377003054,2.0399999999999636,0.43358017991034603,0.00016171986201520534,0.0002176954085148822,0.5,-0.013435889073873004,0.8639546632766724,1.3332308530807495,0.31115075945854187,False,21
3,3.0256640189982136,2.141999999999939,0.4553354327111504,0.0001664753032351242,0.0002490212621545485,0.5,-0.019369637494824996,0.8500753045082092,1.2930395603179932,0.2881579101085663,False,21
3,3.1267497980006738,2.141999999999939,0.4553354327111504,0.0001664753032351242,0.0002490212621545485,0.5,-0.019327673782124025,0.8500753045082092,1.2930395603179932,0.2881579101085663,False,21
3,3.2494634539980325,2.244000000000028,0.47708385139082965,0.00017371111903454747,0.0001886935669631586,0.5,-0.011773212096031141,0.8441988825798035,1.326344609260559,0.31435033679008484,False,21
3,3.3721957140005543,2.3460000000000036,0.49884209117965655,0.00017755692531709413,0.00024108817595337782,0.5,-0.006771324024692833,0.8818085193634033,1.3452377319335938,0.33332982659339905,False,21
3,3.4728175299969735,2.3460000000000036,0.49884209117965655,0.00017755692531709413,0.00024108817595337782,0.5,-0.006755129973100345,0.8818085193634033,1.3452377319335938,0.33332982659339905,False,21
3,3.5949327740017907,2.447999999999979,0.5206026550835721,0.00018364022822409712,0.00027993678939190254,0.5,-0.0028598734556110213,0.9029393196105957,1.3494436740875244,0.3982655107975006,False,21
3,3.717185346002225,2.5499999999999545,0.5423632443013082,0.00019038235101487912,0.0003093465643597101,0.5,0.0011794054045371107,0.8661370873451233,1.3470420837402344,0.32302525639533997,False,20
3,3.8218554760023835,2.5839999999999463,0.5496168283097527,0.00019286332174375245,0.0003354420941834358,0.5,0.0011629020874754012,0.8661370873451233,1.3470420837402344,0.32302525639533997,False,20
3,3.940359776999685,2.65199999999993,0.5641239255210693,0.00019778922616344398,0.000339759654738776,0.5,-0.0005062881849660824,0.8678170442581177,1.3220503330230713,0.3963925540447235,False,21
3,4.062776175000181,2.754000000000019,0.585884483641167,0.00020491069523880244,0.0003273222723894446,0.5,0.006615292130074779,0.9106150269508362,1.3938310146331787,0.4138718545436859,False,21
3,4.168523517997528,2.788000000000011,0.5931381418651099,0.0002076965513605457,0.00037312569557760927,0.5,0.006609083324435911,0.9106150269508362,1.3938310146331787,0.4138718545436859,False,21
3,4.287955528001476,2.8559999999999945,0.6076453388692282,0.00021320910027845683,0.0003810875396854637,0.5,0.0017136518973012232,0.8779351115226746,1.3140738010406494,0.4048246443271637,False,20
3,4.409910144997411,2.95799999999997,0.6294059562091988,0.0002208367820419555,0.00036127984639677607,0.5,0.004306207857412376,0.8724176287651062,1.3509628772735596,0.40285375714302063,False,19
3,4.5151484700036235,2.95799999999997,0.6294059562091988,0.0002208367820419555,0.00036127984639677607,0.5,0.0042883414333541306,0.8724176287651062,1.3123223781585693,0.40285375714302063,False,19
3,4.636113016997115,3.0599999999999454,0.6511665513255704,0.00022836074223434995,0.00032175079739042684,0.5,-0.0023251837760241588,0.8819344639778137,1.3123223781585693,0.4027523100376129,False,21
3,4.757065985999361,3.161999999999921,0.6729271534821443,0.00023544101091337393,0.0003410903368999347,0.5,0.0019068930174198828,0.8806117177009583,1.359641432762146,0.4068271219730377,False,21
3,4.8577966390002985,3.161999999999921,0.6729271534821443,0.00023544101091337393,0.0003410903368999347,0.5,0.001889049248892786,0.8806117177009583,1.3870283365249634,0.41000351309776306,False,21
3,4.997546883998439,3.230000000000018,0.6874342721795801,0.00024044936337962492,0.00034579032595038117,0.5,0.00614199695293854,0.9082252979278564,1.3870283365249634,0.41000351309776306,False,21
3,5.122643748996779,3.3319999999999936,0.7091950833105405,0.00024868482993137763,0.00037816979896256796,0.5,0.00015068727036319872,0.8980942964553833,1.3403257131576538,0.40568700432777405,False,21
3,5.2480729579983745,3.433999999999969,0.7309555995261793,0.0002559299308451055,0.00033323220733878057,0.5,0.0020214869082208434,0.8878682255744934,1.3720967769622803,0.4071577489376068,False,21
3,5.348869706998812,3.433999999999969,0.7309555995261793,0.0002559299308451055,0.00033323220733878057,0.5,0.00200233738741611,0.8878682255744934,1.3720967769622803,0.4071577489376068,False,21
3,5.47164513199823,3.5359999999999445,0.7527162683904509,0.000263488903005101,0.00034684012604317883,0.5,0.0018816872944673014,0.8992810249328613,1.3976243734359741,0.4066583812236786,False,21
3,5.595052502001636,3.63799999999992,0.7744769042529398,0.00027102340822114836,0.00034583754867162245,0.5,0.007216053528079781,0.8860928416252136,1.355243444442749,0.40091708302497864,False,21
3,5.695815323997522,3.63799999999992,0.7744769042529398,0.00027102340822114836,0.00034583754867162245,0.5,0.007185669989810337,0.8860928416252136,1.355243444442749,0.40091708302497864,False,21
3,5.819460482998693,3.740000000000009,0.7962377448647866,0.00027943445992191604,0.00038613437672888404,0.5,0.01172723911905733,0.9298638701438904,1.3894344568252563,0.3964477479457855,False,20
3,5.943436881003436,3.8419999999999845,0.8179988101706299,0.00028862550924246117,0.00042148309313799244,0.5,0.015377236789253958,0.8936221599578857,1.3482739925384521,0.39164766669273376,False,21
3,6.044309074997727,3.8419999999999845,0.8179988101706299,0.00028862550924246117,0.00042148309313799244,0.5,0.0153843876957892,0.8936221599578857,1.3482739925384521,0.39164766669273376,False,21
3,6.167046880997077,3.94399999999996,0.8397599179694195,0.00029814863329405574,0.0004536644329881134,0.5,0.018432977632776314,0.9160822629928589,1.3918676376342773,0.3994024693965912,False,21
3,6.291255408003053,4.045999999999935,0.8615129642496708,0.0003072307012615633,0.0004918651035935005,0.5,0.006991944812974199,0.8703297972679138,1.2941324710845947,0.39245888590812683,False,20
3,6.392195398002514,4.045999999999935,0.8615129642496708,0.0003072307012615633,0.0004918651035935005,0.5,0.006988743236319773,0.8703297972679138,1.2941324710845947,0.39245888590812683,False,20
3,6.514781644000323,4.148000000000025,0.8832736341357531,0.00031693355352489414,0.00040014767885852506,0.5,0.010123166854810108,0.9269596338272095,1.4186761379241943,0.46943148970603943,False,20
3,6.638341106001462,4.25,0.9050345166376113,0.00032615267132947684,0.0004233368253083008,0.5,0.014819434713941251,0.9422608613967896,1.406407356262207,0.5063951015472412,False,21
3,6.739150480003445,4.25,0.9050345166376113,0.00032615267132947684,0.0004233368253083008,0.5,0.014821611797394956,0.9422608613967896,1.406407356262207,0.5063951015472412,False,21
3,6.867087243001151,4.351999999999975,0.9267955953543802,0.0003362277335582106,0.0004602519495484853,0.5,0.016280395962796994,0.9133101105690002,1.3744380474090576,0.3876354396343231,False,21
3,6.9927199209996616,4.453999999999951,0.9485566327348234,0.0003460773621078552,0.00047753113491269,0.5,0.017288450744340017,0.9140928387641907,1.3579844236373901,0.3878035843372345,False,21
3,7.098954997003602,4.487999999999943,0.9558103195900375,0.0003493658578547056,0.0004866418897392143,0.5,0.01731336323639005,0.9140928387641907,1.3579844236373901,0.3878035843372345,False,21
3,7.217830095003592,4.555999999999926,0.9703176683215913,0.00035621147780544955,0.0004923539425942994,0.5,0.011257889527021595,0.916862964630127,1.36721670627594,0.3859136402606964,False,19
3,7.34349562600255,4.6580000000000155,0.992078454561083,0.00036588208871072306,0.0004470026300255758,0.5,0.008570700857720116,0.897489070892334,1.3555020093917847,0.38279250264167786,False,20
3,7.450537308999628,4.6580000000000155,0.992078454561083,0.00036588208871072306,0.0004470026300255758,0.5,0.008558319967664856,0.897489070892334,1.2792518138885498,0.38279250264167786,False,20
3,7.570796902997245,4.759999999999991,1.0138390649226368,0.00037469383713078705,0.000377592307049569,0.5,0.0009966245459458712,0.8741925358772278,1.2792518138885498,0.3252829611301422,False,21
3,7.695349449000787,4.861999999999966,1.0355996735918722,0.0003827963830036672,0.0003768811323346655,0.5,0.002237303666637099,0.8976225256919861,1.350219964981079,0.38254740834236145,False,21
3,7.797799521998968,4.861999999999966,1.0355996735918722,0.0003827963830036672,0.0003768811323346655,0.5,0.0022510286076295716,0.8976225256919861,1.359206199645996,0.38254740834236145,False,21
3,7.937957558002381,4.92999999999995,1.0501067804508635,0.00038827794740756063,0.00037851495741026575,0.5,0.00401764541626369,0.9122293591499329,1.359206199645996,0.31855645775794983,False,21
3,8.061272523002117,5.031999999999925,1.0718675023860527,0.0003968024505705951,0.00039216583979103634,0.5,0.003525771922455749,0.8994576334953308,1.3232237100601196,0.3177706003189087,False,21
3,8.182088225999905,5.1340000000000146,1.0936281792250284,0.0004052525719951136,0.00038873528898530636,0.5,0.004414178955284117,0.9072672724723816,1.3314645290374756,0.3110292851924896,False,21
3,8.283393865000107,5.1340000000000146,1.0936281792250284,0.0004052525719951136,0.00038873528898530636,0.5,0.0044548979939242105,0.9072672724723816,1.3314645290374756,0.3110292851924896,False,21
3,8.405866296001477,5.23599999999999,1.1153888950972897,0.00041386638524784966,0.000395902246043048,0.5,0.000512807322053279,0.9139481782913208,1.3213797807693481,0.31021350622177124,False,21
3,8.530954586000007,5.337999999999965,1.1371494427929056,0.00042183145714060034,0.0003661819279740519,0.5,0.0031507830603644585,0.930419385433197,1.3932604789733887,0.31663778424263,False,20
3,8.631775326000934,5.337999999999965,1.1371494427929056,0.00042183145714060034,0.0003661819279740519,0.5,0.0031768412499615685,0.930419385433197,1.3932604789733887,0.31663778424263,False,20
3,8.752665767002327,5.439999999999941,1.1589101453331996,0.00043024297633629106,0.00038620536998345396,0.5,0.0019905712086717266,0.9288746118545532,1.3968027830123901,0.3811928331851959,False,20
3,8.87583808600175,5.541999999999916,1.180670762729331,0.0004384527640814495,0.00037735817864638707,0.5,0.0017972828214331828,0.9326781034469604,1.4121750593185425,0.37241098284721375,False,20
3,8.976524846002576,5.541999999999916,1.180670762729331,0.0004384527640814495,0.00037735817864638707,0.5,0.00178473154824863,0.9326781034469604,1.4121750593185425,0.37241098284721375,False,20
3,9.103051102996687,5.6440000000000055,1.2024313907197246,0.0004466249263922073,0.000375704139643628,0.5,0.0023674985217882268,0.9216005206108093,1.3801912069320679,0.38232484459877014,False,21
3,9.22644323699933,5.745999999999981,1.2241920480726611,0.00045489005448965693,0.00038007046598997494,0.5,-0.0049672317049290395,0.8825703859329224,1.322463035583496,0.31917038559913635,False,21
3,9.330656236998038,5.779999999999973,1.2314454647135342,0.00045721963724386263,0.00033314712524512043,0.5,-0.005001392547208339,0.8825703859329224,1.322463035583496,0.31917038559913635,False,21
3,9.449710628003231,5.847999999999956,1.2459524215739513,0.00046193054499481576,0.00032445364620386645,0.5,-0.004723699483458532,0.9097073674201965,1.3579524755477905,0.4044634997844696,False,21
3,9.575577420000627,5.949999999999932,1.2677129163213259,0.00046902307392146026,0.000326157195785571,0.5,-0.002452444970692452,0.946100115776062,1.419950008392334,0.5247282981872559,False,21
3,9.676687350001885,5.949999999999932,1.2677129163213259,0.00046902307392146026,0.000326157195785571,0.5,-0.0024760238807629083,0.946100115776062,1.419950008392334,0.5247282981872559,False,21
3,9.805818474997068,6.052000000000021,1.2894734936753596,0.00047649060790837955,0.00034293688505162163,0.5,0.001568551616361628,0.9206109642982483,1.4102052450180054,0.5182435512542725,False,19
3,9.931476705001842,6.153999999999996,1.3112341896890014,0.00048463282247012085,0.0003736797832260867,0.5,0.007763792521280867,0.9476251006126404,1.4065881967544556,0.42896661162376404,False,21
3,10.03520683899842,6.187999999999988,1.3184878480336537,0.00048770615093018433,0.0004136932913215387,0.5,0.007775319471812138,0.9476251006126404,1.4065881967544556,0.42896661162376404,False,21
3,10.154199999000411,6.255999999999972,1.3329950578617524,0.0004938080465476173,0.0004209505121080259,0.5,0.008037839879074549,0.9368332624435425,1.4012434482574463,0.47432008385658264,False,21
3,10.279857613000786,6.357999999999947,1.3547558403888558,0.0005030273673152222,0.00042341544578797604,0.5,0.013449372155682038,0.9464766979217529,1.4305670261383057,0.5341360569000244,False,20
3,10.3864499850024,6.357999999999947,1.3547558403888558,0.0005030273673152222,0.00042341544578797604,0.5,0.013458366435774418,0.9464766979217529,1.418349266052246,0.5341360569000244,False,20
3,10.5059106339977,6.459999999999923,1.3765167982617332,0.0005131909094961088,0.0004645281779691211,0.5,0.013300812261735153,0.9616106748580933,1.418349266052246,0.5237046480178833,False,20
3,10.634017270000186,6.562000000000012,1.3982776631489404,0.0005232921337958533,0.0004646542866928301,0.5,0.01738361848754735,0.9519530534744263,1.4101067781448364,0.4338136613368988,False,21
3,10.74353401800181,6.562000000000012,1.3982776631489404,0.0005232921337958533,0.0004646542866928301,0.5,0.01739105907845868,0.9519530534744263,1.415000319480896,0.4338136613368988,False,21
3,10.878900900999724,6.6299999999999955,1.4127824541712701,0.0005292396957263191,0.0005063921960356438,0.5,0.016944005312215724,0.9489883184432983,1.415000319480896,0.5214288234710693,False,21
3,11.005784904002212,6.731999999999971,1.43454077965194,0.0005404842770174466,0.0005105705957717169,0.5,0.01574944544852602,0.9267928600311279,1.35540771484375,0.40588369965553284,False,21
3,11.134214789002726,6.833999999999946,1.4563017072077244,0.00055163576197389,0.0004978512771165527,0.5,0.017126603579702224,0.9177126884460449,1.3552131652832031,0.40479376912117004,False,21
3,11.235009477000858,6.833999999999946,1.4563017072077244,0.00055163576197389,0.0004978512771165527,0.5,0.017145679799178325,0.9177126884460449,1.3552131652832031,0.40479376912117004,False,21
3,11.362966248001612,6.935999999999922,1.4780627568144344,0.0005627931550727683,0.0005148056982641191,0.5,0.016541458926975238,0.9385662078857422,1.377327799797058,0.41774383187294006,False,20
3,11.487781616997381,7.038000000000011,1.4998237554785645,0.0005738823768647516,0.0005119609747892062,0.5,0.01610439494103027,0.9101482629776001,1.3322442770004272,0.40251246094703674,False,21
3,11.588743671003613,7.038000000000011,1.4998237554785645,0.0005738823768647516,0.0005119609747892062,0.5,0.016117273818498562,0.9101482629776001,1.3322442770004272,0.40251246094703674,False,21
3,11.713427053997293,7.139999999999986,1.5215847485756442,0.0005848901219492039,0.0005103045658232172,0.5,0.01494566771924313,0.8974571228027344,1.3212636709213257,0.4057166874408722,False,19
3,11.833895718998974,7.241999999999962,1.5433456544129827,0.0005957962592099982,0.0005021703094336373,0.5,0.012675085831301952,0.8942899107933044,1.325141191482544,0.4051770865917206,False,21
3,11.934714324001106,7.241999999999962,1.5433456544129827,0.0005957962592099982,0.0005021703094336373,0.5,0.01270718789104277,0.8942899107933044,1.325141191482544,0.4051770865917206,False,21
3,12.058614340996428,7.343999999999937,1.5651064050366057,0.0006063506276631802,0.00048555273242374924,0.5,0.011203266614719896,0.9101384282112122,1.351902961730957,0.4041009247303009,False,21
3,12.185411434998969,7.446000000000026,1.5868671514735573,0.0006166684670581924,0.000474537576247722,0.5,0.012677355650363929,0.9516058564186096,1.415096640586853,0.5277036428451538,False,21
3,12.286171728999761,7.446000000000026,1.5868671514735573,0.0006166684670581924,0.000474537576247722,0.5,0.012690466527378787,0.9516058564186096,1.415096640586853,0.5277036428451538,False,21
3,12.410734933997446,7.548000000000002,1.608627963113564,0.0006272322368516858,0.00048589940152274477,0.5,0.013498819004144425,0.9477938413619995,1.3895593881607056,0.4068247973918915,False,21
3,12.538448633997177,7.649999999999977,1.6303887748000265,0.0006379339825462116,0.0004923729712782668,0.5,0.01544749395382821,0.9348624348640442,1.381866216659546,0.46346089243888855,False,20
3,12.63868051800091,7.649999999999977,1.6303887748000265,0.0006379339825462116,0.0004923729712782668,0.5,0.01545723858828834,0.9348624348640442,1.381866216659546,0.46346089243888855,False,20
3,12.764210062996426,7.751999999999953,1.6521496060813923,0.0006488963440257283,0.0005179483722052889,0.5,0.017193843868215396,0.9214754700660706,1.3463900089263916,0.41034212708473206,False,21
3,12.888645947998157,7.853999999999928,1.6739095021856663,0.0006603088383009486,0.0005557531045935221,0.5,0.012570869224928128,0.90330570936203,1.3128637075424194,0.3335530459880829,False,20
3,12.99478490200272,7.88799999999992,1.681162990244088,0.0006646391062950592,0.0005207140331588407,0.5,0.012568086814052568,0.90330570936203,1.3128637075424194,0.3335530459880829,False,20
3,13.113287811996997,7.956000000000017,1.6956701648884178,0.0006721113808541431,0.0005147857725105135,0.5,0.01478466834185642,0.9026684761047363,1.3275071382522583,0.32015809416770935,False,21
3,13.242864382002153,8.057999999999993,1.7174311273280176,0.0006837009919783545,0.0005320571040874347,0.5,0.015040463181226451,0.896413266658783,1.3270155191421509,0.3224371671676636,False,21
3,13.350451646001602,8.057999999999993,1.7174311273280176,0.0006837009919783545,0.0005320571040874347,0.5,0.01506510238178616,0.896413266658783,1.3283421993255615,0.3224371671676636,False,21
3,13.469625120000273,8.159999999999968,1.739192058928066,0.0006953126129564456,0.0005325169859831869,0.5,0.014803263024222064,0.8960618376731873,1.3283421993255615,0.3179428279399872,False,21
3,13.595242640003562,8.261999999999944,1.7609529538954496,0.0007067797552575877,0.0005383979932497381,0.5,0.015397858873935947,0.9310747981071472,1.3913990259170532,0.4533650577068329,False,20
3,13.700330163999752,8.261999999999944,1.7609529538954496,0.0007067797552575877,0.0005383979932497381,0.5,0.015403615593699765,0.9310747981071472,1.3820122480392456,0.4533650577068329,False,20
3,13.839154989000235,8.329999999999927,1.775460230790386,0.000714441983106486,0.0005420591789698747,0.5,0.01777827852701976,0.9374047517776489,1.3820122480392456,0.44557681679725647,False,20
3,13.966297143000702,8.432000000000016,1.7972160028022546,0.000726187776736392,0.0005806179687007971,0.5,0.018580713547430665,0.9457646608352661,1.4051843881607056,0.43778929114341736,False,20
3,14.092750222000177,8.533999999999992,1.818970539318688,0.0007391161834324428,0.0005978908596898849,0.5,0.020737309880694606,0.9528104066848755,1.4144560098648071,0.5014337301254272,False,19
3,14.193815421996987,8.533999999999992,1.818970539318688,0.0007391161834324428,0.0005978908596898849,0.5,0.02070226988403034,0.9528104066848755,1.4144560098648071,0.5014337301254272,False,19
3,14.322924614003568,8.635999999999967,1.8407182408956555,0.0007500261425269609,0.0006401906065089131,0.5,0.024837856485795815,0.959112823009491,1.4136396646499634,0.5332392454147339,False,21
3,14.45042210399697,8.737999999999943,1.862474781692737,0.0007607960688673698,0.0007057348432957268,0.5,0.025409841692588014,0.9369364380836487,1.3758646249771118,0.45609065890312195,False,21
3,14.551200358997448,8.737999999999943,1.862474781692737,0.0007607960688673698,0.0007057348432957268,0.5,0.025409901545877144,0.9369364380836487,1.3758646249771118,0.45609065890312195,False,21
3,14.677626611002779,8.839999999999918,1.8842139619355818,0.0007810664838565109,0.000766279434682549,0.5,0.026207937133809377,0.9222582578659058,1.3570747375488281,0.41400429606437683,False,21
3,14.808039306000865,8.942000000000007,1.9059407981033714,0.0007988829752325378,0.0008057406421745637,0.5,0.024862225148191898,0.9157597422599792,1.347825527191162,0.40597614645957947,False,21
3,14.90911215000233,8.942000000000007,1.9059407981033714,0.0007988829752325378,0.0008057406421745637,0.5,0.024880951296948856,0.9157597422599792,1.347825527191162,0.40597614645957947,False,21
3,15.034291377000045,9.043999999999983,1.9276694998491284,0.0008151894244961295,0.000824741103450714,0.5,0.025192665267515818,0.9193383455276489,1.350579023361206,0.40900561213493347,False,21
3,15.16176465099852,9.145999999999958,1.949400967591749,0.0008331546284553644,0.000856005359996467,0.5,0.0247935137505975,0.9126517176628113,1.3466368913650513,0.40066608786582947,False,19
3,15.26268566500221,9.145999999999958,1.949400967591749,0.0008331546284553644,0.000856005359996467,0.5,0.024826022189525187,0.9126517176628113,1.3466368913650513,0.40066608786582947,False,19
3,15.389492025999061,9.247999999999934,1.9711337029251041,0.0008514848471434638,0.0008829472201854423,0.5,0.02353523124723239,0.8979917168617249,1.3222116231918335,0.40224626660346985,False,21
3,15.516799063996586,9.350000000000023,1.9928685057769882,0.0008697345151081104,0.0009007078986640862,0.5,0.024612779090472738,0.9061924815177917,1.326661467552185,0.40049561858177185,False,21
3,15.617812671000138,9.350000000000023,1.9928685057769882,0.0008697345151081104,0.0009007078986640862,0.5,0.024653432538620092,0.9061924815177917,1.326661467552185,0.40049561858177185,False,21
3,15.747791570000118,9.451999999999998,2.014603230250475,0.0008900050937245225,0.0009402453248296466,0.5,0.024834151295355794,0.9011421203613281,1.3527941703796387,0.40351030230522156,False,21
3,15.875765522003348,9.553999999999974,2.0363357794046086,0.0009110157227150502,0.0009732596420240614,0.5,0.02405380322283923,0.9343875646591187,1.4023405313491821,0.5286990404129028,False,21
3,15.983017721999204,9.587999999999965,2.0435796098335453,0.0009179074050987105,0.0009792189478436764,0.5,0.024066378019676656,0.9343875646591187,1.4023405313491821,0.5286990404129028,False,21
3,16.10137013399799,9.655999999999949,2.058067746831843,0.0009320869344275115,0.000996804582950727,0.5,0.02250294352897836,0.9101279377937317,1.3372782468795776,0.4036600887775421,False,21
3,16.231281872002,9.757999999999925,2.0798050408350517,0.0009526928102430138,0.0010063874546957854,0.5,0.021389632343888316,0.9182693958282471,1.3473061323165894,0.41061636805534363,False,20
3,16.33759385900339,9.791999999999916,2.0870528799492134,0.0009592640575075357,0.0010058318919028287,0.5,0.021368614951867048,0.9182693958282471,1.3473061323165894,0.41061636805534363,False,20
3,16.45607860099699,9.860000000000014,2.1015490979579825,0.0009731564816228327,0.001011304945377022,0.5,0.020652474473061226,0.9176681041717529,1.361034631729126,0.40227487683296204,False,21
3,16.58447092300048,9.961999999999989,2.1232948607744393,0.0009932115203141769,0.0010359702970943623,0.5,0.022913509123380683,0.9486907720565796,1.3958210945129395,0.5026751756668091,False,21
3,16.69418405200122,9.995999999999981,2.1305453009289232,0.000999857225948514,0.0010471962477259734,0.5,0.022893106403342252,0.9486907720565796,1.3958210945129395,0.5026751756668091,False,21
3,16.829306279003504,10.029999999999973,2.137795315779019,0.0010068504017179223,0.001056550880308272,0.5,0.02000185417901141,0.909164547920227,1.350282907485962,0.4024127423763275,False,21
3,16.95654769900284,10.131999999999948,2.1595406364444303,0.0010291505189048847,0.0010565902105847222,0.5,0.01695811513932244,0.9053552746772766,1.3460081815719604,0.4024992883205414,False,21
3,17.082237588998396,10.233999999999924,2.181287735604243,0.0010515481212382887,0.0010408446718911278,0.5,0.013901578531594828,0.8949448466300964,1.3365236520767212,0.3818758428096771,False,21
3,17.183098369998334,10.233999999999924,2.181287735604243,0.0010515481212382887,0.0010408446718911278,0.5,0.01385851930897224,0.8949448466300964,1.3365236520767212,0.3818758428096771,False,21
3,17.30980011900101,10.336000000000013,2.2030477251736325,0.001074959160783399,0.0010165560753605525,0.5,0.016299485205386315,0.9359654784202576,1.3828809261322021,0.43821200728416443,False,20
3,17.43433516100049,10.437999999999988,2.2248078594389136,0.001096452242426022,0.001050715843711831,0.5,0.018706881652768795,0.9462836980819702,1.3959625959396362,0.46845629811286926,False,20
3,17.535063324001385,10.437999999999988,2.2248078594389136,0.001096452242426022,0.001050715843711831,0.5,0.018705106980506744,0.9462836980819702,1.3959625959396362,0.46845629811286926,False,20
3,17.659789545999956,10.539999999999964,2.2465612764630287,0.0011192771335540273,0.0010763497683831964,0.5,0.017341375033057254,0.9299668669700623,1.383838415145874,0.44535598158836365,False,21
3,17.78964443300356,10.641999999999939,2.2683214938100167,0.0011431709055335323,0.0010654203574257,0.5,0.01852848482885477,0.9219192266464233,1.359147310256958,0.3511897027492523,False,20
3,17.890404844998557,10.641999999999939,2.2683214938100167,0.0011431709055335323,0.0010654203574257,0.5,0.01852960705792049,0.9219192266464233,1.359147310256958,0.3511897027492523,False,20
3,18.01723594399664,10.744000000000028,2.290082300186388,0.0011666640079905685,0.0010843994478647674,0.5,0.01747642882672701,0.9149851202964783,1.3562971353530884,0.3452935516834259,False,21
3,18.144729482999537,10.846000000000004,2.3118432688030572,0.0011901263951937487,0.0010781644997638362,0.5,0.015225815515221315,0.8958549499511719,1.3341585397720337,0.33431968092918396,False,21
3,18.24580019900168,10.846000000000004,2.3118432688030572,0.0011901263951937487,0.0010781644997638362,0.5,0.015197274667496055,0.8958549499511719,1.3341585397720337,0.33431968092918396,False,21
3,18.37106786700315,10.947999999999979,2.333604207399028,0.0012132279595145601,0.0010614080195401057,0.5,0.014375920993606297,0.9067853093147278,1.3578935861587524,0.3372023105621338,False,20
3,18.49734011200053,11.049999999999955,2.3553651482504923,0.0012362001518353236,0.001055470602573385,0.5,0.013134420726653113,0.9077585935592651,1.3700296878814697,0.4107149541378021,False,21
3,18.598265665998042,11.049999999999955,2.3553651482504923,0.0012362001518353236,0.001055470602573385,0.5,0.013089678564682359,0.9077585935592651,1.3700296878814697,0.4107149541378021,False,21
3,18.727311659000407,11.15199999999993,2.3771259288286974,0.0012589471953713266,0.0010457843776561936,0.5,0.013861240908991119,0.9273620843887329,1.3776121139526367,0.4164193570613861,False,21
3,18.856664669001475,11.254000000000019,2.398886759961611,0.0012818410576003949,0.001051963594713995,0.5,0.010808715593987129,0.8916681408882141,1.3160966634750366,0.3993273675441742,False,20
3,18.965947190998122,11.288000000000011,2.406140311738114,0.0012892995963820503,0.0010327873557426975,0.5,0.010784590903884938,0.8916681408882141,1.3160966634750366,0.3993273675441742,False,20
3,19.08427851000306,11.355999999999995,2.42064747583699,0.0013042311484882105,0.0010293418018058294,0.5,0.013729323471820251,0.9152476191520691,1.3675973415374756,0.4227524697780609,False,20
3,19.21397022200108,11.45799999999997,2.4424083237290652,0.0013271090376525028,0.0010518900853852015,0.5,0.01613415824689775,0.9019910097122192,1.358001708984375,0.40954092144966125,False,19
3,19.324842873000307,11.491999999999962,2.449661983524763,0.0013345803825900702,0.0010702726478127012,0.5,0.016143725542989568,0.9019910097122192,1.358001708984375,0.40954092144966125,False,19
3,19.443946184001106,11.559999999999945,2.464169312276169,0.0013501808668557483,0.0010791829526899748,0.5,0.01709509459245562,0.9264262318611145,1.370341420173645,0.42523548007011414,False,21
3,19.572337994002737,11.66199999999992,2.4859303607591348,0.001374031225653706,0.0011051652687886744,0.5,0.01793286240676631,0.8863981366157532,1.3412957191467285,0.39758625626564026,False,21
3,19.680747838996467,11.66199999999992,2.4859303607591348,0.001374031225653706,0.0011051652687886744,0.5,0.01795533935883393,0.8863981366157532,1.3878191709518433,0.39758625626564026,False,21
3,19.81845763199817,11.730000000000018,2.5004376541803977,0.0013901124783497827,0.001113654477108148,0.5,0.019692543371934598,0.9224200248718262,1.3878191709518433,0.4204947054386139,False,20
3,19.945167992002098,11.831999999999994,2.522192073741861,0.0014131617000653122,0.001146989057196992,0.5,0.01996586853050916,0.903205394744873,1.3335126638412476,0.3926616609096527,False,20
3,20.07188051599951,11.933999999999969,2.543939913102764,0.0014368259756842561,0.0011635075708281678,0.5,0.019831673512247298,0.9019524455070496,1.3571710586547852,0.392451673746109,False,21
3,20.172695920999104,11.933999999999969,2.543939913102764,0.0014368259756842561,0.0011635075708281678,0.5,0.019871296171390666,0.9019524455070496,1.3571710586547852,0.392451673746109,False,21
3,20.300102121997043,12.035999999999945,2.5656865708975114,0.0014614299921956984,0.0011765312114315864,0.5,0.020315227778161176,0.9020529389381409,1.3457456827163696,0.39347854256629944,False,19
3,20.429440631000034,12.13799999999992,2.5874315368518017,0.0014860771562308318,0.0011982730990396998,0.5,0.020508065200279233,0.909923255443573,1.3683202266693115,0.3994491994380951,False,21
3,20.53026803999819,12.13799999999992,2.5874315368518017,0.0014860771562308318,0.0011982730990396998,0.5,0.020551139118113383,0.909923255443573,1.3683202266693115,0.3994491994380951,False,21
3,20.659993829001905,12.240000000000009,2.6091763275176874,0.0015113824834063394,0.0012189516671187275,0.5,0.020437135423639802,0.9004158973693848,1.343292236328125,0.3873772919178009,False,21
3,20.787844607999432,12.341999999999985,2.6309211113510287,0.001537326558723749,0.0012334364812070675,0.5,0.020827219638036135,0.9298827648162842,1.3600642681121826,0.40666672587394714,False,21
3,20.888497330000973,12.341999999999985,2.6309211113510287,0.001537326558723749,0.0012334364812070675,0.5,0.02087316475888499,0.9298827648162842,1.3600642681121826,0.40666672587394714,False,21
3,21.01992716299719,12.44399999999996,2.6526657008029755,0.0015634118394809203,0.001256479733889094,0.5,0.019337599219743304,0.9014608263969421,1.3438304662704468,0.39117923378944397,False,21
3,21.14485338600207,12.545999999999935,2.6744114978207083,0.0015903834748937536,0.001254980669804264,0.5,0.01789018173260296,0.9263924956321716,1.370261311531067,0.39562591910362244,False,20
3,21.2456117239999,12.545999999999935,2.6744114978207083,0.0015903834748937536,0.001254980669804264,0.5,0.017939899203675082,0.9263924956321716,1.370261311531067,0.39562591910362244,False,20
3,21.37325828699977,12.648000000000025,2.696166313034269,0.0016179669314553213,0.0012544291118265095,0.5,0.015772536384623722,0.9061392545700073,1.3561652898788452,0.39111611247062683,False,21
3,21.50025543799711,12.75,2.7179271890149326,0.0016454630139931844,0.001233865077291313,0.5,0.015389423847653284,0.9123247861862183,1.3823057413101196,0.3842916786670685,False,19
3,21.60098477500287,12.75,2.7179271890149326,0.0016454630139931844,0.001233865077291313,0.5,0.015440521457388235,0.9123247861862183,1.3823057413101196,0.3842916786670685,False,19
3,21.72928005400172,12.851999999999975,2.7396881575915715,0.0016722610916016976,0.0012317344268550296,0.5,0.014033790971709679,0.8981643915176392,1.3511906862258911,0.38520142436027527,False,21
3,21.85842582800251,12.95399999999995,2.7614490102734215,0.0016988188475750988,0.0012213211686374062,0.5,0.009530811826695126,0.8834627866744995,1.3238776922225952,0.30775341391563416,False,21
3,21.958516548998887,12.95399999999995,2.7614490102734215,0.0016988188475750988,0.0012213211686374062,0.5,0.009582394254834752,0.8834627866744995,1.3238776922225952,0.30775341391563416,False,21
3,22.084762325001066,13.055999999999926,2.7832096988975543,0.0017246495673718702,0.0011878823070206781,0.5,0.008963365440060817,0.8721752166748047,1.3129838705062866,0.30725061893463135,False,19
3,22.214380135999818,13.158000000000015,2.804970475232181,0.001750378498381552,0.0011832037186123583,0.5,0.005164483189316787,0.8854206800460815,1.3193429708480835,0.3093932271003723,False,20
3,22.322929875997943,13.192000000000007,2.812224000380596,0.0017587140394735726,0.001158430453712758,0.5,0.005186676002283785,0.8854206800460815,1.3193429708480835,0.3093932271003723,False,20
3,22.441386894999596,13.259999999999991,2.826731118616937,0.0017754612503367545,0.0011545539539220928,0.5,0.0016664436376723508,0.8796025514602661,1.3108856678009033,0.3072199821472168,False,21
3,22.569476374999795,13.361999999999966,2.84849147411448,0.001799237149202652,0.001042529652455563,0.5,-0.011517119340361658,0.8409059643745422,1.1950769424438477,0.3048340380191803,False,20
3,22.678311713003495,13.361999999999966,2.84849147411448,0.001799237149202652,0.001042529652455563,0.5,-0.011429776849338788,0.8810301423072815,1.1950769424438477,0.3048340380191803,False,20
3,22.817858331000025,13.42999999999995,2.862998424113603,0.0018141587198442569,0.0010278940325796641,0.5,-0.009913379015968364,0.8810301423072815,1.343608021736145,0.31219014525413513,False,21
3,22.943757104003453,13.531999999999925,2.8847589723814466,0.0018367645720680588,0.0010388129029345657,0.5,-0.01184981572834646,0.8768334984779358,1.3209718465805054,0.35558661818504333,False,19
3,23.07303982799931,13.634000000000015,2.9065194480828667,0.0018590416571823813,0.0010238365713115794,0.5,-0.004544307517376126,0.9183613657951355,1.3959462642669678,0.4999936521053314,False,21
3,23.173863816002267,13.634000000000015,2.9065194480828667,0.0018590416571823813,0.0010238365713115794,0.5,-0.0045666594350875465,0.9183613657951355,1.3959462642669678,0.4999936521053314,False,21
3,23.30295657300303,13.73599999999999,2.9282800439337695,0.0018825161439895211,0.0010787285183745388,0.5,0.0013611126208814034,0.9213507771492004,1.4075839519500732,0.4667722284793854,False,21
3,23.403278660996875,13.803999999999974,2.942787204243797,0.0018988400724256312,0.001123162130769565,0.5,0.001304150890346541,0.9234163165092468,1.3956081867218018,0.4761371910572052,False,21
3,23.5382666459991,13.837999999999965,2.9500407435940414,0.0019069921555311302,0.0011237048457142928,0.5,0.005661666893389268,0.9234163165092468,1.3956081867218018,0.4761371910572052,False,21
3,23.672911759997078,13.93999999999994,2.9718015149769186,0.001932177515579342,0.0011565178088647375,0.5,0.011689638294675023,0.9378958344459534,1.4121026992797852,0.5191042423248291,False,21
3,23.778796689002775,14.007999999999925,2.9863088005690597,0.0019496715581545753,0.0012021963067708884,0.5,0.011647372429853088,0.9360557794570923,1.4072271585464478,0.5067676305770874,False,21
3,23.913628656999208,14.041999999999916,2.9935623939803913,0.0019583955950316016,0.0012029789947146051,0.5,0.015449251340401867,0.9360557794570923,1.4072271585464478,0.5067676305770874,False,21
3,24.036615318997065,14.144000000000005,3.0153233899736676,0.00198517122926976,0.0012330803337046252,0.5,0.01801737583900854,0.9052746891975403,1.3668454885482788,0.3923899829387665,False,19
3,24.164461289998144,14.245999999999981,3.0370786013842572,0.002011753055663023,0.0012715771661277807,0.5,0.015983759131112708,0.8928505778312683,1.3507909774780273,0.38690176606178284,False,21
3,24.265246779003064,14.245999999999981,3.0370786013842572,0.002011753055663023,0.0012715771661277807,0.5,0.016003102288110825,0.8928505778312683,1.3507909774780273,0.38690176606178284,False,21
3,24.394948289998865,14.347999999999956,3.058839308614549,0.00203982453154255,0.0012538595450476344,0.5,0.01564957758818869,0.898239016532898,1.3458571434020996,0.38907596468925476,False,21
3,24.52319241600344,14.449999999999932,3.080600284626661,0.002067043529854139,0.001251602465863821,0.5,0.016902691540277077,0.8868233561515808,1.3564733266830444,0.3867116868495941,False,21
3,24.624197119999735,14.449999999999932,3.080600284626661,0.002067043529854139,0.001251602465863821,0.5,0.01693778237447713,0.8868233561515808,1.3564733266830444,0.3867116868495941,False,21
3,24.754068880996783,14.552000000000021,3.1023613189534025,0.002094440698921929,0.001268632598615653,0.5,0.012820016759904084,0.87218177318573,1.3344850540161133,0.3827166259288788,False,20
3,24.85459791700123,14.620000000000005,3.1168684754391327,0.0021123783408745806,0.0012388870384733796,0.5,0.012845137330381649,0.8823981285095215,1.313220739364624,0.38085314631462097,False,19
3,24.98921564900229,14.653999999999996,3.12412206890553,0.002121364754519487,0.0012385682577869292,0.5,0.012386594434789516,0.8823981285095215,1.313220739364624,0.38085314631462097,False,19
3,25.124962775000313,14.755999999999972,3.145882840695242,0.0021482524982643337,0.0012355845835958748,0.5,0.010419261345562593,0.8578640222549438,1.3054494857788086,0.38278982043266296,False,21
3,25.230080701003317,14.823999999999955,3.1603899792690413,0.002165964295427348,0.0012211036257666335,0.5,0.010455298102263005,0.9142574071884155,1.3999563455581665,0.5012506246566772,False,20
3,25.357220477002556,14.857999999999947,3.1676435632071134,0.0021748245937238384,0.0012211749481240695,0.5,0.014779506857492731,0.9142574071884155,1.3999563455581665,0.5012506246566772,False,20
3,25.490601447003428,14.959999999999923,3.189404500242961,0.0022019873470816528,0.0012651270879767296,0.5,0.016198224327812562,0.903213620185852,1.3604867458343506,0.38950398564338684,False,19
3,25.635169216002396,15.02800000000002,3.203911836764024,0.0022203252113296326,0.0012732027660012695,0.5,0.015579312414608859,0.8987504243850708,1.3562480211257935,0.3906331956386566,False,21
3,25.76416274299845,15.129999999999995,3.2256727666591076,0.002247940867544101,0.0012700459693288878,0.5,0.014582065078960425,0.8970518708229065,1.3150382041931152,0.3909551799297333,False,18
3,25.865217737999046,15.129999999999995,3.2256727666591076,0.002247940867544101,0.0012700459693288878,0.5,0.014604128679756056,0.8970518708229065,1.3150382041931152,0.3909551799297333,False,18
3,25.992073494002398,15.231999999999971,3.247433560448993,0.0022753932148105956,0.0012629292602603524,0.5,0.018046346093376495,0.8973102569580078,1.3553853034973145,0.3929762542247772,False,21
3,26.119464549999975,15.333999999999946,3.2691889443255127,0.002303197160221705,0.0013126317945590374,0.5,0.019630010858603456,0.9042955040931702,1.34499192237854,0.39362451434135437,False,21
3,26.22025405000022,15.333999999999946,3.2691889443255127,0.002303197160221705,0.0013126317945590374,0.5,0.01966389846693693,0.9042955040931702,1.34499192237854,0.39362451434135437,False,21
3,26.34916407599667,15.435999999999922,3.290939421913337,0.002331703931276081,0.0013368132886566494,0.5,0.02040328194493024,0.914825439453125,1.3912394046783447,0.41376569867134094,False,21
3,26.480231742003525,15.538000000000011,3.3126859520545358,0.002359512084394733,0.0013594128286746768,0.5,0.020437231876071837,0.9310876727104187,1.3683488368988037,0.4325582683086395,False,20
3,26.58122842600278,15.538000000000011,3.3126859520545358,0.002359512084394733,0.0013594128286746768,0.5,0.020475918827414067,0.9310876727104187,1.3683488368988037,0.4325582683086395,False,20
3,26.708348020001722,15.639999999999986,3.334430700450791,0.002388215761412087,0.0013770912229316683,0.5,0.01774159112656836,0.9385979175567627,1.409120798110962,0.49845704436302185,False,21
3,26.837307458001305,15.741999999999962,3.356182343758469,0.0024182117682696406,0.0013677416268538932,0.5,0.019421353002123512,0.9274414777755737,1.4028353691101074,0.4767293632030487,False,21
3,26.938081380998483,15.741999999999962,3.356182343758469,0.0024182117682696406,0.0013677416268538932,0.5,0.019443983479841845,0.9274414777755737,1.4028353691101074,0.4767293632030487,False,21
3,27.065842064999742,15.843999999999937,3.377932894338363,0.0024474373009995155,0.0013892047450019182,0.5,0.020297288290600565,0.9037843346595764,1.3437998294830322,0.32932141423225403,False,21
3,27.193843490997097,15.946000000000026,3.3996787711504237,0.0024763648201983333,0.0014147378167227228,0.5,0.020678933712387722,0.9102743864059448,1.364389181137085,0.32197263836860657,False,21
3,27.294615541002713,15.946000000000026,3.3996787711504237,0.0024763648201983333,0.0014147378167227228,0.5,0.020710835041276684,0.9102743864059448,1.364389181137085,0.32197263836860657,False,21
3,27.422790541000722,16.048000000000002,3.4214234934881858,0.0025063123183273954,0.001438877685395548,0.5,0.01839264825737416,0.8806154131889343,1.334653615951538,0.3150048851966858,False,20
3,27.551384145001066,16.149999999999977,3.4431714914316127,0.0025373707896656733,0.001432073699128532,0.5,0.01461437543455944,0.8935003876686096,1.3070294857025146,0.3146009147167206,False,21
3,27.65254377800011,16.149999999999977,3.4431714914316127,0.0025373707896656733,0.001432073699128532,0.5,0.014632720739430002,0.8935003876686096,1.3070294857025146,0.3146009147167206,False,21
3,27.779715661999944,16.251999999999953,3.4649321306751864,0.002569020162615391,0.0014009443391055224,0.5,0.01710359110574285,0.8949767351150513,1.351098895072937,0.314667671918869,False,20
3,27.906244705001882,16.353999999999928,3.4866931778826364,0.002599610959584877,0.0014250496439934797,0.5,0.018000833602098528,0.9103848338127136,1.3519786596298218,0.3229791820049286,False,21
3,28.012281932002224,16.38799999999992,3.493946839032529,0.00261001507196735,0.0014349352270119594,0.5,0.018032919731923218,0.9103848338127136,1.3519786596298218,0.3229791820049286,False,21
3,28.131140637997305,16.456000000000017,3.508454105205748,0.0026308760515492005,0.0014433952167006543,0.5,0.0196409413849212,0.9159117937088013,1.3793613910675049,0.36195531487464905,False,21
3,28.257340789998125,16.557999999999993,3.530208919116711,0.002661047568746307,0.0014752752618857376,0.5,0.01983814031591137,0.9201284050941467,1.3646374940872192,0.3846556842327118,False,21
3,28.364575526997214,16.557999999999993,3.530208919116711,0.002661047568746307,0.0014752752618857376,0.5,0.019875902880100382,0.9201284050941467,1.3668467998504639,0.3846556842327118,False,21
3,28.48520210100105,16.659999999999968,3.551959330560695,0.002692557994211766,0.0014778016184976495,0.5,0.01769397830540726,0.9110604524612427,1.3668467998504639,0.3759293258190155,False,21
3,28.632051184002194,16.727999999999952,3.5664643220052246,0.002714015348659147,0.0014809432309528827,0.5,0.016418773135540694,0.9239503741264343,1.3909199237823486,0.39855238795280457,False,21
3,28.759415332999197,16.829999999999927,3.5882248862586446,0.002746465479721098,0.0014689788146940443,0.5,0.018373676583202245,0.913485586643219,1.3735976219177246,0.40268179774284363,False,21
3,28.8601733339965,16.829999999999927,3.5882248862586446,0.002746465479721098,0.0014689788146940443,0.5,0.018382245248610513,0.913485586643219,1.3735976219177246,0.40268179774284363,False,21
3,28.988883343001362,16.932000000000016,3.609985664886112,0.0027788341083512485,0.0014921318198331942,0.5,0.019239012158215642,0.9097634553909302,1.3604488372802734,0.39542457461357117,False,21
3,29.114101478997327,17.033999999999992,3.6317465237485136,0.0028114165080851414,0.001510452950487039,0.5,0.019630614041215147,0.9137462377548218,1.3828084468841553,0.39366933703422546,False,20
3,29.214871805997973,17.033999999999992,3.6317465237485136,0.0028114165080851414,0.001510452950487039,0.5,0.019602603693482493,0.9137462377548218,1.3828084468841553,0.39366933703422546,False,20
3,29.3439695699999,17.135999999999967,3.653507533169411,0.002844020841055482,0.0015261389856163403,0.5,0.02411311009407148,0.9282495379447937,1.3858745098114014,0.4375917613506317,False,21
3,29.444748438996612,17.20399999999995,3.668013839281763,0.0028614398928098945,0.0015876362951074137,0.5,0.024083356929820575,0.9313678741455078,1.3917871713638306,0.47244831919670105,False,21
3,29.579752348996408,17.237999999999943,3.675267332035034,0.0028720239682157042,0.0015993739025037578,0.5,0.02905198770106188,0.9313678741455078,1.3917871713638306,0.47244831919670105,False,21
3,29.706659570998454,17.339999999999918,3.6970156572167556,0.0029096906813926406,0.0016937327576293333,0.5,0.03228170708310228,0.9446055889129639,1.4061940908432007,0.511109471321106,False,21
3,29.80745972099976,17.408000000000015,3.7115105700546067,0.0029353936624937115,0.0017625583461943145,0.5,0.032274788177442594,0.9507051110267639,1.4074461460113525,0.5085742473602295,False,20
3,29.94246892299998,17.442000000000007,3.71875708207157,0.0029484799397654538,0.0017874569825313594,0.5,0.03244700395504828,0.9507051110267639,1.4074461460113525,0.5085742473602295,False,20
3,30.070178886002395,17.543999999999983,3.740491230437688,0.002989637520394151,0.0018606964312825813,0.5,0.03131355411417861,0.9461146593093872,1.405501365661621,0.4933696687221527,False,20
3,30.19830686399655,17.645999999999958,3.762214371013715,0.0030316875483592767,0.0019046042907166073,0.5,0.02796792455750306,0.9365468621253967,1.398876428604126,0.4912959635257721,False,20
3,30.299194972001715,17.645999999999958,3.762214371013715,0.0030316875483592767,0.0019046042907166073,0.5,0.027965006539850457,0.9365468621253967,1.398876428604126,0.4912959635257721,False,20
3,30.426142602002074,17.747999999999934,3.7839361638871707,0.003071522500956282,0.0019097877167311738,0.5,0.026052014412138367,0.9441493153572083,1.3949373960494995,0.3921680152416229,False,21
3,30.553535291997832,17.850000000000023,3.8056581403346197,0.003112021101994469,0.001921969159837768,0.5,0.02796436743127194,0.9271540641784668,1.349205732345581,0.3262335956096649,False,21
3,30.654387586997473,17.850000000000023,3.8056581403346197,0.003112021101994469,0.001921969159837768,0.5,0.02796156355247897,0.9271540641784668,1.349205732345581,0.3262335956096649,False,21
3,30.78821979899658,17.951999999999998,3.8273827329000296,0.0031546771538903022,0.001964608519503686,0.5,0.02867109555447255,0.9376872777938843,1.3578523397445679,0.33168575167655945,False,21
3,30.91331075999915,18.053999999999974,3.849107438879951,0.0031984212804046014,0.0020086530565009155,0.5,0.02856467279196262,0.9260511994361877,1.360706090927124,0.3106326758861542,False,21
3,31.014168130001053,18.053999999999974,3.849107438879951,0.0031984212804046014,0.0020086530565009155,0.5,0.028577926300619887,0.9260511994361877,1.360706090927124,0.3106326758861542,False,21
3,31.142497494001873,18.15599999999995,3.8708315396792026,0.00324284195289364,0.00204736598434928,0.5,0.028614456073024944,0.9212185144424438,1.3344979286193848,0.3184657394886017,False,21
3,31.268525284001953,18.257999999999925,3.8925555435780526,0.0032880635204249418,0.0020853915316782524,0.5,0.02810049954200976,0.9383803009986877,1.374847650527954,0.3854726254940033,False,21
3,31.375351305003278,18.257999999999925,3.8925555435780526,0.0032880635204249418,0.0020853915316782524,0.5,0.028125490961965195,0.9383803009986877,1.3620893955230713,0.3854726254940033,False,21
3,31.497124939996866,18.360000000000014,3.914279470202256,0.003333662060309182,0.0021160458052570923,0.5,0.028136598970608457,0.9448850750923157,1.3620893955230713,0.3155822455883026,False,21
3,31.624643761999323,18.46199999999999,3.9360036387966266,0.0033796240271443795,0.0021400237476017613,0.5,0.026316211286050772,0.9235795140266418,1.3668336868286133,0.32068198919296265,False,20
3,31.730764849999105,18.46199999999999,3.9360036387966266,0.0033796240271443795,0.0021400237476017613,0.5,0.02632381415895323,0.9235795140266418,1.3827685117721558,0.32068198919296265,False,20
3,31.872309001002577,18.529999999999973,3.9504874452959364,0.0034101564486801526,0.0021569149862415127,0.5,0.025039459474931008,0.9476318359375,1.3827685117721558,0.395994633436203,False,21
3,32.00060512700293,18.631999999999948,3.97221594842573,0.0034563837660842975,0.002178915234709241,0.5,0.026750010570233223,0.9422097206115723,1.3613640069961548,0.3220762312412262,False,20
3,32.128448611998465,18.733999999999924,3.9939457009686716,0.0035045977973434473,0.002221396614253153,0.5,0.025887219205898863,0.9480233192443848,1.382841944694519,0.409752756357193,False,20
3,32.229258058003325,18.733999999999924,3.9939457009686716,0.0035045977973434473,0.002221396614253153,0.5,0.025863486224342938,0.9480233192443848,1.382841944694519,0.409752756357193,False,20
3,32.35563748399727,18.836000000000013,4.015674683416565,0.003552858402688744,0.0022479860653771243,0.5,0.02680287538011455,0.9507657885551453,1.3844575881958008,0.4115665853023529,False,21
3,32.48232434599777,18.937999999999988,4.037403248855001,0.003602518918300393,0.002287699930547084,0.5,0.027919418413776716,0.9434422850608826,1.371950387954712,0.409189909696579,False,20
3,32.58317184400221,18.937999999999988,4.037403248855001,0.003602518918300393,0.002287699930547084,0.5,0.027921920186554126,0.9434422850608826,1.371950387954712,0.409189909696579,False,20
3,32.7102212969985,19.039999999999964,4.0591290483237925,0.0036532393030249306,0.0023326924247473037,0.5,0.02794905117103536,0.9183194041252136,1.3562322854995728,0.40171781182289124,False,21
3,32.8391460290004,19.14199999999994,4.08085376799355,0.003704661740640488,0.0023699019873943787,0.5,0.028557396234805882,0.939925491809845,1.3709386587142944,0.437956839799881,False,19
3,32.94001977299922,19.14199999999994,4.08085376799355,0.003704661740640488,0.0023699019873943787,0.5,0.028575790737383613,0.939925491809845,1.3709386587142944,0.437956839799881,False,19
3,33.067590657003166,19.244000000000028,4.102578543596463,0.003757038204076527,0.002413655444309422,0.5,0.029879369762431225,0.9409117698669434,1.3947809934616089,0.5112994909286499,False,21
3,33.194573587003106,19.346000000000004,4.124302433402203,0.003811880828278966,0.0024850979823286233,0.5,0.028085211101449754,0.9460424780845642,1.3827080726623535,0.44079527258872986,False,20
3,33.29552022799908,19.346000000000004,4.124302433402203,0.003811880828278966,0.0024850979823286233,0.5,0.028077402002536007,0.9460424780845642,1.3827080726623535,0.44079527258872986,False,20
3,33.42767666400323,19.44799999999998,4.146026141195748,0.0038644279561700166,0.0024959895591703664,0.5,0.028729033856282907,0.9419042468070984,1.3920729160308838,0.5282014608383179,False,21
3,33.554762879997725,19.549999999999955,4.167751372518288,0.0039192048346091786,0.0025336264174714057,0.5,0.029661606676219542,0.9573500752449036,1.3929225206375122,0.49234530329704285,False,21
3,33.655551504998584,19.549999999999955,4.167751372518288,0.0039192048346091786,0.0025336264174714057,0.5,0.029676099255668838,0.9573500752449036,1.3929225206375122,0.49234530329704285,False,21
3,33.780968011997174,19.65199999999993,4.189476790404761,0.003974913434028952,0.0025854271019973047,0.5,0.029424862298238562,0.9427536725997925,1.3576252460479736,0.4022296369075775,False,21
3,33.909354900002654,19.75400000000002,4.211202000884885,0.004031689881682586,0.0026231869290760435,0.5,0.029503597771835584,0.9583275318145752,1.3814831972122192,0.4885203540325165,False,20
3,34.0155942670026,19.78800000000001,4.218443711715427,0.004050818374817402,0.0026368694248936455,0.5,0.029526990207734402,0.9583275318145752,1.3814831972122192,0.4885203540325165,False,20
3,34.13474013099767,19.855999999999995,4.232927032102354,0.00408944756890632,0.002664384265920965,0.5,0.029833755961533672,0.9432721734046936,1.372370958328247,0.43752363324165344,False,19
3,34.26279822699871,19.95799999999997,4.254651693159805,0.004148282465455255,0.0027099522159094716,0.5,0.027172284246105374,0.9591496586799622,1.3942413330078125,0.508834719657898,False,21
3,34.36679996499879,19.95799999999997,4.254651693159805,0.004148282465455255,0.0027099522159094716,0.5,0.027170068889845096,0.9591496586799622,1.3219047784805298,0.508834719657898,False,21
3,34.48885696799698,20.059999999999945,4.276374763799447,0.004206006499177147,0.002705243881021548,0.5,0.023711035358038642,0.897149920463562,1.3219047784805298,0.39960625767707825,False,21
3,34.61504167500243,20.16199999999992,4.298103329582076,0.004264801582179849,0.002733663617594831,0.5,0.025904918519929387,0.9383425712585449,1.3613206148147583,0.41798385977745056,False,20
3,34.72295187800046,20.16199999999992,4.298103329582076,0.004264801582179849,0.002733663617594831,0.5,0.025894292151050456,0.9383425712585449,1.3082106113433838,0.41798385977745056,False,20
3,34.86076541499642,20.230000000000018,4.312588080370317,0.004304691340745163,0.0027562961478811193,0.5,0.024012700336336415,0.8958062529563904,1.3082106113433838,0.40221652388572693,False,19
3,34.98746602200117,20.331999999999994,4.33431888677969,0.004363657127313038,0.0027694655413477483,0.5,0.024422531734313198,0.8829761743545532,1.3072131872177124,0.3985796868801117,False,18
3,35.1121084769984,20.43399999999997,4.356050820239251,0.004424058797445342,0.0028010082659753145,0.5,0.02465634717210333,0.9445235133171082,1.3887968063354492,0.5169827938079834,False,21
3,35.21298434899654,20.43399999999997,4.356050820239251,0.004424058797445342,0.0028010082659753145,0.5,0.0246287828920374,0.9445235133171082,1.3887968063354492,0.5169827938079834,False,21
3,35.34022559499863,20.535999999999945,4.3777843947812976,0.004484843526277923,0.0028312693018616264,0.5,0.024801390630642735,0.905486524105072,1.364066481590271,0.454349547624588,False,20
3,35.46334922400274,20.63799999999992,4.399518006173584,0.004546443851258643,0.0028639137156047253,0.5,0.027187058765382046,0.9328334331512451,1.3674386739730835,0.4144614636898041,False,20
3,35.5641365679985,20.63799999999992,4.399518006173584,0.004546443851258643,0.0028639137156047253,0.5,0.02716500664979675,0.9328334331512451,1.3674386739730835,0.4144614636898041,False,20
3,35.69001571300032,20.74000000000001,4.4212505359778085,0.004610027977943975,0.002923886722743049,0.5,0.02627097060977749,0.938295841217041,1.3599014282226562,0.4032323658466339,False,18
3,35.81744343799801,20.841999999999985,4.4429777476275,0.004673403260323594,0.0029518157533302853,0.5,0.025603012074557775,0.9274170994758606,1.340140700340271,0.3974384367465973,False,20
3,35.91865895099909,20.841999999999985,4.4429777476275,0.004673403260323594,0.0029518157533302853,0.5,0.025553035112344448,0.9274170994758606,1.340140700340271,0.3974384367465973,False,20
3,36.04598959100258,20.94399999999996,4.4647046710613685,0.004737503140700971,0.002979068122576594,0.5,0.025633058072570096,0.928908109664917,1.3511275053024292,0.33649614453315735,False,21
3,36.17040634300065,21.045999999999935,4.486431698150478,0.004802680615812431,0.0030102331458230877,0.5,0.02714836804549267,0.9173206090927124,1.327345848083496,0.33351489901542664,False,21
3,36.2711742590036,21.045999999999935,4.486431698150478,0.004802680615812431,0.0030102331458230877,0.5,0.027114889216861355,0.9173206090927124,1.327345848083496,0.33351489901542664,False,21
3,36.40042103199812,21.148000000000025,4.5081571438453905,0.004869707269272766,0.003055173713733944,0.5,0.02776995753050131,0.926543653011322,1.3000785112380981,0.3236750662326813,False,21
3,36.52842486000009,21.25,4.529882546957115,0.004936434301500136,0.0030928249959803916,0.5,0.02860645451471845,0.904228687286377,1.2926511764526367,0.32735762000083923,False,21
3,36.63008141500177,21.25,4.529882546957115,0.004936434301500136,0.0030928249959803916,0.5,0.028601446863351008,0.904228687286377,1.2926511764526367,0.32735762000083923,False,21
3,36.75562920799712,21.351999999999975,4.551607877766259,0.005004189101087301,0.0031401542358327587,0.5,0.026353481606802936,0.9249884486198425,1.3104162216186523,0.31874746084213257,False,19
3,36.878728381001565,21.45399999999995,4.573333455153208,0.005071467320362248,0.0031575550638834457,0.5,0.02465556291511896,0.9285992980003357,1.3304922580718994,0.3194664418697357,False,20
3,36.98552937999921,21.487999999999943,4.580576150656791,0.005093865382005245,0.0031595052241199053,0.5,0.02461733572402118,0.9285992980003357,1.3304922580718994,0.3194664418697357,False,20
3,37.1041322059973,21.555999999999926,4.5950629161597405,0.005139157031630953,0.0031744957326705777,0.5,0.024021527953691023,0.9103912115097046,1.3235509395599365,0.409286230802536,False,21
3,37.23098145899712,21.658000000000015,4.616795317005934,0.00520869449554178,0.003210412232458403,0.5,0.026027305365315976,0.915189266204834,1.3417428731918335,0.33643460273742676,False,21
3,37.33729949899862,21.658000000000015,4.616795317005934,0.00520869449554178,0.003210412232458403,0.5,0.025989393443302103,0.915189266204834,1.3481638431549072,0.33643460273742676,False,21
3,37.45895790799841,21.75999999999999,4.638523209623873,0.005280479546652935,0.0032615347003288175,0.5,0.027629782502312523,0.9263295531272888,1.3481638431549072,0.3412533402442932,False,21
3,37.584240525000496,21.861999999999966,4.6602478984200495,0.0053511747767274725,0.0032889920030250057,0.5,0.025899666071203444,0.9190470576286316,1.3528748750686646,0.3505784571170807,False,19
3,37.69444705099886,21.861999999999966,4.6602478984200495,0.0053511747767274725,0.0032889920030250057,0.5,0.025875852422922927,0.9190470576286316,1.370210886001587,0.3505784571170807,False,19
3,37.8299619190002,21.92999999999995,4.674731000781142,0.0053986909759875835,0.003307959974042516,0.5,0.025171736329703348,0.9436118006706238,1.370210886001587,0.44112536311149597,False,19
3,37.95684827800142,22.031999999999925,4.69645849033568,0.005470360072208702,0.0033323928707347013,0.5,0.0270330801029557,0.9288780689239502,1.3555301427841187,0.42800769209861755,False,21
3,38.08393890000298,22.134000000000015,4.718184198301276,0.005544831299380181,0.003380442172240703,0.5,0.026369009138844355,0.9544580578804016,1.3812814950942993,0.51314377784729,False,21
3,38.18474028399942,22.134000000000015,4.718184198301276,0.005544831299380181,0.003380442172240703,0.5,0.026327889100620273,0.9544580578804016,1.3812814950942993,0.51314377784729,False,21
3,38.30940587900113,22.23599999999999,4.739911449460024,0.005617662185336806,0.0034043354952487223,0.5,0.02718523599669157,0.941256046295166,1.3496739864349365,0.4402495324611664,False,20
3,38.434889737996855,22.337999999999965,4.761639236832037,0.005692107376741091,0.00344537783077792,0.5,0.02908660546604814,0.9562455415725708,1.379196286201477,0.5161287784576416,False,20
3,38.53598116400099,22.337999999999965,4.761639236832037,0.005692107376741091,0.00344537783077792,0.5,0.029076077292196214,0.9562455415725708,1.379196286201477,0.5161287784576416,False,20
3,38.66530764899653,22.43999999999994,4.783366777310237,0.005767533940241585,0.0035026437084662,0.5,0.03002159432382478,0.9388225078582764,1.3680883646011353,0.4599786698818207,False,21
3,38.79377045699948,22.541999999999916,4.805091400323707,0.005846144040666204,0.0035725808935677616,0.5,0.030697059225439256,0.9474329352378845,1.3804802894592285,0.49356207251548767,False,21
3,38.89458141000068,22.541999999999916,4.805091400323707,0.005846144040666204,0.0035725808935677616,0.5,0.03070055003748704,0.9474329352378845,1.3804802894592285,0.49356207251548767,False,21
3,39.02257906500017,22.644000000000005,4.826815003699425,0.005925234330236121,0.0036321677439377933,0.5,0.03158256413974334,0.9382084608078003,1.3605530261993408,0.47763678431510925,False,20
3,39.150773815999855,22.74599999999998,4.848537830378623,0.006005994441257922,0.0036978742172325122,0.5,0.03383987277638352,0.9383535981178284,1.3482717275619507,0.3981543481349945,False,20
3,39.25150425200263,22.74599999999998,4.848537830378623,0.006005994441257922,0.0036978742172325122,0.5,0.033882667578841376,0.9383535981178284,1.3482717275619507,0.3981543481349945,False,20
3,39.37870090799697,22.847999999999956,4.870265107184686,0.006088706789878548,0.0037823471994914426,0.5,0.03466117480109189,0.9476319551467896,1.367344856262207,0.508293628692627,False,21
3,39.50721656499809,22.949999999999932,4.8919921193872336,0.0061729800710852425,0.0038548643233031208,0.5,0.03505841754983836,0.9536802172660828,1.3770554065704346,0.5142292976379395,False,21
3,39.60774548899644,22.949999999999932,4.8919921193872336,0.0061729800710852425,0.0038548643233031208,0.5,0.03511282461413968,0.9536802172660828,1.3770554065704346,0.5142292976379395,False,21
3,39.733415453003545,23.05200000000002,4.913717614645161,0.00625858442185179,0.0039260228065416585,0.5,0.035140252994322094,0.9443173408508301,1.3629131317138672,0.4819891154766083,False,21
3,39.85719092599902,23.153999999999996,4.935439623367959,0.006345376700587813,0.0039945420406542155,0.5,0.037725871107983325,0.9334408640861511,1.349053978919983,0.40387430787086487,False,21
3,39.96403434200329,23.187999999999988,4.942682487858639,0.006374087375171152,0.004036261499856726,0.5,0.03779473211868711,0.9334408640861511,1.349053978919983,0.40387430787086487,False,21
3,40.08306853399699,23.255999999999972,4.957169339589622,0.006433171198154932,0.004093848230935454,0.5,0.03479450665742315,0.9218962788581848,1.3340566158294678,0.3998176157474518,False,21
3,40.20996498000022,23.357999999999947,4.97889033767543,0.006522220368186716,0.004120391103133352,0.5,0.03194040067258299,0.9037912487983704,1.297751784324646,0.3809032738208771,False,21
3,40.31583412799955,23.357999999999947,4.97889033767543,0.006522220368186716,0.004120391103133352,0.5,0.031993200882099164,0.9037912487983704,1.3351045846939087,0.3809032738208771,False,21
3,40.4362340459993,23.459999999999923,5.000610947712143,0.006610832608931411,0.0041373238604842,0.5,0.031727992261159466,0.9350636601448059,1.3351045846939087,0.38864681124687195,False,20
3,40.56391113699647,23.562000000000012,5.022332761232514,0.00670129006007096,0.004179478155258026,0.5,0.02990107721579814,0.8930684328079224,1.2806349992752075,0.38192638754844666,False,21
3,40.66646451700217,23.562000000000012,5.022332761232514,0.00670129006007096,0.004179478155258026,0.5,0.029941901039149083,0.9020771980285645,1.2806349992752075,0.38192638754844666,False,21
3,40.80651913199836,23.629999999999995,5.03681353955943,0.006761442104231712,0.0041935232347022275,0.5,0.029401322934393955,0.9020771980285645,1.307198166847229,0.3829842507839203,False,20
3,40.934729847998824,23.73199999999997,5.058534604166503,0.006852782984028333,0.0042277509132957174,0.5,0.02371714659767295,0.8987355828285217,1.2862937450408936,0.3808090388774872,False,20
3,41.05805217399757,23.833999999999946,5.080259019692626,0.006943524461073592,0.0042140554760574205,0.5,0.023594644013926247,0.8992626667022705,1.296917200088501,0.38145479559898376,False,19
3,41.159060256002704,23.833999999999946,5.080259019692626,0.006943524461073592,0.0042140554760574205,0.5,0.023633714624079507,0.8992626667022705,1.296917200088501,0.38145479559898376,False,19
3,41.28294876399741,23.935999999999922,5.101988142748749,0.007034606546185935,0.004230713087955647,0.5,0.02455382012974722,0.9055685997009277,1.305111289024353,0.37605056166648865,False,20
3,41.41442282900243,24.03800000000001,5.123718302319891,0.007126892236143639,0.00426163364395371,0.5,0.023309411307272012,0.9328479766845703,1.3287369012832642,0.39910706877708435,False,19
3,41.51520419299777,24.03800000000001,5.123718302319891,0.007126892236143639,0.00426163364395371,0.5,0.023311640159017277,0.9328479766845703,1.3287369012832642,0.39910706877708435,False,19
3,41.64366631000303,24.139999999999986,5.1454523843620406,0.007218574628095707,0.00427487971562993,0.5,0.026863787315475732,0.9457423090934753,1.3534257411956787,0.503394365310669,False,21
3,41.7689839520026,24.241999999999962,5.1671835449649866,0.007314293174712196,0.0043461945080824575,0.5,0.0258794654607966,0.9014580249786377,1.324217438697815,0.3804325759410858,False,21
3,41.869835031997354,24.241999999999962,5.1671835449649866,0.007314293174712196,0.0043461945080824575,0.5,0.02586127359913753,0.9014580249786377,1.324217438697815,0.3804325759410858,False,21
3,41.9962086739979,24.343999999999937,5.1889125058128185,0.007407676332341248,0.0043676279654330215,0.5,0.0279889043954827,0.9417887926101685,1.357731580734253,0.49259790778160095,False,20
3,42.123168976999295,24.446000000000026,5.210641778439685,0.007503408209736775,0.004421427047965163,0.5,0.02814163688062159,0.9060913324356079,1.327815055847168,0.4398057758808136,False,20
3,42.224267937999684,24.446000000000026,5.210641778439685,0.007503408209736775,0.004421427047965163,0.5,0.02814162436360402,0.9060913324356079,1.327815055847168,0.4398057758808136,False,20
3,42.350819204999425,24.548000000000002,5.232367402650713,0.007600159097999804,0.004459196919678183,0.5,0.029102535451980778,0.911905825138092,1.3366460800170898,0.4298776090145111,False,21
3,42.479407179998816,24.649999999999977,5.254092686644957,0.0076980464402305595,0.00450896400653635,0.5,0.029295884637243332,0.9250937104225159,1.3356751203536987,0.4245774447917938,False,21
3,42.582854578999104,24.649999999999977,5.254092686644957,0.0076980464402305595,0.00450896400653635,0.5,0.02930608288889294,0.9250937104225159,1.3356751203536987,0.4245774447917938,False,21
3,42.70906111899967,24.751999999999953,5.275817388268805,0.007796965433192736,0.004552599109136416,0.5,0.028523531740047868,0.9151186347007751,1.3274250030517578,0.42481186985969543,False,19
3,42.837444263997895,24.853999999999928,5.297541149648147,0.007896241246118464,0.004584847067554347,0.5,0.02770729378414762,0.9186652302742004,1.3112244606018066,0.4361989200115204,False,20
3,42.944670586999564,24.88799999999992,5.304782252902543,0.007929338378343663,0.004591724633521014,0.5,0.027724693187290744,0.9186652302742004,1.3112244606018066,0.4361989200115204,False,20
3,43.06372457499674,24.956000000000017,5.319264611825109,0.007995874164485058,0.004611883565972533,0.5,0.025587567747615333,0.930239737033844,1.339435338973999,0.4316939413547516,False,19
3,43.190943114997935,25.057999999999993,5.340989099736019,0.008095152728447349,0.004627369148614505,0.5,0.02516095042288249,0.9097422361373901,1.3376320600509644,0.4305628836154938,False,20
3,43.298006962002546,25.091999999999985,5.348231640798892,0.00812842217061666,0.0046341967695217295,0.5,0.025132602977880912,0.9097422361373901,1.3376320600509644,0.4305628836154938,False,20
3,43.416579953998735,25.159999999999968,5.362717326854622,0.008195436246890985,0.004653740644060988,0.5,0.024746566656551644,0.9406672716140747,1.3360651731491089,0.4664791524410248,False,20
3,43.54473587599932,25.261999999999944,5.384453480085027,0.008294866553168878,0.004600884296575648,0.5,0.012234261618512503,0.8588522672653198,1.2697514295578003,0.3580828607082367,False,21
3,43.64699538699642,25.261999999999944,5.384453480085027,0.008294866553168878,0.004600884296575648,0.5,0.01213103050206694,0.8588522672653198,1.3277840614318848,0.3580828607082367,False,21
3,43.78759575499862,25.329999999999927,5.398957806107295,0.008361821989686132,0.004594207601296995,0.5,0.01615148062372691,0.9240639209747314,1.3277840614318848,0.43625208735466003,False,21
3,43.9120371329991,25.432000000000016,5.420707140623735,0.008461229140606246,0.004628068865824766,0.5,0.022382561645522343,0.9245966672897339,1.3614673614501953,0.4906591475009918,False,21
3,44.037729117997515,25.533999999999992,5.442452283810749,0.008561040359733606,0.004700328546555583,0.5,0.028499032202880227,0.9351426362991333,1.3674479722976685,0.4903799593448639,False,20
3,44.13839644599648,25.533999999999992,5.442452283810749,0.008561040359733606,0.004700328546555583,0.5,0.028435846183718985,0.9351426362991333,1.3674479722976685,0.4903799593448639,False,20
3,44.26495134000288,25.635999999999967,5.464191912999094,0.008666838165887899,0.004804079904250907,0.5,0.028606558291727993,0.8901804685592651,1.3009859323501587,0.38571277260780334,False,21
3,44.39334365599643,25.737999999999943,5.485917124609326,0.00877377455561993,0.004859444340191885,0.5,0.02866448300512519,0.8971636891365051,1.298837423324585,0.37906596064567566,False,21
3,44.494165285002964,25.737999999999943,5.485917124609326,0.00877377455561993,0.004859444340191885,0.5,0.028634707755417873,0.8971636891365051,1.298837423324585,0.37906596064567566,False,21
3,44.624515862997214,25.839999999999918,5.50764070494198,0.00888003650370756,0.004897184535742845,0.5,0.027778732365449834,0.8852789998054504,1.2995009422302246,0.3786493241786957,False,21
3,44.75042110699724,25.942000000000007,5.52936488137286,0.00898570965151661,0.0049169603377922574,0.5,0.027665550031933953,0.8932252526283264,1.2970001697540283,0.37690290808677673,False,21
3,44.85117903399805,25.942000000000007,5.52936488137286,0.00898570965151661,0.0049169603377922574,0.5,0.027661890891636204,0.8932252526283264,1.2970001697540283,0.37690290808677673,False,21
3,44.97694474900345,26.043999999999983,5.551089715571066,0.009092684532702235,0.004946590476102781,0.5,0.02804803371199454,0.9017165899276733,1.3071082830429077,0.37659284472465515,False,20
3,45.10326974000054,26.145999999999958,5.572815301314604,0.009200522186438756,0.004983414124614815,0.5,0.027602479938357412,0.9018062353134155,1.3116552829742432,0.37074151635169983,False,21
3,45.20413478899718,26.145999999999958,5.572815301314604,0.009200522186438756,0.004983414124614815,0.5,0.027609537857021284,0.9018062353134155,1.3116552829742432,0.37074151635169983,False,21
3,45.3320405830018,26.247999999999934,5.594541805936492,0.009308799407912821,0.005015159766125546,0.5,0.027942965722719856,0.8936330676078796,1.318406105041504,0.37464430928230286,False,19
3,45.458194619001006,26.350000000000023,5.616268275223938,0.009418236373900313,0.005053801095444536,0.5,0.027498826468833,0.9024603962898254,1.320683240890503,0.37998995184898376,False,21
3,45.55920926499675,26.350000000000023,5.616268275223938,0.009418236373900313,0.005053801095444536,0.5,0.027511417782716478,0.9024603962898254,1.320683240890503,0.37998995184898376,False,21
3,45.68844505799643,26.451999999999998,5.637994259357007,0.00952831062317983,0.005085514826373518,0.5,0.02677460021944491,0.8739266395568848,1.2973281145095825,0.378461092710495,False,20
3,45.8150334430029,26.553999999999974,5.659719758149571,0.009638895212100455,0.005114473863506376,0.5,0.028645686801859395,0.9005398750305176,1.3435310125350952,0.38359907269477844,False,21
3,45.92399245600245,26.587999999999965,5.666961410333755,0.009677100488300625,0.00514069410675461,0.5,0.028663565812059272,0.9005398750305176,1.3435310125350952,0.38359907269477844,False,21
3,46.043067970000266,26.65599999999995,5.6814441045152435,0.009752871874388985,0.005179341732908806,0.5,0.028335766472711674,0.8944334387779236,1.3331438302993774,0.3804231584072113,False,21
3,46.17214854300255,26.757999999999925,5.703167736385444,0.009865383201764394,0.0052099419656794765,0.5,0.025997343152845007,0.9109253883361816,1.3308122158050537,0.388598769903183,False,20
3,46.27790700899641,26.757999999999925,5.703167736385444,0.009865383201764394,0.0052099419656794765,0.5,0.026018678061389022,0.9109253883361816,1.3129197359085083,0.388598769903183,False,20
3,46.39903700300056,26.860000000000014,5.724891601086311,0.009977316115653717,0.005210285870021885,0.5,0.02369809612693579,0.8825092315673828,1.3129197359085083,0.36794647574424744,False,21
3,46.52411662200029,26.96199999999999,5.746625079995326,0.010089470635785395,0.005210310701959322,0.5,0.020393310820112885,0.8947579264640808,1.3297206163406372,0.3650020658969879,False,21
3,46.62943885099958,26.96199999999999,5.746625079995326,0.010089470635785395,0.005210310701959322,0.5,0.020398767358838672,0.8947579264640808,1.3364322185516357,0.3650020658969879,False,21
3,46.77024742899812,27.029999999999973,5.76112105721981,0.01016423497595488,0.0052151172263988615,0.5,0.018847807014644974,0.895545482635498,1.3364322185516357,0.36601486802101135,False,21
3,46.899582762001955,27.131999999999948,5.782866376938195,0.010277047592561832,0.005210532016865903,0.5,0.019188431940079156,0.8975319862365723,1.3415213823318481,0.38629987835884094,False,21
3,47.02786425600061,27.233999999999924,5.804611541207331,0.010389985166042807,0.005220225010373203,0.5,0.023949095094402857,0.906387209892273,1.3317346572875977,0.3954279124736786,False,19
3,47.12886843999877,27.233999999999924,5.804611541207331,0.010389985166042807,0.005220225010373203,0.5,0.02396306116677953,0.906387209892273,1.3317346572875977,0.3954279124736786,False,19
3,47.25687632000336,27.336000000000013,5.826367184887764,0.010500181647422965,0.005285401775851032,0.5,0.025410876261466802,0.8976393342018127,1.3131657838821411,0.3897577226161957,False,20
3,47.38382161699701,27.437999999999988,5.848120099327543,0.010616031142578504,0.005341100090581516,0.5,0.02886389097109721,0.9100053906440735,1.3333709239959717,0.3994225561618805,False,20
3,47.48469712000224,27.437999999999988,5.848120099327543,0.010616031142578504,0.005341100090581516,0.5,0.028870148002269155,0.9100053906440735,1.3333709239959717,0.3994225561618805,False,20
3,47.613760469001136,27.539999999999964,5.869853011276692,0.0107368253426248,0.005422770228414988,0.5,0.02922529303392672,0.9155429601669312,1.3416121006011963,0.4130687415599823,False,19
3,47.73806593199697,27.64199999999994,5.891579037673312,0.010856358054843909,0.005480287222881026,0.5,0.029910060649165692,0.916266918182373,1.3557990789413452,0.4039134085178375,False,19
3,47.83894442299788,27.64199999999994,5.891579037673312,0.010856358054843909,0.005480287222881026,0.5,0.02986935290830859,0.916266918182373,1.3557990789413452,0.4039134085178375,False,19
3,47.96355133299949,27.744000000000028,5.913301950533079,0.01097680415619472,0.0055360392666864875,0.5,0.031093275707946847,0.9283844828605652,1.3473360538482666,0.47931572794914246,False,19
3,48.088540090000606,27.846000000000004,5.93502466402035,0.01109863765611629,0.0056021328214504685,0.5,0.0322006701066654,0.9142424464225769,1.3398748636245728,0.3818327486515045,False,20
3,48.189302216000215,27.846000000000004,5.93502466402035,0.01109863765611629,0.0056021328214504685,0.5,0.032133209174173054,0.9142424464225769,1.3398748636245728,0.3818327486515045,False,20
3,48.31413050599804,27.94799999999998,5.956747085105383,0.01122178295781732,0.005669345129049272,0.5,0.03350140838877684,0.9173505902290344,1.3548212051391602,0.37698712944984436,False,21
3,48.43831140700058,28.049999999999955,5.978469606531359,0.011346803151038469,0.005747363704437226,0.5,0.036649574925336194,0.89789879322052,1.3371429443359375,0.38039782643318176,False,21
3,48.53890003100241,28.049999999999955,5.978469606531359,0.011346803151038469,0.005747363704437226,0.5,0.03659267128589721,0.89789879322052,1.3371429443359375,0.38039782643318176,False,21
3,48.665332543998375,28.15199999999993,6.000201244258126,0.01147263891894586,0.0058481474076477495,0.5,0.03617649718151401,0.9131244421005249,1.350954294204712,0.3744805157184601,False,19
3,48.79414901899872,28.25400000000002,6.021927689611503,0.011602503449553079,0.005916020163030323,0.5,0.03751539220463987,0.8916735649108887,1.3176066875457764,0.3667876422405243,False,20
3,48.90342152000085,28.28800000000001,6.029170189510941,0.011646130258092717,0.005948533633428627,0.5,0.037465291988476715,0.8916735649108887,1.3176066875457764,0.3667876422405243,False,20
3,49.02192579200346,28.355999999999995,6.043655500245673,0.011733497549978105,0.005999009860263249,0.5,0.038866945465271904,0.902776837348938,1.3386064767837524,0.3675120770931244,False,21
3,49.14852119299758,28.45799999999997,6.065385981047541,0.011866342375972483,0.0060876418174004646,0.5,0.03956417227232396,0.8932242393493652,1.3156020641326904,0.35357317328453064,False,21
3,49.25626484100212,28.491999999999962,6.072629746223879,0.0119110514119489,0.0061185212179210744,0.5,0.0395375183806771,0.8932242393493652,1.3156020641326904,0.35357317328453064,False,21
3,49.37527665199741,28.559999999999945,6.087117184622943,0.012000927780004573,0.006172075006248047,0.5,0.03558463434841329,0.8811912536621094,1.2837707996368408,0.35847219824790955,False,20
3,49.5033818410011,28.66199999999992,6.1088363284374,0.012134070252540239,0.0061949932711599055,0.5,0.0344711054410888,0.8852570652961731,1.3184256553649902,0.35827186703681946,False,20
3,49.60779035199812,28.66199999999992,6.1088363284374,0.012134070252540239,0.0061949932711599055,0.5,0.034439723223914816,0.922822117805481,1.3184256553649902,0.35827186703681946,False,20
3,49.74648540800263,28.730000000000018,6.123315949459142,0.012224054281919155,0.006224034593829512,0.5,0.03672728525557103,0.922822117805481,1.3573215007781982,0.4180707633495331,False,21
3,49.87369172099716,28.831999999999994,6.1450424010063935,0.012362944608360274,0.006310036659824318,0.5,0.03744175389607385,0.8972604870796204,1.3296328783035278,0.35482558608055115,False,21
3,49.9990225099973,28.93399999999997,6.166769465958691,0.012501960386130516,0.006390401862950409,0.5,0.03913045079955294,0.9134686589241028,1.3627938032150269,0.36225447058677673,False,21
3,50.100117314003,28.93399999999997,6.166769465958691,0.012501960386130516,0.006390401862950409,0.5,0.03911611173266962,0.9134686589241028,1.3627938032150269,0.36225447058677673,False,21
3,50.23083747099736,29.035999999999945,6.188500175114382,0.012642318557654436,0.006485949198310955,0.5,0.0392657330434612,0.9002663493156433,1.3266326189041138,0.3599824011325836,False,21
3,50.35804454400204,29.13799999999992,6.210228719252717,0.012785830386068035,0.006564969592509636,0.5,0.04031828275277474,0.9198925495147705,1.3687206506729126,0.4609539210796356,False,21
3,50.458670118001464,29.13799999999992,6.210228719252717,0.012785830386068035,0.006564969592509636,0.5,0.04031149984572368,0.9198925495147705,1.3687206506729126,0.4609539210796356,False,21
3,50.58903439700225,29.24000000000001,6.231958732511851,0.012930788205581075,0.006654953774366421,0.5,0.04138988164215589,0.9188899993896484,1.3639217615127563,0.45615336298942566,False,21
3,50.7150371270036,29.341999999999985,6.253690779147612,0.013077835465240382,0.0067482138083129325,0.5,0.03942920166471165,0.9233523607254028,1.3895913362503052,0.48404183983802795,False,21
3,50.816056278999895,29.341999999999985,6.253690779147612,0.013077835465240382,0.0067482138083129325,0.5,0.03939528989724915,0.9233523607254028,1.3895913362503052,0.48404183983802795,False,21
3,50.94411673700233,29.44399999999996,6.275417361445397,0.013226070047806775,0.006809778352896418,0.5,0.0372375986679807,0.9199427366256714,1.3735761642456055,0.47303685545921326,False,19
3,51.069297139998525,29.545999999999935,6.297135883233767,0.013374597390331566,0.006857619616146908,0.5,0.035008712067026396,0.9206170439720154,1.3527218103408813,0.4601151645183563,False,20
3,51.17025545400247,29.545999999999935,6.297135883233767,0.013374597390331566,0.006857619616146908,0.5,0.03494333898923841,0.9206170439720154,1.3527218103408813,0.4601151645183563,False,20
3,51.2959877980029,29.648000000000025,6.318854517029743,0.013523509751877258,0.006889567690979559,0.5,0.033684242816509086,0.9046483635902405,1.3865742683410645,0.465486615896225,False,21
3,51.42210440799681,29.75,6.340574269586394,0.01367332081400894,0.006925107483159789,0.5,0.02935781905015654,0.897447943687439,1.3450568914413452,0.44156965613365173,False,21
3,51.52347403999738,29.75,6.340574269586394,0.01367332081400894,0.006925107483159789,0.5,0.029245052725451453,0.897447943687439,1.3450568914413452,0.44156965613365173,False,21
3,51.655965985002695,29.851999999999975,6.3622912387035315,0.013822621507408218,0.006934280933558227,0.5,0.03172424474069618,0.9155703783035278,1.3729486465454102,0.47422149777412415,False,19
3,51.78042122100305,29.95399999999995,6.384013613470395,0.013974269795426894,0.006986267113708364,0.5,0.032852528840188695,0.9250902533531189,1.3810373544692993,0.4747956693172455,False,21
3,51.88858218400128,29.987999999999943,6.391254673613827,0.014026215819239393,0.007016397921745093,0.5,0.03279300544596654,0.9250902533531189,1.3810373544692993,0.4747956693172455,False,21
3,52.007149356999435,30.055999999999926,6.40573681145624,0.014129068816023308,0.007060565631637584,0.5,0.030947873969929384,0.8683861494064331,1.302304744720459,0.35472598671913147,False,21
3,52.1149263230036,30.124000000000024,6.420218457312149,0.014230167351243763,0.007068002940185093,0.5,0.029233645120365994,0.870102047920227,1.3052067756652832,0.35782453417778015,False,21
3,52.23833438199654,30.158000000000015,6.427459081370951,0.014280978608671594,0.007069914354463576,0.5,0.029185572677885033,0.870102047920227,1.3052067756652832,0.35782453417778015,False,21
3,52.36294621200068,30.25999999999999,6.449181180960013,0.014434407425140421,0.007100148272817963,0.5,0.02501369515345783,0.9184833765029907,1.3918269872665405,0.45371612906455994,False,20
3,52.490252889998374,30.361999999999966,6.470903494246603,0.014587718432506855,0.0070978650544432096,0.5,0.02752704500806767,0.896420955657959,1.370984435081482,0.41592881083488464,False,21
3,52.591142561002926,30.361999999999966,6.470903494246603,0.014587718432506855,0.0070978650544432096,0.5,0.027474690698618544,0.8962823152542114,1.370984435081482,0.41592881083488464,False,21
3,52.71453630999895,30.463999999999942,6.492628863688486,0.01474193777167543,0.0071114761507003335,0.5,0.021364840116413177,0.8962823152542114,1.3021818399429321,0.28566399216651917,False,21
3,52.85593822300143,30.531999999999925,6.507119146190287,0.014844516480458689,0.0071181379277669285,0.5,0.02521077077289567,0.9126961827278137,1.3553701639175415,0.3037075102329254,False,19
3,52.981682238998474,30.634000000000015,6.528848205464706,0.015000428479461139,0.007169218673665892,0.5,0.026315817430625582,0.89281165599823,1.3419054746627808,0.28471603989601135,False,21
3,53.08276819100138,30.634000000000015,6.528848205464706,0.015000428479461139,0.007169218673665892,0.5,0.026264524434129785,0.89281165599823,1.3419054746627808,0.28471603989601135,False,21
3,53.2076871629979,30.73599999999999,6.550576885392498,0.015156827738184286,0.0072069753707209635,0.5,0.02656591806520716,0.9157816767692566,1.3467886447906494,0.2860325276851654,False,21
3,53.33228177099954,30.837999999999965,6.572305465411551,0.015313640632789324,0.007243176743197328,0.5,0.026883530457597976,0.8975998163223267,1.3480265140533447,0.36556050181388855,False,21
3,53.43336920299771,30.837999999999965,6.572305465411551,0.015313640632789324,0.007243176743197328,0.5,0.026860157402586394,0.8975998163223267,1.3480265140533447,0.36556050181388855,False,21
3,53.56119813300029,30.93999999999994,6.5940339715143095,0.015471243355747387,0.007279825293783222,0.5,0.026005658629477228,0.8970383405685425,1.3371622562408447,0.3557315766811371,False,20
3,53.68517277199862,31.041999999999916,6.615762817660574,0.015629277102670553,0.007306158489580258,0.5,0.023994740527554705,0.8986346125602722,1.3477976322174072,0.3714439570903778,False,20
3,53.7859324930032,31.041999999999916,6.615762817660574,0.015629277102670553,0.007306158489580258,0.5,0.023955718660064903,0.8986346125602722,1.3477976322174072,0.3714439570903778,False,20
3,53.91282593199867,31.144000000000005,6.637494044434898,0.015786915034956085,0.007320329802677802,0.5,0.024817502813441156,0.8963397741317749,1.3528765439987183,0.37635502219200134,False,21
3,54.037445786001626,31.24599999999998,6.659224672962415,0.015946757703167797,0.0073581068522939,0.5,0.02572147422584345,0.8905076384544373,1.3470444679260254,0.3865441381931305,False,21
3,54.13834387400129,31.24599999999998,6.659224672962415,0.015946757703167797,0.0073581068522939,0.5,0.025702871882924763,0.8905076384544373,1.3470444679260254,0.3865441381931305,False,21
3,54.278434056999686,31.347999999999956,6.680954264471621,0.01610758648704464,0.0073955728652673365,0.5,0.026659149673664357,0.9261156916618347,1.3825500011444092,0.39868655800819397,False,21
3,54.40499553299742,31.449999999999932,6.7026816305662065,0.01626911865061408,0.007436194413764152,0.5,0.02648351944455556,0.9054434895515442,1.3579169511795044,0.3723369538784027,False,20
3,54.50606122700265,31.449999999999932,6.7026816305662065,0.01626911865061408,0.007436194413764152,0.5,0.026476368635630024,0.9054434895515442,1.3579169511795044,0.3723369538784027,False,20
3,54.63406223399943,31.55200000000002,6.72440835796397,0.016431028573424183,0.007467326385003085,0.5,0.0270183618622139,0.9211429357528687,1.3876451253890991,0.38611194491386414,False,20
3,54.75983353299671,31.653999999999996,6.746134990375867,0.01659369167072637,0.007504894494743041,0.5,0.02630463055432363,0.9162889122962952,1.3857637643814087,0.3953506648540497,False,21
3,54.86874277699826,31.687999999999988,6.753377335633195,0.016647833506906847,0.007512289609519157,0.5,0.026304094667388665,0.9162889122962952,1.3857637643814087,0.3953506648540497,False,21
3,54.98802498399891,31.755999999999972,6.767862812882038,0.016756536770660926,0.007532090310932832,0.5,0.025899419809070897,0.8988187909126282,1.3654403686523438,0.3877090513706207,False,19
3,55.11481528799777,31.857999999999947,6.789592416541795,0.016920090318129254,0.007560999803593291,0.5,0.026832422298933314,0.894625723361969,1.3762379884719849,0.40326568484306335,False,20
3,55.219400868001685,31.857999999999947,6.789592416541795,0.016920090318129254,0.007560999803593291,0.5,0.02683531752386873,0.894625723361969,1.3873636722564697,0.40326568484306335,False,20
3,55.34059056499973,31.959999999999923,6.811321815009446,0.01708421421186726,0.007586156841965119,0.5,0.023521225722080454,0.9093705415725708,1.3873636722564697,0.48783138394355774,False,21
3,55.46557268500328,32.06200000000001,6.833054200122811,0.01724855416765582,0.007611081688941159,0.5,0.024607426338423905,0.921125590801239,1.397553563117981,0.47981902956962585,False,21
3,55.56849777000025,32.06200000000001,6.833054200122811,0.01724855416765582,0.007611081688941159,0.5,0.02458850248738044,0.9179479479789734,1.397553563117981,0.47981902956962585,False,21
3,55.70875949299807,32.129999999999995,6.847542554530148,0.01735900908020604,0.007631991333143154,0.5,0.024917336547165738,0.9179479479789734,1.3565387725830078,0.45939621329307556,False,20
3,55.83442303299671,32.23199999999997,6.869273908344012,0.01752544271919457,0.007665471177859192,0.5,0.02669948715880814,0.9206376671791077,1.3995206356048584,0.4812931716442108,False,21
3,55.95756636599981,32.333999999999946,6.8910006531303,0.017694159984973118,0.007718314014674902,0.5,0.03028810062147899,0.9275210499763489,1.3843209743499756,0.44772961735725403,False,20
3,56.05860167199717,32.333999999999946,6.8910006531303,0.017694159984973118,0.007718314014674902,0.5,0.030283610795322703,0.9275210499763489,1.3843209743499756,0.44772961735725403,False,20
3,56.18441131099826,32.43599999999992,6.912729895457897,0.017863383301345705,0.007810289879477707,0.5,0.03339223953255547,0.9330324530601501,1.394212245941162,0.4894396960735321,False,21
3,56.31321962799848,32.53800000000001,6.934464064100433,0.01803507618530297,0.007903039230583752,0.5,0.041498812398884505,0.9327540397644043,1.4098432064056396,0.49633094668388367,False,20
3,56.41473991500243,32.53800000000001,6.934464064100433,0.01803507618530297,0.007903039230583752,0.5,0.04154958357966279,0.9327540397644043,1.4098432064056396,0.49633094668388367,False,20
3,56.53996487700351,32.639999999999986,6.95621545543137,0.018208877586051563,0.008052900981966093,0.5,0.041447797848394835,0.9269168376922607,1.3960766792297363,0.4853633940219879,False,21
3,56.66416605000268,32.74199999999996,6.9779635427017475,0.018385873216455347,0.008146484166506101,0.5,0.04125984729258473,0.9309170842170715,1.407296895980835,0.4877654016017914,False,21
3,56.76522590099921,32.74199999999996,6.9779635427017475,0.018385873216455347,0.008146484166506101,0.5,0.04127903754027086,0.9309170842170715,1.407296895980835,0.4877654016017914,False,21
3,56.888257042002806,32.84399999999994,6.9997045239779965,0.018565914736523085,0.008235144487388745,0.5,0.04119168978706071,0.9201500415802002,1.3899657726287842,0.4946281611919403,False,21
3,57.01302170800045,32.946000000000026,7.021439817825053,0.01874755833096374,0.0083172830911722,0.5,0.040986790118491385,0.9039931297302246,1.365683913230896,0.38236162066459656,False,19
3,57.11396451899782,32.946000000000026,7.021439817825053,0.01874755833096374,0.0083172830911722,0.5,0.04099695256104879,0.9039931297302246,1.365683913230896,0.38236162066459656,False,19
3,57.23885732200142,33.048,7.043173175463885,0.018930504249032695,0.008398001279354845,0.5,0.04074933969771054,0.892008900642395,1.3557583093643188,0.38106855750083923,False,21
3,57.36455814800138,33.14999999999998,7.064904842990323,0.01911519425810596,0.008476786100387728,0.5,0.03895943533376703,0.8780500292778015,1.3314615488052368,0.3731173574924469,False,21
3,57.46529013400141,33.14999999999998,7.064904842990323,0.01911519425810596,0.008476786100387728,0.5,0.038962019307007635,0.8780500292778015,1.3314615488052368,0.3731173574924469,False,21
3,57.589251960002,33.25199999999995,7.08663070332394,0.01930099823176424,0.008538290601707304,0.5,0.039717099774514014,0.8954218626022339,1.3694566488265991,0.37444815039634705,False,20
3,57.71281305199955,33.35399999999993,7.108357574289314,0.019488804673404834,0.008620880046662647,0.5,0.03741535098949766,0.8989520072937012,1.3514642715454102,0.3763684332370758,False,21
3,57.8199588139978,33.38799999999992,7.115597426738337,0.019550819102748595,0.00863136299146665,0.5,0.037413343421413905,0.8989520072937012,1.3514642715454102,0.3763684332370758,False,21
3,57.938677917998575,33.45600000000002,7.130076378388995,0.01967665162508169,0.008669383159685741,0.5,0.0352707795727041,0.9028257727622986,1.3669517040252686,0.3702564537525177,False,21
3,58.06285717699939,33.55799999999999,7.1517955249555,0.019864917529781673,0.008701951708681469,0.5,0.03439415575181421,0.9213162660598755,1.3859573602676392,0.37514784932136536,False,21
3,58.17098870799964,33.55799999999999,7.1517955249555,0.019864917529781673,0.008701951708681469,0.5,0.03439619208343864,0.9213162660598755,1.336282730102539,0.37514784932136536,False,21
3,58.29319140699954,33.65999999999997,7.173515300827852,0.020053749420051677,0.008720672812975472,0.5,0.030321366197651526,0.88813316822052,1.336282730102539,0.37112095952033997,False,21
3,58.41822864099959,33.761999999999944,7.195234781168103,0.020242349820396716,0.008745105548116233,0.5,0.027750477092444194,0.9280470013618469,1.3861185312271118,0.3798874318599701,False,21
3,58.52912235000258,33.795999999999935,7.202474300526761,0.020305239728837125,0.00874345905448711,0.5,0.027703054143823312,0.9280470013618469,1.3861185312271118,0.3798874318599701,False,21
3,58.66405517899693,33.82999999999993,7.209713791175438,0.02036821463134511,0.008750213948606105,0.5,0.02865277597804644,0.9182878136634827,1.3468469381332397,0.32877710461616516,False,21
3,58.787975849998475,33.932000000000016,7.231434282759602,0.02055821315705908,0.008784166193891222,0.5,0.028899554140799005,0.927308201789856,1.3704774379730225,0.3779240548610687,False,21
3,58.91903021199687,34.03399999999999,7.25315632700587,0.020749746309165474,0.008824935851357942,0.5,0.026280716475467956,0.9142578840255737,1.3622586727142334,0.3048802316188812,False,19
3,59.02019298399682,34.03399999999999,7.25315632700587,0.020749746309165474,0.008824935851357942,0.5,0.026228912259040508,0.9142578840255737,1.3622586727142334,0.3048802316188812,False,19
3,59.14789425100025,34.13599999999997,7.274877029810999,0.02094059996132848,0.008836229011750912,0.5,0.025721185183658183,0.9273619651794434,1.3473354578018188,0.3086823523044586,False,21
3,59.274450288998196,34.23799999999994,7.296600689004965,0.02113252525434692,0.008861478055001367,0.5,0.02631949136787817,0.9195846319198608,1.3845176696777344,0.4118780791759491,False,18
3,59.376119162996474,34.23799999999994,7.296600689004965,0.02113252525434692,0.008861478055001367,0.5,0.026291845731703012,0.9195846319198608,1.3845176696777344,0.4118780791759491,False,18
3,59.503062269999646,34.33999999999992,7.318324021859549,0.021325756391489804,0.008897546433425376,0.5,0.02679073002719257,0.9200446009635925,1.3859407901763916,0.41494259238243103,False,21
3,59.62908695400256,34.44200000000001,7.34004839710426,0.02151951843263249,0.008932703654078151,0.5,0.028839599021170895,0.9283967018127441,1.3871488571166992,0.4403669536113739,False,21
3,59.72986749499978,34.44200000000001,7.34004839710426,0.02151951843263249,0.008932703654078151,0.5,0.028824698058249505,0.9283967018127441,1.3871488571166992,0.4403669536113739,False,21
3,59.85367314400355,34.54399999999998,7.361772664807835,0.02171604002836419,0.008995625877240926,0.5,0.027163669326943377,0.9171390533447266,1.3808410167694092,0.4671129286289215,False,19
3,59.978257055998256,34.64599999999996,7.383497227877188,0.02190994895868282,0.009008316895499073,0.5,0.028567179034286898,0.9268518090248108,1.3741031885147095,0.42453691363334656,False,21
