trial,time_s,valid,left_points,right_points,corridor_width_m,safety_margin_m,confidence,row_yaw_rad,center_offset_m,left_slope,left_intercept_m,right_slope,right_intercept_m,line_lost_count,path_points,row_yaw_deg
trial_01,0.262868143,1.0,449.0,560.0,0.8865941166877747,0.2375287115573883,0.93035489320755,0.005560395773500204,0.00103682279586792,0.0,0.4230840802192688,0.0,-0.42101043462753296,0.0,20.0,0.31858721024394254
trial_01,0.601507772,1.0,553.0,455.0,0.8810834288597107,0.23700931668281555,0.9346580505371094,0.006670212838798761,0.0007548481225967407,0.0,0.422466903924942,0.0,-0.42095720767974854,0.0,21.0,0.38217504411714476
trial_01,0.936809666,1.0,431.0,585.0,0.8708068132400513,0.19224196672439575,0.9291548728942871,0.007502575870603323,3.94284725189209e-05,0.0,0.42139196395874023,0.0,-0.4213131070137024,0.0,21.0,0.42986593286225966
trial_01,1.2416703980000001,1.0,563.0,478.0,0.8806679844856262,0.235946923494339,0.927273154258728,0.008126847445964813,-0.0004838407039642334,0.0,0.42078763246536255,0.0,-0.421755313873291,0.0,21.0,0.46563405940045616
trial_01,1.5189569680000001,1.0,450.0,565.0,0.890426754951477,0.2371426522731781,0.9252896904945374,0.003595051821321249,-0.00027649104595184326,0.0,0.42174816131591797,0.0,-0.42230114340782166,0.0,21.0,0.2059812964925273
trial_01,1.7809765640000002,1.0,544.0,477.0,0.8787640929222107,0.23638460040092468,0.9346851110458374,0.0051962039433419704,-0.001096382737159729,0.0,0.4213958978652954,0.0,-0.42358866333961487,0.0,21.0,0.29772055544273046
trial_01,2.085774288,1.0,442.0,580.0,0.8841519355773926,0.23624688386917114,0.9254117608070374,0.001397068495862186,-0.00084647536277771,0.0,0.4221964478492737,0.0,-0.4238893985748291,0.0,19.0,0.08004612850359337
trial_01,2.350035385,1.0,528.0,487.0,0.8925144672393799,0.23605474829673767,0.9266269207000732,0.0035477166529744864,-0.00012099742889404297,0.0,0.4217453598976135,0.0,-0.4219873547554016,0.0,20.0,0.20326919112371655
trial_01,2.6151703740000003,1.0,458.0,561.0,0.8819602727890015,0.23559293150901794,0.933784008026123,0.00016401991888415068,0.0009011626243591309,0.0,0.4232349991798401,0.0,-0.4214326739311218,0.0,21.0,0.009397649108139946
trial_01,2.8698984050000003,1.0,544.0,440.0,0.8762130737304688,0.23412427306175232,0.9393922686576843,0.002623639302328229,0.0008928626775741577,0.0,0.42326316237449646,0.0,-0.42147743701934814,0.0,20.0,0.15032345898805533
trial_01,3.1298849590000004,1.0,425.0,566.0,0.8757518529891968,0.23285487294197083,0.9310213923454285,-0.0005295421578921378,0.0015753954648971558,0.0,0.424017071723938,0.0,-0.4208662807941437,0.0,21.0,-0.030340530721469753
trial_01,3.402729224,1.0,524.0,406.0,0.8722031116485596,0.21502456068992615,0.9181419610977173,-0.0028989771381020546,0.002398252487182617,0.0,0.42438390851020813,0.0,-0.4195874035358429,0.0,21.0,-0.1660991549181617
trial_01,3.6684953370000004,1.0,383.0,430.0,0.8566272258758545,0.17955580353736877,0.9224933385848999,-0.00467407051473856,0.004275843501091003,0.0,0.4256887137889862,0.0,-0.4171370267868042,0.0,20.0,-0.2678045136410597
trial_01,3.9299929350000005,1.0,474.0,355.0,0.8737406730651855,0.24757862091064453,0.9300591349601746,-0.0010618537198752165,0.005314350128173828,0.0,0.425679087638855,0.0,-0.4150503873825073,0.0,21.0,-0.060839736609116686
trial_01,4.190606499,1.0,359.0,423.0,0.8722823858261108,0.24382242560386658,0.9356642961502075,0.0014625878538936377,0.006354212760925293,0.0,0.4264245629310608,0.0,-0.4137161374092102,0.0,20.0,0.08380011119520213
trial_01,4.46491727,1.0,482.0,314.0,0.8820256590843201,0.2463802993297577,0.9358043670654297,0.0035093044862151146,0.006850257515907288,0.0,0.42619752883911133,0.0,-0.41249701380729675,0.0,19.0,0.20106833608645186
trial_01,4.726606128,1.0,382.0,425.0,0.8544549345970154,0.20961424708366394,0.9314911961555481,0.004932671319693327,0.004662066698074341,0.0,0.4219096899032593,0.0,-0.4125855565071106,0.0,21.0,0.28262124834365365
trial_01,4.992530873000001,1.0,493.0,331.0,0.8774573802947998,0.24081921577453613,0.9350619316101074,0.0058003379963338375,0.004449531435966492,0.0,0.4213898777961731,0.0,-0.4124908149242401,0.0,20.0,0.33233488693929725
trial_01,5.248143379,1.0,395.0,416.0,0.8716301918029785,0.24052545428276062,0.9348047375679016,0.0065976474434137344,0.0018700212240219116,0.0,0.418935626745224,0.0,-0.4151955842971802,0.0,21.0,0.3780173532228846
trial_01,5.517938007000001,1.0,509.0,336.0,0.8627116084098816,0.2414671778678894,0.923737645149231,0.0021385671570897102,0.0022603869438171387,0.0,0.41950029134750366,0.0,-0.4149795174598694,0.0,20.0,0.12253087230653133
trial_01,5.7838842040000005,1.0,420.0,431.0,0.8547922968864441,0.2380201518535614,0.9312525987625122,0.0037717497907578945,-0.00040064752101898193,0.0,0.4175797402858734,0.0,-0.4183810353279114,0.0,20.0,0.21610534438977871
trial_01,6.040976896,1.0,514.0,333.0,0.8579490184783936,0.1834644377231598,0.9117811918258667,0.004961410537362099,-0.0022167861461639404,0.0,0.41757673025131226,0.0,-0.42201030254364014,0.0,21.0,0.2842678842225821
trial_01,6.316482587,1.0,422.0,474.0,0.8656049370765686,0.2081349790096283,0.915655791759491,0.0008229704108089209,-0.002729654312133789,0.0,0.4192892909049988,0.0,-0.42474859952926636,0.0,21.0,0.047152731203498714
trial_01,6.584062433000001,1.0,526.0,372.0,0.8696855902671814,0.23462209105491638,0.9178338050842285,0.0022111216094344854,-0.0035315006971359253,0.0,0.42140722274780273,0.0,-0.4284702241420746,0.0,21.0,0.12668793621077
trial_01,6.846707351,1.0,449.0,481.0,0.882540762424469,0.2349996268749237,0.9307476878166199,0.0035405082162469625,-0.00262489914894104,0.0,0.42451590299606323,0.0,-0.4297657012939453,0.0,21.0,0.20285617812234236
trial_01,7.101934485,1.0,538.0,375.0,0.8801401257514954,0.23649784922599792,0.9365404844284058,0.004426299594342709,-0.0021860748529434204,0.0,0.4261452257633209,0.0,-0.43051737546920776,0.0,21.0,0.25360828561630555
trial_01,7.3705880310000005,1.0,438.0,517.0,0.8619823455810547,0.19482216238975525,0.9398537874221802,-2.6741065084934235e-05,-0.001180410385131836,0.0,0.4279599189758301,0.0,-0.43032073974609375,0.0,20.0,-0.001532150169051376
trial_01,7.64486731,1.0,552.0,456.0,0.8915330767631531,0.2377215325832367,0.9339345097541809,0.0015467272605746984,-0.0008501708507537842,0.0,0.4283958077430725,0.0,-0.4300961494445801,0.0,21.0,0.08862094408876175
trial_01,7.917703172,1.0,413.0,551.0,0.8715959191322327,0.19374576210975647,0.9357692003250122,-0.00244999211281538,-0.0001185983419418335,0.0,0.4290146231651306,0.0,-0.4292518198490143,0.0,21.0,-0.14037420790466074
trial_01,8.177748089000001,1.0,520.0,404.0,0.8816729784011841,0.2300128936767578,0.9351375102996826,-0.0055459244176745415,0.0005009174346923828,0.0,0.4294436573982239,0.0,-0.4284418225288391,0.0,20.0,-0.3177580626313
trial_01,8.450520923000001,1.0,429.0,497.0,0.8739131093025208,0.18923360109329224,0.926089346408844,-0.008177487179636955,0.001577332615852356,0.0,0.43047574162483215,0.0,-0.42732107639312744,0.0,21.0,-0.46853550241553643
trial_01,8.721015025,1.0,585.0,315.0,0.8762288093566895,0.24059328436851501,0.9306128621101379,-0.010132580995559692,0.003436833620071411,0.0,0.4312071204185486,0.0,-0.42433345317840576,0.0,21.0,-0.5805541266200364
trial_01,9.004329056000001,1.0,486.0,416.0,0.8507664203643799,0.19868704676628113,0.927201509475708,-0.006503719836473465,0.003436177968978882,0.0,0.43027132749557495,0.0,-0.4233989715576172,0.0,19.0,-0.3726356977654435
trial_01,9.269245323,1.0,570.0,306.0,0.869124710559845,0.22736412286758423,0.9269992113113403,-0.0040588295087218285,0.0034126341342926025,0.0,0.4297839105129242,0.0,-0.422958642244339,0.0,20.0,-0.23255380061291814
trial_01,9.539596698,1.0,450.0,415.0,0.8582399487495422,0.1353417932987213,0.9265183210372925,-0.0023487373255193233,0.003808751702308655,0.0,0.42956581711769104,0.0,-0.42194831371307373,0.0,21.0,-0.1345727359371018
trial_01,9.80244474,1.0,532.0,306.0,0.8532350659370422,0.23083630204200745,0.9243239164352417,-0.0014300909824669361,0.004583984613418579,0.0,0.428339421749115,0.0,-0.41917145252227783,0.0,19.0,-0.08193817761507285
trial_01,10.072204929,1.0,428.0,416.0,0.8638652563095093,0.18694522976875305,0.9371121525764465,-0.0010806047357618809,0.0039151012897491455,0.0,0.4272115230560303,0.0,-0.419381320476532,0.0,21.0,-0.06191409068100531
trial_01,10.349712132,1.0,543.0,352.0,0.8720675706863403,0.24378648400306702,0.9305174946784973,-0.0011144476011395454,0.00412750244140625,0.0,0.4268270432949066,0.0,-0.4185720384120941,0.0,21.0,-0.06385314403377491
trial_01,10.621997401,1.0,431.0,427.0,0.8851848840713501,0.25327545404434204,0.929842472076416,-0.0014302544295787811,0.004288852214813232,0.0,0.4272574782371521,0.0,-0.41867977380752563,0.0,20.0,-0.08194754244475518
trial_01,10.897509663000001,1.0,520.0,386.0,0.8849235773086548,0.2542225122451782,0.9400517344474792,-0.001748332753777504,0.002043887972831726,0.0,0.4269227385520935,0.0,-0.42283496260643005,0.0,21.0,-0.10017208797593591
trial_01,11.168439114,1.0,454.0,430.0,0.859114408493042,0.2016763687133789,0.9318059086799622,-0.0026849377900362015,0.002097785472869873,0.0,0.42533791065216064,0.0,-0.4211423397064209,0.0,21.0,-0.15383560362425672
trial_01,11.435140256,1.0,532.0,310.0,0.8866688013076782,0.24874791502952576,0.9357636570930481,-0.0038161762058734894,0.0022703856229782104,0.0,0.42536601424217224,0.0,-0.4208252429962158,0.0,20.0,-0.2186507904747985
trial_01,11.715764824,1.0,416.0,434.0,0.8655273914337158,0.18680411577224731,0.931615948677063,-0.005355332978069782,0.0010669827461242676,0.0,0.4261121153831482,0.0,-0.42397814989089966,0.0,21.0,-0.30683797753062475
trial_01,11.976859108000001,1.0,518.0,336.0,0.8641331791877747,0.24824079871177673,0.9374634027481079,-0.0020604608580470085,-0.00043742358684539795,0.0,0.4259823262691498,0.0,-0.4268571734428406,0.0,19.0,-0.11805571101799782
trial_01,12.250141567,1.0,445.0,487.0,0.8837468028068542,0.24611887335777283,0.9228140711784363,-0.005043286830186844,-0.0031585991382598877,0.0,0.4250072240829468,0.0,-0.43132442235946655,0.0,21.0,-0.28895905024361723
trial_01,12.527590388,1.0,522.0,413.0,0.8889305591583252,0.24450650811195374,0.9316712617874146,-0.007612697780132294,-0.004694700241088867,0.0,0.4248403310775757,0.0,-0.4342297315597534,0.0,21.0,-0.43617545351019116
trial_01,12.787710440000001,1.0,420.0,517.0,0.8873389363288879,0.2425362765789032,0.9404677152633667,-0.009130110964179039,-0.005420371890068054,0.0,0.42505931854248047,0.0,-0.4359000623226166,0.0,21.0,-0.5231168247335777
trial_01,13.04957983,1.0,514.0,409.0,0.8872217535972595,0.23461592197418213,0.9344483613967896,-0.004610415548086166,-0.006525769829750061,0.0,0.42434486746788025,0.0,-0.43739640712738037,0.0,20.0,-0.2641573527068316
trial_01,13.325101038000001,1.0,410.0,514.0,0.8910139799118042,0.24192297458648682,0.9352784752845764,-0.0038849934935569763,-0.007539018988609314,0.0,0.42311954498291016,0.0,-0.4381975829601288,0.0,21.0,-0.22259373061659993
trial_01,13.592125842000002,1.0,524.0,438.0,0.8922317028045654,0.24927452206611633,0.9394820332527161,-0.0027603991329669952,-0.00779956579208374,0.0,0.42320573329925537,0.0,-0.43880486488342285,0.0,21.0,-0.15815922009058056
trial_01,13.857969947,1.0,460.0,548.0,0.8880798816680908,0.24835535883903503,0.9416882395744324,-0.009712710976600647,-0.007501199841499329,0.0,0.42278891801834106,0.0,-0.4377913177013397,0.0,21.0,-0.5564973465896051
trial_01,14.119509475000001,1.0,581.0,471.0,0.8872796893119812,0.2522500455379486,0.9397246837615967,-0.0062323566526174545,-0.008298337459564209,0.0,0.4223044216632843,0.0,-0.4389010965824127,0.0,21.0,-0.3570877326152615
trial_01,14.392607743000001,1.0,487.0,565.0,0.8883757591247559,0.2474609613418579,0.9308369755744934,-0.002338545396924019,-0.00850224494934082,0.0,0.4213690757751465,0.0,-0.4383735656738281,0.0,21.0,-0.13398878144349216
trial_01,14.658920508000001,1.0,576.0,438.0,0.8964018821716309,0.25306805968284607,0.9348794221878052,0.0027966550551354885,-0.007662832736968994,0.0,0.4219788908958435,0.0,-0.4373045563697815,0.0,21.0,0.16023653141319003
trial_01,14.927457741000001,1.0,447.0,518.0,0.891286313533783,0.2491610050201416,0.9332814812660217,0.0023720054887235165,-0.00817406177520752,0.0,0.4220912456512451,0.0,-0.43843936920166016,0.0,21.0,0.13590590348572368
trial_01,15.194107532,1.0,501.0,336.0,0.8671601414680481,0.2305009663105011,0.9226020574569702,0.0023516197688877583,-0.006854265928268433,0.0,0.42217040061950684,0.0,-0.4358789324760437,0.0,21.0,0.1347378877767986
trial_01,15.456839499,1.0,420.0,427.0,0.8822445869445801,0.24868598580360413,0.9212835431098938,-0.0028429701924324036,-0.005601540207862854,0.0,0.4228653013706207,0.0,-0.43406838178634644,0.0,21.0,-0.16289019330787222
trial_01,15.729092233000001,1.0,518.0,321.0,0.8797593116760254,0.25432902574539185,0.9343410730361938,-0.0016989745199680328,-0.004245564341545105,0.0,0.42350298166275024,0.0,-0.43199411034584045,0.0,21.0,-0.09734406949443329
trial_01,16.007443217000002,1.0,381.0,473.0,0.8740732073783875,0.2442762553691864,0.9378039240837097,-0.006088877096772194,-0.005935937166213989,0.0,0.421913206577301,0.0,-0.433785080909729,0.0,21.0,-0.34886695961891645
trial_01,16.292252701000002,1.0,487.0,338.0,0.8635731935501099,0.22824612259864807,0.9404162168502808,-0.004524565301835537,-0.003999918699264526,0.0,0.423220157623291,0.0,-0.43121999502182007,0.0,21.0,-0.2592384959265117
trial_01,16.568450864000003,1.0,416.0,427.0,0.882500410079956,0.2520429491996765,0.9453487396240234,-0.00334602827206254,-0.0036611407995224,0.0,0.4223710596561432,0.0,-0.429693341255188,0.0,21.0,-0.19171329812063512
trial_01,16.833409151,1.0,507.0,386.0,0.8701256513595581,0.19665241241455078,0.9273062944412231,-0.0027439831756055355,-0.004377871751785278,0.0,0.42190176248550415,0.0,-0.4306575059890747,0.0,20.0,-0.15721865501710222
trial_01,17.089724314,1.0,413.0,417.0,0.8702829480171204,0.24300703406333923,0.9345068335533142,-0.0021963934414088726,-0.0031673163175582886,0.0,0.4233010709285736,0.0,-0.4296357035636902,0.0,20.0,-0.12584407434294287
trial_01,17.365504511,1.0,499.0,322.0,0.8624406456947327,0.20419156551361084,0.9417315721511841,-0.0018633939325809479,-0.002558290958404541,0.0,0.4239320755004883,0.0,-0.42904865741729736,0.0,21.0,-0.10676460790717338
trial_01,17.652067612,1.0,413.0,422.0,0.8646285533905029,0.19905182719230652,0.9359280467033386,-0.0022671381011605263,-0.0025586187839508057,0.0,0.4244995713233948,0.0,-0.4296168088912964,0.0,19.0,-0.12989744476980164
trial_01,17.931778421,1.0,497.0,340.0,0.8709387183189392,0.2428061068058014,0.9358326196670532,-0.0026079369708895683,-0.0018599629402160645,0.0,0.4257492125034332,0.0,-0.42946913838386536,0.0,20.0,-0.1494237816681045
trial_01,18.192001156,1.0,380.0,416.0,0.8625275492668152,0.18509459495544434,0.9342295527458191,-0.0027933605015277863,-0.004089832305908203,0.0,0.42482322454452515,0.0,-0.43300288915634155,0.0,21.0,-0.16004776739608909
trial_01,18.469588571000003,1.0,499.0,342.0,0.8685876131057739,0.2295355498790741,0.9255586266517639,-0.003283154219388962,-0.0056260377168655396,0.0,0.4244544208049774,0.0,-0.4357064962387085,0.0,21.0,-0.18811088026155587
trial_01,18.744907617000003,1.0,403.0,406.0,0.8765690326690674,0.24809935688972473,0.9307457804679871,-0.003597477450966835,-0.0063576847314834595,0.0,0.4247910976409912,0.0,-0.43750646710395813,0.0,21.0,-0.2061202748338812
trial_01,19.020939697000003,1.0,492.0,378.0,0.8837417364120483,0.24823275208473206,0.9277855157852173,-0.003958815708756447,-0.009008601307868958,0.0,0.4242173433303833,0.0,-0.4422345459461212,0.0,21.0,-0.2268234319818361
trial_01,19.298842459000003,1.0,415.0,471.0,0.8877520561218262,0.24868085980415344,0.9389322400093079,-0.008830485865473747,-0.007722869515419006,0.0,0.42647024989128113,0.0,-0.44191598892211914,0.0,21.0,-0.5059495711415738
trial_01,19.572861278,1.0,478.0,365.0,0.8994213342666626,0.24838849902153015,0.927601158618927,-0.007751965895295143,-0.0071582794189453125,0.0,0.42778027057647705,0.0,-0.4420968294143677,0.0,21.0,-0.4441549287297643
trial_01,19.842713401,1.0,377.0,485.0,0.8794388771057129,0.24571523070335388,0.9389640092849731,-0.002664659172296524,-0.006553038954734802,0.0,0.4281407594680786,0.0,-0.4412468373775482,0.0,20.0,-0.1526737244134141
trial_01,20.09849441,1.0,464.0,381.0,0.884311854839325,0.24644386768341064,0.9438181519508362,-0.0014068041928112507,-0.0058276355266571045,0.0,0.4285084009170532,0.0,-0.44016367197036743,0.0,20.0,-0.08060394284939316
trial_01,20.373304530000002,1.0,412.0,501.0,0.8787895441055298,0.24107232689857483,0.943317711353302,-0.003082803450524807,-0.005304858088493347,0.0,0.42803043127059937,0.0,-0.43864014744758606,0.0,21.0,-0.17663162678343872
trial_01,20.640372595000002,1.0,540.0,396.0,0.8941565155982971,0.24613550305366516,0.9355049133300781,0.000745775643736124,-0.0052396804094314575,0.0,0.42770975828170776,0.0,-0.4381891191005707,0.0,21.0,0.042729796849731994
trial_01,20.910204361,1.0,441.0,505.0,0.8764016032218933,0.2241549789905548,0.943078339099884,-0.0013236410450190306,-0.005200475454330444,0.0,0.4272363781929016,0.0,-0.4376373291015625,0.0,19.0,-0.07583904546987624
trial_01,21.185577452,1.0,535.0,454.0,0.8840226531028748,0.2527085840702057,0.9398033618927002,0.0024730658624321222,-0.005427539348602295,0.0,0.42614996433258057,0.0,-0.43700504302978516,0.0,21.0,0.14169623637524165
trial_01,21.4621369,1.0,400.0,548.0,0.9030989408493042,0.2448301613330841,0.9311655759811401,0.005184368696063757,-0.005488455295562744,0.0,0.4255419373512268,0.0,-0.4365188479423523,0.0,21.0,0.29704244572419514
trial_01,21.734645437,1.0,457.0,442.0,0.8718361854553223,0.20256006717681885,0.9411380290985107,0.002333300653845072,-0.004842892289161682,0.0,0.42533770203590393,0.0,-0.4350234866142273,0.0,21.0,0.13368827980043804
trial_01,22.014603936,1.0,350.0,484.0,0.8843116760253906,0.2576726973056793,0.9363455772399902,0.0005707691889256239,-0.003959640860557556,0.0,0.42559269070625305,0.0,-0.43351197242736816,0.0,20.0,0.032702665601543376
trial_01,22.29161347,1.0,460.0,318.0,0.8840307593345642,0.2627466022968292,0.9268065690994263,-0.0007911249995231628,-0.0024656355381011963,0.0,0.4270741939544678,0.0,-0.43200546503067017,0.0,21.0,-0.04532812353996649
trial_01,22.567414806000002,1.0,356.0,405.0,0.8757424354553223,0.25279340147972107,0.9348012804985046,-0.001615155953913927,-0.0021616965532302856,0.0,0.42597514390945435,0.0,-0.4302985370159149,0.0,20.0,-0.09254161941469452
trial_01,22.834101234000002,1.0,489.0,320.0,0.8696064949035645,0.24133583903312683,0.9325295686721802,0.002920638769865036,-0.0018599331378936768,0.0,0.4251045286655426,0.0,-0.42882439494132996,0.0,21.0,0.1673402749955471
trial_01,23.105865429,1.0,405.0,508.0,0.8789223432540894,0.23739930987358093,0.9435443878173828,0.006504733115434647,-0.0018401145935058594,0.0,0.42665377259254456,0.0,-0.4303340017795563,0.0,19.0,0.3726937543733886
trial_01,23.373216938000002,1.0,495.0,426.0,0.8914549946784973,0.25298765301704407,0.9374176263809204,0.004196052439510822,-0.0013262629508972168,0.0,0.4273592233657837,0.0,-0.4300117492675781,0.0,20.0,0.24041609539954328
trial_01,23.648195205,1.0,410.0,492.0,0.8604155778884888,0.1777327060699463,0.9240431785583496,0.002867738716304302,-0.0016358643770217896,0.0,0.4272553026676178,0.0,-0.4305270314216614,0.0,21.0,0.16430932519050104
trial_01,23.914235377,1.0,487.0,368.0,0.8859499096870422,0.25179439783096313,0.9414275288581848,0.0022298768162727356,-0.0022326409816741943,0.0,0.4268137812614441,0.0,-0.4312790632247925,0.0,20.0,0.12776253040649663
trial_01,24.182974865000002,1.0,395.0,425.0,0.8777500987052917,0.24666228890419006,0.9437664747238159,0.0019128522835671902,-0.00042591989040374756,0.0,0.42778831720352173,0.0,-0.4286401569843292,0.0,21.0,0.10959836268036176
trial_01,24.463400065000002,1.0,500.0,341.0,0.8825364708900452,0.24574697017669678,0.9398831129074097,0.0021898318082094193,0.001758381724357605,0.0,0.42898207902908325,0.0,-0.42546531558036804,0.0,20.0,0.12546812045390127
trial_01,24.720974504,1.0,393.0,426.0,0.8675150275230408,0.23452475666999817,0.927951455116272,0.002782244235277176,0.0021089017391204834,0.0,0.4303308427333832,0.0,-0.4261130392551422,0.0,21.0,0.15941085225598542
trial_01,25.017197551000002,1.0,508.0,353.0,0.8696504235267639,0.24319598078727722,0.9308417439460754,0.003555186092853546,0.0030831992626190186,0.0,0.4318881332874298,0.0,-0.4257217347621918,0.0,21.0,0.2036971585041134
trial_01,25.280425785000002,1.0,385.0,478.0,0.8473867774009705,0.1955108642578125,0.9304757714271545,-0.0006975168362259865,0.0031462758779525757,0.0,0.43226227164268494,0.0,-0.4259697198867798,0.0,21.0,-0.039964770855066875
trial_01,25.558585857,1.0,490.0,402.0,0.8804303407669067,0.24036535620689392,0.9393820762634277,0.0012652287259697914,0.0032889246940612793,0.0,0.4331997036933899,0.0,-0.42662185430526733,0.0,21.0,0.07249226611678322
trial_01,25.834544946,1.0,413.0,514.0,0.883080780506134,0.2429307997226715,0.9352418184280396,-0.0022485945373773575,0.004158139228820801,0.0,0.43395692110061646,0.0,-0.42564064264297485,0.0,20.0,-0.1288349768278944
trial_01,26.118725916000002,1.0,501.0,356.0,0.865708589553833,0.20877838134765625,0.9353946447372437,-0.004004519432783127,0.005794897675514221,0.0,0.434839129447937,0.0,-0.42324933409690857,0.0,21.0,-0.22944206247659552
trial_01,26.389889038000003,1.0,417.0,549.0,0.8834039568901062,0.22824689745903015,0.938208281993866,-0.0002331472933292389,0.006919741630554199,0.0,0.43660247325897217,0.0,-0.42276298999786377,0.0,20.0,-0.013358355912664
trial_01,26.667987590000003,1.0,543.0,458.0,0.8827798962593079,0.24851897358894348,0.9381781220436096,0.003199102357029915,0.007534623146057129,0.0,0.43639075756073,0.0,-0.4213215112686157,0.0,21.0,0.18329506328816797
trial_01,26.927514358000003,1.0,424.0,590.0,0.8660025000572205,0.19654503464698792,0.9423550963401794,0.0052053965628147125,0.007592052221298218,0.0,0.43535637855529785,0.0,-0.4201722741127014,0.0,21.0,0.2982472537411883
trial_01,27.205381846,1.0,524.0,459.0,0.8962492346763611,0.23819807171821594,0.9296075105667114,0.00671718455851078,0.008054584264755249,0.0,0.436167448759079,0.0,-0.4200582802295685,0.0,20.0,0.3848663254131149
trial_01,27.478390748000002,1.0,414.0,544.0,0.8763548731803894,0.2406539022922516,0.9435772895812988,0.0016223518177866936,0.00797984004020691,0.0,0.43471193313598633,0.0,-0.4187522530555725,0.0,20.0,0.0929539120445547
trial_01,27.757634164000002,1.0,509.0,406.0,0.8845292329788208,0.23954364657402039,0.9328379034996033,-0.006856646854430437,0.007755100727081299,0.0,0.43457990884780884,0.0,-0.41906970739364624,0.0,21.0,-0.3928569263705158
trial_01,28.039928827,1.0,407.0,500.0,0.8841420412063599,0.23338857293128967,0.9240019917488098,-0.00605971273034811,0.007626444101333618,0.0,0.434497594833374,0.0,-0.4192447066307068,0.0,21.0,-0.3471959645106434
trial_01,28.313008493,1.0,480.0,381.0,0.8882696032524109,0.2587539851665497,0.9285394549369812,-0.0001403247006237507,0.006721660494804382,0.0,0.4335773289203644,0.0,-0.4201340079307556,0.0,21.0,-0.008040013107177705
trial_01,28.588262343,1.0,407.0,423.0,0.8557267189025879,0.1841706931591034,0.924865186214447,-0.0007920782081782818,0.006920337677001953,0.0,0.4316982626914978,0.0,-0.4178575873374939,0.0,21.0,-0.045382738372900154
trial_01,28.854542355000003,1.0,484.0,324.0,0.868030846118927,0.2298242151737213,0.9299670457839966,-0.0012366068549454212,0.008053585886955261,0.0,0.43193572759628296,0.0,-0.41582855582237244,0.0,21.0,-0.07085235370531903
trial_01,29.131305204,1.0,421.0,511.0,0.8868703246116638,0.25318464636802673,0.9410178661346436,-0.0018175048753619194,0.008025377988815308,0.0,0.4337124824523926,0.0,-0.41766172647476196,0.0,21.0,-0.1041353586026887
trial_01,29.402701250000003,1.0,497.0,346.0,0.870523989200592,0.25061050057411194,0.9279083013534546,-0.0003419846761971712,0.009175300598144531,0.0,0.43288254737854004,0.0,-0.414531946182251,0.0,21.0,-0.019594278604245976
trial_01,29.669260472,1.0,401.0,422.0,0.8468964695930481,0.17985787987709045,0.9301906824111938,-0.001809953711926937,0.008348032832145691,0.0,0.43033939599990845,0.0,-0.41364333033561707,0.0,21.0,-0.10370270880745071
trial_01,29.938474721000002,1.0,504.0,366.0,0.8639847040176392,0.22754999995231628,0.9372096061706543,-0.0028001694008708,0.00988122820854187,0.0,0.4325146973133087,0.0,-0.412752240896225,0.0,21.0,-0.16043788859157318
trial_01,30.208483408000003,1.0,421.0,418.0,0.8783836364746094,0.24630087614059448,0.9357342720031738,-0.008189248852431774,0.010669171810150146,0.0,0.43426528573036194,0.0,-0.41292694211006165,0.0,20.0,-0.46920939662669336
trial_01,30.478901723000003,1.0,501.0,329.0,0.8856934309005737,0.24658581614494324,0.9357509613037109,-0.010890094563364983,0.011945098638534546,0.0,0.43603384494781494,0.0,-0.41214364767074585,0.0,21.0,-0.6239564569791766
trial_01,30.747383508000002,1.0,414.0,442.0,0.8805224895477295,0.24563291668891907,0.9357244372367859,-0.006720338016748428,0.012076526880264282,0.0,0.4378665089607239,0.0,-0.4137134552001953,0.0,20.0,-0.3850470052610029
trial_01,31.022984207,1.0,501.0,333.0,0.8847633600234985,0.24452251195907593,0.9377436637878418,-0.009030776098370552,0.012159287929534912,0.0,0.43958622217178345,0.0,-0.4152676463127136,0.0,19.0,-0.517425356164253
trial_01,31.300208164,1.0,381.0,416.0,0.8703006505966187,0.1952274739742279,0.9339599609375,-0.005625642836093903,0.01077146828174591,0.0,0.44024208188056946,0.0,-0.41869914531707764,0.0,21.0,-0.32232559155618734
trial_01,31.573922042000003,1.0,481.0,353.0,0.8755546808242798,0.24310952425003052,0.9436400532722473,-0.004044192377477884,0.009630024433135986,0.0,0.4396180510520935,0.0,-0.42035800218582153,0.0,19.0,-0.23171515476846105
trial_01,31.852214957,1.0,407.0,410.0,0.8623801469802856,0.18777218461036682,0.9250854253768921,-0.00591714633628726,0.0075364261865615845,0.0,0.4377463459968567,0.0,-0.4226734936237335,0.0,21.0,-0.33902751183055774
trial_01,32.127559808,1.0,500.0,331.0,0.8627325892448425,0.22828370332717896,0.9193891882896423,-0.005167316645383835,0.005691498517990112,0.0,0.43676280975341797,0.0,-0.42537981271743774,0.0,21.0,-0.2960654351881924
trial_01,32.398550639,1.0,409.0,473.0,0.8674643635749817,0.19470813870429993,0.9186937212944031,-0.005000039003789425,0.0036639422178268433,0.0,0.43545767664909363,0.0,-0.42812979221343994,0.0,21.0,-0.28648113231793065
trial_01,32.673070738,1.0,502.0,380.0,0.8949313163757324,0.24435880780220032,0.9285978674888611,-0.01493174396455288,0.002634674310684204,0.0,0.4355089068412781,0.0,-0.43023955821990967,0.0,21.0,-0.8555259099388195
trial_01,32.942020070000005,1.0,410.0,495.0,0.8833128809928894,0.24629580974578857,0.9402886629104614,-0.012725040316581726,0.002379506826400757,0.0,0.43542930483818054,0.0,-0.43067029118537903,0.0,20.0,-0.7290911042739499
trial_01,33.214987408,1.0,494.0,375.0,0.8736414313316345,0.22001734375953674,0.9387459754943848,-0.011051815934479237,0.001978844404220581,0.0,0.43500304222106934,0.0,-0.4310453534126282,0.0,21.0,-0.6332224090010922
trial_01,33.486854442,1.0,397.0,498.0,0.8753750920295715,0.19958868622779846,0.9382535815238953,-0.010605771094560623,0.0021651387214660645,0.0,0.43538087606430054,0.0,-0.4310505986213684,0.0,21.0,-0.6076659222001672
trial_01,33.745804014,1.0,545.0,430.0,0.8824044466018677,0.24862885475158691,0.9435743689537048,-0.010575395077466965,0.0012259632349014282,0.0,0.4335688650608063,0.0,-0.4311169385910034,0.0,20.0,-0.6059255046222833
trial_01,34.020721775000005,1.0,453.0,551.0,0.8864530920982361,0.2485620677471161,0.9442766308784485,-0.010110566392540932,1.7434358596801758e-05,0.0,0.43217456340789795,0.0,-0.43213969469070435,0.0,20.0,-0.5792927827794053
trial_01,34.298891222,1.0,562.0,458.0,0.8826336860656738,0.2506023347377777,0.9401258826255798,-0.010469581931829453,-0.0011344105005264282,0.0,0.4312174618244171,0.0,-0.43348628282546997,0.0,20.0,-0.5998628579602507
trial_01,34.573737939000004,1.0,415.0,512.0,0.8796939849853516,0.20494002103805542,0.9362084269523621,-0.010630577802658081,-0.0013509690761566162,0.0,0.43016114830970764,0.0,-0.4328630864620209,0.0,20.0,-0.6090872418777645
trial_01,34.846911585,1.0,491.0,388.0,0.873637855052948,0.21289899945259094,0.9307799339294434,-0.011218652129173279,-0.0015374422073364258,0.0,0.4291559159755707,0.0,-0.43223080039024353,0.0,19.0,-0.6427814188270837
trial_01,35.118251186,1.0,376.0,421.0,0.8684935569763184,0.2183496654033661,0.9320330619812012,-0.011492525227367878,-0.001641884446144104,0.0,0.4280235171318054,0.0,-0.43130728602409363,0.0,20.0,-0.6584731914758062
trial_01,35.404519337,1.0,464.0,329.0,0.8823425769805908,0.25945523381233215,0.9283609986305237,-0.011950039304792881,-0.0020223110914230347,0.0,0.42619752883911133,0.0,-0.4302421510219574,0.0,20.0,-0.6846868171800805
trial_01,35.669145179000004,1.0,383.0,427.0,0.8735630512237549,0.2587367594242096,0.9434419274330139,-0.012165777385234833,-0.0024193376302719116,0.0,0.4250376224517822,0.0,-0.42987629771232605,0.0,20.0,-0.6970476986696582
trial_01,35.947568931,1.0,494.0,318.0,0.8549433946609497,0.17391130328178406,0.9325946569442749,-0.012497995048761368,-0.002340853214263916,0.0,0.4238712191581726,0.0,-0.42855292558670044,0.0,21.0,-0.7160823686694259
trial_01,36.218543412,1.0,379.0,413.0,0.8636006712913513,0.22486627101898193,0.9339998364448547,-0.012693172320723534,-0.0024673938751220703,0.0,0.42290687561035156,0.0,-0.4278416633605957,0.0,21.0,-0.727265202609735
trial_01,36.50045539,1.0,515.0,344.0,0.8733494281768799,0.2438957393169403,0.944932222366333,-0.009626178070902824,-0.0029769539833068848,0.0,0.421488881111145,0.0,-0.4274427890777588,0.0,19.0,-0.5515393763041163
trial_01,36.773271075000004,1.0,388.0,438.0,0.8757491111755371,0.25521236658096313,0.9346253275871277,-0.010025031864643097,-0.0033017396926879883,0.0,0.4204878509044647,0.0,-0.4270913302898407,0.0,19.0,-0.5743920153282154
trial_01,37.05017798,1.0,500.0,325.0,0.8699423670768738,0.2493383288383484,0.93846595287323,-0.01069284975528717,-0.0036076605319976807,0.0,0.4198746681213379,0.0,-0.42708998918533325,0.0,21.0,-0.61265516194545
trial_01,37.328745135000005,1.0,409.0,418.0,0.8764113187789917,0.2537831962108612,0.9421578645706177,-0.010932238772511482,-0.0035609006881713867,0.0,0.4192051589488983,0.0,-0.4263269603252411,0.0,19.0,-0.6263711422941877
trial_01,37.619943116,1.0,526.0,337.0,0.8755186796188354,0.25225830078125,0.9401292204856873,-0.010707255452871323,-0.0029162615537643433,0.0,0.41939646005630493,0.0,-0.4252289831638336,0.0,20.0,-0.6134805476179637
trial_01,37.888132583,1.0,421.0,419.0,0.8753069043159485,0.25123128294944763,0.9428771734237671,-0.005634143948554993,-0.003780260682106018,0.0,0.4182179570198059,0.0,-0.42577847838401794,0.0,21.0,-0.3228126694213739
trial_01,38.172490307000004,1.0,535.0,345.0,0.8611857295036316,0.23860958218574524,0.918779194355011,-0.006540221162140369,-0.0043782442808151245,0.0,0.4170125722885132,0.0,-0.42576906085014343,0.0,21.0,-0.3747270696727896
trial_01,38.446254367,1.0,442.0,404.0,0.8669719696044922,0.19507136940956116,0.9227799773216248,-0.007024652324616909,-0.004923149943351746,0.0,0.41708633303642273,0.0,-0.4269326329231262,0.0,21.0,-0.4024829307473116
trial_01,38.712848300000005,1.0,490.0,339.0,0.8827536702156067,0.24973681569099426,0.9297648668289185,-0.012467059306800365,-0.005749225616455078,0.0,0.4180360436439514,0.0,-0.4295344948768616,0.0,21.0,-0.7143098812189547
trial_01,39.024721194,1.0,427.0,428.0,0.8656513690948486,0.19504711031913757,0.9345532655715942,-0.00893873255699873,-0.0056007057428359985,0.0,0.41910138726234436,0.0,-0.43030279874801636,0.0,21.0,-0.5121516497122098
trial_01,39.30801039,1.0,517.0,328.0,0.8833338618278503,0.24790170788764954,0.9401272535324097,0.0038231678772717714,-0.006317660212516785,0.0,0.41961753368377686,0.0,-0.4322528541088104,0.0,20.0,0.2190513837376624
trial_01,39.586738429,1.0,406.0,425.0,0.8635236620903015,0.19570645689964294,0.934667706489563,0.004511573351919651,-0.0069793760776519775,0.0,0.41943395137786865,0.0,-0.4333927035331726,0.0,21.0,0.2584941120286861
trial_01,39.853566165000004,1.0,510.0,325.0,0.8511987328529358,0.2025793194770813,0.9306401610374451,0.004857945721596479,-0.00690072774887085,0.0,0.4198901057243347,0.0,-0.4336915612220764,0.0,20.0,0.2783397869511135
trial_01,40.134309669000004,1.0,396.0,414.0,0.8732514381408691,0.24412623047828674,0.9297881126403809,0.002385140396654606,-0.007333800196647644,0.0,0.420169860124588,0.0,-0.4348374605178833,0.0,21.0,0.136658478274468
trial_01,40.412595096000004,1.0,493.0,378.0,0.8815099000930786,0.2330133020877838,0.9187557697296143,0.004398364573717117,-0.008731618523597717,0.0,0.4200674891471863,0.0,-0.4375307261943817,0.0,20.0,0.25200772683384826
trial_01,40.684740574,1.0,394.0,471.0,0.8819937109947205,0.24522927403450012,0.9241493940353394,0.005215933546423912,-0.00962415337562561,0.0,0.4204363524913788,0.0,-0.43968465924263,0.0,21.0,0.298850978430794
trial_01,40.953912627,1.0,492.0,384.0,0.8926240801811218,0.2468479573726654,0.9298468232154846,0.008169424720108509,-0.01121416687965393,0.0,0.4200614094734192,0.0,-0.44248974323272705,0.0,21.0,0.4680735575120614
trial_01,41.234280356,1.0,422.0,514.0,0.8760712146759033,0.2456737458705902,0.9394881129264832,0.012812476605176926,-0.010947495698928833,0.0,0.42077797651290894,0.0,-0.4426729679107666,0.0,19.0,0.7341008345867427
trial_01,41.508025355,1.0,517.0,384.0,0.8666639924049377,0.20080837607383728,0.9351890087127686,0.0038900980725884438,-0.01027187705039978,0.0,0.42143142223358154,0.0,-0.4419751763343811,0.0,21.0,0.22288620145129398
trial_01,41.783395212,1.0,409.0,494.0,0.8727620244026184,0.20399579405784607,0.9380302429199219,0.0028787804767489433,-0.009159937500953674,0.0,0.42147624492645264,0.0,-0.43979611992836,0.0,21.0,0.16494197146237347
trial_01,42.06454673,1.0,515.0,361.0,0.8699842095375061,0.2389218509197235,0.9452548027038574,0.002274787053465843,-0.006612375378608704,0.0,0.4230729639530182,0.0,-0.4362977147102356,0.0,18.0,0.13033569745459317
trial_01,42.333332492000004,1.0,382.0,511.0,0.8907610774040222,0.24374797940254211,0.9340057373046875,0.0019285003654658794,-0.00574079155921936,0.0,0.42360803484916687,0.0,-0.4350896179676056,0.0,21.0,0.11049493173063171
trial_01,42.612084682,1.0,521.0,444.0,0.8843204975128174,0.2479226291179657,0.9345085620880127,-0.002533835358917713,-0.004410982131958008,0.0,0.4250849485397339,0.0,-0.4339069128036499,0.0,21.0,-0.14517807204700112
trial_01,42.867639921000006,1.0,479.0,574.0,0.8906399011611938,0.22095927596092224,0.9285091161727905,-0.000928475521504879,-0.0030953288078308105,0.0,0.4262797236442566,0.0,-0.4324703812599182,0.0,21.0,-0.053197728763437674
trial_01,43.153809564,1.0,546.0,463.0,0.8906170129776001,0.2518668472766876,0.9359452128410339,0.0016401391476392746,-0.0018898546695709229,0.0,0.4272463321685791,0.0,-0.43102604150772095,0.0,18.0,0.09397305097391466
trial_01,43.422165469,1.0,430.0,541.0,0.8717654943466187,0.18257662653923035,0.9199520945549011,0.0037281420081853867,-0.0012734979391098022,0.0,0.42726612091064453,0.0,-0.42981311678886414,0.0,20.0,0.21360680249444985
trial_01,43.689556032000006,1.0,504.0,370.0,0.8815061450004578,0.23792675137519836,0.9208933711051941,0.005737789906561375,-0.0005643665790557861,0.0,0.42689114809036255,0.0,-0.4280198812484741,0.0,19.0,0.32875114537872974
trial_01,43.964813479,1.0,413.0,415.0,0.8744739294052124,0.2405814826488495,0.9240925312042236,0.00783658679574728,0.0012259632349014282,0.0,0.42827001214027405,0.0,-0.4258180856704712,0.0,19.0,0.4490033491842685
trial_01,44.24166571,1.0,497.0,331.0,0.8802253007888794,0.25239458680152893,0.9244526624679565,0.010068906471133232,0.0033798813819885254,0.0,0.42990052700042725,0.0,-0.4231407642364502,0.0,21.0,0.5769058451078974
trial_01,44.508431482000006,1.0,410.0,490.0,0.8761558532714844,0.23677393794059753,0.9408664703369141,0.011358528397977352,0.002136826515197754,0.0,0.4276949167251587,0.0,-0.4234212636947632,0.0,20.0,0.6507957386835945
trial_01,44.797702601000005,1.0,505.0,352.0,0.8522990345954895,0.1756850779056549,0.9297947883605957,0.012762722559273243,0.003870949149131775,0.0,0.42851418256759644,0.0,-0.4207722842693329,0.0,20.0,0.7312501377427615
trial_01,45.067212153,1.0,435.0,495.0,0.8606860637664795,0.19409456849098206,0.9317271113395691,0.013484200462698936,0.002766042947769165,0.0,0.4279620945453644,0.0,-0.42243000864982605,0.0,21.0,0.7725877766210009
trial_01,45.345021341000006,1.0,505.0,404.0,0.8746201395988464,0.2169153392314911,0.9334302544593811,0.014203513041138649,0.003921210765838623,0.0,0.4298732876777649,0.0,-0.42203086614608765,0.0,21.0,0.8138013515162694
trial_01,45.626497297,1.0,409.0,431.0,0.8545358777046204,0.19781392812728882,0.936180830001831,0.009908945299685001,0.006939530372619629,0.0,0.4332747161388397,0.0,-0.41939565539360046,0.0,21.0,0.5677407450979453
trial_01,45.888279342000004,1.0,504.0,304.0,0.8752134442329407,0.24495211243629456,0.9390877485275269,0.0053624119609594345,0.008441552519798279,0.0,0.4345501959323883,0.0,-0.41766709089279175,0.0,20.0,0.30724357337344715
trial_01,46.165047578,1.0,406.0,432.0,0.8677887916564941,0.1939655840396881,0.9336440563201904,0.0016433633863925934,0.00949665904045105,0.0,0.4360179305076599,0.0,-0.4170246124267578,0.0,20.0,0.09415778624662234
trial_01,46.440104411,1.0,492.0,323.0,0.868056058883667,0.20155155658721924,0.9376705884933472,0.0021092165261507034,0.010743513703346252,0.0,0.4373348355293274,0.0,-0.4158478081226349,0.0,20.0,0.12084920502768014
trial_01,46.711844592000006,1.0,395.0,484.0,0.8720049262046814,0.1990886628627777,0.9283186793327332,0.0010965541005134583,0.008998245000839233,0.0,0.4376595914363861,0.0,-0.41966310143470764,0.0,21.0,0.06282792196718541
trial_01,46.98252404,1.0,525.0,352.0,0.873315691947937,0.2418653964996338,0.931786835193634,-0.0008844095282256603,0.008044004440307617,0.0,0.4376533627510071,0.0,-0.42156535387039185,0.0,21.0,-0.05067293332848659
trial_01,47.258445740000006,1.0,412.0,417.0,0.8700951933860779,0.24322190880775452,0.9339545369148254,-0.0019383453764021397,0.0072209835052490234,0.0,0.43692851066589355,0.0,-0.4224865436553955,0.0,21.0,-0.11105900930653956
trial_01,47.545214642000005,1.0,495.0,366.0,0.8738276958465576,0.2201509177684784,0.921200156211853,-0.0025428887456655502,0.005042418837547302,0.0,0.43682730197906494,0.0,-0.42674246430397034,0.0,21.0,-0.14569679289795184
trial_01,47.808100123,1.0,415.0,472.0,0.8657698631286621,0.1762228012084961,0.9161467552185059,0.0021881526336073875,0.004666164517402649,0.0,0.4374082386493683,0.0,-0.428075909614563,0.0,21.0,0.12537191083613927
trial_01,48.093770619000004,1.0,508.0,369.0,0.8881533741950989,0.22177496552467346,0.9209505915641785,-0.004017582628875971,0.004312187433242798,0.0,0.4371385872364044,0.0,-0.4285142123699188,0.0,19.0,-0.23019052847966728
trial_01,48.377099458,1.0,418.0,495.0,0.8798336982727051,0.2143198549747467,0.930587887763977,0.0010061641223728657,0.004957824945449829,0.0,0.4388226270675659,0.0,-0.42890697717666626,0.0,21.0,0.057648957709449694
trial_01,48.659312787000005,1.0,477.0,394.0,0.8777011632919312,0.24098363518714905,0.9419784545898438,0.0002921544946730137,0.004472360014915466,0.0,0.4383506178855896,0.0,-0.42940589785575867,0.0,21.0,0.016739219510540977
trial_01,48.943470795,1.0,408.0,524.0,0.8867612481117249,0.2409105896949768,0.9413701891899109,-0.00026524951681494713,0.005083590745925903,0.0,0.43978455662727356,0.0,-0.42961737513542175,0.0,20.0,-0.015197677831380832
trial_01,49.219138892000004,1.0,557.0,440.0,0.888224720954895,0.2469552457332611,0.9366968870162964,-0.0005098185501992702,0.0044821202754974365,0.0,0.43809419870376587,0.0,-0.429129958152771,0.0,20.0,-0.02921045124389668
trial_01,49.491925222000006,1.0,426.0,566.0,0.8837025761604309,0.24804171919822693,0.9399200677871704,-0.0002553192898631096,0.00402909517288208,0.0,0.4365362524986267,0.0,-0.42847806215286255,0.0,21.0,-0.014628717737433482
trial_01,49.761008351,1.0,507.0,471.0,0.8776034116744995,0.23493972420692444,0.9382291436195374,0.00011796876788139343,0.0033849626779556274,0.0,0.4352019727230072,0.0,-0.42843204736709595,0.0,20.0,0.006759112513962306
trial_01,50.051412588000005,1.0,361.0,519.0,0.8915261030197144,0.1892174780368805,0.9256224036216736,0.0007547615095973015,0.0038229674100875854,0.0,0.43489307165145874,0.0,-0.42724713683128357,0.0,21.0,0.04324464903884815
trial_01,50.342900118,1.0,472.0,401.0,0.8846239447593689,0.25918734073638916,0.940429151058197,0.0010808520019054413,0.004714146256446838,0.0,0.43504589796066284,0.0,-0.42561760544776917,0.0,20.0,0.0619282579874478
trial_01,50.609138638000005,1.0,369.0,421.0,0.8818997144699097,0.2525521218776703,0.9312080144882202,0.0011632302775979042,0.005793645977973938,0.0,0.4348190128803253,0.0,-0.42323172092437744,0.0,21.0,0.06664818550819106
trial_01,50.875449465,1.0,479.0,313.0,0.8591634035110474,0.17628785967826843,0.9270728826522827,0.0014915736392140388,0.007406994700431824,0.0,0.43435177206993103,0.0,-0.4195377826690674,0.0,20.0,0.08546087435993337
trial_01,51.159265961,1.0,390.0,499.0,0.8769611120223999,0.21068692207336426,0.9239135980606079,0.001896199770271778,0.007952824234962463,0.0,0.4366230368614197,0.0,-0.42071738839149475,0.0,20.0,0.10864424395024914
trial_01,51.434468621,1.0,506.0,326.0,0.8621901273727417,0.23479971289634705,0.9338994026184082,0.0019249748438596725,0.009618565440177917,0.0,0.43705686926841736,0.0,-0.4178197383880615,0.0,21.0,0.11029293422201387
trial_01,51.709039438000005,1.0,391.0,423.0,0.8478010892868042,0.19371217489242554,0.9330229163169861,0.007345873396843672,0.009108945727348328,0.0,0.4354207217693329,0.0,-0.41720283031463623,0.0,21.0,0.4208875424765721
trial_01,51.982433732000004,1.0,505.0,357.0,0.8483424186706543,0.1860375702381134,0.9301934242248535,0.003239576704800129,0.009082004427909851,0.0,0.43325114250183105,0.0,-0.41508713364601135,0.0,21.0,0.18561407259394597
trial_01,52.262727768000005,1.0,410.0,432.0,0.864134669303894,0.21360668540000916,0.9427607655525208,-0.004355998709797859,0.010282531380653381,0.0,0.4349828064441681,0.0,-0.41441774368286133,0.0,20.0,-0.24958034163584922
trial_01,52.547197707,1.0,501.0,331.0,0.8757981061935425,0.2507486045360565,0.9445624351501465,-0.006329966709017754,0.010539233684539795,0.0,0.4341457486152649,0.0,-0.4130672812461853,0.0,19.0,-0.3626803768850325
trial_01,52.811740838000006,1.0,385.0,505.0,0.8793530464172363,0.19635233283042908,0.9312151670455933,-0.00666922889649868,0.008929431438446045,0.0,0.4335402846336365,0.0,-0.4156814217567444,0.0,21.0,-0.38211866837606573
trial_01,53.086562713000006,1.0,483.0,317.0,0.8689978718757629,0.2147711217403412,0.9428514838218689,-0.006974243558943272,0.009519845247268677,0.0,0.43370336294174194,0.0,-0.4146636724472046,0.0,21.0,-0.39959472122374823
trial_01,53.364843608,1.0,396.0,443.0,0.8691259026527405,0.24138721823692322,0.9461985230445862,-0.00745838787406683,0.008948937058448792,0.0,0.4319949746131897,0.0,-0.4140971004962921,0.0,21.0,-0.4273341471555799
trial_01,53.635308278000004,1.0,502.0,341.0,0.8686062693595886,0.24738627672195435,0.9322870969772339,-0.0024358369410037994,0.009702205657958984,0.0,0.4327554404735565,0.0,-0.41335102915763855,0.0,21.0,-0.1395631763015746
trial_01,53.912474175,1.0,388.0,475.0,0.8759865760803223,0.2459653913974762,0.9336813688278198,0.001023892662487924,0.006824091076850891,0.0,0.4324813187122345,0.0,-0.4188331365585327,0.0,21.0,0.05866472823497092
trial_01,54.19793216,1.0,504.0,336.0,0.859735369682312,0.22298243641853333,0.9207718372344971,0.0038117456715554,0.005006060004234314,0.0,0.4327685534954071,0.0,-0.4227564334869385,0.0,20.0,0.2183969395573841
trial_01,54.500800520000006,1.0,407.0,411.0,0.8633214831352234,0.2044578194618225,0.9265530705451965,0.0060026198625564575,0.004253298044204712,0.0,0.4341977834701538,0.0,-0.4256911873817444,0.0,20.0,0.3439247841458833
trial_01,54.76808096800001,1.0,497.0,368.0,0.8730509877204895,0.22159841656684875,0.9188411235809326,-0.002284067217260599,0.0031130164861679077,0.0,0.4343145489692688,0.0,-0.428088515996933,0.0,21.0,-0.1308674116732228
trial_01,55.035130094,1.0,391.0,476.0,0.8777174949645996,0.20419716835021973,0.9278635382652283,0.001450634328648448,0.0030343830585479736,0.0,0.435162216424942,0.0,-0.42909345030784607,0.0,20.0,0.08311522464834968
trial_01,55.312416423,1.0,472.0,371.0,0.8884785175323486,0.24532249569892883,0.9275498390197754,-0.005549016874283552,0.002966552972793579,0.0,0.4352738559246063,0.0,-0.42934074997901917,0.0,20.0,-0.3179352473433237
trial_01,55.58881099600001,1.0,384.0,481.0,0.8687132000923157,0.19607511162757874,0.9287973046302795,-0.005751488730311394,0.0030028969049453735,0.0,0.43499675393104553,0.0,-0.4289909601211548,0.0,19.0,-0.32953603016389943
trial_01,55.858791790000005,1.0,494.0,390.0,0.8751461505889893,0.24227038025856018,0.947931170463562,-0.0008481689728796482,0.0026958882808685303,0.0,0.43428710103034973,0.0,-0.42889532446861267,0.0,21.0,-0.04859650245994982
trial_01,56.148362427,1.0,387.0,534.0,0.8864330053329468,0.24974220991134644,0.9437710046768188,-0.002252408768981695,0.002621665596961975,0.0,0.4337092936038971,0.0,-0.42846596240997314,0.0,21.0,-0.12905351620090838
trial_01,56.428212124000005,1.0,533.0,454.0,0.8921687602996826,0.249923437833786,0.9389400482177734,-0.003104714211076498,0.0028746426105499268,0.0,0.43394535779953003,0.0,-0.4281960725784302,0.0,21.0,-0.17788702088897237
trial_01,56.696857587000004,1.0,452.0,565.0,0.8841996788978577,0.25220146775245667,0.9452319145202637,-0.0035163015127182007,0.0038998574018478394,0.0,0.4343121349811554,0.0,-0.4265124201774597,0.0,19.0,-0.20146923617421986
trial_01,56.962289574,1.0,505.0,391.0,0.8761600255966187,0.2350381314754486,0.9387629628181458,-0.003753401804715395,0.0044238269329071045,0.0,0.4341832995414734,0.0,-0.4253356456756592,0.0,20.0,-0.21505408222697855
trial_01,57.248006199,1.0,396.0,420.0,0.8677496910095215,0.21408870816230774,0.939855694770813,0.0010761329904198647,0.004777178168296814,0.0,0.4334923326969147,0.0,-0.42393797636032104,0.0,21.0,0.061657878545850496
trial_01,57.529325919,1.0,477.0,327.0,0.8848322629928589,0.2579346001148224,0.9277703166007996,0.004836860112845898,0.004801347851753235,0.0,0.43282097578048706,0.0,-0.4232182800769806,0.0,19.0,0.27713167056124105
trial_01,57.80167032200001,1.0,372.0,488.0,0.8725289702415466,0.19905492663383484,0.9412991404533386,0.0075981756672263145,0.0031011253595352173,0.0,0.43100836873054504,0.0,-0.4248061180114746,0.0,21.0,0.43534339773106606
trial_01,58.083159306000006,1.0,489.0,333.0,0.8734860420227051,0.25146782398223877,0.9365248084068298,0.00968601182103157,0.0029584020376205444,0.0,0.42967912554740906,0.0,-0.42376232147216797,0.0,21.0,0.5549675976589339
trial_01,58.367503854000006,1.0,387.0,518.0,0.8843724131584167,0.2561633288860321,0.9380428791046143,0.006349922623485327,0.0023449212312698364,0.0,0.42920079827308655,0.0,-0.4245109558105469,0.0,20.0,0.36382376656034854
trial_01,58.64314764900001,1.0,482.0,385.0,0.876373291015625,0.24400168657302856,0.9445585608482361,0.003870757296681404,0.0028491467237472534,0.0,0.4305780529975891,0.0,-0.4248797595500946,0.0,21.0,0.2217780566193123
trial_01,58.909666615000006,1.0,393.0,428.0,0.8578844666481018,0.18916180729866028,0.9370927214622498,0.0024380716495215893,0.0036164522171020508,0.0,0.42915403842926025,0.0,-0.42192113399505615,0.0,21.0,0.1396912156680859
trial_01,59.193832236000006,1.0,481.0,330.0,0.882897675037384,0.2506408989429474,0.9406386613845825,0.001130188349634409,0.004856586456298828,0.0,0.42930513620376587,0.0,-0.4195919632911682,0.0,21.0,0.0647550224889075
trial_01,59.47057821400001,1.0,404.0,424.0,0.8676979541778564,0.22095051407814026,0.9429728984832764,-2.840626984834671e-05,0.007435232400894165,0.0,0.43173980712890625,0.0,-0.4168693423271179,0.0,21.0,-0.0016275593740199916
trial_01,59.750778906,1.0,475.0,334.0,0.8731420636177063,0.24724644422531128,0.9392557740211487,-0.0005918852984905243,0.010195642709732056,0.0,0.43467259407043457,0.0,-0.41428130865097046,0.0,20.0,-0.033912529559347995
trial_01,60.033358677,1.0,395.0,421.0,0.8635945916175842,0.23795673251152039,0.9493809938430786,-0.0017291209660470486,0.011377319693565369,0.0,0.43621885776519775,0.0,-0.413464218378067,0.0,20.0,-0.0990713336220796
trial_01,60.309374755,1.0,490.0,352.0,0.8721144795417786,0.2466154396533966,0.9280423521995544,-0.001227579778060317,0.011870414018630981,0.0,0.43750715255737305,0.0,-0.4137663245201111,0.0,21.0,-0.07033514029846245
trial_01,60.594240635000006,1.0,404.0,476.0,0.8840229511260986,0.2477913796901703,0.9203789234161377,0.00639050267636776,0.010134294629096985,0.0,0.4388534128665924,0.0,-0.41858482360839844,0.0,20.0,0.36614883232292966
trial_01,60.86157424900001,1.0,493.0,380.0,0.8910132646560669,0.2439696490764618,0.9257768988609314,0.0027429903857409954,0.007044807076454163,0.0,0.4377451241016388,0.0,-0.42365550994873047,0.0,20.0,0.1571617723479207
trial_01,61.149467205,1.0,401.0,444.0,0.8811364769935608,0.24591130018234253,0.9467611908912659,-0.0011246614158153534,0.007530152797698975,0.0,0.4395674467086792,0.0,-0.42450714111328125,0.0,21.0,-0.06443835250742748
trial_01,61.422775719,1.0,466.0,314.0,0.8820716142654419,0.2461681365966797,0.9256575703620911,-0.001614573411643505,0.006165012717247009,0.0,0.4379059374332428,0.0,-0.4255759119987488,0.0,20.0,-0.09250824220121137
trial_01,61.707332254,1.0,363.0,439.0,0.8713008165359497,0.24352827668190002,0.9345616102218628,-0.002843748778104782,0.0059021711349487305,0.0,0.43720394372940063,0.0,-0.4253996014595032,0.0,21.0,-0.16293480298088886
trial_01,61.962747759,1.0,493.0,388.0,0.8830364942550659,0.24471303820610046,0.9297661781311035,-0.008577296510338783,0.005110323429107666,0.0,0.4362701177597046,0.0,-0.42604947090148926,0.0,19.0,-0.49144288967470134
trial_01,62.256984847000005,1.0,369.0,479.0,0.8828981518745422,0.24437952041625977,0.932728111743927,-0.008833423256874084,0.00445181131362915,0.0,0.4353553056716919,0.0,-0.4264516830444336,0.0,21.0,-0.5061178712715911
trial_01,62.538042236,1.0,485.0,408.0,0.8899621367454529,0.24459391832351685,0.931183934211731,-0.009393046610057354,0.0030867308378219604,0.0,0.4343564212322235,0.0,-0.4281829595565796,0.0,21.0,-0.5381819275259515
trial_01,62.809590281000006,1.0,448.0,527.0,0.8715303540229797,0.24001038074493408,0.9426500201225281,-0.010615231469273567,0.002344861626625061,0.0,0.4329335689544678,0.0,-0.42824384570121765,0.0,21.0,-0.6082079617438312
trial_01,63.078656065000004,1.0,552.0,453.0,0.8884180784225464,0.24886611104011536,0.9412850737571716,-0.012161705642938614,0.0014992356300354004,0.0,0.43181997537612915,0.0,-0.42882150411605835,0.0,21.0,-0.6968144050208199
trial_01,63.367543662,1.0,398.0,551.0,0.8856079578399658,0.2249041497707367,0.9280125498771667,-0.013702282682061195,0.0005281418561935425,0.0,0.43086907267570496,0.0,-0.42981278896331787,0.0,21.0,-0.7850829673773045
trial_01,63.619558488,1.0,470.0,395.0,0.878966212272644,0.2399015724658966,0.9361134767532349,-0.010027127340435982,0.00020663440227508545,0.0,0.42913123965263367,0.0,-0.4287179708480835,0.0,19.0,-0.5745120772472195
trial_01,63.88650562,1.0,367.0,478.0,0.8883305788040161,0.257791668176651,0.9200060963630676,-0.012953005731105804,-0.0008352398872375488,0.0,0.4282602369785309,0.0,-0.429930716753006,0.0,21.0,-0.7421525604011299
trial_01,64.16742724800001,1.0,488.0,324.0,0.8807175159454346,0.2525247633457184,0.930944561958313,-0.010076574981212616,-0.0008467733860015869,0.0,0.42618900537490845,0.0,-0.4278825521469116,0.0,21.0,-0.5773452183705997
trial_01,64.44040094900001,1.0,392.0,421.0,0.8742871880531311,0.2547294795513153,0.9312591552734375,-0.01854359358549118,-0.0013597458600997925,0.0,0.42415928840637207,0.0,-0.42687878012657166,0.0,21.0,-1.0624696494545103
trial_01,64.716183504,1.0,493.0,347.0,0.8489049077033997,0.17428115010261536,0.9358295202255249,-0.019768347963690758,-0.0006753504276275635,0.0,0.4230390787124634,0.0,-0.4243897795677185,0.0,20.0,-1.1326429062655157
trial_01,64.98318788,1.0,417.0,405.0,0.8764780759811401,0.19871309399604797,0.9331942200660706,-0.02027241140604019,-0.00047090649604797363,0.0,0.42376166582107544,0.0,-0.4247034788131714,0.0,21.0,-1.161523614118974
trial_01,65.28191875200001,1.0,506.0,340.0,0.8772440552711487,0.249619722366333,0.9393150806427002,-0.021971445530653,0.00027520954608917236,0.0,0.4232020974159241,0.0,-0.4226516783237457,0.0,21.0,-1.2588710987079923
trial_01,65.550245538,1.0,396.0,426.0,0.8495842218399048,0.20367905497550964,0.9274349212646484,-0.022338133305311203,0.0003461092710494995,0.0,0.4237630069255829,0.0,-0.4230707883834839,0.0,21.0,-1.2798807605949516
trial_01,65.82296746600001,1.0,504.0,299.0,0.8752459287643433,0.23121407628059387,0.9408453702926636,-0.023293953388929367,-0.0016180574893951416,0.0,0.4212692975997925,0.0,-0.42450541257858276,0.0,21.0,-1.3346452173601138
trial_01,66.095658193,1.0,365.0,414.0,0.8690448999404907,0.24748674035072327,0.9425971508026123,-0.02382001280784607,-0.003581807017326355,0.0,0.41880106925964355,0.0,-0.42596468329429626,0.0,20.0,-1.3647862018371453
trial_01,66.382225819,1.0,511.0,331.0,0.8696390986442566,0.24667024612426758,0.9402769804000854,-0.026904361322522163,-0.0025738179683685303,0.0,0.4204612970352173,0.0,-0.42560893297195435,0.0,21.0,-1.5415063542755298
trial_01,66.66001793000001,1.0,395.0,411.0,0.8697697520256042,0.2293054759502411,0.9402676820755005,-0.018333036452531815,-0.004270538687705994,0.0,0.4204384684562683,0.0,-0.4289795458316803,0.0,20.0,-1.0504056143895637
trial_01,66.926810454,1.0,521.0,322.0,0.8599843382835388,0.23550865054130554,0.9173110127449036,-0.018533429130911827,-0.005629792809486389,0.0,0.42054837942123413,0.0,-0.4318079650402069,0.0,21.0,-1.061887269106061
trial_01,67.216890464,1.0,388.0,393.0,0.8648933172225952,0.20234423875808716,0.9247904419898987,-0.011420823633670807,-0.006740689277648926,0.0,0.420418381690979,0.0,-0.43389976024627686,0.0,21.0,-0.6543649927726022
trial_01,67.490264995,1.0,486.0,361.0,0.8831855058670044,0.24480149149894714,0.9257741570472717,-0.007362149655818939,-0.008654415607452393,0.0,0.420399010181427,0.0,-0.4377078413963318,0.0,21.0,-0.42182010342211684
trial_01,67.762298391,1.0,441.0,459.0,0.8773976564407349,0.24476733803749084,0.9376872181892395,-0.004395546391606331,-0.008780092000961304,0.0,0.42193934321403503,0.0,-0.43949952721595764,0.0,20.0,-0.25184625689300094
trial_01,68.02435492400001,1.0,497.0,364.0,0.8736441731452942,0.20614826679229736,0.9240750074386597,-0.008222480304539204,-0.009126350283622742,0.0,0.4228878915309906,0.0,-0.4411405920982361,0.0,21.0,-0.4711134185795402
trial_01,68.312200191,1.0,405.0,454.0,0.8743151426315308,0.17819428443908691,0.9275771379470825,-0.014489446766674519,-0.007011577486991882,0.0,0.4259966015815735,0.0,-0.44001975655555725,0.0,21.0,-0.8301841472099268
trial_01,68.58808184,1.0,494.0,325.0,0.8641988635063171,0.22249522805213928,0.9253326654434204,-0.011263998225331306,-0.004326939582824707,0.0,0.4273884892463684,0.0,-0.4360423684120178,0.0,21.0,-0.6453795587543331
trial_01,68.865828073,1.0,418.0,486.0,0.8851029276847839,0.23576006293296814,0.9327471852302551,-0.005317829083651304,-0.0032819658517837524,0.0,0.42849963903427124,0.0,-0.43506357073783875,0.0,19.0,-0.30468916266514173
trial_01,69.136218599,1.0,517.0,385.0,0.8776891827583313,0.24345168471336365,0.9417206645011902,-0.004109804518520832,-0.0022453218698501587,0.0,0.4289020299911499,0.0,-0.4333926737308502,0.0,20.0,-0.23547445353503904
trial_01,69.4212621,1.0,426.0,506.0,0.8773123621940613,0.2419416606426239,0.9450253844261169,-0.0028677843511104584,-0.0019823461771011353,0.0,0.4283718764781952,0.0,-0.43233656883239746,0.0,21.0,-0.16431193987229267
trial_01,69.67860226900001,1.0,525.0,429.0,0.8857588768005371,0.2454356849193573,0.9404264092445374,-0.00155659019947052,-0.001816079020500183,0.0,0.4282989203929901,0.0,-0.4319310784339905,0.0,21.0,-0.08918604886108775
trial_01,69.947443584,1.0,403.0,549.0,0.8888397216796875,0.24076345562934875,0.9347792267799377,-0.005526087246835232,-0.0009133666753768921,0.0,0.4291017949581146,0.0,-0.4309285283088684,0.0,19.0,-0.31662147646472755
trial_01,70.23877378,1.0,535.0,323.0,0.8838476538658142,0.23508676886558533,0.9349597692489624,-0.007774905301630497,0.0012938082218170166,0.0,0.43058931827545166,0.0,-0.4280017018318176,0.0,21.0,-0.4454692598973158
trial_01,70.523872159,1.0,447.0,480.0,0.8705809712409973,0.1381288468837738,0.9334772825241089,-0.003788248635828495,0.0028334707021713257,0.0,0.43214279413223267,0.0,-0.42647585272789,0.0,21.0,-0.21705065857916434
trial_01,70.795925974,1.0,522.0,306.0,0.8773689270019531,0.23841294646263123,0.9312862157821655,-0.00034138280898332596,0.0036896169185638428,0.0,0.43208634853363037,0.0,-0.4247071146965027,0.0,21.0,-0.019559794153065344
trial_01,71.065955554,1.0,371.0,412.0,0.8790054321289062,0.2554234564304352,0.9251202344894409,0.0025567319244146347,0.004366487264633179,0.0,0.4317447543144226,0.0,-0.42301177978515625,0.0,19.0,0.14648994861531958
trial_01,71.352358588,1.0,496.0,309.0,0.8757711052894592,0.2489326298236847,0.9267821311950684,0.004956915974617004,0.006018698215484619,0.0,0.4329943060874939,0.0,-0.42095690965652466,0.0,20.0,0.28401036474653146
trial_01,71.634162257,1.0,391.0,423.0,0.8770142793655396,0.2491113841533661,0.9345408082008362,0.0064262086525559425,0.005772337317466736,0.0,0.43197813630104065,0.0,-0.4204334616661072,0.0,21.0,0.3681946340619071
trial_01,71.903060749,1.0,514.0,350.0,0.8597708940505981,0.18477892875671387,0.9333893656730652,0.007266806438565254,0.007023796439170837,0.0,0.4324744939804077,0.0,-0.41842690110206604,0.0,20.0,0.4163573394682818
trial_01,72.191061082,1.0,401.0,436.0,0.8687971830368042,0.2516102194786072,0.9428213238716125,0.007647186517715454,0.0076745301485061646,0.0,0.43298593163490295,0.0,-0.4176368713378906,0.0,21.0,0.43815151261444046
trial_01,72.46979502500001,1.0,500.0,376.0,0.8812381029129028,0.2504861056804657,0.9438716173171997,-3.514625132083893e-05,0.006003201007843018,0.0,0.43187975883483887,0.0,-0.41987335681915283,0.0,21.0,-0.0020137318663901657
trial_01,72.73646179400001,1.0,405.0,421.0,0.8671935796737671,0.19562503695487976,0.9223774671554565,0.0010534226894378662,0.005328461527824402,0.0,0.42867299914360046,0.0,-0.41801607608795166,0.0,21.0,0.060356674148110176
trial_01,73.0045358,1.0,495.0,309.0,0.8736705780029297,0.22118261456489563,0.9364362359046936,0.00166309904307127,0.007061392068862915,0.0,0.43010973930358887,0.0,-0.41598695516586304,0.0,19.0,0.09528855608022968
trial_01,73.27731904000001,1.0,432.0,415.0,0.8651251792907715,0.11498710513114929,0.9292460680007935,0.0007251845672726631,0.008231103420257568,0.0,0.43225038051605225,0.0,-0.4157881736755371,0.0,21.0,0.04155001507274452
trial_01,73.547392219,1.0,507.0,347.0,0.864953875541687,0.24293020367622375,0.9419730305671692,0.0014626607298851013,0.009839668869972229,0.0,0.434001624584198,0.0,-0.41432228684425354,0.0,20.0,0.08380428668194083
trial_01,73.815224599,1.0,413.0,497.0,0.8616737127304077,0.19170904159545898,0.9304417967796326,-0.008593542501330376,0.009286269545555115,0.0,0.4352647662162781,0.0,-0.41669222712516785,0.0,20.0,-0.49237371639252714
trial_01,74.09236787100001,1.0,504.0,357.0,0.8743138909339905,0.24470606446266174,0.9278683662414551,-0.014977188780903816,0.009291842579841614,0.0,0.4364795684814453,0.0,-0.4178958833217621,0.0,20.0,-0.8581297061164753
trial_01,74.35902848,1.0,408.0,417.0,0.880066990852356,0.24401599168777466,0.9237594604492188,-0.010450204834342003,0.009669095277786255,0.0,0.43927374482154846,0.0,-0.41993555426597595,0.0,19.0,-0.5987526320550064
trial_01,74.629559201,1.0,489.0,374.0,0.8937506079673767,0.2389220893383026,0.9226763844490051,-0.006976439151912928,0.006130188703536987,0.0,0.43864259123802185,0.0,-0.4263822138309479,0.0,21.0,-0.39972051943443815
trial_01,74.899954882,1.0,408.0,426.0,0.8844391107559204,0.24338331818580627,0.9304405450820923,-0.0047876592725515366,0.005066722631454468,0.0,0.43776363134384155,0.0,-0.4276301860809326,0.0,21.0,-0.27431267006387694
trial_01,75.173231654,1.0,493.0,371.0,0.8906896710395813,0.22782745957374573,0.9110941290855408,-0.018360568210482597,0.0044666677713394165,0.0,0.4381639361381531,0.0,-0.42923060059547424,0.0,21.0,-1.0519830679227193
trial_01,75.44289587600001,1.0,385.0,491.0,0.891333281993866,0.24350780248641968,0.919630229473114,-0.024047130718827248,0.005364060401916504,0.0,0.4393114149570465,0.0,-0.4285832941532135,0.0,21.0,-1.3777990995881948
trial_01,75.70754023500001,1.0,488.0,363.0,0.8785653114318848,0.23770269751548767,0.9429134130477905,-0.018353547900915146,0.0063637495040893555,0.0,0.4391830563545227,0.0,-0.426455557346344,0.0,20.0,-1.051580833813629
trial_01,75.978178677,1.0,374.0,481.0,0.8930259943008423,0.24005165696144104,0.9282149076461792,-0.014033171348273754,0.004945442080497742,0.0,0.4375656247138977,0.0,-0.4276747405529022,0.0,21.0,-0.8040414914399971
trial_01,76.274952106,1.0,536.0,435.0,0.8939196467399597,0.2489626705646515,0.9295281171798706,-0.0115865059196949,0.0025164037942886353,0.0,0.43500399589538574,0.0,-0.42997118830680847,0.0,20.0,-0.6638578885018621
trial_01,76.557929375,1.0,436.0,544.0,0.8961337208747864,0.2492617666721344,0.9289769530296326,-0.009962132200598717,0.0017062276601791382,0.0,0.4337928295135498,0.0,-0.43038037419319153,0.0,21.0,-0.5707881300456816
trial_01,76.81897229500001,1.0,485.0,415.0,0.894510805606842,0.2556825578212738,0.9379099607467651,-0.00921853817999363,0.000863879919052124,0.0,0.4324911832809448,0.0,-0.4307634234428406,0.0,21.0,-0.5281833309938462
trial_01,77.08483007800001,1.0,370.0,487.0,0.8923566937446594,0.24974021315574646,0.9315048456192017,-0.013845602050423622,0.000303611159324646,0.0,0.43152302503585815,0.0,-0.43091580271720886,0.0,21.0,-0.7932945623069524
trial_01,77.378519232,1.0,463.0,329.0,0.8851155638694763,0.25699684023857117,0.9216729998588562,-0.012506881728768349,0.00037229061126708984,0.0,0.4300541877746582,0.0,-0.429309606552124,0.0,21.0,-0.7165915379277091
trial_01,77.654405364,1.0,375.0,415.0,0.8878554105758667,0.25764694809913635,0.9211968183517456,-0.011841382831335068,0.00020588934421539307,0.0,0.4284214377403259,0.0,-0.42800965905189514,0.0,19.0,-0.6784612598341725
trial_01,77.924624095,1.0,479.0,333.0,0.8783359527587891,0.25388383865356445,0.9293298125267029,-0.011709611862897873,-0.0005984455347061157,0.0,0.42572399973869324,0.0,-0.42692089080810547,0.0,21.0,-0.6709113394803696
trial_01,78.21086888800001,1.0,378.0,410.0,0.8601701855659485,0.19163104891777039,0.9197953343391418,-0.011404642835259438,-0.0014818757772445679,0.0,0.4233223795890808,0.0,-0.42628613114356995,0.0,21.0,-0.6534379013144788
trial_01,78.48473288800001,1.0,512.0,346.0,0.8655557036399841,0.2215653359889984,0.9272235035896301,-0.011292297393083572,-0.0011632740497589111,0.0,0.4230119287967682,0.0,-0.425338476896286,0.0,21.0,-0.6470009816302706
trial_01,78.757553177,1.0,391.0,504.0,0.8902617692947388,0.25292736291885376,0.9253125190734863,-0.01637154072523117,-0.004182025790214539,0.0,0.42083436250686646,0.0,-0.42919841408729553,0.0,20.0,-0.938020187682293
trial_01,79.027790122,1.0,501.0,314.0,0.8901476263999939,0.2503897249698639,0.9347964525222778,-0.015428496524691582,-0.004015430808067322,0.0,0.4206793010234833,0.0,-0.4287101626396179,0.0,20.0,-0.8839877350970857
trial_01,79.322197261,1.0,401.0,415.0,0.8845048546791077,0.24882662296295166,0.9398710131645203,-0.010871868580579758,-0.005179449915885925,0.0,0.41980546712875366,0.0,-0.4301643669605255,0.0,21.0,-0.6229121850881051
trial_01,79.60330793,1.0,501.0,338.0,0.8665575385093689,0.24113380908966064,0.9324831962585449,-0.012270523235201836,-0.004535973072052002,0.0,0.4198547601699829,0.0,-0.4289267063140869,0.0,20.0,-0.703049193794278
trial_01,79.867679362,1.0,398.0,405.0,0.8708861470222473,0.19610106945037842,0.9289627075195312,-0.011242132633924484,-0.006907209753990173,0.0,0.4193441569805145,0.0,-0.4331585764884949,0.0,20.0,-0.6441267526501647
trial_01,80.133773426,1.0,505.0,329.0,0.8711928129196167,0.23763784766197205,0.9178877472877502,-0.004029151052236557,-0.008778035640716553,0.0,0.4191433787345886,0.0,-0.43669945001602173,0.0,19.0,-0.2308533503138494
trial_01,80.41370274900001,1.0,404.0,412.0,0.8875852227210999,0.24779847264289856,0.924356997013092,0.0019969267304986715,-0.008869051933288574,0.0,0.4211672246456146,0.0,-0.4389053285121918,0.0,21.0,0.11441547365443225
trial_01,80.692249199,1.0,503.0,323.0,0.8938978910446167,0.2477254569530487,0.9368689656257629,0.004126574844121933,-0.01038902997970581,0.0,0.42137908935546875,0.0,-0.44215714931488037,0.0,21.0,0.23643532241304233
trial_01,80.948323633,1.0,431.0,458.0,0.8932663202285767,0.2465902864933014,0.9379170536994934,0.0006685821572318673,-0.0104360431432724,0.0,0.42298218607902527,0.0,-0.44385427236557007,0.0,21.0,0.03830693586713801
trial_01,81.226387396,1.0,503.0,372.0,0.8951058387756348,0.24592772126197815,0.929826021194458,0.005674869753420353,-0.011691689491271973,0.0,0.423011839389801,0.0,-0.44639521837234497,0.0,21.0,0.3251460861574324
trial_01,81.510652327,1.0,407.0,468.0,0.8775350451469421,0.20376887917518616,0.9234781861305237,0.004586312919855118,-0.011286064982414246,0.0,0.42422646284103394,0.0,-0.4467985928058624,0.0,19.0,0.26277637383401964
trial_01,81.765130958,1.0,484.0,366.0,0.8754695653915405,0.24317243695259094,0.9393873810768127,-0.002215903252363205,-0.009800165891647339,0.0,0.42578697204589844,0.0,-0.4453873038291931,0.0,21.0,-0.1269619041697242
trial_01,82.04197553,1.0,381.0,466.0,0.8883879780769348,0.23538893461227417,0.937747061252594,0.0037056757137179375,-0.00929597020149231,0.0,0.4263138175010681,0.0,-0.44490575790405273,0.0,21.0,0.21231957864016693
trial_01,82.331776868,1.0,505.0,367.0,0.8865597248077393,0.24428710341453552,0.9433854222297668,0.004874756559729576,-0.008826106786727905,0.0,0.42628175020217896,0.0,-0.44393396377563477,0.0,20.0,0.27930297702621754
trial_01,82.60332056700001,1.0,407.0,485.0,0.8773755431175232,0.21443331241607666,0.9361222386360168,0.006819536909461021,-0.007699340581893921,0.0,0.42700818181037903,0.0,-0.44240686297416687,0.0,21.0,0.39073068314580556
trial_01,82.880818909,1.0,519.0,419.0,0.8937053680419922,0.2465800940990448,0.9364988207817078,0.008726866915822029,-0.008074134588241577,0.0,0.42691296339035034,0.0,-0.4430612325668335,0.0,20.0,0.5000126426489517
trial_01,83.13722240300001,1.0,402.0,550.0,0.9002675414085388,0.2472563087940216,0.9341958165168762,0.01115606538951397,-0.006512373685836792,0.0,0.4285029172897339,0.0,-0.44152766466140747,0.0,21.0,0.6391954627911213
trial_01,83.405930369,1.0,530.0,437.0,0.9043606519699097,0.2524614930152893,0.9292975068092346,0.013742173090577126,-0.005668923258781433,0.0,0.4282132387161255,0.0,-0.43955108523368835,0.0,21.0,0.7873685194283201
trial_01,83.671668552,1.0,440.0,516.0,0.9033864140510559,0.2502574026584625,0.9267694354057312,0.016599418595433235,-0.004973366856575012,0.0,0.4285780191421509,0.0,-0.4385247528553009,0.0,21.0,0.9510766278893013
trial_01,83.94677864,1.0,499.0,355.0,0.8828040361404419,0.24050110578536987,0.9251724481582642,0.019510332494974136,-0.004682138562202454,0.0,0.4281148910522461,0.0,-0.437479168176651,0.0,21.0,1.1178597088589635
trial_01,84.223157638,1.0,384.0,406.0,0.8785355091094971,0.2562764883041382,0.9332337975502014,0.026013359427452087,-0.004036426544189453,0.0,0.4275076389312744,0.0,-0.4355804920196533,0.0,19.0,1.4904557061498562
trial_01,84.499476427,1.0,477.0,315.0,0.8746523857116699,0.25421610474586487,0.9335923790931702,0.026744801551103592,-0.002960905432701111,0.0,0.42680275440216064,0.0,-0.43272456526756287,0.0,21.0,1.5323642527931736
trial_01,84.762073914,1.0,402.0,409.0,0.869682788848877,0.24108296632766724,0.9384949207305908,0.026707228273153305,-0.00198914110660553,0.0,0.42673519253730774,0.0,-0.4307134747505188,0.0,20.0,1.53021146254415
trial_01,85.035210827,1.0,501.0,404.0,0.8647145628929138,0.19402924180030823,0.9302313923835754,0.016576651483774185,-5.526840686798096e-05,0.0,0.4282434582710266,0.0,-0.4283539950847626,0.0,21.0,0.9497721684795346
trial_01,85.318266218,1.0,396.0,431.0,0.8705148100852966,0.19928249716758728,0.9156596660614014,0.01900360733270645,0.0016975551843643188,0.0,0.42893362045288086,0.0,-0.4255385100841522,0.0,21.0,1.0888264956879432
trial_01,85.599086295,1.0,496.0,325.0,0.8822049498558044,0.22243696451187134,0.9342827796936035,0.020784767344594002,0.0026787370443344116,0.0,0.42878058552742004,0.0,-0.4234231114387512,0.0,21.0,1.1908794470065716
trial_01,85.86807496300001,1.0,417.0,417.0,0.8844207525253296,0.2388031780719757,0.9235054850578308,0.0167264211922884,0.004638463258743286,0.0,0.4310104250907898,0.0,-0.4217334985733032,0.0,21.0,0.9583533406763036
trial_01,86.128441205,1.0,509.0,317.0,0.8826621770858765,0.2537294924259186,0.9298985004425049,0.010366021655499935,0.007120087742805481,0.0,0.4333489239215851,0.0,-0.4191087484359741,0.0,21.0,0.5939292912013608
trial_01,86.41456929600001,1.0,417.0,429.0,0.8815175890922546,0.2511763274669647,0.9414491057395935,0.004423933103680611,0.007649838924407959,0.0,0.43325555324554443,0.0,-0.4179558753967285,0.0,21.0,0.25347269568911024
trial_01,86.690663164,1.0,513.0,343.0,0.8718355298042297,0.23916634917259216,0.9452143311500549,0.005634848028421402,0.00873081386089325,0.0,0.43403029441833496,0.0,-0.41656866669654846,0.0,21.0,0.3228530102261593
trial_01,86.958838056,1.0,437.0,479.0,0.8779824376106262,0.20278093218803406,0.9180488586425781,0.003723430447280407,0.007059693336486816,0.0,0.4334595203399658,0.0,-0.4193401336669922,0.0,19.0,0.2133368499396757
trial_01,87.23762353400001,1.0,514.0,400.0,0.8894926905632019,0.24536100029945374,0.9266409873962402,0.003596153575927019,0.0063924044370651245,0.0,0.43429824709892273,0.0,-0.4215134382247925,0.0,21.0,0.20604442238149703
trial_01,87.515200085,1.0,423.0,423.0,0.8741304278373718,0.24906036257743835,0.93775874376297,0.0031133131124079227,0.008203178644180298,0.0,0.4367966651916504,0.0,-0.4203903079032898,0.0,21.0,0.17837970164371242
trial_01,87.772315428,1.0,511.0,306.0,0.8896224498748779,0.24797052145004272,0.9379080533981323,0.002385716885328293,0.008869439363479614,0.0,0.438137412071228,0.0,-0.4203985333442688,0.0,21.0,0.13669150864240737
trial_01,88.064484901,1.0,393.0,441.0,0.8826264142990112,0.246602863073349,0.9365513920783997,0.0035676308907568455,0.00829896330833435,0.0,0.43913954496383667,0.0,-0.42254161834716797,0.0,21.0,0.2044101929008657
trial_01,88.367769042,1.0,475.0,338.0,0.8917278051376343,0.24525240063667297,0.9314454197883606,-0.0010794333647936583,0.008168190717697144,0.0,0.44002777338027954,0.0,-0.42369139194488525,0.0,21.0,-0.061846976068282
trial_01,88.640841181,1.0,396.0,459.0,0.8848174214363098,0.24178430438041687,0.9194418787956238,0.002551817102357745,0.005936369299888611,0.0,0.43866440653800964,0.0,-0.4267916679382324,0.0,19.0,0.146208350054402
trial_01,88.89866094700001,1.0,502.0,354.0,0.8724201917648315,0.24279698729515076,0.9264318346977234,0.00539422919973731,0.004726096987724304,0.0,0.4374285936355591,0.0,-0.4279763996601105,0.0,21.0,0.30906656687117945
trial_01,89.167165501,1.0,418.0,467.0,0.8882991075515747,0.24486300349235535,0.9344668388366699,0.0026476492639631033,0.003695964813232422,0.0,0.43688303232192993,0.0,-0.4294911026954651,0.0,20.0,0.15169912845600467
trial_01,89.431942952,1.0,509.0,390.0,0.890917181968689,0.2448948323726654,0.9263712763786316,0.0006359515246003866,0.003254622220993042,0.0,0.43716615438461304,0.0,-0.43065690994262695,0.0,20.0,0.0364373383345123
trial_01,89.69607295600001,1.0,411.0,491.0,0.8893880248069763,0.24754735827445984,0.9276043772697449,-0.000553967896848917,0.00391349196434021,0.0,0.4387213885784149,0.0,-0.4308944046497345,0.0,18.0,-0.03174002247518148
trial_01,89.961906673,1.0,490.0,365.0,0.8944386839866638,0.24611273407936096,0.9261988401412964,-0.006467914674431086,0.004805088043212891,0.0,0.44009119272232056,0.0,-0.4304810166358948,0.0,21.0,-0.3705842130956331
trial_01,90.237707215,1.0,421.0,525.0,0.8924961090087891,0.24622157216072083,0.9412089586257935,-0.005819074809551239,0.005878657102584839,0.0,0.44086354970932007,0.0,-0.4291062355041504,0.0,21.0,-0.3334084272581793
trial_01,90.509886081,1.0,545.0,448.0,0.8886467218399048,0.2500455677509308,0.9436295032501221,-1.4218036085367203e-05,0.005376338958740234,0.0,0.43956291675567627,0.0,-0.4288102388381958,0.0,21.0,-0.0008146334606562474
trial_01,90.776013653,1.0,433.0,558.0,0.8743735551834106,0.19217172265052795,0.93731689453125,0.004224611446261406,0.0037216097116470337,0.0,0.437114953994751,0.0,-0.4296717345714569,0.0,21.0,0.24205240595343736
trial_01,91.045194737,1.0,498.0,464.0,0.8876892328262329,0.238632470369339,0.927740216255188,0.0022680775728076696,0.0038100779056549072,0.0,0.43678146600723267,0.0,-0.42916131019592285,0.0,20.0,0.12995127253015515
trial_01,91.336732377,1.0,373.0,543.0,0.8868139386177063,0.23829612135887146,0.9326419830322266,0.0008949632756412029,0.0042594969272613525,0.0,0.4363616704940796,0.0,-0.4278426766395569,0.0,21.0,0.051277618513444284
trial_01,91.619608357,1.0,468.0,424.0,0.8888176679611206,0.2226664423942566,0.9336617588996887,0.00022035883739590645,0.003502294421195984,0.0,0.4354379177093506,0.0,-0.4284333288669586,0.0,20.0,0.012625631361195015
trial_01,91.880859025,1.0,387.0,506.0,0.9005252122879028,0.26098719239234924,0.9267297387123108,0.004903788678348064,0.002334877848625183,0.0,0.4335332214832306,0.0,-0.4288634657859802,0.0,20.0,0.28096639489338004
trial_01,92.147067909,1.0,478.0,315.0,0.8588302135467529,0.17672213912010193,0.9289377927780151,0.008179370313882828,0.0034599006175994873,0.0,0.4330662190914154,0.0,-0.42614641785621643,0.0,21.0,0.46864339806008143
trial_01,92.43591455,1.0,380.0,507.0,0.8779834508895874,0.19538068771362305,0.9199129939079285,0.01086125522851944,0.0007799416780471802,0.0,0.43082258105278015,0.0,-0.4292626976966858,0.0,21.0,0.6223040848085624
trial_01,92.70441251300001,1.0,505.0,316.0,0.8610672950744629,0.1692815124988556,0.9200124144554138,0.007932528853416443,0.0018697679042816162,0.0,0.43015146255493164,0.0,-0.4264119267463684,0.0,20.0,0.45450042416651226
trial_01,92.97669831200001,1.0,405.0,424.0,0.8839118480682373,0.2559090852737427,0.9355345964431763,0.010740439407527447,0.003273606300354004,0.0,0.43130791187286377,0.0,-0.42476069927215576,0.0,21.0,0.6153818481673131
trial_01,93.26538418700001,1.0,496.0,355.0,0.8778774738311768,0.2560095191001892,0.9384315013885498,0.006721493788063526,0.005076751112937927,0.0,0.43176788091659546,0.0,-0.4216143786907196,0.0,21.0,0.38511322607944026
trial_01,93.55065305800001,1.0,403.0,422.0,0.8756155967712402,0.2539101541042328,0.9437326788902283,0.0030324547551572323,0.004995390772819519,0.0,0.4310018718242645,0.0,-0.4210110902786255,0.0,20.0,0.17374685903488682
trial_01,93.822644342,1.0,513.0,325.0,0.8760105967521667,0.2529444396495819,0.9360128045082092,-0.003791856812313199,0.0065781474113464355,0.0,0.4327734708786011,0.0,-0.4196171760559082,0.0,20.0,-0.21725739186347623
trial_01,94.087024594,1.0,407.0,423.0,0.8869580030441284,0.2500843107700348,0.9337366819381714,-0.0012889907229691744,0.005848035216331482,0.0,0.4328913986682892,0.0,-0.4211953282356262,0.0,18.0,-0.0738537282576504
trial_01,94.37703101800001,1.0,485.0,323.0,0.8896871209144592,0.25160887837409973,0.9391859173774719,0.00044447416439652443,0.004337504506111145,0.0,0.43280670046806335,0.0,-0.42413169145584106,0.0,20.0,0.02546649372252477
trial_01,94.652632283,1.0,398.0,418.0,0.8761499524116516,0.24954518675804138,0.9389528632164001,0.0015205247327685356,0.0026550590991973877,0.0,0.4322933554649353,0.0,-0.4269832372665405,0.0,20.0,0.08711964983289444
trial_01,94.92207022100001,1.0,489.0,321.0,0.8870487213134766,0.24812620878219604,0.9346628785133362,0.0021996530704200268,0.0006659030914306641,0.0,0.43302491307258606,0.0,-0.43169310688972473,0.0,21.0,0.1260308373280604
trial_01,95.19818538700001,1.0,402.0,404.0,0.8863750696182251,0.24869966506958008,0.9453861713409424,0.0026064361445605755,-0.0008835196495056152,0.0,0.4334498643875122,0.0,-0.43521690368652344,0.0,20.0,0.1493377906536711
trial_01,95.46862717100001,1.0,496.0,320.0,0.8725268244743347,0.23589184880256653,0.9277425408363342,0.0027225264348089695,-0.0009499788284301758,0.0,0.433350533246994,0.0,-0.43525049090385437,0.0,20.0,0.15598927432735282
trial_01,95.7391413,1.0,394.0,465.0,0.8890990018844604,0.24831190705299377,0.9413458704948425,0.0025158338248729706,-0.003147616982460022,0.0,0.4325892925262451,0.0,-0.43888452649116516,0.0,21.0,0.14414666012147628
trial_01,96.00791427600001,1.0,511.0,399.0,0.8897798657417297,0.24173635244369507,0.9421948790550232,0.0021322472020983696,-0.004935368895530701,0.0,0.43162086606025696,0.0,-0.44149160385131836,0.0,20.0,0.12216876555881487
trial_01,96.29722675400001,1.0,395.0,497.0,0.8957294225692749,0.24548515677452087,0.9419415593147278,-0.008363204076886177,-0.004580646753311157,0.0,0.43223848938941956,0.0,-0.44139978289604187,0.0,21.0,-0.4791762968121816
trial_01,96.579437857,1.0,513.0,445.0,0.8930931091308594,0.2519395649433136,0.9458954334259033,-0.005970957688987255,-0.004554927349090576,0.0,0.43242648243904114,0.0,-0.4415363371372223,0.0,21.0,-0.34211067523015737
trial_01,96.840465267,1.0,465.0,543.0,0.8902135491371155,0.2533990442752838,0.9489472508430481,-0.009550261311233044,-0.004052028059959412,0.0,0.43259111046791077,0.0,-0.4406951665878296,0.0,21.0,-0.547189666380729
trial_01,97.102548533,1.0,576.0,413.0,0.8960186243057251,0.21592161059379578,0.9325013756752014,-0.0069624693132936954,-0.004284843802452087,0.0,0.4317156672477722,0.0,-0.4402853548526764,0.0,21.0,-0.39892010664107724
trial_01,97.379663628,1.0,447.0,494.0,0.882392168045044,0.23672011494636536,0.9473235011100769,-0.005785901565104723,-0.004025712609291077,0.0,0.43192264437675476,0.0,-0.4399740695953369,0.0,21.0,-0.3315077403586381
trial_01,97.657677018,1.0,507.0,334.0,0.8820802569389343,0.2457965612411499,0.9363231658935547,-0.004819753114134073,-0.004026263952255249,0.0,0.4312248229980469,0.0,-0.4392773509025574,0.0,19.0,-0.27615151173491775
trial_01,97.935186336,1.0,390.0,405.0,0.8856799006462097,0.25600969791412354,0.9328920245170593,-0.004475247580558062,-0.003980010747909546,0.0,0.4310508370399475,0.0,-0.4390108585357666,0.0,20.0,-0.2564127986421098
trial_01,98.206516699,1.0,514.0,305.0,0.8849045634269714,0.2596080005168915,0.9414251446723938,-0.0037438953295350075,-0.0037585049867630005,0.0,0.4294894337654114,0.0,-0.4370064437389374,0.0,20.0,-0.21450940132109647
trial_01,98.48930107000001,1.0,403.0,424.0,0.8786452412605286,0.22919738292694092,0.939728856086731,-0.0036482568830251694,-0.004358857870101929,0.0,0.4274631142616272,0.0,-0.43618083000183105,0.0,21.0,-0.20902972197689507
trial_01,98.763718108,1.0,508.0,354.0,0.8694430589675903,0.19217169284820557,0.937409520149231,-0.004001535475254059,-0.004371911287307739,0.0,0.42635267972946167,0.0,-0.43509650230407715,0.0,21.0,-0.22927109430393364
trial_01,99.023073819,1.0,413.0,426.0,0.8573099970817566,0.19282737374305725,0.9184885621070862,-0.004294098354876041,-0.004331350326538086,0.0,0.425294429063797,0.0,-0.43395712971687317,0.0,19.0,-0.2460337125484672
trial_01,99.294740011,1.0,511.0,321.0,0.862260639667511,0.19378355145454407,0.9386265873908997,-0.004242496564984322,-0.00505635142326355,0.0,0.4243057370185852,0.0,-0.4344184398651123,0.0,21.0,-0.24307714777235082
trial_01,99.56903045,1.0,419.0,417.0,0.8805517554283142,0.25836947560310364,0.9479342699050903,-0.004430828616023064,-0.0059470683336257935,0.0,0.4216422736644745,0.0,-0.4335364103317261,0.0,21.0,-0.25386777944391314
trial_01,99.829758517,1.0,515.0,322.0,0.8746346831321716,0.2572578489780426,0.9380154609680176,-0.0013046655803918839,-0.004970163106918335,0.0,0.42170584201812744,0.0,-0.4316461682319641,0.0,21.0,-0.07475183143244096
trial_01,100.10848327400001,1.0,411.0,432.0,0.876427948474884,0.2586643397808075,0.9474831819534302,-0.0005601244047284126,-0.0061375051736831665,0.0,0.41967087984085083,0.0,-0.43194589018821716,0.0,20.0,-0.032092764393215616
trial_01,100.38880285500001,1.0,530.0,342.0,0.8555606007575989,0.1899593472480774,0.9305182099342346,-0.0013164784759283066,-0.005702868103981018,0.0,0.4207000434398651,0.0,-0.43210577964782715,0.0,19.0,-0.07542866049050691
trial_01,100.659087619,1.0,411.0,493.0,0.874431312084198,0.19360318779945374,0.935228168964386,-0.0015252511948347092,-0.005753040313720703,0.0,0.4217986464500427,0.0,-0.43330472707748413,0.0,21.0,-0.08739045616131487
trial_01,100.925044416,1.0,513.0,312.0,0.8851960301399231,0.25289782881736755,0.9410454630851746,-0.001621786504983902,-0.004065454006195068,0.0,0.4230760335922241,0.0,-0.43120694160461426,0.0,20.0,-0.09292152200685003
trial_01,101.19565562300001,1.0,421.0,424.0,0.864195704460144,0.1927555501461029,0.9331920146942139,-0.0005627693608403206,-0.0038579851388931274,0.0,0.42344149947166443,0.0,-0.4311574697494507,0.0,20.0,-0.032244309215425274
trial_01,101.46941988500001,1.0,514.0,340.0,0.8793249726295471,0.254604309797287,0.9467267394065857,-0.0012449277564883232,-0.0030700713396072388,0.0,0.42440715432167053,0.0,-0.430547297000885,0.0,21.0,-0.0713291062454712
trial_01,101.74046173400001,1.0,417.0,487.0,0.880193829536438,0.25425004959106445,0.9449074268341064,-0.0014839116483926773,-0.00445045530796051,0.0,0.4248649775981903,0.0,-0.43376588821411133,0.0,20.0,-0.08502187462320138
trial_01,102.00633941100001,1.0,521.0,408.0,0.8778427839279175,0.25354161858558655,0.938632607460022,-0.0021690623834729195,-0.005340218544006348,0.0,0.42600199580192566,0.0,-0.43668243288993835,0.0,21.0,-0.12427812007358521
trial_01,102.28524239000001,1.0,416.0,479.0,0.8847165107727051,0.2546595633029938,0.9412900805473328,-0.0027083270251750946,-0.006113335490226746,0.0,0.4270908534526825,0.0,-0.439317524433136,0.0,20.0,-0.1551757080837544
trial_01,102.56621485400001,1.0,517.0,339.0,0.8742630481719971,0.20286664366722107,0.9355142712593079,-0.0032212920486927032,-0.006609931588172913,0.0,0.4264465272426605,0.0,-0.43966639041900635,0.0,21.0,-0.18456643896914238
trial_01,102.833438199,1.0,420.0,494.0,0.8850194811820984,0.25438377261161804,0.9274311065673828,-0.003502737730741501,-0.006779134273529053,0.0,0.42715126276016235,0.0,-0.44070953130722046,0.0,20.0,-0.20069208871271935
trial_01,103.09445901500001,1.0,527.0,370.0,0.8917413353919983,0.2537444531917572,0.9357082843780518,-0.013872180134057999,-0.00600627064704895,0.0,0.42867547273635864,0.0,-0.44068801403045654,0.0,21.0,-0.7948173743267478
trial_01,103.38359124700001,1.0,405.0,442.0,0.8743237257003784,0.19505882263183594,0.9350643157958984,-0.016505463048815727,-0.0033112019300460815,0.0,0.4301678240299225,0.0,-0.43679022789001465,0.0,21.0,-0.9456933716062734
trial_01,103.650318217,1.0,512.0,362.0,0.8681710362434387,0.2401447296142578,0.9480977058410645,-0.007167343981564045,-0.0016487091779708862,0.0,0.4306742548942566,0.0,-0.43397167325019836,0.0,21.0,-0.4106585604621111
trial_01,103.917045465,1.0,395.0,498.0,0.8660937547683716,0.2120574414730072,0.9382407665252686,-0.003810783615335822,-0.0023005306720733643,0.0,0.4295087456703186,0.0,-0.43410980701446533,0.0,20.0,-0.21834181779634798
trial_01,104.189728101,1.0,539.0,388.0,0.8881476521492004,0.25185224413871765,0.9311901926994324,-0.0013699468690901995,-0.003703474998474121,0.0,0.4284017086029053,0.0,-0.4358086585998535,0.0,19.0,-0.07849217375602952
trial_01,104.471204059,1.0,450.0,524.0,0.8936172723770142,0.2558042109012604,0.9330560564994812,-0.0046484749764204025,-0.004350095987319946,0.0,0.4273757338523865,0.0,-0.43607592582702637,0.0,20.0,-0.26633799732106395
trial_01,104.744272413,1.0,553.0,449.0,0.8831434845924377,0.2592596113681793,0.9422078132629395,-0.002072760369628668,-0.005406305193901062,0.0,0.42667022347450256,0.0,-0.4374828338623047,0.0,19.0,-0.11876042112169917
trial_01,105.002635818,1.0,432.0,556.0,0.8905642628669739,0.25491616129875183,0.9284092783927917,-0.000157669885084033,-0.0049244314432144165,0.0,0.4263156056404114,0.0,-0.4361644685268402,0.0,21.0,-0.009033818971627782
trial_01,105.29486335300001,1.0,503.0,449.0,0.8670366406440735,0.20753315091133118,0.9332733154296875,0.0009161536581814289,-0.004217565059661865,0.0,0.42609983682632446,0.0,-0.4345349669456482,0.0,21.0,0.05249173799926694
trial_01,105.560745847,1.0,396.0,518.0,0.8757461309432983,0.20927610993385315,0.9380282163619995,-0.0030918684788048267,-0.003021642565727234,0.0,0.42724379897117615,0.0,-0.4332870841026306,0.0,20.0,-0.1771510146450506
trial_01,105.82624554200001,1.0,501.0,337.0,0.8814988136291504,0.25566616654396057,0.9382449388504028,-0.006404106039553881,-0.0018378347158432007,0.0,0.42636868357658386,0.0,-0.43004435300827026,0.0,21.0,-0.366928247620678
trial_01,106.09792488800001,1.0,365.0,424.0,0.8653639554977417,0.227260023355484,0.9405205845832825,-0.009094911627471447,-0.0009541064500808716,0.0,0.4254479706287384,0.0,-0.42735618352890015,0.0,21.0,-0.5211000512985727
trial_01,106.39549245600001,1.0,512.0,349.0,0.8446359038352966,0.19492408633232117,0.929751992225647,-0.011248724535107613,0.001326233148574829,0.0,0.42684948444366455,0.0,-0.4241970181465149,0.0,21.0,-0.6445044407669253
trial_01,106.669747817,1.0,434.0,499.0,0.8915585875511169,0.25303414463996887,0.9201309680938721,-0.007551088929176331,0.00019159913063049316,0.0,0.427166223526001,0.0,-0.42678302526474,0.0,20.0,-0.43264552636976394
trial_01,106.947111305,1.0,512.0,400.0,0.8883934020996094,0.25528642535209656,0.935638964176178,-0.004873241297900677,-0.0026705265045166016,0.0,0.42512667179107666,0.0,-0.43046772480010986,0.0,21.0,-0.27921615891856433
trial_01,107.209840341,1.0,403.0,418.0,0.8709866404533386,0.19017213582992554,0.9383591413497925,-0.0030495370738208294,-0.0024705231189727783,0.0,0.42322587966918945,0.0,-0.428166925907135,0.0,20.0,-0.1747256037986085
trial_01,107.486882429,1.0,517.0,313.0,0.8645446300506592,0.1846512258052826,0.9322553277015686,-0.0018438687548041344,-0.0026910752058029175,0.0,0.4214954972267151,0.0,-0.4268776476383209,0.0,21.0,-0.10564589762631933
trial_01,107.754679249,1.0,399.0,429.0,0.8590958714485168,0.19540458917617798,0.9318291544914246,-0.0006148568354547024,-0.004520639777183533,0.0,0.4185658097267151,0.0,-0.42760708928108215,0.0,20.0,-0.035228701676324164
trial_01,108.026417108,1.0,525.0,386.0,0.8880171179771423,0.24830397963523865,0.9389183521270752,4.615494981408119e-05,-0.006211400032043457,0.0,0.419702410697937,0.0,-0.4321252107620239,0.0,21.0,0.002644483827984976
trial_01,108.31140100600001,1.0,404.0,473.0,0.8798795342445374,0.24869081377983093,0.9385599493980408,0.0021701855584979057,-0.008449584245681763,0.0,0.41958677768707275,0.0,-0.4364859461784363,0.0,21.0,0.12434247326217143
trial_01,108.598703912,1.0,531.0,332.0,0.8764322996139526,0.24619516730308533,0.9271075129508972,-0.001294078305363655,-0.006911233067512512,0.0,0.42172691226005554,0.0,-0.43554937839508057,0.0,21.0,-0.0741452252567792
trial_01,108.865973847,1.0,425.0,410.0,0.8756554126739502,0.24590662121772766,0.9289080500602722,-0.0020240459125488997,-0.006386980414390564,0.0,0.423625648021698,0.0,-0.4363996088504791,0.0,21.0,-0.11596928832975725
trial_01,109.142369176,1.0,487.0,322.0,0.8789790868759155,0.24413564801216125,0.9316576719284058,0.00032992917113006115,-0.006555691361427307,0.0,0.4242115914821625,0.0,-0.4373229742050171,0.0,21.0,0.018903549044001988
trial_01,109.428712492,1.0,425.0,399.0,0.8760608434677124,0.24682947993278503,0.921857476234436,0.0021330404561012983,-0.006174683570861816,0.0,0.4255414605140686,0.0,-0.43789082765579224,0.0,20.0,0.12221421566526454
trial_01,109.69977765,1.0,502.0,357.0,0.8850904107093811,0.24413350224494934,0.9366416931152344,-0.0018112687394022942,-0.007002666592597961,0.0,0.4268019497394562,0.0,-0.4408072829246521,0.0,20.0,-0.10377805433173241
trial_01,109.96186358300001,1.0,403.0,465.0,0.880656898021698,0.19685545563697815,0.9290592670440674,-0.004424477927386761,-0.006654977798461914,0.0,0.4276287853717804,0.0,-0.4409387409687042,0.0,21.0,-0.2535039117880513
trial_01,110.239072148,1.0,501.0,373.0,0.8820450305938721,0.24473145604133606,0.9377523064613342,-0.009830196388065815,-0.005610555410385132,0.0,0.42845267057418823,0.0,-0.4396737813949585,0.0,21.0,-0.5632287648209172
trial_01,110.50512851100001,1.0,410.0,461.0,0.8810548186302185,0.19933417439460754,0.933169960975647,0.002486743964254856,-0.004850924015045166,0.0,0.4286431074142456,0.0,-0.43834495544433594,0.0,21.0,0.1424799338814345
trial_01,110.770470004,1.0,517.0,363.0,0.8799896240234375,0.24180114269256592,0.9369200468063354,0.0001089237630367279,-0.0027408599853515625,0.0,0.43066638708114624,0.0,-0.43614810705184937,0.0,21.0,0.006240871910687588
trial_01,111.03189326100001,1.0,433.0,405.0,0.8717133402824402,0.24500608444213867,0.9401506781578064,0.0038592293858528137,-0.00015863776206970215,0.0,0.43276941776275635,0.0,-0.43308669328689575,0.0,21.0,0.22111755598223093
trial_01,111.31402652300001,1.0,501.0,342.0,0.8514246940612793,0.13812366127967834,0.930647611618042,0.002190103754401207,0.001205742359161377,0.0,0.43246620893478394,0.0,-0.4300547242164612,0.0,21.0,0.12548370182294535
trial_01,111.58779095800001,1.0,410.0,494.0,0.8934820890426636,0.24874207377433777,0.9373582005500793,0.011255531571805477,0.0007640272378921509,0.0,0.43184375762939453,0.0,-0.43031570315361023,0.0,20.0,0.6448944552407035
trial_01,111.852844425,1.0,531.0,425.0,0.8927037119865417,0.25132349133491516,0.940704882144928,0.019008507952094078,-0.000431746244430542,0.0,0.43119609355926514,0.0,-0.4320595860481262,0.0,21.0,1.0891072804958544
trial_01,112.121793542,1.0,452.0,562.0,0.8796336650848389,0.24624183773994446,0.9435393214225769,0.01999376155436039,5.258619785308838e-05,0.0,0.431262731552124,0.0,-0.43115755915641785,0.0,21.0,1.145558153655775
trial_01,112.411141583,1.0,526.0,379.0,0.8493837714195251,0.20699530839920044,0.9390967488288879,0.015104051679372787,0.0013108253479003906,0.0,0.4311683177947998,0.0,-0.428546667098999,0.0,21.0,0.865398414775544
trial_01,112.69073447100001,1.0,377.0,530.0,0.8651863932609558,0.18809804320335388,0.9416971802711487,0.01651681214570999,0.000747978687286377,0.0,0.43015891313552856,0.0,-0.4286629557609558,0.0,21.0,0.9463436269595998
trial_01,112.95802933600001,1.0,484.0,412.0,0.8967614769935608,0.2454669177532196,0.9216967225074768,0.01312650740146637,0.002252817153930664,0.0,0.4316166341304779,0.0,-0.4271109998226166,0.0,21.0,0.7520934738512604
trial_01,113.229376735,1.0,376.0,480.0,0.8843087553977966,0.20326951146125793,0.9334334135055542,0.015742387622594833,0.00260278582572937,0.0,0.43077075481414795,0.0,-0.4255651831626892,0.0,20.0,0.9019723702336698
trial_01,113.51149285100001,1.0,497.0,299.0,0.8791439533233643,0.2575657069683075,0.9358134269714355,0.0181487537920475,0.0037071406841278076,0.0,0.4305402636528015,0.0,-0.4231259822845459,0.0,20.0,1.0398469957063703
trial_01,113.781481373,1.0,380.0,414.0,0.8713319897651672,0.18930846452713013,0.9286271333694458,0.01960180327296257,0.004774108529090881,0.0,0.43111395835876465,0.0,-0.4215657413005829,0.0,20.0,1.1231005983864788
trial_01,114.05405052600001,1.0,462.0,363.0,0.8817518949508667,0.24383437633514404,0.9262972474098206,0.0068701207637786865,0.0057646483182907104,0.0,0.43127211928367615,0.0,-0.4197428226470947,0.0,19.0,0.3936289245097124
trial_01,114.34027282900001,1.0,391.0,422.0,0.8652000427246094,0.24495485424995422,0.9278824329376221,-0.0021646134555339813,0.006900519132614136,0.0,0.43066465854644775,0.0,-0.4168636202812195,0.0,20.0,-0.12402321527932622
trial_01,114.618800945,1.0,502.0,299.0,0.8822007179260254,0.2558097839355469,0.9303492307662964,0.0008854083716869354,0.008850380778312683,0.0,0.4336635172367096,0.0,-0.41596275568008423,0.0,21.0,0.05073016284321189
trial_01,114.89009551800001,1.0,416.0,418.0,0.8658456206321716,0.252103716135025,0.926632821559906,0.0031962115317583084,0.009219944477081299,0.0,0.43294066190719604,0.0,-0.41450077295303345,0.0,21.0,0.18312943120079517
trial_01,115.154721957,1.0,515.0,309.0,0.8525515794754028,0.1905684769153595,0.9192789793014526,0.0015288256108760834,0.011152476072311401,0.0,0.43470653891563416,0.0,-0.41240158677101135,0.0,21.0,0.08759525511470946
trial_01,115.44813788500001,1.0,413.0,482.0,0.8641210198402405,0.20067861676216125,0.9412428736686707,-0.00670680683106184,0.009120926260948181,0.0,0.4326697289943695,0.0,-0.41442787647247314,0.0,20.0,-0.38427172542935356
trial_01,115.71543571000001,1.0,522.0,349.0,0.872331976890564,0.2369023859500885,0.9349415898323059,-0.0023808209225535393,0.009308472275733948,0.0,0.43320056796073914,0.0,-0.41458362340927124,0.0,21.0,-0.13641099063876083
trial_01,115.98520383600001,1.0,426.0,427.0,0.8756417632102966,0.2517153322696686,0.9241459369659424,-0.003994795493781567,0.010094478726387024,0.0,0.43407052755355835,0.0,-0.4138815701007843,0.0,21.0,-0.22888492181156347
trial_01,116.25484944600001,1.0,519.0,379.0,0.872486412525177,0.21717569231987,0.9368528723716736,-0.00511790020391345,0.00855274498462677,0.0,0.43390998244285583,0.0,-0.4168044924736023,0.0,20.0,-0.2932340816533841
trial_01,116.53012915900001,1.0,432.0,422.0,0.8788490295410156,0.24840489029884338,0.9395120739936829,-0.001020964584313333,0.00936901569366455,0.0,0.43456411361694336,0.0,-0.41582608222961426,0.0,21.0,-0.058496961713482475
trial_01,116.80129803400001,1.0,497.0,315.0,0.8746997117996216,0.24635127186775208,0.9381985664367676,0.002108014887198806,0.010326549410820007,0.0,0.43504682183265686,0.0,-0.41439372301101685,0.0,20.0,0.12078035618723788
trial_01,117.07407856100001,1.0,406.0,417.0,0.8711163401603699,0.18381693959236145,0.9331900477409363,-0.002480361144989729,0.011110156774520874,0.0,0.43577003479003906,0.0,-0.4135497212409973,0.0,21.0,-0.14211422527614792
trial_01,117.344824919,1.0,514.0,353.0,0.8717224597930908,0.2435479462146759,0.9378325343132019,-0.004812733270227909,0.011463060975074768,0.0,0.4359092712402344,0.0,-0.41298314929008484,0.0,21.0,-0.27574930430625394
trial_01,117.61271778800001,1.0,388.0,428.0,0.8564007878303528,0.18323901295661926,0.9122616052627563,-0.008477643132209778,0.010782420635223389,0.0,0.4357474446296692,0.0,-0.4141826033592224,0.0,20.0,-0.48573317169368807
trial_01,117.88025835600001,1.0,506.0,405.0,0.876742959022522,0.2437172830104828,0.9249734282493591,-0.015682289376854897,0.008098497986793518,0.0,0.43552887439727783,0.0,-0.4193318784236908,0.0,19.0,-0.8985289943966314
trial_01,118.14800653300001,1.0,428.0,483.0,0.8753994703292847,0.2452535331249237,0.9230011701583862,-0.01516758557409048,0.0056655555963516235,0.0,0.4351259469985962,0.0,-0.42379483580589294,0.0,21.0,-0.8690386387988963
trial_01,118.43650028,1.0,501.0,326.0,0.8724135160446167,0.2262095808982849,0.9360009431838989,-0.014794508926570415,0.0045270174741744995,0.0,0.43442732095718384,0.0,-0.42537328600883484,0.0,19.0,-0.8476629214611068
trial_01,118.716484609,1.0,429.0,481.0,0.8943257927894592,0.24579855799674988,0.926568865776062,-0.02042769454419613,0.003889515995979309,0.0,0.43501245975494385,0.0,-0.42723342776298523,0.0,21.0,-1.1704206825648562
trial_01,118.977178569,1.0,535.0,370.0,0.8883898854255676,0.24254846572875977,0.9344710111618042,-0.01511292066425085,0.0017670542001724243,0.0,0.43400731682777405,0.0,-0.4304732084274292,0.0,19.0,-0.8659065701776224
trial_01,119.23624682500001,1.0,411.0,493.0,0.8732765913009644,0.19775941967964172,0.9246989488601685,-0.015891578048467636,0.0007025748491287231,0.0,0.433530330657959,0.0,-0.43212518095970154,0.0,20.0,-0.9105203519799407
trial_01,119.52161359700001,1.0,519.0,357.0,0.8828486204147339,0.24267232418060303,0.9366602301597595,-0.016956068575382233,0.0005355924367904663,0.0,0.43195727467536926,0.0,-0.43088608980178833,0.0,21.0,-0.9715111665038043
trial_01,119.799987193,1.0,416.0,500.0,0.8748311400413513,0.19426414370536804,0.9237438440322876,-0.02278941497206688,0.0004995465278625488,0.0,0.431815505027771,0.0,-0.4308164119720459,0.0,19.0,-1.305737295471681
trial_01,120.06885963,1.0,565.0,402.0,0.8829976916313171,0.23758867383003235,0.9212334752082825,-0.021748686209321022,-0.0014784932136535645,0.0,0.43033379316329956,0.0,-0.4332907795906067,0.0,21.0,-1.2461079297484714
trial_01,120.35850614200001,1.0,454.0,508.0,0.8784608244895935,0.23389789462089539,0.9267042875289917,-0.01374068669974804,-0.00318087637424469,0.0,0.42813634872436523,0.0,-0.4344981014728546,0.0,21.0,-0.7872833555071065
trial_01,120.62525649400001,1.0,575.0,408.0,0.8854513764381409,0.24171987175941467,0.9134098887443542,-0.0041554090566933155,-0.004664823412895203,0.0,0.42738091945648193,0.0,-0.43671056628227234,0.0,21.0,-0.23808740109896562
trial_01,120.89227414800001,1.0,439.0,539.0,0.8774632215499878,0.24281159043312073,0.9148498773574829,-0.004128092899918556,-0.004061907529830933,0.0,0.42737331986427307,0.0,-0.43549713492393494,0.0,19.0,-0.23652230060325422
trial_01,121.170530345,1.0,511.0,449.0,0.8873142004013062,0.2409597933292389,0.9103632569313049,-0.004385761916637421,-0.00446222722530365,0.0,0.42508745193481445,0.0,-0.43401190638542175,0.0,21.0,-0.251285647772531
trial_01,121.465333004,1.0,396.0,526.0,0.8887788653373718,0.2501567304134369,0.9050251841545105,-0.004241650924086571,-0.003951281309127808,0.0,0.4253580570220947,0.0,-0.43326061964035034,0.0,21.0,-0.24302869611792605
trial_01,121.735371094,1.0,489.0,417.0,0.8844448328018188,0.2509301006793976,0.9132300019264221,-0.009415555745363235,-0.003421783447265625,0.0,0.42455384135246277,0.0,-0.431397408246994,0.0,20.0,-0.5394716059794674
trial_01,122.00240417200001,1.0,387.0,479.0,0.8663825988769531,0.19659164547920227,0.9114548563957214,-0.008548727259039879,-0.004034876823425293,0.0,0.42267298698425293,0.0,-0.4307427406311035,0.0,21.0,-0.4898059921514255
trial_01,122.284582646,1.0,505.0,373.0,0.8590731620788574,0.17101022601127625,0.9106833934783936,-0.00813109241425991,-0.004663571715354919,0.0,0.4212741255760193,0.0,-0.4306012690067291,0.0,19.0,-0.46587727816793206
trial_01,122.57059205200001,1.0,385.0,412.0,0.858453094959259,0.17596879601478577,0.9137126207351685,-0.005868992768228054,-0.004630103707313538,0.0,0.4201163947582245,0.0,-0.42937660217285156,0.0,21.0,-0.3362685156122692
trial_01,122.84379628500001,1.0,508.0,308.0,0.870551347732544,0.25510409474372864,0.9242511987686157,-0.00163294468075037,-0.004990100860595703,0.0,0.41786834597587585,0.0,-0.42784854769706726,0.0,20.0,-0.0935608383853338
trial_01,123.10281677200001,1.0,412.0,471.0,0.8677685260772705,0.21859106421470642,0.9151288866996765,-0.0007084379903972149,-0.0057731568813323975,0.0,0.418215811252594,0.0,-0.4297621250152588,0.0,20.0,-0.04059050689648996
trial_01,123.388367246,1.0,523.0,313.0,0.8690228462219238,0.2529844343662262,0.9128912687301636,0.0003141234628856182,-0.004668965935707092,0.0,0.4170367121696472,0.0,-0.4263746440410614,0.0,21.0,0.01799794866938028
trial_01,123.654388362,1.0,405.0,479.0,0.8750582933425903,0.24690338969230652,0.9172451496124268,-0.003907295875251293,-0.005602002143859863,0.0,0.41672080755233765,0.0,-0.4279248118400574,0.0,21.0,-0.2238715629607741
trial_01,123.92055225300001,1.0,539.0,321.0,0.85511714220047,0.21900010108947754,0.9073035717010498,-0.0018991059623658657,-0.004690647125244141,0.0,0.4174514412879944,0.0,-0.42683273553848267,0.0,20.0,-0.10881075649169465
trial_01,124.19005753100001,1.0,452.0,403.0,0.859194815158844,0.1678573191165924,0.8985204100608826,-0.0006115389987826347,-0.004047214984893799,0.0,0.41787227988243103,0.0,-0.42596670985221863,0.0,20.0,-0.035038603637900956
trial_01,124.476853547,1.0,548.0,303.0,0.8568684458732605,0.2012644112110138,0.9102258086204529,0.0004989141598343849,-0.0035010576248168945,0.0,0.4168331027030945,0.0,-0.42383521795272827,0.0,21.0,0.028585675697825632
trial_01,124.759666811,1.0,434.0,383.0,0.8544254302978516,0.200443834066391,0.9067970514297485,-0.0036640148609876633,-0.003087371587753296,0.0,0.41715914011001587,0.0,-0.42333388328552246,0.0,21.0,-0.20993258760780614
trial_01,125.02892705800001,1.0,531.0,296.0,0.8728216886520386,0.2469143569469452,0.9136858582496643,-0.0021233409643173218,-0.0029170364141464233,0.0,0.4175301790237427,0.0,-0.4233642518520355,0.0,20.0,-0.12165847572262087
trial_01,125.301784005,1.0,416.0,408.0,0.864105224609375,0.1788751184940338,0.8987029194831848,-0.006218230351805687,-0.0038819611072540283,0.0,0.41833508014678955,0.0,-0.4260990023612976,0.0,21.0,-0.35627835519861495
trial_01,125.575199162,1.0,516.0,313.0,0.8493353724479675,0.20844849944114685,0.9145032167434692,-0.003991285338997841,-0.00369812548160553,0.0,0.41940099000930786,0.0,-0.4267972409725189,0.0,21.0,-0.22868380475701833
trial_01,125.838834125,1.0,412.0,381.0,0.8613986968994141,0.23763108253479004,0.9174910187721252,-0.0072182039730250835,-0.004766613245010376,0.0,0.41941773891448975,0.0,-0.4289509654045105,0.0,20.0,-0.4135726233189
trial_01,126.115148778,1.0,519.0,287.0,0.8501772880554199,0.20570209622383118,0.9035692811012268,-0.01009630411863327,-0.0045145004987716675,0.0,0.42091670632362366,0.0,-0.429945707321167,0.0,21.0,-0.5784756146782368
trial_01,126.38860483100001,1.0,434.0,420.0,0.8745418787002563,0.22564038634300232,0.9033675193786621,-0.007047415245324373,-0.005668506026268005,0.0,0.4219970107078552,0.0,-0.43333402276039124,0.0,20.0,-0.4037871500332403
trial_01,126.66450491500001,1.0,517.0,323.0,0.8771331310272217,0.24280327558517456,0.9098566174507141,0.0028385985642671585,-0.007555142045021057,0.0,0.42165955901145935,0.0,-0.43676984310150146,0.0,21.0,0.16263971746440314
trial_01,126.94454693600001,1.0,417.0,429.0,0.8727569580078125,0.24677446484565735,0.9097293615341187,0.004620441235601902,-0.008238568902015686,0.0,0.42148423194885254,0.0,-0.4379613697528839,0.0,20.0,0.2647317822882002
trial_01,127.20730061,1.0,524.0,328.0,0.8729787468910217,0.24166446924209595,0.908649742603302,-0.004027615766972303,-0.007624700665473938,0.0,0.42241671681404114,0.0,-0.437666118144989,0.0,19.0,-0.23076538494785906
trial_01,127.489893545,1.0,398.0,444.0,0.8653557300567627,0.24160602688789368,0.9079296588897705,-0.0005200332961976528,-0.008436441421508789,0.0,0.4209778308868408,0.0,-0.4378507137298584,0.0,20.0,-0.029795713078402147
trial_01,127.75154245200001,1.0,519.0,343.0,0.8635231256484985,0.19313007593154907,0.8934393525123596,0.0019704874139279127,-0.007293835282325745,0.0,0.4222612679004669,0.0,-0.4368489384651184,0.0,21.0,0.11290061240171746
trial_01,128.017074559,1.0,434.0,454.0,0.8708853125572205,0.2039962112903595,0.9070685505867004,0.00023393193259835243,-0.006492733955383301,0.0,0.4227695167064667,0.0,-0.4357549846172333,0.0,21.0,0.013403312431224437
trial_01,128.30728638300002,1.0,551.0,388.0,0.8793762922286987,0.24939021468162537,0.9064251184463501,-0.00017958832904696465,-0.006492793560028076,0.0,0.42288967967033386,0.0,-0.43587526679039,0.0,21.0,-0.010289653304197764
trial_01,128.578905705,1.0,493.0,489.0,0.8697603940963745,0.23152893781661987,0.8919785618782043,-0.0005189371295273304,-0.005534157156944275,0.0,0.4235411584377289,0.0,-0.43460947275161743,0.0,20.0,-0.029732907354549764
trial_01,128.849881333,1.0,569.0,394.0,0.8753266930580139,0.2500264346599579,0.8965069651603699,8.349306881427765e-06,-0.0044351667165756226,0.0,0.424185574054718,0.0,-0.43305590748786926,0.0,21.0,0.0004783800461653462
trial_01,129.108540885,1.0,464.0,494.0,0.860501229763031,0.1852053701877594,0.9071715474128723,0.00036067236214876175,-0.0041542649269104,0.0,0.4233618676662445,0.0,-0.4316703975200653,0.0,21.0,0.020665004138138033
trial_01,129.387485816,1.0,529.0,381.0,0.8600555658340454,0.17439004778862,0.8786094188690186,0.001512756571173668,-0.002651035785675049,0.0,0.42423945665359497,0.0,-0.42954152822494507,0.0,20.0,0.0866745669589329
trial_01,129.65694225800002,1.0,441.0,450.0,0.86378413438797,0.17606723308563232,0.8853159546852112,0.0024056965485215187,-0.0019102096557617188,0.0,0.4249628186225891,0.0,-0.42878323793411255,0.0,21.0,0.13783625901947208
trial_01,129.921543503,1.0,510.0,320.0,0.8587827086448669,0.17843690514564514,0.8889554142951965,0.002895067445933819,-0.0014566630125045776,0.0,0.4252505302429199,0.0,-0.4281638562679291,0.0,21.0,0.16587514605772646
trial_01,130.195138147,1.0,393.0,363.0,0.8679236173629761,0.2509786784648895,0.895370364189148,0.0034834137186408043,-0.0007448047399520874,0.0,0.42444363236427307,0.0,-0.42593324184417725,0.0,20.0,0.1995849043760897
trial_01,130.48182585200001,1.0,494.0,262.0,0.851722240447998,0.18554630875587463,0.8971219062805176,0.004282298497855663,0.001443430781364441,0.0,0.42638126015663147,0.0,-0.4234943985939026,0.0,21.0,0.24535763054234172
trial_01,130.75545233100001,1.0,424.0,358.0,0.8682476878166199,0.25056520104408264,0.9074333906173706,0.005069959908723831,0.0027583539485931396,0.0,0.42789381742477417,0.0,-0.4223771095275879,0.0,19.0,0.2904873050704076
trial_01,131.032094776,1.0,497.0,289.0,0.8590130805969238,0.2371431291103363,0.9002878069877625,0.011201552115380764,0.004100635647773743,0.0,0.429262638092041,0.0,-0.42106136679649353,0.0,21.0,0.6418016602071571
trial_01,131.312604233,1.0,401.0,365.0,0.8509352803230286,0.19307303428649902,0.9023554921150208,0.015937892720103264,0.0051119327545166016,0.0,0.43081945180892944,0.0,-0.42059558629989624,0.0,21.0,0.9131739871941965
trial_01,131.60260026100002,1.0,494.0,273.0,0.8622573614120483,0.24892273545265198,0.8980048894882202,0.014127500355243683,0.006085515022277832,0.0,0.43205520510673523,0.0,-0.41988417506217957,0.0,21.0,0.8094461454250342
trial_01,131.870823382,1.0,419.0,380.0,0.8650766015052795,0.22923919558525085,0.9033535718917847,0.005821485072374344,0.006974712014198303,0.0,0.4332450330257416,0.0,-0.41929560899734497,0.0,21.0,0.3335465251454605
trial_01,132.138170874,1.0,494.0,278.0,0.8638688921928406,0.24563881754875183,0.9037991762161255,0.002262352965772152,0.009118258953094482,0.0,0.4348197877407074,0.0,-0.41658326983451843,0.0,20.0,0.1296232767076491
trial_01,132.421556716,1.0,432.0,365.0,0.8648874163627625,0.23663347959518433,0.895270049571991,0.000544263981282711,0.010706156492233276,0.0,0.43697071075439453,0.0,-0.415558397769928,0.0,20.0,0.031184029068486576
trial_01,132.702629221,1.0,503.0,287.0,0.8712745904922485,0.24369287490844727,0.9129725098609924,-0.003495353739708662,0.012496501207351685,0.0,0.4389246106147766,0.0,-0.41393160820007324,0.0,20.0,-0.20026901719057524
trial_01,132.963198586,1.0,421.0,355.0,0.8613294959068298,0.2391570508480072,0.9023066759109497,-0.003701666370034218,0.012865632772445679,0.0,0.4387297034263611,0.0,-0.4129984378814697,0.0,21.0,-0.21208986016847234
trial_01,133.244007492,1.0,482.0,269.0,0.8619512915611267,0.2211644947528839,0.8991756439208984,-0.009033775888383389,0.012783408164978027,0.0,0.4386659860610962,0.0,-0.41309916973114014,0.0,21.0,-0.517597231471414
trial_01,133.531456281,1.0,420.0,384.0,0.869655430316925,0.2410869300365448,0.9010365605354309,-0.009370227344334126,0.01346859335899353,0.0,0.44036227464675903,0.0,-0.413425087928772,0.0,19.0,-0.536874479908423
trial_01,133.806157442,1.0,483.0,324.0,0.8695923686027527,0.2455805242061615,0.9018252491950989,-0.005551953800022602,0.011113151907920837,0.0,0.43887224793434143,0.0,-0.41664594411849976,0.0,20.0,-0.31810352079291454
trial_01,134.074396231,1.0,378.0,366.0,0.8633755445480347,0.17040565609931946,0.9085009694099426,-0.006743849720805883,0.010800257325172424,0.0,0.4385858178138733,0.0,-0.41698530316352844,0.0,21.0,-0.38639412667265566
trial_01,134.357208106,1.0,479.0,286.0,0.8634561896324158,0.24793031811714172,0.9160768389701843,-0.002899147104471922,0.010190993547439575,0.0,0.43736761808395386,0.0,-0.4169856309890747,0.0,21.0,-0.16610889327381428
trial_01,134.62671457300002,1.0,396.0,425.0,0.8648872375488281,0.19083738327026367,0.9133360981941223,-0.0012006291653960943,0.007084906101226807,0.0,0.43586504459381104,0.0,-0.4216952323913574,0.0,21.0,-0.06879098393751067
trial_01,134.91584857200002,1.0,501.0,316.0,0.8756968975067139,0.24898174405097961,0.9233216643333435,-0.003813102375715971,0.005880698561668396,0.0,0.4350753128528595,0.0,-0.4233139157295227,0.0,20.0,-0.21847467297983267
trial_01,135.174546595,1.0,443.0,412.0,0.8730068206787109,0.25108692049980164,0.9022765159606934,-0.0016626392025500536,0.0037467926740646362,0.0,0.43376269936561584,0.0,-0.4262691140174866,0.0,19.0,-0.09526220915911489
trial_01,135.460950953,1.0,529.0,323.0,0.879103422164917,0.24668821692466736,0.9091619849205017,0.0003084656782448292,0.0012673288583755493,0.0,0.4322613775730133,0.0,-0.4297267198562622,0.0,21.0,0.017673781488069126
trial_01,135.724194161,1.0,419.0,414.0,0.8598167896270752,0.16473957896232605,0.8888279795646667,0.001624444266781211,-8.475780487060547e-05,0.0,0.4305298328399658,0.0,-0.43069934844970703,0.0,20.0,0.09307380054078694
trial_01,135.991484921,1.0,476.0,315.0,0.8740602135658264,0.22283288836479187,0.90052729845047,0.002509600017219782,-0.0014831870794296265,0.0,0.4288988709449768,0.0,-0.43186524510383606,0.0,21.0,0.14378948925265223
trial_01,136.270434641,1.0,344.0,421.0,0.8786676526069641,0.2423318326473236,0.9104886651039124,0.003442679066210985,-0.0017459988594055176,0.0,0.42796820402145386,0.0,-0.4314602017402649,0.0,20.0,0.19725098071192876
trial_01,136.565744091,1.0,438.0,298.0,0.8562530279159546,0.19485744833946228,0.885617196559906,-0.0010593682527542114,-0.0014687031507492065,0.0,0.42715945839881897,0.0,-0.4300968647003174,0.0,21.0,-0.06069732983296456
trial_01,136.846552564,1.0,346.0,437.0,0.8833965063095093,0.2550542652606964,0.8949323296546936,-0.004736806266009808,-0.0010814666748046875,0.0,0.42725783586502075,0.0,-0.4294207692146301,0.0,21.0,-0.2713990074134847
trial_01,137.110530291,1.0,471.0,381.0,0.8694136738777161,0.1806325614452362,0.8979963660240173,-0.002361258724704385,-0.0009577274322509766,0.0,0.4268134832382202,0.0,-0.42872893810272217,0.0,21.0,-0.1352901592640044
trial_01,137.389810505,1.0,359.0,378.0,0.8420923948287964,0.18760240077972412,0.9084755182266235,-0.005869940854609013,0.001683250069618225,0.0,0.42875543236732483,0.0,-0.4253889322280884,0.0,21.0,-0.336322836960512
trial_01,137.667199922,1.0,483.0,346.0,0.8970349431037903,0.22727766633033752,0.8842613697052002,-0.0083055654540658,0.0030246376991271973,0.0,0.43045446276664734,0.0,-0.42440518736839294,0.0,20.0,-0.4758738469876275
trial_01,137.933166637,1.0,383.0,385.0,0.8685601353645325,0.2284846007823944,0.8804739117622375,-0.010290909558534622,0.00393657386302948,0.0,0.4316827356815338,0.0,-0.42380958795547485,0.0,21.0,-0.589625685054871
trial_01,138.206165391,1.0,507.0,315.0,0.8854011297225952,0.2495003640651703,0.8957126140594482,-0.012092703953385353,0.0035926848649978638,0.0,0.43084898591041565,0.0,-0.4236636161804199,0.0,21.0,-0.6928608994301462
trial_01,138.48237844000002,1.0,374.0,299.0,0.8372646570205688,0.1756702959537506,0.9017268419265747,-0.01367877796292305,0.004155084490776062,0.0,0.42966723442077637,0.0,-0.42135706543922424,0.0,21.0,-0.7837362461720484
trial_01,138.754076692,1.0,492.0,255.0,0.8784092664718628,0.2500491440296173,0.9209707975387573,-0.009900413453578949,0.005314052104949951,0.0,0.4306061267852783,0.0,-0.4199780225753784,0.0,20.0,-0.5672519063246133
trial_01,139.01793666400002,1.0,394.0,290.0,0.8619830012321472,0.16743090748786926,0.9158637523651123,-0.012048467993736267,0.004383161664009094,0.0,0.42741888761520386,0.0,-0.41865256428718567,0.0,20.0,-0.6903263656395425
trial_01,139.304407803,1.0,514.0,242.0,0.8756005167961121,0.24868202209472656,0.9196479320526123,-0.009155097417533398,0.0044640302658081055,0.0,0.42635390162467957,0.0,-0.41742584109306335,0.0,20.0,-0.524548443055783
trial_01,139.58440908900002,1.0,427.0,319.0,0.8727176189422607,0.21927648782730103,0.9216597676277161,-0.012063931673765182,0.003708958625793457,0.0,0.4269651770591736,0.0,-0.41954725980758667,0.0,20.0,-0.6912123692409401
trial_01,139.86921817,1.0,516.0,285.0,0.8723871111869812,0.2478487491607666,0.9024169445037842,-0.009596128016710281,0.002992495894432068,0.0,0.4273473620414734,0.0,-0.42136237025260925,0.0,21.0,-0.5498176350247442
trial_01,140.128544307,1.0,411.0,292.0,0.8728838562965393,0.24746999144554138,0.919646143913269,-0.007839731872081757,-0.0008647143840789795,0.0,0.4281761050224304,0.0,-0.4299055337905884,0.0,19.0,-0.4491835487844804
trial_01,140.41085416500002,1.0,525.0,233.0,0.873136043548584,0.2387995421886444,0.919722855091095,-0.012072542682290077,-0.0032167285680770874,0.0,0.4289216697216034,0.0,-0.43535512685775757,0.0,20.0,-0.6917057436867677
trial_01,140.672549381,1.0,420.0,232.0,0.8780356645584106,0.24088969826698303,0.9188115000724792,-0.010168205946683884,-0.0048831552267074585,0.0,0.42944130301475525,0.0,-0.43920761346817017,0.0,21.0,-0.5825952859648124
trial_01,140.958013693,1.0,516.0,224.0,0.8689491748809814,0.1909005343914032,0.8971056342124939,-0.007180339656770229,-0.008375689387321472,0.0,0.4289412498474121,0.0,-0.44569262862205505,0.0,21.0,-0.41140315780334824
trial_01,141.23241727200002,1.0,419.0,271.0,0.88982754945755,0.19475644826889038,0.8981158137321472,-0.005788092501461506,-0.010762661695480347,0.0,0.4292714595794678,0.0,-0.45079678297042847,0.0,20.0,-0.3316332717650636
trial_01,141.525622191,1.0,528.0,211.0,0.8746686577796936,0.24109885096549988,0.9158410429954529,-0.004460227210074663,-0.01027420163154602,0.0,0.4286152720451355,0.0,-0.44916367530822754,0.0,21.0,-0.2555521948066882
trial_01,141.78332697800002,1.0,415.0,274.0,0.8721079230308533,0.2412378489971161,0.922834038734436,0.0036759087815880775,-0.011018842458724976,0.0,0.4283298850059509,0.0,-0.4503675699234009,0.0,21.0,0.21061405906007358
trial_01,142.057486522,1.0,538.0,260.0,0.8991075158119202,0.24543365836143494,0.9091047644615173,0.004977037198841572,-0.011869251728057861,0.0,0.42787599563598633,0.0,-0.45161449909210205,0.0,21.0,0.28516322597323557
trial_01,142.326729508,1.0,433.0,274.0,0.8575661182403564,0.19741424918174744,0.9125775694847107,0.007228618487715721,-0.012380212545394897,0.0,0.42785629630088806,0.0,-0.45261672139167786,0.0,21.0,0.41416933105635056
trial_01,142.607953635,1.0,497.0,251.0,0.8951764106750488,0.24029922485351562,0.9080796837806702,0.014521453529596329,-0.012481197714805603,0.0,0.4282984733581543,0.0,-0.4532608687877655,0.0,21.0,0.8320179996412224
trial_01,142.87855347500002,1.0,445.0,265.0,0.8790855407714844,0.24153122305870056,0.9243025183677673,0.012353971600532532,-0.012160301208496094,0.0,0.427713543176651,0.0,-0.4520341455936432,0.0,21.0,0.7078304329349927
trial_01,143.136776641,1.0,541.0,193.0,0.8565047383308411,0.20300507545471191,0.9172462224960327,0.012316728010773659,-0.009208276867866516,0.0,0.42944949865341187,0.0,-0.4478660523891449,0.0,21.0,0.7056965324278925
trial_01,143.422083679,1.0,468.0,287.0,0.8985643982887268,0.24783599376678467,0.9181716442108154,0.01862935908138752,-0.008542448282241821,0.0,0.4321383237838745,0.0,-0.44922322034835815,0.0,21.0,1.0673836503972172
trial_01,143.700810055,1.0,534.0,301.0,0.885768711566925,0.20105990767478943,0.9092532396316528,0.024358419701457024,-0.007770970463752747,0.0,0.43215417861938477,0.0,-0.44769611954689026,0.0,19.0,1.3956346445018022
trial_01,143.959571325,1.0,414.0,306.0,0.88495934009552,0.25208982825279236,0.9237745404243469,0.029698707163333893,-0.006687730550765991,0.0,0.432949423789978,0.0,-0.44632488489151,0.0,20.0,1.7016105774539774
trial_01,144.233722726,1.0,523.0,256.0,0.8899990916252136,0.2672612965106964,0.9202790260314941,0.03330892324447632,-0.006269440054893494,0.0,0.43278053402900696,0.0,-0.44531941413879395,0.0,21.0,1.9084607220336978
trial_01,144.524918135,1.0,391.0,236.0,0.8559356927871704,0.17067477107048035,0.9064804315567017,0.035808268934488297,-0.0066862404346466064,0.0,0.43153828382492065,0.0,-0.44491076469421387,0.0,19.0,2.0516626816155967
trial_01,144.79186700900001,1.0,520.0,136.0,0.8804213404655457,0.2060357928276062,0.9140827655792236,0.03693278878927231,-0.005540907382965088,0.0,0.4319729804992676,0.0,-0.44305479526519775,0.0,20.0,2.116092923273385
trial_01,145.065398595,1.0,449.0,177.0,0.8808256983757019,0.26633745431900024,0.9288858771324158,0.02973758615553379,-0.005713850259780884,0.0,0.43085455894470215,0.0,-0.4422822594642639,0.0,20.0,1.7038381796187534
trial_01,145.342702115,1.0,538.0,182.0,0.8821213245391846,0.18540695309638977,0.9106619954109192,0.01666983589529991,-0.003611162304878235,0.0,0.43341973423957825,0.0,-0.4406420588493347,0.0,21.0,0.955111241976369
trial_01,145.62482995800002,1.0,439.0,187.0,0.9004659056663513,0.2647913992404938,0.9156922101974487,0.014711868017911911,-0.001663118600845337,0.0,0.43570250272750854,0.0,-0.4390287399291992,0.0,19.0,0.8429279461798483
trial_01,145.899659614,1.0,540.0,143.0,0.8900575041770935,0.2681926488876343,0.9228236675262451,0.017591770738363266,0.0004510730504989624,0.0,0.43698766827583313,0.0,-0.4360855221748352,0.0,19.0,1.007934217469955
trial_01,146.159139149,1.0,455.0,198.0,0.8864248394966125,0.19159400463104248,0.9157111644744873,0.021084444597363472,0.0014275014400482178,0.0,0.43851470947265625,0.0,-0.4356597065925598,0.0,21.0,1.2080496888063372
trial_01,146.432043093,1.0,532.0,132.0,0.8725802898406982,0.23919162154197693,0.9208968281745911,0.022691097110509872,0.003160029649734497,0.0,0.43873876333236694,0.0,-0.43241870403289795,0.0,20.0,1.300104096953713
trial_01,146.699113734,1.0,436.0,177.0,0.8679367303848267,0.20261716842651367,0.9155691266059875,0.006811955943703651,0.004567146301269531,0.0,0.44065338373184204,0.0,-0.431519091129303,0.0,21.0,0.39029632580327506
trial_01,146.97702213300002,1.0,539.0,156.0,0.8664776086807251,0.20734187960624695,0.9229623675346375,0.002132551744580269,0.005172312259674072,0.0,0.4421272277832031,0.0,-0.431782603263855,0.0,20.0,0.12218621455771013
trial_01,147.24107132700001,1.0,393.0,172.0,0.8641884922981262,0.19558069109916687,0.9108198285102844,0.004381715320050716,0.005192548036575317,0.0,0.4425107538700104,0.0,-0.43212565779685974,0.0,21.0,0.2510537948667208
trial_01,147.5384742,1.0,526.0,131.0,0.8771939277648926,0.2636083662509918,0.910352349281311,0.0012425761669874191,0.008810371160507202,0.0,0.4448990523815155,0.0,-0.4272783100605011,0.0,21.0,0.07119437009192213
trial_01,147.79978219100002,1.0,422.0,171.0,0.8713065385818481,0.23473671078681946,0.9157043695449829,-0.003835393115878105,0.010617345571517944,0.0,0.4471638798713684,0.0,-0.4259291887283325,0.0,21.0,-0.21975183831334572
trial_01,148.080471562,1.0,524.0,124.0,0.8447610139846802,0.1593286693096161,0.9084063172340393,0.003228740766644478,0.010843247175216675,0.0,0.44706061482429504,0.0,-0.4253741204738617,0.0,21.0,0.18499321907056238
trial_01,148.337683054,1.0,421.0,169.0,0.8699790239334106,0.20347312092781067,0.9200734496116638,-0.005190812982618809,0.010736227035522461,0.0,0.4476372003555298,0.0,-0.42616474628448486,0.0,21.0,-0.29741167614577246
trial_01,148.624204432,1.0,525.0,130.0,0.8538339734077454,0.19874465465545654,0.9159817695617676,-0.004251954145729542,0.010083198547363281,0.0,0.44711071252822876,0.0,-0.4269443154335022,0.0,21.0,-0.24361902723345613
trial_01,148.898745394,1.0,439.0,182.0,0.8839476704597473,0.26047202944755554,0.907444179058075,-0.0037759155966341496,0.009274527430534363,0.0,0.44683364033699036,0.0,-0.42828458547592163,0.0,21.0,-0.21634402748475892
trial_01,149.172687104,1.0,532.0,115.0,0.8360444903373718,0.19363033771514893,0.9185870885848999,0.0015005930326879025,0.00971253216266632,0.0,0.44562825560569763,0.0,-0.426203191280365,0.0,20.0,0.0859776475397536
trial_01,149.43859907700002,1.0,440.0,182.0,0.885538637638092,0.26070311665534973,0.9270258545875549,0.0009695296175777912,0.00891423225402832,0.0,0.44629406929016113,0.0,-0.4284656047821045,0.0,20.0,0.055549955200140146
trial_01,149.70766684100002,1.0,538.0,124.0,0.8630239367485046,0.18723484873771667,0.9121320843696594,-0.007776515558362007,0.007879465818405151,0.0,0.4453304409980774,0.0,-0.4295715093612671,0.0,21.0,-0.4455615208119638
trial_01,149.96801581,1.0,430.0,180.0,0.8785233497619629,0.2531752586364746,0.9273293018341064,-0.013519966043531895,0.008609890937805176,0.0,0.44601935148239136,0.0,-0.428799569606781,0.0,21.0,-0.7746369934545634
trial_01,150.252524969,1.0,540.0,156.0,0.8784832954406738,0.2585138976573944,0.8954501152038574,-0.01778874546289444,0.00962725281715393,0.0,0.44658899307250977,0.0,-0.4273344874382019,0.0,21.0,-1.0192200378563434
trial_01,150.54430748500002,1.0,426.0,194.0,0.8723829984664917,0.2516484260559082,0.913607120513916,-0.010940121486783028,0.009744644165039062,0.0,0.4480080008506775,0.0,-0.42851871252059937,0.0,21.0,-0.6268227885530547
trial_01,150.815785397,1.0,557.0,153.0,0.8775209784507751,0.21622470021247864,0.9160740971565247,-0.005815761163830757,0.00924009084701538,0.0,0.4479474425315857,0.0,-0.42946726083755493,0.0,21.0,-0.3332185693435941
trial_01,151.081658954,1.0,486.0,213.0,0.8715192079544067,0.18920353055000305,0.9175623655319214,-0.0019862728659063578,0.007246792316436768,0.0,0.44606906175613403,0.0,-0.4315754771232605,0.0,21.0,-0.1138050521777888
trial_01,151.36271647,1.0,590.0,130.0,0.8621165156364441,0.22039350867271423,0.9191469550132751,0.000712506182026118,0.006116986274719238,0.0,0.4434558153152466,0.0,-0.4312218427658081,0.0,21.0,0.04082359710707656
trial_01,151.649043803,1.0,496.0,227.0,0.8780580163002014,0.2481578290462494,0.9241167902946472,0.0025593216996639967,0.0035576820373535156,0.0,0.440769225358963,0.0,-0.433653861284256,0.0,21.0,0.14663833180699545
trial_01,151.912988461,1.0,558.0,178.0,0.8890403509140015,0.251559853553772,0.9176897406578064,0.019094398245215416,-0.0014840662479400635,0.0,0.43652063608169556,0.0,-0.4394887685775757,0.0,20.0,1.0940284317928486
trial_01,152.17853255,1.0,436.0,247.0,0.8819015026092529,0.24717360734939575,0.9195574522018433,0.031397745013237,-0.007207602262496948,0.0,0.43086379766464233,0.0,-0.44527900218963623,0.0,21.0,1.798958275486407
trial_01,152.457677453,1.0,528.0,152.0,0.8644894361495972,0.22936606407165527,0.9154651165008545,0.04064670577645302,-0.012047037482261658,0.0,0.425691157579422,0.0,-0.4497852325439453,0.0,19.0,2.328884692100782
trial_01,152.724681088,1.0,429.0,264.0,0.8910204768180847,0.2472112476825714,0.921991229057312,0.02749611809849739,-0.013892486691474915,0.0,0.4238451421260834,0.0,-0.4516301155090332,0.0,20.0,1.5754115200371788
trial_01,153.000007111,1.0,546.0,197.0,0.8768300414085388,0.24348405003547668,0.933774471282959,0.017609184607863426,-0.013761669397354126,0.0,0.4231605529785156,0.0,-0.4506838917732239,0.0,21.0,1.0089319586973058
trial_01,153.272054668,1.0,474.0,291.0,0.8876727819442749,0.23846635222434998,0.9175943732261658,0.0103845726698637,-0.011604458093643188,0.0,0.42523035407066345,0.0,-0.44843927025794983,0.0,21.0,0.5949921860300912
trial_01,153.559582304,1.0,552.0,203.0,0.8782944679260254,0.23659762740135193,0.9202792644500732,0.010111814364790916,-0.010236501693725586,0.0,0.42609649896621704,0.0,-0.4465695023536682,0.0,20.0,0.579364286322279
trial_01,153.82490149100002,1.0,434.0,294.0,0.8405419588088989,0.17267978191375732,0.8951547741889954,0.01966247707605362,-0.009884282946586609,0.0,0.4254377782344818,0.0,-0.44520634412765503,0.0,21.0,1.1265769512306039
trial_01,154.093602971,1.0,569.0,165.0,0.8567543029785156,0.16293668746948242,0.9104609489440918,0.03178250789642334,-0.010313361883163452,0.0,0.42337724566459656,0.0,-0.44400396943092346,0.0,21.0,1.8210035648062695
trial_01,154.37014057500002,1.0,425.0,322.0,0.8632746934890747,0.19800880551338196,0.9046378135681152,0.04100519046187401,-0.013343140482902527,0.0,0.4195516109466553,0.0,-0.4462378919124603,0.0,21.0,2.3494243515954794
trial_01,154.652765918,1.0,561.0,229.0,0.8741852641105652,0.24197843670845032,0.9067233800888062,0.0477205328643322,-0.016418635845184326,0.0,0.4162171483039856,0.0,-0.44905441999435425,0.0,20.0,2.7341851292415766
trial_01,154.911672264,1.0,458.0,337.0,0.8776851892471313,0.23258087038993835,0.9151886701583862,0.05281004682183266,-0.019535496830940247,0.0,0.412592351436615,0.0,-0.4516633450984955,0.0,20.0,3.025792798779278
trial_01,155.181775934,1.0,550.0,251.0,0.8738037347793579,0.23264825344085693,0.9038278460502625,0.06153589487075806,-0.025075703859329224,0.0,0.40777844190597534,0.0,-0.4579298496246338,0.0,21.0,3.525747064655167
trial_01,155.45147856600002,1.0,440.0,375.0,0.8405992388725281,0.13652640581130981,0.8954873085021973,0.06298352032899857,-0.02682378888130188,0.0,0.40427693724632263,0.0,-0.4579245150089264,0.0,21.0,3.60868989372804
trial_01,155.71579841300002,1.0,532.0,237.0,0.8652611970901489,0.23262959718704224,0.922576367855072,0.04898696765303612,-0.025472596287727356,0.0,0.4044310748577118,0.0,-0.4553762674331665,0.0,21.0,2.806746497662853
trial_01,155.97926399000002,1.0,443.0,408.0,0.8676955699920654,0.20305153727531433,0.9099950194358826,0.053608864545822144,-0.025895729660987854,0.0,0.40267279744148254,0.0,-0.45446425676345825,0.0,20.0,3.0715616829641217
trial_01,156.245653284,1.0,554.0,301.0,0.8807530403137207,0.24788585305213928,0.9353429079055786,0.041966602206230164,-0.023852616548538208,0.0,0.4041476845741272,0.0,-0.4518529176712036,0.0,21.0,2.4045091869213975
trial_01,156.541810781,1.0,484.0,438.0,0.8645690679550171,0.20798656344413757,0.9384551048278809,0.023388665169477463,-0.01887643337249756,0.0,0.40910205245018005,0.0,-0.44685491919517517,0.0,21.0,1.3400718026556888
trial_01,156.811267853,1.0,607.0,276.0,0.8579015135765076,0.23717239499092102,0.943506121635437,0.02426152490079403,-0.014427945017814636,0.0,0.4117818772792816,0.0,-0.4406377673149109,0.0,20.0,1.3900829813670512
trial_01,157.08507817,1.0,502.0,458.0,0.851498544216156,0.20139870047569275,0.9316153526306152,0.03550192713737488,-0.013672828674316406,0.0,0.41276219487190247,0.0,-0.4401078522205353,0.0,21.0,2.034110589552545
trial_01,157.355431089,1.0,609.0,340.0,0.870529294013977,0.2394355833530426,0.9398146271705627,0.04340924695134163,-0.014267221093177795,0.0,0.41069766879081726,0.0,-0.43923211097717285,0.0,21.0,2.487166642153011
trial_01,157.649169381,1.0,476.0,488.0,0.876203715801239,0.2329724133014679,0.9242940545082092,0.049194686114788055,-0.01569923758506775,0.0,0.40848612785339355,0.0,-0.43988460302352905,0.0,20.0,2.8186478888481887
trial_01,157.917585573,1.0,545.0,378.0,0.8569367527961731,0.21325966715812683,0.9350478649139404,0.03819975629448891,-0.016457051038742065,0.0,0.4078079164028168,0.0,-0.4407220184803009,0.0,20.0,2.188684814102515
trial_01,158.18429895900002,1.0,418.0,531.0,0.8748441338539124,0.2456805408000946,0.9299482703208923,0.025015439838171005,-0.013390019536018372,0.0,0.41094958782196045,0.0,-0.4377296268939972,0.0,21.0,1.4332791253906216
trial_01,158.460319496,1.0,542.0,333.0,0.8623610734939575,0.24791738390922546,0.9307364225387573,0.020093638449907303,-0.00921909511089325,0.0,0.41289347410202026,0.0,-0.43133166432380676,0.0,21.0,1.1512806782414822
trial_01,158.73442154600002,1.0,437.0,534.0,0.844749927520752,0.19409579038619995,0.9309916496276855,0.016292743384838104,-0.007652699947357178,0.0,0.4138309955596924,0.0,-0.42913639545440674,0.0,21.0,0.9335054326409146
trial_01,159.03608470100002,1.0,583.0,427.0,0.8690199851989746,0.1675223410129547,0.9181479215621948,0.013161980547010899,-0.004792377352714539,0.0,0.41743823885917664,0.0,-0.4270229935646057,0.0,21.0,0.7541259353770151
trial_01,159.314769082,1.0,480.0,553.0,0.8725540637969971,0.24543029069900513,0.9398564100265503,0.011125773191452026,-0.0028448253870010376,0.0,0.4201219975948334,0.0,-0.42581164836883545,0.0,20.0,0.6374598476899975
trial_01,159.600033636,1.0,567.0,410.0,0.8706001043319702,0.24559083580970764,0.9424248933792114,0.009309126995503902,-0.0011086463928222656,0.0,0.42222753167152405,0.0,-0.4244448244571686,0.0,21.0,0.5333736877936741
trial_01,159.86676448100002,1.0,457.0,552.0,0.8645952939987183,0.24388477206230164,0.9345727562904358,0.007766398601233959,-0.0002842545509338379,0.0,0.4243112802505493,0.0,-0.424879789352417,0.0,20.0,0.4449818618670119
trial_01,160.14491527,1.0,573.0,423.0,0.8743761777877808,0.24368247389793396,0.9368832111358643,0.006367474794387817,8.597970008850098e-06,0.0,0.42565158009529114,0.0,-0.42563438415527344,0.0,20.0,0.36482943187435357
trial_01,160.410025872,1.0,470.0,563.0,0.8544061779975891,0.1946375072002411,0.9435428380966187,4.400452598929405e-05,0.0006958991289138794,0.0,0.4266427159309387,0.0,-0.42525091767311096,0.0,20.0,0.002521273618660293
trial_01,160.68984707,1.0,578.0,437.0,0.8727652430534363,0.24445673823356628,0.9473454356193542,-6.564473733305931e-05,0.0011907070875167847,0.0,0.4280018210411072,0.0,-0.4256204068660736,0.0,21.0,-0.00376116639642917
trial_01,160.95869022300002,1.0,464.0,577.0,0.8748747706413269,0.24521416425704956,0.9501484632492065,-0.0005443468689918518,0.001663893461227417,0.0,0.42878541350364685,0.0,-0.425457626581192,0.0,20.0,-0.03118877818439385
trial_01,161.22483061900002,1.0,619.0,458.0,0.8636557459831238,0.22045519948005676,0.9384775757789612,-0.006102746818214655,0.0026340484619140625,0.0,0.4298884868621826,0.0,-0.4246203899383545,0.0,21.0,-0.34966163612059153
trial_01,161.50541978500002,1.0,511.0,589.0,0.8764183521270752,0.24805843830108643,0.9413235783576965,-0.005830277223140001,0.0035103559494018555,0.0,0.4303434491157532,0.0,-0.42332273721694946,0.0,21.0,-0.33405027827717537
trial_01,161.77797951300002,1.0,616.0,521.0,0.8720598816871643,0.21944060921669006,0.9447039365768433,-0.0059621911495924,0.004085734486579895,0.0,0.43056732416152954,0.0,-0.42239585518836975,0.0,20.0,-0.3416083895218969
trial_01,162.042502229,1.0,460.0,650.0,0.8646949529647827,0.23992511630058289,0.940447211265564,-0.006773111876100302,0.004205912351608276,0.0,0.4309239387512207,0.0,-0.42251211404800415,0.0,21.0,-0.38807072467048226
trial_01,162.321480008,1.0,561.0,428.0,0.8659652471542358,0.21106266975402832,0.9382932782173157,-0.00802885927259922,0.005356341600418091,0.0,0.4301398694515228,0.0,-0.41942718625068665,0.0,21.0,-0.46001975062441147
trial_01,162.612799257,1.0,445.0,591.0,0.8812079429626465,0.2562197148799896,0.9366897344589233,-0.009559942409396172,0.0046831220388412476,0.0,0.4299725294113159,0.0,-0.4206062853336334,0.0,21.0,-0.5477443524465281
trial_01,162.874074024,1.0,574.0,364.0,0.8274979591369629,0.19599416851997375,0.9329171776771545,-0.011600688099861145,0.005590334534645081,0.0,0.42903006076812744,0.0,-0.4178493916988373,0.0,21.0,-0.6646704675696821
trial_01,163.145926675,1.0,467.0,480.0,0.872962474822998,0.24716714024543762,0.933273196220398,-0.012962045148015022,0.004360616207122803,0.0,0.42809343338012695,0.0,-0.41937220096588135,0.0,21.0,-0.7426704808392872
trial_01,163.426244534,1.0,600.0,389.0,0.8576001524925232,0.20053642988204956,0.9401583671569824,-0.01483950950205326,0.004304647445678711,0.0,0.42808669805526733,0.0,-0.4194774031639099,0.0,21.0,-0.8502412645119337
trial_01,163.702795772,1.0,463.0,550.0,0.8567458391189575,0.24422606825828552,0.9520940184593201,-0.016681702807545662,0.00256134569644928,0.0,0.4265294671058655,0.0,-0.4214067757129669,0.0,21.0,-0.9557911659639026
trial_01,163.964266592,1.0,602.0,458.0,0.8634466528892517,0.24215513467788696,0.9407496452331543,-0.01853856071829796,0.0014250129461288452,0.0,0.42682623863220215,0.0,-0.42397621273994446,0.0,20.0,-1.0621812874054888
trial_01,164.23666563,1.0,474.0,563.0,0.8775184154510498,0.24466505646705627,0.9393990635871887,-0.019739771261811256,0.000995352864265442,0.0,0.4269099831581116,0.0,-0.4249192774295807,0.0,21.0,-1.1310055818554166
trial_01,164.511522207,1.0,567.0,437.0,0.8732913136482239,0.2444894015789032,0.9469482898712158,-0.015580969862639904,0.00012290477752685547,0.0,0.4258558452129364,0.0,-0.4256100356578827,0.0,19.0,-0.8927238138497965
trial_01,164.79930661900002,1.0,491.0,571.0,0.8655133247375488,0.237350732088089,0.9449542760848999,-0.027513857930898666,0.00019887089729309082,0.0,0.42552241683006287,0.0,-0.4251246750354767,0.0,21.0,-1.5764279375630414
trial_01,165.070712148,1.0,599.0,466.0,0.8692614436149597,0.24170571565628052,0.9383926391601562,-0.04174608364701271,0.0019393563270568848,0.0,0.4269314408302307,0.0,-0.42305272817611694,0.0,20.0,-2.3918744041739317
trial_01,165.3485799,1.0,467.0,620.0,0.8541877269744873,0.18991699814796448,0.9392790794372559,-0.03017427772283554,0.002089977264404297,0.0,0.4265628457069397,0.0,-0.4223828911781311,0.0,20.0,-1.7288587633740968
trial_01,165.63080967300002,1.0,591.0,519.0,0.8663460612297058,0.22621268033981323,0.9424804449081421,-0.009524715133011341,0.0021233409643173218,0.0,0.42646321654319763,0.0,-0.422216534614563,0.0,21.0,-0.5457259781859364
trial_01,165.897674826,1.0,502.0,653.0,0.8669218420982361,0.23819485306739807,0.942430317401886,-0.0075111547484993935,0.0016459822654724121,0.0,0.42599812150001526,0.0,-0.42270615696907043,0.0,21.0,-0.43035746635866257
trial_01,166.161799804,1.0,642.0,505.0,0.8756056427955627,0.24713259935379028,0.9373973608016968,-0.006408835761249065,0.0012693405151367188,0.0,0.42549628019332886,0.0,-0.4229575991630554,0.0,21.0,-0.36719924071208354
trial_01,166.43372689600002,1.0,551.0,575.0,0.8650977611541748,0.2433485984802246,0.9213887453079224,-0.006064970046281815,2.3424625396728516e-05,0.0,0.42474281787872314,0.0,-0.4246959686279297,0.0,21.0,-0.34749718652521155
trial_01,166.706183098,1.0,625.0,362.0,0.857341468334198,0.24704819917678833,0.9372485876083374,-0.005836412310600281,0.0008397400379180908,0.0,0.42246395349502563,0.0,-0.42078447341918945,0.0,21.0,-0.334401792895593
trial_01,166.975576278,1.0,459.0,497.0,0.8517919182777405,0.18088194727897644,0.9346791505813599,-0.011383363977074623,0.0011139363050460815,0.0,0.4210416376590729,0.0,-0.4188137650489807,0.0,21.0,-0.6522187125476315
trial_01,167.250286367,1.0,598.0,374.0,0.8561133146286011,0.22427481412887573,0.9356269836425781,-0.010454880073666573,0.00141163170337677,0.0,0.42011696100234985,0.0,-0.4172936975955963,0.0,20.0,-0.5990205035365178
trial_01,167.536953274,1.0,482.0,555.0,0.8526004552841187,0.1898191273212433,0.9385981559753418,-0.00981445424258709,-0.0012412071228027344,0.0,0.41796165704727173,0.0,-0.4204440712928772,0.0,21.0,-0.5623268063245053
trial_01,167.89432385700002,1.0,615.0,419.0,0.8595497608184814,0.21966460347175598,0.9398687481880188,-0.010081632994115353,-0.002651110291481018,0.0,0.41732892394065857,0.0,-0.4226311445236206,0.0,21.0,-0.5776350211626492
trial_01,168.25382883700001,1.0,482.0,546.0,0.861037015914917,0.23500633239746094,0.9386709928512573,-0.010048714466392994,-0.004967644810676575,0.0,0.41717329621315,0.0,-0.4271085858345032,0.0,21.0,-0.5757489284563737
trial_01,168.644539404,1.0,602.0,446.0,0.8805134296417236,0.24352538585662842,0.9341242909431458,-0.009539695456624031,-0.006902158260345459,0.0,0.41694140434265137,0.0,-0.4307457208633423,0.0,20.0,-0.5465842875046837
trial_01,169.001041925,1.0,502.0,558.0,0.8762136101722717,0.23315978050231934,0.9394844770431519,-0.00530827883630991,-0.008451148867607117,0.0,0.4169217050075531,0.0,-0.43382400274276733,0.0,19.0,-0.3041419737991738
trial_01,169.348162927,1.0,602.0,417.0,0.8630656003952026,0.19826486706733704,0.9427159428596497,0.0032964558340609074,-0.009635701775550842,0.0,0.41688305139541626,0.0,-0.43615445494651794,0.0,21.0,0.18887300664296763
trial_01,169.647684728,1.0,510.0,559.0,0.8705195188522339,0.2372625768184662,0.9474135041236877,0.0031973822042346,-0.010130435228347778,0.0,0.41710376739501953,0.0,-0.4373646378517151,0.0,21.0,0.1831965057928788
trial_01,169.943644548,1.0,618.0,437.0,0.8823152184486389,0.24261561036109924,0.9399662017822266,0.0064012715592980385,-0.00992429256439209,0.0,0.4175836443901062,0.0,-0.4374322295188904,0.0,21.0,0.3667658438649051
trial_01,170.22590493500002,1.0,483.0,565.0,0.8621583580970764,0.24081307649612427,0.9417787194252014,0.0048047322779893875,-0.00877806544303894,0.0,0.4193263649940491,0.0,-0.43688249588012695,0.0,21.0,0.2752908812190697
trial_01,170.51691620900002,1.0,598.0,446.0,0.8739922046661377,0.240449458360672,0.9431182146072388,0.007750351447612047,-0.008289948105812073,0.0,0.4199598729610443,0.0,-0.43653976917266846,0.0,21.0,0.44406242769127824
trial_01,170.80973048500002,1.0,483.0,573.0,0.8694673180580139,0.2359236478805542,0.9427883625030518,0.010133564472198486,-0.007986292243003845,0.0,0.42046844959259033,0.0,-0.436441034078598,0.0,21.0,0.5806104756806889
trial_01,171.097060322,1.0,604.0,467.0,0.8609643578529358,0.2109629213809967,0.9446133971214294,0.006976931355893612,-0.008212655782699585,0.0,0.420073926448822,0.0,-0.4364992380142212,0.0,21.0,0.3997487206451909
trial_01,171.387486486,1.0,456.0,595.0,0.8680797815322876,0.2076612412929535,0.9332875609397888,0.009872600436210632,-0.00806310772895813,0.0,0.4202430248260498,0.0,-0.43636924028396606,0.0,20.0,0.5656583378138847
trial_01,171.682508458,1.0,620.0,512.0,0.8738772869110107,0.2474082112312317,0.9345587491989136,0.007527065929025412,-0.007611721754074097,0.0,0.42034822702407837,0.0,-0.43557167053222656,0.0,21.0,0.43126910984987415
trial_01,171.952395765,1.0,538.0,648.0,0.8537421226501465,0.2052534520626068,0.9193146228790283,0.006182083394378424,-0.007508516311645508,0.0,0.4192492961883545,0.0,-0.4342663288116455,0.0,20.0,0.3542072870957937
trial_01,172.241951582,1.0,638.0,503.0,0.8614514470100403,0.1917526125907898,0.9260370135307312,0.005969237070530653,-0.006414160132408142,0.0,0.4198148250579834,0.0,-0.4326431453227997,0.0,20.0,0.34201209105444175
trial_01,172.548128025,1.0,522.0,608.0,0.8711882829666138,0.24232730269432068,0.9409380555152893,0.0060435011982917786,-0.0064855217933654785,0.0,0.41886141896247864,0.0,-0.4318324625492096,0.0,21.0,0.34626711214437456
trial_01,172.82883832500002,1.0,632.0,472.0,0.8574345111846924,0.177707701921463,0.9156718254089355,0.006473315879702568,-0.005263149738311768,0.0,0.42047274112701416,0.0,-0.4309990406036377,0.0,21.0,0.37089367936197287
trial_01,173.11884345800001,1.0,510.0,591.0,0.8802679181098938,0.25462010502815247,0.9439740777015686,0.0072754365392029285,-0.005295023322105408,0.0,0.4195817708969116,0.0,-0.43017181754112244,0.0,21.0,0.4168518078115937
trial_01,173.40993601800002,1.0,586.0,494.0,0.8696461915969849,0.20332956314086914,0.9387345910072327,0.008066441863775253,-0.005122840404510498,0.0,0.41944602131843567,0.0,-0.42969170212745667,0.0,21.0,0.46217307448196376
trial_01,173.70761847300003,1.0,504.0,575.0,0.8789430260658264,0.2509986460208893,0.9252188801765442,0.00901500042527914,-0.004162400960922241,0.0,0.420446515083313,0.0,-0.42877131700515747,0.0,20.0,0.516521476677137
trial_01,174.00048445500002,1.0,609.0,375.0,0.8463603258132935,0.20646807551383972,0.9398363828659058,0.010889735072851181,-0.0016661584377288818,0.0,0.4222790002822876,0.0,-0.42561131715774536,0.0,19.0,0.6239358596899607
trial_01,174.293043297,1.0,505.0,570.0,0.8888641595840454,0.24681323766708374,0.9361938238143921,0.013114103116095066,-0.00029525160789489746,0.0,0.4261394143104553,0.0,-0.4267299175262451,0.0,19.0,0.7513827606516087
trial_01,174.590647523,1.0,593.0,445.0,0.8819335699081421,0.24657386541366577,0.9435303211212158,0.01503721158951521,0.0003979206085205078,0.0,0.4274207353591919,0.0,-0.4266248941421509,0.0,20.0,0.8615687597244296
trial_01,174.874722788,1.0,475.0,580.0,0.8714181184768677,0.23473283648490906,0.9333613514900208,0.016312725841999054,0.0019923150539398193,0.0,0.42956238985061646,0.0,-0.4255777597427368,0.0,21.0,0.934650343100538
trial_01,175.166736242,1.0,581.0,393.0,0.8612901568412781,0.23708006739616394,0.9402821063995361,0.01725403033196926,0.0040628015995025635,0.0,0.4310052990913391,0.0,-0.422879695892334,0.0,20.0,0.9885831176125454
trial_01,175.470026136,1.0,476.0,568.0,0.8609926104545593,0.1954527199268341,0.9308879375457764,0.017767982557415962,0.0047687143087387085,0.0,0.43165966868400574,0.0,-0.4221222400665283,0.0,21.0,1.0180304110019975
trial_01,175.77556629600002,1.0,580.0,438.0,0.8625883460044861,0.2068796455860138,0.9326539635658264,0.014853231608867645,0.00470830500125885,0.0,0.43161317706108093,0.0,-0.42219656705856323,0.0,21.0,0.8510274833184256
trial_01,176.05970742300002,1.0,467.0,584.0,0.8589650392532349,0.23247766494750977,0.9432258605957031,0.006711581721901894,0.005972146987915039,0.0,0.43241727352142334,0.0,-0.42047297954559326,0.0,20.0,0.3845453065221243
trial_01,176.364559449,1.0,562.0,455.0,0.8696710467338562,0.24719172716140747,0.936251163482666,0.007307874038815498,0.006054773926734924,0.0,0.4320228099822998,0.0,-0.41991326212882996,0.0,21.0,0.4187103396373512
trial_01,176.657395946,1.0,457.0,633.0,0.84418123960495,0.2031400501728058,0.9177396893501282,0.007529225200414658,0.006343483924865723,0.0,0.4310350716114044,0.0,-0.418348103761673,0.0,19.0,0.4313928269873013
trial_01,176.940400689,1.0,591.0,520.0,0.8608726263046265,0.24754467606544495,0.9346473217010498,0.0076854415237903595,0.007165580987930298,0.0,0.43085652589797974,0.0,-0.41652536392211914,0.0,19.0,0.4403433630077799
trial_01,177.227438331,1.0,506.0,659.0,0.8630332946777344,0.19812291860580444,0.9294430017471313,0.004438730888068676,0.008490130305290222,0.0,0.43256261944770813,0.0,-0.4155823588371277,0.0,21.0,0.25432054628069095
trial_01,177.51004773300002,1.0,635.0,507.0,0.8726539611816406,0.2297179102897644,0.9390010833740234,-0.0010648518800735474,0.009534850716590881,0.0,0.43327203392982483,0.0,-0.41420233249664307,0.0,21.0,-0.06101151853478515
trial_01,177.790673196,1.0,515.0,658.0,0.8760446906089783,0.24509933590888977,0.9348685145378113,-0.006493554916232824,0.010714665055274963,0.0,0.434267520904541,0.0,-0.4128381907939911,0.0,21.0,-0.3720532907365677
trial_01,178.066096866,1.0,611.0,521.0,0.8462210893630981,0.20288312435150146,0.9238189458847046,-0.006193940527737141,0.010655254125595093,0.0,0.4330190122127533,0.0,-0.4117085039615631,0.0,20.0,-0.354886650794372
trial_01,178.348447537,1.0,488.0,617.0,0.8771931529045105,0.23719176650047302,0.9367280006408691,-0.0009970604442059994,0.011579856276512146,0.0,0.4345369040966034,0.0,-0.4113771915435791,0.0,21.0,-0.05712735537244286
trial_01,178.626234409,1.0,567.0,431.0,0.8693463206291199,0.233519047498703,0.9311606884002686,0.002851339988410473,0.010689958930015564,0.0,0.4328475296497345,0.0,-0.41146761178970337,0.0,21.0,0.16336974729280115
trial_01,178.89776458400002,1.0,446.0,594.0,0.8793923258781433,0.25164318084716797,0.9278571605682373,-0.0017753681167960167,0.011080875992774963,0.0,0.4334409832954407,0.0,-0.41127923130989075,0.0,21.0,-0.10172110017450076
trial_01,179.172317407,1.0,560.0,372.0,0.8696940541267395,0.23782792687416077,0.9265653491020203,-0.0027211506385356188,0.011130169034004211,0.0,0.43260613083839417,0.0,-0.41034579277038574,0.0,20.0,-0.15591044700742
trial_01,179.449122203,1.0,445.0,595.0,0.8537249565124512,0.1837145984172821,0.9067798852920532,-0.006760832853615284,0.009554490447044373,0.0,0.42974424362182617,0.0,-0.4106352627277374,0.0,21.0,-0.38736718850554447
trial_01,179.750381995,1.0,590.0,462.0,0.8729967474937439,0.24851882457733154,0.9144445061683655,-0.007391752675175667,0.008571654558181763,0.0,0.4284746050834656,0.0,-0.41133129596710205,0.0,20.0,-0.42351623149210144
trial_01,180.02457606200002,1.0,454.0,585.0,0.878476083278656,0.24613794684410095,0.9101161956787109,-0.007565866224467754,0.006621494889259338,0.0,0.42537036538124084,0.0,-0.41212737560272217,0.0,21.0,-0.43349220302258107
trial_01,180.305989366,1.0,556.0,479.0,0.874824047088623,0.24706381559371948,0.9137328267097473,-0.012152770534157753,0.006766945123672485,0.0,0.4255911111831665,0.0,-0.41205722093582153,0.0,20.0,-0.6963024609981863
trial_01,180.586405041,1.0,487.0,580.0,0.862278163433075,0.18549299240112305,0.9064719676971436,-0.011206172406673431,0.006442397832870483,0.0,0.4254757761955261,0.0,-0.41259098052978516,0.0,21.0,-0.642066383398348
trial_01,180.85144585,1.0,588.0,443.0,0.8738929033279419,0.2431623637676239,0.9151965379714966,-0.011098014190793037,0.005229830741882324,0.0,0.42539680004119873,0.0,-0.4149371385574341,0.0,21.0,-0.6358693741087366
trial_01,181.11915513900001,1.0,486.0,595.0,0.8736588358879089,0.2424115538597107,0.9287223815917969,-0.01115892082452774,0.004263982176780701,0.0,0.42557287216186523,0.0,-0.41704490780830383,0.0,21.0,-0.6393590671660843
trial_01,181.398756394,1.0,570.0,466.0,0.864909291267395,0.21670052409172058,0.9177435636520386,-0.011821044608950615,0.0033853650093078613,0.0,0.4256909489631653,0.0,-0.41892021894454956,0.0,21.0,-0.6772959655287449
trial_01,181.68472320400002,1.0,455.0,590.0,0.8626204133033752,0.23791876435279846,0.9362363219261169,-0.012858866713941097,0.0025938600301742554,0.0,0.42517751455307007,0.0,-0.41998979449272156,0.0,21.0,-0.7367587920300825
trial_01,181.95593774000002,1.0,600.0,469.0,0.8763436675071716,0.2372678816318512,0.9234577417373657,-0.01397718209773302,0.0016479641199111938,0.0,0.4249997138977051,0.0,-0.4217037856578827,0.0,20.0,-0.8008335436859126
trial_01,182.23663742000002,1.0,460.0,637.0,0.860775351524353,0.23312857747077942,0.9258608222007751,-0.019889594987034798,0.0015044957399368286,0.0,0.4251537621021271,0.0,-0.4221447706222534,0.0,20.0,-1.1395898489816532
trial_01,182.52301743400002,1.0,565.0,505.0,0.8756635785102844,0.2305300533771515,0.9336707592010498,-0.019401254132390022,0.0015365779399871826,0.0,0.4247036576271057,0.0,-0.42163050174713135,0.0,20.0,-1.111609979046696
trial_01,182.782229269,1.0,434.0,635.0,0.8892434239387512,0.2324211299419403,0.9192861914634705,-0.02430090308189392,0.001817077398300171,0.0,0.42640823125839233,0.0,-0.422774076461792,0.0,21.0,-1.3923391849489768
trial_01,183.050425789,1.0,610.0,529.0,0.8722420930862427,0.23623842000961304,0.9312956929206848,-0.037286996841430664,0.0017699897289276123,0.0,0.42696577310562134,0.0,-0.4234257936477661,0.0,20.0,-2.1363875497316083
trial_01,183.340939746,1.0,497.0,659.0,0.888288676738739,0.2410660982131958,0.9228320121765137,-0.037277065217494965,0.004007354378700256,0.0,0.42953789234161377,0.0,-0.42152318358421326,0.0,19.0,-2.1358185095963815
trial_01,183.613188804,1.0,642.0,463.0,0.8493497967720032,0.18221411108970642,0.9218665361404419,-0.02593700960278511,0.0051642656326293945,0.0,0.4282259941101074,0.0,-0.41789746284484863,0.0,19.0,-1.4860811834298746
trial_01,183.88150072500002,1.0,517.0,672.0,0.8468101024627686,0.1900806427001953,0.9146725535392761,-0.022259104996919632,0.0032618045806884766,0.0,0.42580723762512207,0.0,-0.4192836284637451,0.0,19.0,-1.275352772062056
trial_01,184.14909703200001,1.0,640.0,465.0,0.8697460889816284,0.24100831151008606,0.9222714304924011,-0.01929927058517933,0.003089398145675659,0.0,0.42409855127334595,0.0,-0.41791975498199463,0.0,21.0,-1.10576675221175
trial_01,184.42192419300002,1.0,507.0,660.0,0.8670857548713684,0.22118905186653137,0.9109025001525879,-0.015001840889453888,0.00030168890953063965,0.0,0.42169153690338135,0.0,-0.42108815908432007,0.0,21.0,-0.8595421678924927
trial_01,184.70546619700002,1.0,631.0,536.0,0.8798542022705078,0.23960000276565552,0.9204877018928528,-0.014408757910132408,-0.002152055501937866,0.0,0.4197435975074768,0.0,-0.42404770851135254,0.0,20.0,-0.8255610162763273
trial_01,184.975023155,1.0,485.0,610.0,0.8796515464782715,0.22173792123794556,0.9290357232093811,-0.013580991886556149,-0.004168093204498291,0.0,0.4186151325702667,0.0,-0.4269513189792633,0.0,21.0,-0.778133516701081
trial_01,185.24212472800002,1.0,566.0,501.0,0.8871766924858093,0.25120607018470764,0.921064019203186,-0.012663946487009525,-0.00656011700630188,0.0,0.41740697622299194,0.0,-0.4305272102355957,0.0,21.0,-0.7255906856851713
trial_01,185.523580173,1.0,463.0,619.0,0.8872044682502747,0.25087058544158936,0.9351929426193237,-0.005856846459209919,-0.008333474397659302,0.0,0.4167131781578064,0.0,-0.433380126953125,0.0,20.0,-0.3355725833688684
trial_01,185.79299960600002,1.0,577.0,401.0,0.8568096160888672,0.18873551487922668,0.9325955510139465,0.003053683787584305,-0.009081065654754639,0.0,0.4152548313140869,0.0,-0.4334169626235962,0.0,21.0,0.17496319299610444
trial_01,186.057420581,1.0,443.0,591.0,0.8864905834197998,0.2480466067790985,0.9337092638015747,0.00277215288951993,-0.010033875703811646,0.0,0.4150530993938446,0.0,-0.4351208508014679,0.0,19.0,0.15883266073448796
trial_01,186.33384759400002,1.0,563.0,476.0,0.8882337212562561,0.2472754418849945,0.9315546154975891,0.0014172375667840242,-0.010449811816215515,0.0,0.4147475063800812,0.0,-0.4356471300125122,0.0,20.0,0.08120173114411473
trial_01,186.62135174600002,1.0,445.0,581.0,0.8598275184631348,0.19139400124549866,0.9296814799308777,0.00026343579520471394,-0.01112392544746399,0.0,0.4131757915019989,0.0,-0.4354236423969269,0.0,21.0,0.0150937592379028
trial_01,186.89527317000002,1.0,572.0,408.0,0.8577792644500732,0.24129053950309753,0.9430292248725891,0.011522890068590641,-0.009197354316711426,0.0,0.4145200550556183,0.0,-0.43291476368904114,0.0,21.0,0.6602129687234554
trial_01,187.16374588500003,1.0,462.0,595.0,0.8441944122314453,0.18245196342468262,0.9188676476478577,0.010695521719753742,-0.008111432194709778,0.0,0.4167315661907196,0.0,-0.43295443058013916,0.0,20.0,0.6128082542323935
trial_01,187.45667677400002,1.0,585.0,445.0,0.8592538237571716,0.20251545310020447,0.9418889880180359,0.010471886023879051,-0.007143199443817139,0.0,0.4184926748275757,0.0,-0.43277907371520996,0.0,21.0,0.5999948727103025
trial_01,187.739056876,1.0,474.0,602.0,0.8872870206832886,0.24603965878486633,0.9377259016036987,0.010419578291475773,-0.0056373924016952515,0.0,0.42103028297424316,0.0,-0.43230506777763367,0.0,21.0,0.5969978604076949
trial_01,188.00416576700002,1.0,569.0,428.0,0.8841131329536438,0.2474137246608734,0.9330364465713501,0.011035734787583351,-0.004255309700965881,0.0,0.42198342084884644,0.0,-0.4304940402507782,0.0,20.0,0.6323010271542281
trial_01,188.292962673,1.0,450.0,622.0,0.8839265704154968,0.24545681476593018,0.9282253980636597,0.012555292807519436,-0.0038123130798339844,0.0,0.42273661494255066,0.0,-0.43036124110221863,0.0,20.0,0.7193652884218219
trial_01,188.570283318,1.0,566.0,529.0,0.8710781931877136,0.24409374594688416,0.9315333366394043,0.014487016014754772,-0.002795591950416565,0.0,0.4226725995540619,0.0,-0.428263783454895,0.0,21.0,0.8300448753838819
trial_01,188.83843323300002,1.0,449.0,666.0,0.8841712474822998,0.24262401461601257,0.9325375556945801,0.016369756311178207,-0.0023190975189208984,0.0,0.42335250973701477,0.0,-0.42799070477485657,0.0,21.0,0.9379179482881544
trial_01,189.101492591,1.0,556.0,521.0,0.8658164739608765,0.19466453790664673,0.9284110069274902,0.012988898903131485,-0.0006932169198989868,0.0,0.4243420660495758,0.0,-0.4257284998893738,0.0,21.0,0.7442090876715384
trial_01,189.38524580400002,1.0,467.0,525.0,0.8768350481987,0.24449285864830017,0.9299321174621582,0.015658311545848846,0.0024538040161132812,0.0,0.42714250087738037,0.0,-0.4222348928451538,0.0,19.0,0.8971551658781067
trial_01,189.66753357200002,1.0,578.0,387.0,0.8702588081359863,0.24976062774658203,0.9303650856018066,0.017300695180892944,0.0035222917795181274,0.0,0.42597582936286926,0.0,-0.418931245803833,0.0,21.0,0.991256816507488
trial_01,189.937824279,1.0,471.0,569.0,0.8519665598869324,0.1890152394771576,0.927196204662323,0.013837887905538082,0.0027967095375061035,0.0,0.4250131845474243,0.0,-0.4194197654724121,0.0,21.0,0.7928525743624585
trial_01,190.216288706,1.0,574.0,407.0,0.8733312487602234,0.23474720120429993,0.9314032196998596,0.000233503058552742,0.0035030245780944824,0.0,0.4244118332862854,0.0,-0.41740578413009644,0.0,21.0,0.013378739758468258
trial_01,190.48764435500001,1.0,469.0,583.0,0.8769568204879761,0.19084641337394714,0.9306484460830688,0.001147489994764328,0.0032528191804885864,0.0,0.4252912402153015,0.0,-0.41878560185432434,0.0,21.0,0.06574633373348493
trial_01,190.767975951,1.0,544.0,477.0,0.8790961503982544,0.24860230088233948,0.9358292818069458,0.0021635722368955612,0.002283826470375061,0.0,0.4250847399234772,0.0,-0.42051708698272705,0.0,20.0,0.1239635578457944
trial_01,191.039209475,1.0,455.0,490.0,0.8668292164802551,0.23356464505195618,0.9324425458908081,0.0025910260155797005,0.0027021020650863647,0.0,0.4246087968349457,0.0,-0.41920459270477295,0.0,19.0,0.14845485530131472
trial_01,191.323474011,1.0,518.0,391.0,0.8767881989479065,0.24776890873908997,0.9431988596916199,0.0037280870601534843,0.003130897879600525,0.0,0.42534419894218445,0.0,-0.4190824031829834,0.0,20.0,0.2136036542041293
trial_01,191.603420386,1.0,448.0,573.0,0.8817422986030579,0.24958622455596924,0.9294804930686951,0.0048127975314855576,0.0014509111642837524,0.0,0.424162894487381,0.0,-0.4212610721588135,0.0,21.0,0.2757529862051034
trial_01,191.86489551800003,1.0,523.0,436.0,0.878437876701355,0.2480945885181427,0.9283296465873718,0.00628547091037035,0.0012110769748687744,0.0,0.42523425817489624,0.0,-0.4228121042251587,0.0,21.0,0.3601309554164724
trial_01,192.13293287500002,1.0,440.0,570.0,0.8740921020507812,0.24693170189857483,0.9321839213371277,0.007754088379442692,0.001910373568534851,0.0,0.4268452525138855,0.0,-0.4230245053768158,0.0,20.0,0.4442765381135023
trial_01,192.40973243500002,1.0,515.0,451.0,0.872295081615448,0.19980919361114502,0.9249504804611206,0.008345939218997955,0.002108171582221985,0.0,0.42781442403793335,0.0,-0.4235980808734894,0.0,21.0,0.47818709332129333
trial_01,192.702191021,1.0,435.0,582.0,0.8701955676078796,0.1918359398841858,0.9385532140731812,0.009415268898010254,0.0027661919593811035,0.0,0.42857009172439575,0.0,-0.42303770780563354,0.0,21.0,0.5394551708367771
trial_01,192.973065837,1.0,495.0,470.0,0.8583407402038574,0.18486830592155457,0.9278696179389954,0.009859969839453697,0.0032066255807876587,0.0,0.4291990399360657,0.0,-0.42278578877449036,0.0,19.0,0.5649346579269807
trial_01,193.24790443400002,1.0,432.0,531.0,0.843916654586792,0.1604788601398468,0.929458498954773,0.007695736363530159,0.00515921413898468,0.0,0.43045544624328613,0.0,-0.4201370179653168,0.0,20.0,0.44093321387563394
trial_01,193.52681462700002,1.0,502.0,493.0,0.8728466033935547,0.24569949507713318,0.9340866804122925,0.005571383982896805,0.004896998405456543,0.0,0.429828405380249,0.0,-0.42003440856933594,0.0,21.0,0.31921678826677374
trial_01,193.80362298,1.0,397.0,629.0,0.8654910326004028,0.242799311876297,0.9253169298171997,-0.0011687139049172401,0.00507606565952301,0.0,0.4300702214241028,0.0,-0.41991809010505676,0.0,21.0,-0.06696237421001165
trial_01,194.073926228,1.0,492.0,508.0,0.8731576204299927,0.2067127823829651,0.9273611903190613,-0.001542455516755581,0.004558652639389038,0.0,0.4304009675979614,0.0,-0.42128366231918335,0.0,21.0,-0.08837619119676522
trial_01,194.35135216,1.0,426.0,659.0,0.8848626017570496,0.246028870344162,0.9272467494010925,-0.0008839881047606468,0.004438146948814392,0.0,0.4300915598869324,0.0,-0.4212152659893036,0.0,21.0,-0.05064878754255354
trial_01,194.62849566100002,1.0,468.0,533.0,0.8770323991775513,0.2476867139339447,0.9278313517570496,-5.224253982305527e-05,0.005400598049163818,0.0,0.4303119480609894,0.0,-0.41951075196266174,0.0,21.0,-0.0029932770429051975
trial_01,194.8954526,1.0,418.0,614.0,0.8761163353919983,0.24632719159126282,0.9281278252601624,0.00048275385051965714,0.005641147494316101,0.0,0.43052735924720764,0.0,-0.41924506425857544,0.0,20.0,0.027659758178465776
trial_01,195.159012797,1.0,506.0,423.0,0.8717526197433472,0.24522724747657776,0.9319799542427063,0.0009729554876685143,0.007010787725448608,0.0,0.4308834671974182,0.0,-0.416861891746521,0.0,21.0,0.05574624309749868
trial_01,195.4385841,1.0,430.0,499.0,0.8707249164581299,0.2494501769542694,0.94856196641922,0.001680753193795681,0.007678493857383728,0.0,0.43012934923171997,0.0,-0.4147723615169525,0.0,20.0,0.09630006440762626
trial_01,195.71783620600002,1.0,495.0,414.0,0.8857115507125854,0.2531689703464508,0.9351886510848999,0.0016811331734061241,0.007931724190711975,0.0,0.42955324053764343,0.0,-0.4136897921562195,0.0,21.0,0.09632183563560567
trial_01,195.98857539800002,1.0,411.0,505.0,0.8721644878387451,0.24942812323570251,0.9416805505752563,0.0023126984015107155,0.009073957800865173,0.0,0.4306545555591583,0.0,-0.412506639957428,0.0,21.0,0.13250785769321588
trial_01,196.263273561,1.0,427.0,376.0,0.8747185468673706,0.25026920437812805,0.9406110644340515,0.00023547932505607605,0.009810283780097961,0.0,0.43099382519721985,0.0,-0.4113732576370239,0.0,20.0,0.013491971488302374
trial_01,196.54445512700002,1.0,374.0,482.0,0.8644888997077942,0.21418046951293945,0.9403520226478577,0.00100315036252141,0.008409187197685242,0.0,0.4289231598377228,0.0,-0.4121047854423523,0.0,21.0,0.05747628198949531
trial_01,196.81975009,1.0,425.0,378.0,0.8726238012313843,0.23944944143295288,0.9436074495315552,-0.0002584001049399376,0.008413031697273254,0.0,0.4302248954772949,0.0,-0.4133988320827484,0.0,21.0,-0.014805235438795998
trial_01,197.09167318500002,1.0,342.0,487.0,0.8704823851585388,0.24947059154510498,0.9416772127151489,-0.0017114439979195595,0.006667047739028931,0.0,0.4280385375022888,0.0,-0.41470444202423096,0.0,21.0,-0.0980585179537872
trial_01,197.369985396,1.0,428.0,457.0,0.8814509510993958,0.2485133409500122,0.9433199763298035,-0.0017676358111202717,0.007548302412033081,0.0,0.4328986406326294,0.0,-0.41780203580856323,0.0,21.0,-0.10127807169337552
trial_01,197.65486795,1.0,391.0,476.0,0.8631044030189514,0.2283906638622284,0.9442638158798218,-0.001948352437466383,0.009832948446273804,0.0,0.43685221672058105,0.0,-0.41718631982803345,0.0,21.0,-0.1116323716708504
trial_01,197.917432676,1.0,406.0,438.0,0.8855939507484436,0.24869129061698914,0.9344376921653748,-0.007071337196975946,0.012444287538528442,0.0,0.44335663318634033,0.0,-0.41846805810928345,0.0,20.0,-0.4051577769005914
trial_01,198.203539721,1.0,385.0,564.0,0.8819171190261841,0.24642884731292725,0.9354443550109863,-0.00669719185680151,0.014075055718421936,0.0,0.44697052240371704,0.0,-0.41882041096687317,0.0,21.0,-0.3837208279841097
trial_01,198.478894085,1.0,419.0,433.0,0.8937596678733826,0.24581751227378845,0.9223138689994812,-0.01566808484494686,0.016800016164779663,0.0,0.4518768787384033,0.0,-0.418276846408844,0.0,20.0,-0.897715134668342
trial_01,198.758012266,1.0,363.0,573.0,0.8865274786949158,0.24569150805473328,0.9326039552688599,-0.019561994820833206,0.01779596507549286,0.0,0.45422109961509705,0.0,-0.41862916946411133,0.0,21.0,-1.1208197420905177
trial_01,199.02038480000002,1.0,414.0,461.0,0.88072270154953,0.24423635005950928,0.9338242411613464,-0.015403088182210922,0.017279252409934998,0.0,0.4540814161300659,0.0,-0.4195229113101959,0.0,21.0,-0.882531944308521
trial_01,199.29632607500002,1.0,334.0,587.0,0.8724187016487122,0.23689398169517517,0.9324144721031189,-0.01803857833147049,0.01640699803829193,0.0,0.45318397879600525,0.0,-0.4203699827194214,0.0,21.0,-1.0335344068093977
trial_01,199.57105165500002,1.0,418.0,459.0,0.8756281733512878,0.24530261754989624,0.9364843964576721,-0.028770051896572113,0.017696037888526917,0.0,0.45407646894454956,0.0,-0.4186843931674957,0.0,21.0,-1.6484025500459316
trial_01,199.837283369,1.0,337.0,594.0,0.8813282251358032,0.24994421005249023,0.9500302076339722,-0.026952650398015976,0.017230495810508728,0.0,0.45371824502944946,0.0,-0.419257253408432,0.0,21.0,-1.5442731144979138
trial_01,200.09906835400002,1.0,384.0,520.0,0.8705839514732361,0.2475326657295227,0.9508461952209473,-0.022127870470285416,0.015366166830062866,0.0,0.4512060880661011,0.0,-0.42047375440597534,0.0,21.0,-1.2678335875595184
trial_01,200.375939377,1.0,345.0,616.0,0.8683050274848938,0.1816273033618927,0.9257044196128845,-0.023358678445219994,0.013468191027641296,0.0,0.4485757648944855,0.0,-0.4216393828392029,0.0,19.0,-1.3383536899143134
trial_01,200.652032663,1.0,443.0,457.0,0.8775990605354309,0.20407703518867493,0.9366446733474731,-0.026981528848409653,0.010527461767196655,0.0,0.44601336121559143,0.0,-0.4249584376811981,0.0,21.0,-1.5459277278243495
trial_01,200.912716425,1.0,382.0,563.0,0.8759049773216248,0.19121581315994263,0.9312929511070251,-0.029427165165543556,0.009272754192352295,0.0,0.4441690444946289,0.0,-0.4256235361099243,0.0,21.0,-1.6860523670200402
trial_01,201.178878806,1.0,430.0,374.0,0.8740395903587341,0.24656227231025696,0.9460827708244324,-0.03234928101301193,0.01032288372516632,0.0,0.4433951675891876,0.0,-0.422749400138855,0.0,20.0,-1.853477272328272
trial_01,201.46316398300002,1.0,324.0,553.0,0.8898178935050964,0.25268980860710144,0.9393593668937683,-0.02980055846273899,0.007104203104972839,0.0,0.4404906630516052,0.0,-0.42628225684165955,0.0,21.0,-1.7074462270478128
trial_01,201.739911588,1.0,360.0,443.0,0.8687397837638855,0.2514837086200714,0.9269065856933594,-0.023044927045702934,0.0043153464794158936,0.0,0.43645191192626953,0.0,-0.42782121896743774,0.0,19.0,-1.320377058905663
trial_01,202.10509473300002,1.0,244.0,559.0,0.8776044249534607,0.2589489817619324,0.9174563884735107,-0.029408924281597137,9.94652509689331e-05,0.0,0.4319020211696625,0.0,-0.4317030906677246,0.0,21.0,-1.6850072413553225
trial_01,202.380453472,1.0,347.0,465.0,0.8931035399436951,0.25965288281440735,0.9379236102104187,-0.04315641522407532,-0.0007145851850509644,0.0,0.43311482667922974,0.0,-0.43454399704933167,0.0,20.0,-2.4726804512536487
trial_01,202.73741793300002,1.0,274.0,559.0,0.8752416968345642,0.24418359994888306,0.950127899646759,-0.033976778388023376,-0.0013872534036636353,0.0,0.4338735342025757,0.0,-0.43664804100990295,0.0,20.0,-1.946726003085048
trial_01,203.09197910700001,1.0,338.0,373.0,0.8659313917160034,0.23055225610733032,0.9445972442626953,-0.02592429704964161,-0.001690506935119629,0.0,0.4321925938129425,0.0,-0.43557360768318176,0.0,20.0,-1.4853528077879161
trial_01,203.38893617800002,1.0,286.0,542.0,0.8757565021514893,0.17932111024856567,0.936981737613678,-0.021627483889460564,-0.0017419159412384033,0.0,0.4338148236274719,0.0,-0.43729865550994873,0.0,21.0,-1.2391635483532726
trial_01,203.65526545300003,1.0,349.0,390.0,0.8780391216278076,0.2342216968536377,0.9486263990402222,-0.0316447913646698,-0.002230927348136902,0.0,0.4343302249908447,0.0,-0.43879207968711853,0.0,21.0,-1.8131129887676123
trial_01,203.937459426,1.0,276.0,545.0,0.866434633731842,0.19313818216323853,0.9459191560745239,-0.023828107863664627,-0.0021946728229522705,0.0,0.43351978063583374,0.0,-0.4379091262817383,0.0,19.0,-1.3652500143704716
trial_01,204.225284941,1.0,371.0,427.0,0.8773000836372375,0.2390453815460205,0.9446418285369873,-0.007966420613229275,-0.002820804715156555,0.0,0.43307414650917053,0.0,-0.43871575593948364,0.0,21.0,-0.4564422789640586
trial_01,204.519326742,1.0,283.0,554.0,0.8771438598632812,0.25695982575416565,0.9499722719192505,-0.0068776728585362434,-0.0034125596284866333,0.0,0.4321928918361664,0.0,-0.43901801109313965,0.0,20.0,-0.3940616276658032
trial_01,204.79836437600002,1.0,379.0,437.0,0.8738487958908081,0.24762102961540222,0.9464944005012512,-0.001607709564268589,-0.0051310062408447266,0.0,0.4301527142524719,0.0,-0.4404147267341614,0.0,20.0,-0.09211497271540674
trial_01,205.06684254,1.0,285.0,575.0,0.8907468914985657,0.2520432472229004,0.9411677122116089,-0.0030406881123781204,-0.006306126713752747,0.0,0.4286455512046814,0.0,-0.4412578046321869,0.0,20.0,-0.17421859565486728
trial_01,205.34086686900002,1.0,363.0,440.0,0.8810383677482605,0.23875287175178528,0.9461373686790466,-0.003559958189725876,-0.007486060261726379,0.0,0.4270167648792267,0.0,-0.44198888540267944,0.0,21.0,-0.20397057951432548
trial_01,205.626861802,1.0,281.0,605.0,0.8807130455970764,0.25430962443351746,0.9388432502746582,0.0009716004133224487,-0.007625550031661987,0.0,0.4258687198162079,0.0,-0.44111981987953186,0.0,21.0,0.05566860305654268
trial_01,205.89284652100002,1.0,374.0,507.0,0.8548323512077332,0.19616785645484924,0.9328261017799377,0.0009914645925164223,-0.008365795016288757,0.0,0.4235750436782837,0.0,-0.4403066337108612,0.0,21.0,0.05680673668784894
trial_01,206.16367042500002,1.0,292.0,626.0,0.8818496465682983,0.25708523392677307,0.9274798035621643,-0.00022319704294204712,-0.00835813581943512,0.0,0.422745019197464,0.0,-0.43946129083633423,0.0,21.0,-0.012788248560379498
trial_01,206.437284416,1.0,400.0,502.0,0.8805339336395264,0.23550811409950256,0.9231333136558533,-0.0052168844267725945,-0.0073510706424713135,0.0,0.4229610860347748,0.0,-0.4376632273197174,0.0,21.0,-0.29890545986159545
trial_01,206.75078349400002,1.0,290.0,647.0,0.8702392578125,0.2507134974002838,0.9344542622566223,-0.0035671181976795197,-0.00667436420917511,0.0,0.4230055809020996,0.0,-0.43635430932044983,0.0,21.0,-0.20438081775134936
trial_01,207.049905773,1.0,394.0,503.0,0.8691133856773376,0.17274728417396545,0.926952064037323,-0.0023262212052941322,-0.006882667541503906,0.0,0.4226446747779846,0.0,-0.43641000986099243,0.0,21.0,-0.13328265727718921
trial_01,207.321652367,1.0,316.0,597.0,0.8671520948410034,0.20028650760650635,0.9374136328697205,-0.005930776242166758,-0.005950748920440674,0.0,0.4227598011493683,0.0,-0.43466129899024963,0.0,19.0,-0.3398084479126135
trial_01,207.610533946,1.0,402.0,501.0,0.878771185874939,0.23692479729652405,0.9413664937019348,-0.0027093810494989157,-0.004881113767623901,0.0,0.4235154390335083,0.0,-0.4332776665687561,0.0,20.0,-0.15523609922901346
trial_01,207.91862499,1.0,320.0,576.0,0.8761239647865295,0.25431641936302185,0.9217413663864136,-0.002278420142829418,-0.004336148500442505,0.0,0.42337554693222046,0.0,-0.43204784393310547,0.0,21.0,-0.13054385814171987
trial_01,208.214491648,1.0,438.0,397.0,0.8626865148544312,0.222310870885849,0.9459854364395142,-0.003521610051393509,-0.0023603886365890503,0.0,0.4238045811653137,0.0,-0.4285253584384918,0.0,21.0,-0.201773393035697
trial_01,208.49706931600002,1.0,364.0,578.0,0.8786975145339966,0.25346049666404724,0.9440228343009949,0.0007172464393079281,-0.002284407615661621,0.0,0.42336922883987427,0.0,-0.4279380440711975,0.0,21.0,0.04109519384313043
trial_02,0.252579561,1.0,443.0,578.0,0.8848775029182434,0.23793408274650574,0.9323737025260925,0.0021076295524835587,-0.0006830096244812012,0.0,0.42147013545036316,0.0,-0.42283615469932556,0.0,20.0,0.12075827813435434
trial_02,0.594952072,1.0,538.0,470.0,0.8873448967933655,0.23524689674377441,0.9275755882263184,0.004080638755112886,0.00036303699016571045,0.0,0.4218010902404785,0.0,-0.4210750162601471,0.0,20.0,0.23380337838548668
trial_02,0.927613361,1.0,449.0,560.0,0.8865941166877747,0.2375287115573883,0.9303551912307739,0.005560395307838917,0.0010391026735305786,0.0,0.42308709025382996,0.0,-0.4210088849067688,0.0,20.0,0.31858718356351606
trial_02,1.242709191,1.0,553.0,455.0,0.8810834288597107,0.23700931668281555,0.9346582293510437,0.006670212838798761,0.0007565319538116455,0.0,0.4224691390991211,0.0,-0.4209560751914978,0.0,21.0,0.38217504411714476
trial_02,1.4906531820000002,1.0,431.0,585.0,0.8708068132400513,0.19224196672439575,0.9291549921035767,0.007502575870603323,4.069507122039795e-05,0.0,0.42139363288879395,0.0,-0.42131224274635315,0.0,21.0,0.42986593286225966
trial_02,1.7446991200000002,1.0,563.0,478.0,0.8806679844856262,0.23594695329666138,0.9272732734680176,0.008126847445964813,-0.00048288702964782715,0.0,0.42078888416290283,0.0,-0.4217546582221985,0.0,21.0,0.46563405940045616
trial_02,2.070073951,1.0,450.0,565.0,0.890426754951477,0.23714259266853333,0.9252896308898926,0.003595051821321249,-0.00027580559253692627,0.0,0.4217490553855896,0.0,-0.42230066657066345,0.0,21.0,0.2059812964925273
trial_02,2.347309938,1.0,544.0,477.0,0.8787640929222107,0.23638460040092468,0.9346851110458374,0.0051962039433419704,-0.0010958760976791382,0.0,0.42139655351638794,0.0,-0.4235883057117462,0.0,21.0,0.29772055544273046
trial_02,2.6820207910000002,1.0,442.0,580.0,0.8841519355773926,0.23624688386917114,0.9254117012023926,0.001397068495862186,-0.0008460879325866699,0.0,0.4221969246864319,0.0,-0.4238891005516052,0.0,19.0,0.08004612850359337
trial_02,3.0088012880000004,1.0,528.0,487.0,0.8925144672393799,0.23605474829673767,0.9266270399093628,0.0035477166529744864,-0.00012069940567016602,0.0,0.4217457175254822,0.0,-0.4219871163368225,0.0,20.0,0.20326919112371655
trial_02,3.294887548,1.0,447.0,572.0,0.8835086822509766,0.2363680899143219,0.9339681267738342,0.005159578286111355,7.289648056030273e-05,0.0,0.42276865243911743,0.0,-0.4226228594779968,0.0,20.0,0.29562205986152335
trial_02,3.5615842730000002,1.0,541.0,446.0,0.8756203651428223,0.23573750257492065,0.9391437768936157,0.006372612901031971,-0.00026206672191619873,0.0,0.422132283449173,0.0,-0.42265641689300537,0.0,21.0,0.3651238236997517
trial_02,3.818802809,1.0,447.0,554.0,0.8643314838409424,0.19850414991378784,0.9276608228683472,0.007279265206307173,-0.0003362894058227539,0.0,0.4214230477809906,0.0,-0.4220956265926361,0.0,21.0,0.41707117427782747
trial_02,4.072883201000001,1.0,550.0,436.0,0.8732507824897766,0.23269343376159668,0.9192650318145752,0.0029594802763313055,-0.0009980052709579468,0.0,0.42058897018432617,0.0,-0.42258498072624207,0.0,21.0,0.16956572938599443
trial_02,4.342433539,1.0,384.0,502.0,0.8777264356613159,0.1976015269756317,0.9061204791069031,0.004800057038664818,-0.0007439106702804565,0.0,0.4210995137691498,0.0,-0.4225873351097107,0.0,21.0,0.2750230097375583
trial_02,4.611369222,1.0,464.0,366.0,0.8659783601760864,0.227992981672287,0.9264942407608032,0.006130661349743605,0.0005074888467788696,0.0,0.4205610454082489,0.0,-0.41954606771469116,0.0,19.0,0.35126102096428524
trial_02,4.868333024,1.0,358.0,443.0,0.8791348338127136,0.2384028136730194,0.9287146329879761,0.006980988662689924,0.0016487687826156616,0.0,0.42112112045288086,0.0,-0.41782358288764954,0.0,21.0,0.39998118720080933
trial_02,5.110543685000001,1.0,474.0,306.0,0.8713410496711731,0.24856778979301453,0.9287323951721191,0.0027219741605222225,0.002928420901298523,0.0,0.42112794518470764,0.0,-0.4152711033821106,0.0,20.0,0.1559576313415886
trial_02,5.376931058,1.0,369.0,502.0,0.8594889640808105,0.18157649040222168,0.9204495549201965,-0.00047579934471286833,0.001408606767654419,0.0,0.4206806421279907,0.0,-0.4178634285926819,0.0,20.0,-0.027261294347137557
trial_02,5.632551158,1.0,490.0,313.0,0.8671245574951172,0.24205949902534485,0.9218682646751404,-0.0028831756208091974,0.0034742355346679688,0.0,0.42262017726898193,0.0,-0.415671706199646,0.0,21.0,-0.16519379466737802
trial_02,5.900625512,1.0,396.0,402.0,0.8777375221252441,0.24055880308151245,0.9365196228027344,-0.005081371404230595,0.004185587167739868,0.0,0.42196255922317505,0.0,-0.4135913848876953,0.0,20.0,-0.2911411356008777
trial_02,6.146596691,1.0,501.0,346.0,0.8762286305427551,0.24301660060882568,0.934865415096283,-0.006623032968491316,0.005872547626495361,0.0,0.42306721210479736,0.0,-0.41132211685180664,0.0,21.0,-0.3794718366705535
trial_02,6.398796387,1.0,408.0,432.0,0.8493245244026184,0.19408288598060608,0.9321465492248535,-0.0027150644455105066,0.005051955580711365,0.0,0.42247751355171204,0.0,-0.4123736023902893,0.0,20.0,-0.1555617338337791
trial_02,6.699315121000001,1.0,520.0,335.0,0.8704538941383362,0.2399023473262787,0.9226837158203125,-0.004811398684978485,0.004091203212738037,0.0,0.42426830530166626,0.0,-0.4160858988761902,0.0,21.0,-0.2756728382040615
trial_02,6.972134914000001,1.0,437.0,423.0,0.8585079908370972,0.19320091605186462,0.9224553108215332,-0.0018322746036574244,0.003151416778564453,0.0,0.42556414008140564,0.0,-0.41926130652427673,0.0,21.0,-0.1049816016985761
trial_02,7.2680325880000005,1.0,521.0,307.0,0.8779339790344238,0.23699051141738892,0.9296172857284546,0.0006643322994932532,0.0008581280708312988,0.0,0.4239138960838318,0.0,-0.4221976399421692,0.0,21.0,0.03806343695518441
trial_02,7.524274489000001,1.0,427.0,473.0,0.8880842924118042,0.23941442370414734,0.9249428510665894,0.00248114881105721,-0.0005226731300354004,0.0,0.42428430914878845,0.0,-0.42532965540885925,0.0,21.0,0.14215935521748024
trial_02,7.788294378000001,1.0,515.0,368.0,0.8797268867492676,0.23665136098861694,0.940365731716156,0.0038328873924911022,-0.0017594844102859497,0.0,0.4251323938369751,0.0,-0.428651362657547,0.0,20.0,0.2196082709386432
trial_02,8.044899469,1.0,410.0,484.0,0.8827837109565735,0.23708602786064148,0.9349504113197327,0.0047351522371172905,-0.002286776900291443,0.0,0.4257394075393677,0.0,-0.43031296133995056,0.0,21.0,0.2713042385387508
trial_02,8.300942844,1.0,520.0,381.0,0.8845685124397278,0.23833757638931274,0.9323318004608154,0.0003205058164894581,-0.001104205846786499,0.0,0.427905410528183,0.0,-0.430113822221756,0.0,21.0,0.018363630594240416
trial_02,8.559682834,1.0,416.0,517.0,0.8600736260414124,0.18008539080619812,0.9366571307182312,0.0020054401829838753,-0.001380831003189087,0.0,0.4279930293560028,0.0,-0.430754691362381,0.0,21.0,0.11490325855091958
trial_02,8.823910379,1.0,528.0,466.0,0.8788691759109497,0.23634132742881775,0.9421179890632629,-0.0018757516518235207,-0.0013521909713745117,0.0,0.42793381214141846,0.0,-0.4306381940841675,0.0,21.0,-0.1074726530641804
trial_02,9.084211144000001,1.0,420.0,546.0,0.8592890501022339,0.18129867315292358,0.9211774468421936,0.00026479223743081093,-0.0011738836765289307,0.0,0.4276636242866516,0.0,-0.4300113916397095,0.0,21.0,0.015171477652611487
trial_02,9.363975392,1.0,522.0,410.0,0.8778155446052551,0.2079407274723053,0.9314844012260437,-0.0032698025461286306,-0.00016993284225463867,0.0,0.42900657653808594,0.0,-0.4293464422225952,0.0,20.0,-0.18734588573430122
trial_02,9.624494201000001,1.0,432.0,477.0,0.8802942633628845,0.21761223673820496,0.9269686341285706,-0.005774256773293018,0.0001838207244873047,0.0,0.42889946699142456,0.0,-0.42853182554244995,0.0,21.0,-0.330840542934519
trial_02,9.923022691,1.0,556.0,311.0,0.8725188374519348,0.2410973310470581,0.9258577227592468,-0.0031019870657473803,0.0010966062545776367,0.0,0.4288214445114136,0.0,-0.4266282320022583,0.0,21.0,-0.1777307669714951
trial_02,10.161097171,1.0,499.0,459.0,0.8862919807434082,0.24673792719841003,0.916826069355011,-0.0010236534290015697,0.0012705475091934204,0.0,0.4293147027492523,0.0,-0.4267736077308655,0.0,21.0,-0.05865102116588461
trial_02,10.414175241,1.0,572.0,322.0,0.8492381572723389,0.15560874342918396,0.9274188280105591,0.0003208322450518608,0.0020457059144973755,0.0,0.4281420409679413,0.0,-0.42405062913894653,0.0,21.0,0.018382333573178613
trial_02,10.674862657,1.0,431.0,420.0,0.8528650999069214,0.18248558044433594,0.9330993890762329,0.0010383790358901024,0.0022429227828979492,0.0,0.4274558126926422,0.0,-0.4229699671268463,0.0,21.0,0.059494736291366306
trial_02,10.935448519000001,1.0,543.0,335.0,0.8684757947921753,0.24405869841575623,0.9348288178443909,0.001468868926167488,0.002484247088432312,0.0,0.4267188608646393,0.0,-0.42175036668777466,0.0,20.0,0.0841599901273104
trial_02,11.199142060000002,1.0,431.0,432.0,0.8694482445716858,0.20319467782974243,0.9343182444572449,0.0018196222372353077,0.002834111452102661,0.0,0.4267749786376953,0.0,-0.42110675573349,0.0,20.0,0.10425667450173577
trial_02,11.452403977000001,1.0,516.0,385.0,0.8886008262634277,0.254425585269928,0.9388226866722107,0.0018698954954743385,0.0015820860862731934,0.0,0.4269862771034241,0.0,-0.4238221049308777,0.0,21.0,0.10713712002120353
trial_02,11.714239432000001,1.0,445.0,440.0,0.8661311268806458,0.1988067924976349,0.9302557110786438,-0.0034411284141242504,0.0023727715015411377,0.0,0.4264146685600281,0.0,-0.4216691255569458,0.0,20.0,-0.19716213489186568
trial_02,11.970161108000001,1.0,545.0,319.0,0.8859859704971313,0.24984708428382874,0.9369736909866333,-0.002750044222921133,0.0029202252626419067,0.0,0.42696937918663025,0.0,-0.42112892866134644,0.0,19.0,-0.15756592744771505
trial_02,12.234546145000001,1.0,421.0,432.0,0.8689620494842529,0.1947098672389984,0.9318497180938721,-0.003081026952713728,0.001596495509147644,0.0,0.4269562363624573,0.0,-0.423763245344162,0.0,21.0,-0.17652984095654967
trial_02,12.491407315,1.0,538.0,344.0,0.8622238636016846,0.23558899760246277,0.9407707452774048,-0.003430113196372986,0.0011928081512451172,0.0,0.4279530644416809,0.0,-0.4255674481391907,0.0,20.0,-0.19653100940430066
trial_02,12.749370865000001,1.0,427.0,428.0,0.8738885521888733,0.2431831657886505,0.9317134618759155,-0.0043682679533958435,1.0341405868530273e-05,0.0,0.42793869972229004,0.0,-0.427918016910553,0.0,21.0,-0.25028331751183164
trial_02,13.005818759,1.0,538.0,399.0,0.8913851976394653,0.24611318111419678,0.9080463647842407,-0.005300491116940975,-0.0016326904296875,0.0,0.4285663962364197,0.0,-0.4318317770957947,0.0,19.0,-0.30369577034730155
trial_02,13.256201626000001,1.0,421.0,502.0,0.884598970413208,0.24591109156608582,0.941196620464325,-0.006327863782644272,-0.0023539364337921143,0.0,0.4287666082382202,0.0,-0.43347448110580444,0.0,19.0,-0.3625598880792053
trial_02,13.515813198,1.0,518.0,387.0,0.8873786926269531,0.24009427428245544,0.9383536577224731,-0.011918502859771252,-0.0020190924406051636,0.0,0.42983579635620117,0.0,-0.4338739812374115,0.0,21.0,-0.6828799119794947
trial_02,13.767642439000001,1.0,409.0,523.0,0.8734305500984192,0.19549724459648132,0.934616208076477,-0.011206455528736115,-0.002849966287612915,0.0,0.428708016872406,0.0,-0.43440794944763184,0.0,21.0,-0.6420826050976268
trial_02,14.023591646000002,1.0,522.0,424.0,0.889252245426178,0.24203938245773315,0.9345865845680237,-0.010537839494645596,-0.003073453903198242,0.0,0.42861223220825195,0.0,-0.43475914001464844,0.0,21.0,-0.6037737282294648
trial_02,14.29650232,1.0,426.0,539.0,0.8874714970588684,0.24950364232063293,0.9423264861106873,-0.009919589385390282,-0.003062888979911804,0.0,0.42818474769592285,0.0,-0.43431052565574646,0.0,21.0,-0.5683506062856334
trial_02,14.55183648,1.0,577.0,450.0,0.8916674256324768,0.2479451596736908,0.9378918409347534,-0.00968469399958849,-0.00451187789440155,0.0,0.42626699805259705,0.0,-0.43529075384140015,0.0,21.0,-0.5548920920520934
trial_02,14.831178876000001,1.0,497.0,566.0,0.8875043988227844,0.2507115304470062,0.937745213508606,-0.009673643857240677,-0.005058646202087402,0.0,0.42461687326431274,0.0,-0.43473416566848755,0.0,21.0,-0.5542589655325451
trial_02,15.082113075,1.0,576.0,440.0,0.8978120684623718,0.2509758174419403,0.9345661401748657,-0.009608806110918522,-0.004474043846130371,0.0,0.4248790144920349,0.0,-0.43382710218429565,0.0,19.0,-0.5505440363151457
trial_02,15.367659216000002,1.0,485.0,496.0,0.9013052582740784,0.24907872080802917,0.9297613501548767,-0.009856805205345154,-0.0050078630447387695,0.0,0.42489418387413025,0.0,-0.4349099099636078,0.0,19.0,-0.564753337748858
trial_02,15.629925521,1.0,530.0,331.0,0.8693585395812988,0.208560973405838,0.9376298189163208,-0.009959278628230095,-0.004426553845405579,0.0,0.4239397943019867,0.0,-0.43279290199279785,0.0,21.0,-0.5706246323924244
trial_02,15.893122396,1.0,435.0,418.0,0.880151629447937,0.24453392624855042,0.9270442724227905,-0.008647194132208824,-0.0038767606019973755,0.0,0.4236104488372803,0.0,-0.431363970041275,0.0,21.0,-0.49544772840585605
trial_02,16.142145947,1.0,501.0,330.0,0.8771622180938721,0.2501751184463501,0.9297745227813721,-0.009494595229625702,-0.003719702363014221,0.0,0.4229736030101776,0.0,-0.43041300773620605,0.0,19.0,-0.5440002348425974
trial_02,16.397205286000002,1.0,388.0,489.0,0.8716782927513123,0.18874689936637878,0.9269896745681763,-0.009878214448690414,-0.005700394511222839,0.0,0.4211832582950592,0.0,-0.4325840473175049,0.0,20.0,-0.56597999703511
trial_02,16.668612797,1.0,503.0,339.0,0.8580490350723267,0.23126831650733948,0.9415507316589355,-0.009241104125976562,-0.0052027106285095215,0.0,0.4199627637863159,0.0,-0.43036818504333496,0.0,19.0,-0.5294762644593884
trial_02,16.924524537,1.0,408.0,429.0,0.8813755512237549,0.25604239106178284,0.936787486076355,-0.0019925432279706,-0.005215883255004883,0.0,0.4193967580795288,0.0,-0.4298285245895386,0.0,21.0,-0.11416431746008883
trial_02,17.183118541000002,1.0,498.0,351.0,0.8653862476348877,0.19322830438613892,0.9375323057174683,-0.0028329389169812202,-0.004331380128860474,0.0,0.4200802445411682,0.0,-0.42874300479888916,0.0,21.0,-0.16231544356138622
trial_02,17.455130549,1.0,417.0,433.0,0.8714914917945862,0.19948869943618774,0.9272521138191223,-0.003722698427736759,-0.005182981491088867,0.0,0.4184074401855469,0.0,-0.4287734031677246,0.0,19.0,-0.2132949083093036
trial_02,17.708265540000003,1.0,508.0,320.0,0.8892576098442078,0.2520886957645416,0.9364148378372192,-0.003771597519516945,-0.004981622099876404,0.0,0.4183422923088074,0.0,-0.4283055365085602,0.0,21.0,-0.21609661989033108
trial_02,17.963760943,1.0,421.0,421.0,0.8817892670631409,0.25138959288597107,0.942131519317627,0.0038193189539015293,-0.005250453948974609,0.0,0.4180307984352112,0.0,-0.4285317063331604,0.0,20.0,0.21883085667287824
trial_02,18.214072374,1.0,497.0,333.0,0.8746734857559204,0.24739548563957214,0.9395273923873901,0.0033424594439566135,-0.00348055362701416,0.0,0.41966304183006287,0.0,-0.4266241490840912,0.0,21.0,0.19150881933235786
trial_02,18.470288289000003,1.0,415.0,416.0,0.8589203953742981,0.2170787751674652,0.9348654747009277,0.002973045688122511,-0.003613889217376709,0.0,0.42039453983306885,0.0,-0.42762231826782227,0.0,21.0,0.1703429702289875
trial_02,18.730473553,1.0,501.0,332.0,0.8539876341819763,0.17365115880966187,0.915690541267395,0.002243374940007925,-0.0036227405071258545,0.0,0.42196032404899597,0.0,-0.4292058050632477,0.0,20.0,0.12853591592786837
trial_02,18.997814751,1.0,390.0,462.0,0.8812512159347534,0.2483583390712738,0.92249995470047,-0.0033251051791012287,-0.0042886883020401,0.0,0.42478519678115845,0.0,-0.43336257338523865,0.0,21.0,-0.1905144931995921
trial_02,19.257279258,1.0,487.0,328.0,0.8739920854568481,0.2410157024860382,0.9344238042831421,-0.0020508011803030968,-0.005476891994476318,0.0,0.42527222633361816,0.0,-0.4362260103225708,0.0,19.0,-0.11750225225181522
trial_02,19.519515616,1.0,407.0,407.0,0.8721461296081543,0.24538972973823547,0.9442045092582703,-0.0014978041872382164,-0.004821851849555969,0.0,0.4264683425426483,0.0,-0.43611204624176025,0.0,21.0,-0.08581785846577232
trial_02,19.769940602000002,1.0,470.0,349.0,0.8771277070045471,0.2055574357509613,0.9313517808914185,-0.011132290586829185,-0.00514635443687439,0.0,0.42754101753234863,0.0,-0.4378337264060974,0.0,21.0,-0.6378332669385268
trial_02,20.028964838,1.0,389.0,474.0,0.8754563331604004,0.19562599062919617,0.935032069683075,-0.01337382197380066,-0.004373401403427124,0.0,0.4287658929824829,0.0,-0.43751269578933716,0.0,21.0,-0.766263555058098
trial_02,20.293234669,1.0,493.0,319.0,0.8719183802604675,0.24557724595069885,0.9463194608688354,-0.009224755689501762,-0.0026751458644866943,0.0,0.42972850799560547,0.0,-0.43507879972457886,0.0,21.0,-0.5285395680477447
trial_02,20.553703869,1.0,378.0,426.0,0.8719815015792847,0.24165567755699158,0.9422835111618042,-0.010638220235705376,-0.001569122076034546,0.0,0.43003082275390625,0.0,-0.43316906690597534,0.0,21.0,-0.6095251210365858
trial_02,20.823617518000002,1.0,502.0,355.0,0.8767012357711792,0.22383400797843933,0.942219614982605,-0.011809825897216797,-0.0008717626333236694,0.0,0.43043920397758484,0.0,-0.4321827292442322,0.0,21.0,-0.6766531806948232
trial_02,21.079250295,1.0,423.0,497.0,0.8776841163635254,0.2475162148475647,0.9453697204589844,-0.012580953538417816,-0.0009526908397674561,0.0,0.43088844418525696,0.0,-0.43279382586479187,0.0,21.0,-0.7208355400015201
trial_02,21.343964466000003,1.0,552.0,428.0,0.886824905872345,0.250602662563324,0.9408692717552185,-0.008188709616661072,-0.0019511282444000244,0.0,0.43021515011787415,0.0,-0.4341174066066742,0.0,20.0,-0.46917850069286965
trial_02,21.608038875000002,1.0,437.0,544.0,0.8903815746307373,0.25220683217048645,0.9428980946540833,-0.005221990402787924,-0.002692684531211853,0.0,0.4293488562107086,0.0,-0.4347342252731323,0.0,21.0,-0.29919801073756885
trial_02,21.864546229000002,1.0,489.0,443.0,0.9003047943115234,0.2447766661643982,0.9341979026794434,-0.002989299362525344,-0.0029341429471969604,0.0,0.4288661777973175,0.0,-0.4347344636917114,0.0,19.0,-0.17127423717384965
trial_02,22.110858716000003,1.0,366.0,560.0,0.8803617358207703,0.20773354172706604,0.9349809288978577,-0.0015538251027464867,-0.0032423734664916992,0.0,0.42850029468536377,0.0,-0.43498504161834717,0.0,20.0,-0.08902762048885518
trial_02,22.369195362000003,1.0,456.0,407.0,0.8754092454910278,0.20017626881599426,0.9251521825790405,-0.005626838654279709,-0.0027428865432739258,0.0,0.4283606708049774,0.0,-0.43384644389152527,0.0,20.0,-0.32239410689129905
trial_02,22.629708025000003,1.0,372.0,460.0,0.8744140863418579,0.20403596758842468,0.924659013748169,-0.008352648466825485,-0.0021557211875915527,0.0,0.42941832542419434,0.0,-0.43372976779937744,0.0,21.0,-0.4785715049055181
trial_02,22.884583516000003,1.0,472.0,322.0,0.8750823736190796,0.25836148858070374,0.9324555397033691,-0.0056546032428741455,-0.0014838427305221558,0.0,0.42858830094337463,0.0,-0.43155598640441895,0.0,20.0,-0.3239849006376773
trial_02,23.143779244,1.0,377.0,472.0,0.8836919069290161,0.23182794451713562,0.9374726414680481,-0.008713634684681892,-0.0016363710165023804,0.0,0.428610622882843,0.0,-0.4318833649158478,0.0,20.0,-0.4992544916510803
trial_02,23.408783948,1.0,472.0,326.0,0.8694839477539062,0.25136008858680725,0.9445124268531799,-0.006183008663356304,-0.0021439194679260254,0.0,0.42680251598358154,0.0,-0.4310903549194336,0.0,21.0,-0.35426030110314066
trial_02,23.673865767000002,1.0,368.0,494.0,0.8513990044593811,0.17659950256347656,0.9192050695419312,-0.004371777176856995,-0.00427776575088501,0.0,0.4235103726387024,0.0,-0.4320659041404724,0.0,21.0,-0.25048438120552385
trial_02,23.948099376000002,1.0,485.0,367.0,0.8753382563591003,0.191854327917099,0.9264987707138062,-0.003016316331923008,-0.0053237974643707275,0.0,0.4221745729446411,0.0,-0.43282216787338257,0.0,19.0,-0.1728221954955699
trial_02,24.197430887000003,1.0,389.0,414.0,0.867949903011322,0.23086127638816833,0.9256700873374939,0.0013362294994294643,-0.005262941122055054,0.0,0.42136526107788086,0.0,-0.43189114332199097,0.0,21.0,0.07656031077818695
trial_02,24.450404502,1.0,488.0,315.0,0.8746874928474426,0.25425925850868225,0.9378104209899902,0.0031150206923484802,-0.004261717200279236,0.0,0.4221042990684509,0.0,-0.4306277334690094,0.0,20.0,0.17847753876748756
trial_02,24.715960862000003,1.0,407.0,422.0,0.8788389563560486,0.25062358379364014,0.9453890919685364,0.00013483059592545033,-0.0036625564098358154,0.0,0.4217081665992737,0.0,-0.4290332794189453,0.0,21.0,0.007725224095762098
trial_02,24.980353123,1.0,512.0,338.0,0.8789565563201904,0.25119975209236145,0.93622225522995,-0.0020620538853108883,-0.002210572361946106,0.0,0.4224613308906555,0.0,-0.42688247561454773,0.0,19.0,-0.1181469847568674
trial_02,25.245316783,1.0,431.0,484.0,0.8679383397102356,0.22692349553108215,0.9296016693115234,0.0013361499877646565,-0.004570707678794861,0.0,0.42030593752861023,0.0,-0.42944735288619995,0.0,21.0,0.07655575509537141
trial_02,25.517813384,1.0,485.0,376.0,0.8851630091667175,0.24989104270935059,0.9254534840583801,0.004125210456550121,-0.0059604644775390625,0.0,0.4195198714733124,0.0,-0.4314408004283905,0.0,19.0,0.23635714876355743
trial_02,25.788511373000002,1.0,431.0,500.0,0.8664281964302063,0.22942018508911133,0.9251734614372253,0.0013072647852823138,-0.005620092153549194,0.0,0.42105183005332947,0.0,-0.43229201436042786,0.0,21.0,0.07490075490275236
trial_02,26.045862226,1.0,484.0,314.0,0.8756689429283142,0.24670633673667908,0.9388554692268372,-0.000841338187456131,-0.004556179046630859,0.0,0.4231001138687134,0.0,-0.4322124719619751,0.0,21.0,-0.048205127284422805
trial_02,26.310978050000003,1.0,402.0,481.0,0.8698121309280396,0.19793885946273804,0.9374297857284546,-0.00211017532274127,-0.004416525363922119,0.0,0.42487430572509766,0.0,-0.4337073564529419,0.0,20.0,-0.12090414002573115
trial_02,26.594963146,1.0,510.0,320.0,0.8703006505966187,0.23802539706230164,0.9351587891578674,-0.002790002850815654,-0.002919018268585205,0.0,0.42632919549942017,0.0,-0.4321672320365906,0.0,21.0,-0.15985538818120482
trial_02,26.853351924000002,1.0,396.0,428.0,0.8737021684646606,0.2378586232662201,0.9333682060241699,-0.0032801483757793903,-0.0020650923252105713,0.0,0.42706531286239624,0.0,-0.4311954975128174,0.0,21.0,-0.18793865810885105
trial_02,27.11271955,1.0,502.0,385.0,0.8926280736923218,0.24567613005638123,0.9244469404220581,-0.0036365287378430367,-0.002217322587966919,0.0,0.42825379967689514,0.0,-0.432688444852829,0.0,21.0,-0.20835774875644217
trial_02,27.383557651,1.0,381.0,478.0,0.8659293055534363,0.23225390911102295,0.9344460368156433,-0.0036579668521881104,-0.002516835927963257,0.0,0.4279780983924866,0.0,-0.4330117702484131,0.0,21.0,-0.20958606222913376
trial_02,27.656967664000003,1.0,516.0,395.0,0.8803301453590393,0.2441432774066925,0.9437299370765686,-0.003756917081773281,-0.0025859475135803223,0.0,0.4281940460205078,0.0,-0.43336594104766846,0.0,20.0,-0.21525549276621458
trial_02,27.927156770000003,1.0,423.0,503.0,0.8880239129066467,0.24575772881507874,0.9332663416862488,-0.007630408275872469,-0.0014165043830871582,0.0,0.4295160174369812,0.0,-0.4323490262031555,0.0,21.0,-0.43719019016918764
trial_02,28.179162494000003,1.0,499.0,391.0,0.8847470283508301,0.2371167242527008,0.9410423040390015,-0.006153231952339411,-0.001368701457977295,0.0,0.4296245574951172,0.0,-0.4323619604110718,0.0,20.0,-0.35255422123409197
trial_02,28.429521886000003,1.0,391.0,540.0,0.8893603086471558,0.25264644622802734,0.9421213269233704,0.0009672781452536583,-0.0006129145622253418,0.0,0.4301788806915283,0.0,-0.431404709815979,0.0,21.0,0.055420955338276824
trial_02,28.708813731000003,1.0,549.0,458.0,0.8813112378120422,0.251507043838501,0.9465737342834473,0.006451403722167015,-0.0013771206140518188,0.0,0.42865216732025146,0.0,-0.4314064085483551,0.0,21.0,0.3696382052151599
trial_02,28.968992484,1.0,423.0,555.0,0.8741137981414795,0.19849318265914917,0.9296734929084778,0.0057770004495978355,-0.0012302696704864502,0.0,0.42804384231567383,0.0,-0.43050438165664673,0.0,20.0,0.33099774400713505
trial_02,29.222340148,1.0,499.0,403.0,0.8822758197784424,0.24226531386375427,0.9239022135734558,0.005803922191262245,-0.0003374069929122925,0.0,0.4289263188838959,0.0,-0.42960113286972046,0.0,19.0,0.33254024618164724
trial_02,29.495370856,1.0,392.0,447.0,0.8649239540100098,0.23851066827774048,0.9369950294494629,0.005969281308352947,0.001136496663093567,0.0,0.42944350838661194,0.0,-0.4271705150604248,0.0,20.0,0.34201462569495406
trial_02,29.769655635000003,1.0,480.0,342.0,0.8725541234016418,0.19092485308647156,0.9260038733482361,0.006623465567827225,0.0030989646911621094,0.0,0.4302481412887573,0.0,-0.4240502119064331,0.0,21.0,0.3794966227867213
trial_02,30.025803189,1.0,395.0,434.0,0.8713533282279968,0.19981002807617188,0.9362858533859253,0.007577415555715561,0.0034701377153396606,0.0,0.42949607968330383,0.0,-0.4225558042526245,0.0,20.0,0.43415393095927896
trial_02,30.291123944000002,1.0,494.0,391.0,0.8954181671142578,0.2535867393016815,0.9327433705329895,0.007944627664983273,0.00308835506439209,0.0,0.4290087819099426,0.0,-0.42283207178115845,0.0,21.0,0.45519363500641563
trial_02,30.557632604000002,1.0,407.0,421.0,0.8579012751579285,0.18721270561218262,0.9222785234451294,0.008168724365532398,0.003157868981361389,0.0,0.4273110032081604,0.0,-0.4209952652454376,0.0,20.0,0.4680334301506876
trial_02,30.820544167,1.0,498.0,336.0,0.8841317296028137,0.248395174741745,0.93864506483078,0.008848496712744236,0.004541456699371338,0.0,0.4280485510826111,0.0,-0.4189656376838684,0.0,20.0,0.5069815166756275
trial_02,31.086522218000002,1.0,414.0,423.0,0.8590345978736877,0.18264812231063843,0.9389757513999939,0.006288005970418453,0.0047541409730911255,0.0,0.42683520913124084,0.0,-0.4173269271850586,0.0,21.0,0.3602762036580409
trial_02,31.354141159,1.0,512.0,344.0,0.8667521476745605,0.24765649437904358,0.9366406798362732,0.00675430241972208,0.00623321533203125,0.0,0.42739641666412354,0.0,-0.41492998600006104,0.0,20.0,0.3869930222050747
trial_02,31.632538562,1.0,409.0,424.0,0.8570279479026794,0.23437148332595825,0.9393373131752014,0.0019412608817219734,0.006809666752815247,0.0,0.4279981553554535,0.0,-0.414378821849823,0.0,21.0,0.11122605545651397
trial_02,31.887896308000002,1.0,505.0,342.0,0.8474308252334595,0.18594804406166077,0.914771318435669,0.00011434964835643768,0.008231669664382935,0.0,0.4306577444076538,0.0,-0.41419440507888794,0.0,21.0,0.00655175223962895
trial_02,32.152661534,1.0,415.0,425.0,0.8602482676506042,0.18107163906097412,0.9237783551216125,0.0005033062770962715,0.009787246584892273,0.0,0.4338163137435913,0.0,-0.41424182057380676,0.0,20.0,0.02883732548005829
trial_02,32.418014111000005,1.0,506.0,366.0,0.8854060173034668,0.2454538345336914,0.9334107637405396,0.0004501715302467346,0.00772954523563385,0.0,0.43502724170684814,0.0,-0.41956815123558044,0.0,20.0,0.025792928740083775
trial_02,32.687022628,1.0,402.0,425.0,0.8772402405738831,0.24527034163475037,0.9323379993438721,-0.0025525062810629606,0.008388489484786987,0.0,0.43802547454833984,0.0,-0.42124849557876587,0.0,21.0,-0.14624783708554112
trial_02,32.950641223000005,1.0,503.0,321.0,0.8795453310012817,0.2445572316646576,0.9443591833114624,-0.003840822260826826,0.007443219423294067,0.0,0.43828046321868896,0.0,-0.42339402437210083,0.0,19.0,-0.22006290540527218
trial_02,33.209569924,1.0,389.0,409.0,0.8700812458992004,0.23815906047821045,0.9403533935546875,0.0003322779666632414,0.007082551717758179,0.0,0.4394725561141968,0.0,-0.4253074526786804,0.0,21.0,0.019038125114992397
trial_02,33.470292015000005,1.0,493.0,378.0,0.8830554485321045,0.2440069615840912,0.9464749097824097,-0.0014078530948609114,0.005911886692047119,0.0,0.4387403130531311,0.0,-0.42691653966903687,0.0,21.0,-0.08066404050996134
trial_02,33.741304394000004,1.0,407.0,484.0,0.8746811747550964,0.220840185880661,0.9229495525360107,0.0022525214590132236,0.0038024932146072388,0.0,0.4371106028556824,0.0,-0.4295056164264679,0.0,20.0,0.12905997286410817
trial_02,34.001755128,1.0,516.0,376.0,0.8800936937332153,0.2435709536075592,0.9340192675590515,0.00020323391072452068,0.0027273446321487427,0.0,0.43625563383102417,0.0,-0.4308009445667267,0.0,21.0,0.011644445338453595
trial_02,34.276261236,1.0,405.0,485.0,0.8840210437774658,0.24390241503715515,0.9399164319038391,0.00386133324354887,0.002686232328414917,0.0,0.4366898238658905,0.0,-0.43131735920906067,0.0,21.0,0.22123809814891107
trial_02,34.535565431,1.0,489.0,378.0,0.8788032531738281,0.22956594824790955,0.9337065815925598,-0.003509312169626355,0.002557903528213501,0.0,0.4356708526611328,0.0,-0.4305550456047058,0.0,19.0,-0.20106877631348818
trial_02,34.799137390000006,1.0,434.0,535.0,0.8841278553009033,0.24875685572624207,0.9451723694801331,-0.0037964563816785812,0.004207998514175415,0.0,0.43762242794036865,0.0,-0.4292064309120178,0.0,19.0,-0.2175209277756903
trial_02,35.061836003,1.0,537.0,467.0,0.8945127129554749,0.24815240502357483,0.937397301197052,0.0011902102269232273,0.003931313753128052,0.0,0.43642914295196533,0.0,-0.42856651544570923,0.0,21.0,0.06819402273600891
trial_02,35.332067532,1.0,383.0,538.0,0.8734201788902283,0.1964639127254486,0.9305969476699829,-1.766066998243332e-05,0.004256293177604675,0.0,0.4362282454967499,0.0,-0.4277156591415405,0.0,21.0,-0.0010118818533668109
trial_02,35.602744094,1.0,483.0,402.0,0.8817839026451111,0.24702510237693787,0.9351222515106201,-0.0008113072253763676,0.0041062235832214355,0.0,0.4350402355194092,0.0,-0.4268277883529663,0.0,21.0,-0.046484479902534945
trial_02,35.874959839,1.0,361.0,445.0,0.867887020111084,0.18928399682044983,0.9397640228271484,0.0035293730907142162,0.003993570804595947,0.0,0.43353110551834106,0.0,-0.42554396390914917,0.0,21.0,0.20221818242496764
trial_02,36.132881146,1.0,461.0,336.0,0.8810790777206421,0.2570471167564392,0.9428053498268127,0.0022108107805252075,0.005220487713813782,0.0,0.43308570981025696,0.0,-0.4226447343826294,0.0,21.0,0.1266701270261177
trial_02,36.404685851,1.0,357.0,430.0,0.8576520085334778,0.19959008693695068,0.9184958338737488,0.0010692160576581955,0.005179733037948608,0.0,0.43221813440322876,0.0,-0.42185866832733154,0.0,21.0,0.061261567491431086
trial_02,36.677998583000004,1.0,494.0,323.0,0.877671480178833,0.24938252568244934,0.9294108152389526,0.00047068996354937553,0.005472034215927124,0.0,0.4315115809440613,0.0,-0.42056751251220703,0.0,20.0,0.026968548370545777
trial_02,36.942992768,1.0,409.0,415.0,0.8725327849388123,0.25276073813438416,0.9383211731910706,0.004639452323317528,0.005803152918815613,0.0,0.43129652738571167,0.0,-0.41969022154808044,0.0,21.0,0.2658210373782586
trial_02,37.209115817000004,1.0,507.0,329.0,0.8726564049720764,0.252324640750885,0.9333483576774597,0.0034125326201319695,0.006861180067062378,0.0,0.4306986927986145,0.0,-0.41697633266448975,0.0,20.0,0.19552371658428244
trial_02,37.474867843000006,1.0,404.0,438.0,0.8731005787849426,0.2452709674835205,0.931328535079956,0.0072827888652682304,0.006726488471031189,0.0,0.42993059754371643,0.0,-0.41647762060165405,0.0,21.0,0.41727306506473955
trial_02,37.735182728000005,1.0,514.0,348.0,0.8717091083526611,0.2514496147632599,0.9298494458198547,0.005309689790010452,0.007512703537940979,0.0,0.4306890368461609,0.0,-0.41566362977027893,0.0,19.0,0.30422281549130326
trial_02,37.996775840000005,1.0,427.0,426.0,0.8653250932693481,0.19307652115821838,0.925849199295044,0.003741319291293621,0.0077217817306518555,0.0,0.430561900138855,0.0,-0.41511833667755127,0.0,19.0,0.21436180520200074
trial_02,38.273100607,1.0,500.0,343.0,0.8721821308135986,0.243979811668396,0.9426881074905396,0.0020962581038475037,0.0085219144821167,0.0,0.4313583970069885,0.0,-0.4143145680427551,0.0,20.0,0.1201067421205586
trial_02,38.534299633,1.0,422.0,437.0,0.8588350415229797,0.19463711977005005,0.9338971972465515,0.0018943967297673225,0.008878648281097412,0.0,0.4314814507961273,0.0,-0.4137241542339325,0.0,21.0,0.1085409373390527
trial_02,38.800152824,1.0,509.0,313.0,0.8813022375106812,0.24763748049736023,0.9399129748344421,0.000928390771150589,0.009930863976478577,0.0,0.43294668197631836,0.0,-0.4130849540233612,0.0,21.0,0.053192872925824614
trial_02,39.056469834000005,1.0,386.0,414.0,0.8684509992599487,0.19542211294174194,0.9383310675621033,-0.010156002826988697,0.010047927498817444,0.0,0.4338619112968445,0.0,-0.4137660562992096,0.0,20.0,-0.5818960987093852
trial_02,39.332116001,1.0,506.0,334.0,0.8690083622932434,0.2462751567363739,0.9468117952346802,-0.005551665555685759,0.010260939598083496,0.0,0.43475961685180664,0.0,-0.41423773765563965,0.0,20.0,-0.3180870056089449
trial_02,39.602298483000006,1.0,410.0,413.0,0.8671498894691467,0.24603798985481262,0.9309205412864685,-0.007790996693074703,0.009480610489845276,0.0,0.4350782632827759,0.0,-0.4161170423030853,0.0,21.0,-0.4463912287135617
trial_02,39.86516519,1.0,494.0,345.0,0.8622863292694092,0.2352462112903595,0.923691987991333,-0.003973590210080147,0.008208349347114563,0.0,0.4352721869945526,0.0,-0.4188554883003235,0.0,21.0,-0.22766994855209455
trial_02,40.120500277000005,1.0,404.0,422.0,0.8626905083656311,0.23703449964523315,0.9145284295082092,-0.0013464901130646467,0.007231324911117554,0.0,0.434835284948349,0.0,-0.4203726351261139,0.0,21.0,-0.07714820063469728
trial_02,40.381328855,1.0,507.0,380.0,0.8905411958694458,0.24512305855751038,0.9300789833068848,0.0005516498349606991,0.004039779305458069,0.0,0.43376997113227844,0.0,-0.4256904125213623,0.0,19.0,0.03160720731233647
trial_02,40.646691745000005,1.0,410.0,496.0,0.8761457800865173,0.23376896977424622,0.9375535249710083,0.0018580795731395483,0.0033219903707504272,0.0,0.43396785855293274,0.0,-0.4273238778114319,0.0,21.0,0.10646011754036568
trial_02,40.901684727,1.0,496.0,390.0,0.8763788342475891,0.2425340712070465,0.9376561045646667,0.002854111371561885,0.0019702911376953125,0.0,0.4327036142349243,0.0,-0.4287630319595337,0.0,21.0,0.16352853585079075
trial_02,41.157622697,1.0,387.0,517.0,0.8732131719589233,0.20968878269195557,0.9395365715026855,-0.0017248410731554031,0.0018956810235977173,0.0,0.4322347640991211,0.0,-0.42844340205192566,0.0,21.0,-0.09882611382262027
trial_02,41.437446753,1.0,529.0,429.0,0.8865141272544861,0.24890634417533875,0.9425078630447388,-0.00024708081036806107,0.001518741250038147,0.0,0.43132469058036804,0.0,-0.42828720808029175,0.0,21.0,-0.014156687632762132
trial_02,41.715580776,1.0,467.0,580.0,0.8727288246154785,0.1986384093761444,0.9344456791877747,0.0006841523572802544,0.0006587505340576172,0.0,0.43032246828079224,0.0,-0.429004967212677,0.0,21.0,0.03919904261608498
trial_02,41.985555858000005,1.0,565.0,439.0,0.8827221393585205,0.24814701080322266,0.9365555047988892,0.0009285304695367813,6.797909736633301e-05,0.0,0.4284985065460205,0.0,-0.42836254835128784,0.0,21.0,0.05320087705375823
trial_02,42.247910996,1.0,431.0,509.0,0.8809064030647278,0.23368370532989502,0.923520028591156,0.0010790475644171238,-0.00023129582405090332,0.0,0.4283201992511749,0.0,-0.42878279089927673,0.0,21.0,0.06182487133497202
trial_02,42.516737409,1.0,486.0,360.0,0.8771288990974426,0.2562521994113922,0.9468480348587036,0.0009120907634496689,0.0008841007947921753,0.0,0.4277457594871521,0.0,-0.42597755789756775,0.0,21.0,0.052258951278531154
trial_02,42.778620537,1.0,407.0,507.0,0.8863036632537842,0.2536976635456085,0.9349740147590637,0.00044127460569143295,-0.0005128234624862671,0.0,0.42638662457466125,0.0,-0.4274122714996338,0.0,20.0,0.025283172512418683
trial_02,43.040005804,1.0,504.0,375.0,0.8819197416305542,0.25384774804115295,0.9375470280647278,-0.0002153553068637848,-0.0021252483129501343,0.0,0.4254356920719147,0.0,-0.42968618869781494,0.0,21.0,-0.012338950179039597
trial_02,43.304704893,1.0,393.0,444.0,0.867401123046875,0.24718168377876282,0.9381338953971863,-0.006056597456336021,-0.0018841177225112915,0.0,0.42271688580513,0.0,-0.4264851212501526,0.0,21.0,-0.3470174724577239
trial_02,43.574133744,1.0,508.0,342.0,0.8652451038360596,0.19295892119407654,0.9321375489234924,-0.0054243505001068115,0.0009963512420654297,0.0,0.42480170726776123,0.0,-0.42280900478363037,0.0,21.0,-0.3107923902557977
trial_02,43.841085683,1.0,404.0,488.0,0.8628361225128174,0.19273367524147034,0.9261804223060608,-0.010017279535531998,0.0003844350576400757,0.0,0.4265299141407013,0.0,-0.42576104402542114,0.0,20.0,-0.5739478395887531
trial_02,44.101146920000005,1.0,496.0,358.0,0.8587902784347534,0.2356465756893158,0.9338874816894531,-0.008289141580462456,0.0008908659219741821,0.0,0.42804375290870667,0.0,-0.4262620210647583,0.0,19.0,-0.4749328283468996
trial_02,44.374100953,1.0,405.0,475.0,0.87788325548172,0.24219271540641785,0.9262950420379639,-0.007192798890173435,-0.00012801587581634521,0.0,0.4292199909687042,0.0,-0.4294760227203369,0.0,21.0,-0.4121170192933204
trial_02,44.652676057,1.0,498.0,390.0,0.8733879327774048,0.23959249258041382,0.9302721619606018,-0.007031253073364496,-0.0020026415586471558,0.0,0.4292941391468048,0.0,-0.4332994222640991,0.0,19.0,-0.40286112579217465
trial_02,44.930373682,1.0,414.0,483.0,0.8808666467666626,0.2464917004108429,0.9313582181930542,-0.012137418612837791,-0.0015247911214828491,0.0,0.4307214915752411,0.0,-0.4337710738182068,0.0,19.0,-0.6954228606991356
trial_02,45.191228613,1.0,515.0,369.0,0.8793094158172607,0.24041807651519775,0.9309064149856567,-0.02079356089234352,-0.0006913840770721436,0.0,0.43213143944740295,0.0,-0.43351420760154724,0.0,21.0,-1.1913832801795656
trial_02,45.465631105,1.0,409.0,500.0,0.880584716796875,0.20568469166755676,0.9281125068664551,-0.017224697396159172,-0.0001377016305923462,0.0,0.4335267245769501,0.0,-0.43380212783813477,0.0,21.0,-0.9869024641898991
trial_02,45.741944613,1.0,518.0,373.0,0.8809279203414917,0.2453673779964447,0.9376664161682129,-0.0233614444732666,0.0007701218128204346,0.0,0.4342533349990845,0.0,-0.4327130913734436,0.0,20.0,-1.3385121716473989
trial_02,46.008642630000004,1.0,389.0,498.0,0.8869004845619202,0.23932480812072754,0.9374803900718689,-0.019504066556692123,0.001123175024986267,0.0,0.4345587193965912,0.0,-0.43231236934661865,0.0,21.0,-1.1175006970407146
trial_02,46.266480289,1.0,488.0,401.0,0.8850222229957581,0.24580222368240356,0.9395014643669128,-0.014734772965312004,0.00031176209449768066,0.0,0.43319934606552124,0.0,-0.4325758218765259,0.0,21.0,-0.8442403029958427
trial_02,46.531587126000005,1.0,401.0,495.0,0.8778772950172424,0.23461493849754333,0.9397832751274109,-0.012324090115725994,-0.001132190227508545,0.0,0.431540846824646,0.0,-0.4338052272796631,0.0,21.0,-0.7061183499699938
trial_02,46.806352039000004,1.0,538.0,434.0,0.8896739482879639,0.2464514672756195,0.9404574632644653,-0.011060142889618874,-0.002892822027206421,0.0,0.42918962240219116,0.0,-0.434975266456604,0.0,20.0,-0.6336995083867882
trial_02,47.064652593000005,1.0,482.0,544.0,0.8944646716117859,0.24993658065795898,0.9386231303215027,-0.010057082399725914,-0.003343537449836731,0.0,0.4287448525428772,0.0,-0.43543192744255066,0.0,21.0,-0.5762283757195968
trial_02,47.325426911,1.0,550.0,451.0,0.8892756104469299,0.24856892228126526,0.9399663805961609,-0.009118568152189255,-0.004058733582496643,0.0,0.42791616916656494,0.0,-0.4360336363315582,0.0,19.0,-0.52245547032285
trial_02,47.594779700000004,1.0,427.0,545.0,0.8884034156799316,0.2479589879512787,0.934646725654602,-0.00790333654731512,-0.003986358642578125,0.0,0.42739468812942505,0.0,-0.4353674054145813,0.0,20.0,-0.4528278282326525
trial_02,47.877157261,1.0,483.0,427.0,0.8747809529304504,0.1915891468524933,0.9373204112052917,-0.00828840583562851,-0.004493594169616699,0.0,0.42576247453689575,0.0,-0.43474966287612915,0.0,19.0,-0.4748906732731159
trial_02,48.136641874000006,1.0,372.0,495.0,0.8826775550842285,0.24191957712173462,0.9326208233833313,-0.00705074705183506,-0.003975242376327515,0.0,0.42621052265167236,0.0,-0.4341610074043274,0.0,20.0,-0.40397804848445684
trial_02,48.416042633,1.0,471.0,402.0,0.8793169856071472,0.2500675320625305,0.9273961186408997,-0.004457342438399792,-0.004179716110229492,0.0,0.42473098635673523,0.0,-0.4330904185771942,0.0,21.0,-0.2553869095648592
trial_02,48.688062246,1.0,364.0,430.0,0.8627457618713379,0.19856444001197815,0.934097170829773,-0.0034412676468491554,-0.004300698637962341,0.0,0.42328181862831116,0.0,-0.43188321590423584,0.0,21.0,-0.19717011233937284
trial_02,48.968487943,1.0,474.0,344.0,0.8657609820365906,0.2385837733745575,0.948885440826416,-0.0027771187014877796,-0.00410325825214386,0.0,0.4225030839443207,0.0,-0.4307096004486084,0.0,21.0,-0.1591171808021013
trial_02,49.23021772600001,1.0,366.0,422.0,0.8737071752548218,0.24138006567955017,0.9293597340583801,-0.006855384446680546,-0.004352942109107971,0.0,0.4206213653087616,0.0,-0.42932724952697754,0.0,21.0,-0.3927845957344224
trial_02,49.499253576,1.0,483.0,327.0,0.8623289465904236,0.17049559950828552,0.9291804432868958,-0.005465073976665735,-0.003906816244125366,0.0,0.4203980565071106,0.0,-0.42821168899536133,0.0,21.0,-0.313125673589724
trial_02,49.77540062200001,1.0,392.0,411.0,0.8669818639755249,0.22767728567123413,0.9257226586341858,-0.004432555753737688,-0.004417106509208679,0.0,0.41905122995376587,0.0,-0.4278854429721832,0.0,21.0,-0.253966737145599
trial_02,50.034893409000006,1.0,505.0,330.0,0.8667021989822388,0.22792008519172668,0.9300714135169983,-0.003117851447314024,-0.004806831479072571,0.0,0.417912095785141,0.0,-0.42752575874328613,0.0,20.0,-0.17863972907984893
trial_02,50.296652472000005,1.0,397.0,419.0,0.8583531379699707,0.17297223210334778,0.9305467009544373,-0.0029315147548913956,-0.005211934447288513,0.0,0.41728541254997253,0.0,-0.42770928144454956,0.0,21.0,-0.16796342303560496
trial_02,50.569085102,1.0,492.0,344.0,0.8676938414573669,0.23762613534927368,0.9416192173957825,-0.0025832001119852066,-0.0038692206144332886,0.0,0.41759905219078064,0.0,-0.4253374934196472,0.0,19.0,-0.14800646405447396
trial_02,50.846028925000006,1.0,399.0,423.0,0.8600314259529114,0.18332266807556152,0.9356722831726074,-0.004639594815671444,-0.004598334431648254,0.0,0.41665583848953247,0.0,-0.425852507352829,0.0,21.0,-0.2658292015887509
trial_02,51.1053943,1.0,502.0,352.0,0.8668780326843262,0.23576846718788147,0.9374710917472839,-0.003814533818513155,-0.004419967532157898,0.0,0.4166463017463684,0.0,-0.4254862368106842,0.0,20.0,-0.21855668861072572
trial_02,51.388438879000006,1.0,434.0,497.0,0.8846615552902222,0.2516961395740509,0.9341214299201965,-0.007087904028594494,-0.0058888643980026245,0.0,0.4176069498062134,0.0,-0.42938467860221863,0.0,21.0,-0.4061069864322381
trial_02,51.653424164,1.0,519.0,330.0,0.8733240962028503,0.24706384539604187,0.9442825317382812,-0.005830604583024979,-0.005400016903877258,0.0,0.4177052080631256,0.0,-0.4285052418708801,0.0,21.0,-0.33406903461696646
trial_02,51.924422526,1.0,398.0,412.0,0.8446058630943298,0.17967376112937927,0.923224151134491,0.0026681472081691027,-0.00576232373714447,0.0,0.41665399074554443,0.0,-0.4281786382198334,0.0,21.0,0.15287357414770306
trial_02,52.190115131000006,1.0,495.0,322.0,0.8841479420661926,0.2479056715965271,0.9388429522514343,-0.0015976547729223967,-0.006536513566970825,0.0,0.41694825887680054,0.0,-0.4300212860107422,0.0,20.0,-0.09153887560738524
trial_02,52.449614845000006,1.0,386.0,431.0,0.8765740990638733,0.24676647782325745,0.9464980363845825,-0.004285281058400869,-0.005971774458885193,0.0,0.41962730884552,0.0,-0.4315708577632904,0.0,21.0,-0.24552851867372427
trial_02,52.721755542000004,1.0,507.0,347.0,0.8654932379722595,0.22061756253242493,0.9378429651260376,0.0010451548732817173,-0.004790410399436951,0.0,0.4216751754283905,0.0,-0.4312559962272644,0.0,21.0,0.05988296317657277
trial_02,52.97693507,1.0,374.0,430.0,0.8615561127662659,0.24443432688713074,0.9365622997283936,-9.22507606446743e-05,-0.00521145761013031,0.0,0.4224381148815155,0.0,-0.4328610301017761,0.0,21.0,-0.005285579241811391
trial_02,53.245253168000005,1.0,480.0,306.0,0.8346766233444214,0.2222466766834259,0.9164001941680908,0.004592920187860727,-0.005373731255531311,0.0,0.4236544668674469,0.0,-0.4344019293785095,0.0,20.0,0.2631549424048529
trial_02,53.515068233,1.0,380.0,461.0,0.8821907043457031,0.24254640936851501,0.9176823496818542,0.003142861183732748,-0.005519568920135498,0.0,0.4257380962371826,0.0,-0.4367772340774536,0.0,21.0,0.18007268142337643
trial_02,53.78134750900001,1.0,494.0,388.0,0.8760880827903748,0.2433156967163086,0.9267076849937439,0.002796516753733158,-0.006380245089530945,0.0,0.4255044162273407,0.0,-0.4382649064064026,0.0,21.0,0.16022860732653577
trial_02,54.042689809,1.0,428.0,490.0,0.8717696070671082,0.20502659678459167,0.9378339052200317,0.0028695971705019474,-0.005488738417625427,0.0,0.42694568634033203,0.0,-0.4379231631755829,0.0,21.0,0.16441580677244447
trial_02,54.301457265,1.0,509.0,380.0,0.8815382719039917,0.2406769096851349,0.9395563006401062,-0.001972752623260021,-0.004299551248550415,0.0,0.4276084303855896,0.0,-0.43620753288269043,0.0,21.0,-0.11303039933616094
trial_02,54.575905819000006,1.0,396.0,521.0,0.8697185516357422,0.1975131332874298,0.9391143321990967,0.00048150867223739624,-0.0039025843143463135,0.0,0.42731940746307373,0.0,-0.43512457609176636,0.0,20.0,0.027588414718150878
trial_02,54.833651049000004,1.0,494.0,432.0,0.8845393657684326,0.24783948063850403,0.944078803062439,0.0018707765266299248,-0.0031286925077438354,0.0,0.42762282490730286,0.0,-0.4338802099227905,0.0,21.0,0.10718759938803815
trial_02,55.090804435,1.0,439.0,541.0,0.8786156177520752,0.24623513221740723,0.9461310505867004,0.004502470605075359,-0.0029370486736297607,0.0,0.4274255037307739,0.0,-0.43329960107803345,0.0,21.0,0.25797256305253213
trial_02,55.356150908000004,1.0,561.0,474.0,0.8890160322189331,0.25069597363471985,0.9413507580757141,0.006093345582485199,-0.0030632615089416504,0.0,0.426688551902771,0.0,-0.4328150749206543,0.0,21.0,0.3491229849910861
trial_02,55.63588767900001,1.0,432.0,565.0,0.8873429894447327,0.2534337341785431,0.93647700548172,0.008302237838506699,-0.0021767020225524902,0.0,0.42761144042015076,0.0,-0.43196484446525574,0.0,20.0,0.47568318866024895
trial_02,55.892864725,1.0,495.0,383.0,0.8729679584503174,0.24032774567604065,0.9429029822349548,0.010927257128059864,-0.0018428564071655273,0.0,0.4274030923843384,0.0,-0.43108880519866943,0.0,20.0,0.6260857150920751
trial_02,56.154387364,1.0,390.0,475.0,0.8759334087371826,0.2581034004688263,0.9409290552139282,0.023599043488502502,-0.001373976469039917,0.0,0.42840883135795593,0.0,-0.43115678429603577,0.0,21.0,1.3521255924368805
trial_02,56.424898519,1.0,481.0,325.0,0.8720139265060425,0.25465017557144165,0.9320557713508606,0.023459183052182198,-0.0005501657724380493,0.0,0.427184134721756,0.0,-0.4282844662666321,0.0,19.0,1.3441121797148687
trial_02,56.689367581000006,1.0,370.0,415.0,0.8646486401557922,0.18190574645996094,0.935685932636261,0.022705202922225,-0.0005589574575424194,0.0,0.4254876375198364,0.0,-0.42660555243492126,0.0,21.0,1.300912300431596
trial_02,56.968980913,1.0,506.0,349.0,0.8683091998100281,0.2402304708957672,0.9411969780921936,0.02227531559765339,-7.137656211853027e-05,0.0,0.42532873153686523,0.0,-0.4254714846611023,0.0,20.0,1.2762815710674722
trial_02,57.21909189,1.0,395.0,431.0,0.8706793189048767,0.2082388699054718,0.9369310736656189,0.018604621291160583,0.0012750327587127686,0.0,0.42586082220077515,0.0,-0.4233107566833496,0.0,20.0,1.0659662794227338
trial_02,57.496592906000004,1.0,486.0,391.0,0.8813258409500122,0.24516722559928894,0.940395176410675,0.013958298601210117,0.0010243356227874756,0.0,0.42576420307159424,0.0,-0.4237155318260193,0.0,21.0,0.7997515990327003
trial_02,57.772704965,1.0,399.0,436.0,0.8634173274040222,0.20062047243118286,0.925570011138916,0.013354110531508923,0.000954359769821167,0.0,0.4239041805267334,0.0,-0.42199546098709106,0.0,19.0,0.7651341726066658
trial_02,58.044097488000006,1.0,492.0,329.0,0.8753097057342529,0.2215598225593567,0.9350272417068481,0.013838237151503563,0.0030721426010131836,0.0,0.42538774013519287,0.0,-0.4192434549331665,0.0,21.0,0.7928725846822925
trial_02,58.310076936,1.0,418.0,429.0,0.8688879609107971,0.248600572347641,0.9480018615722656,0.014214659109711647,0.005779176950454712,0.0,0.4286831021308899,0.0,-0.41712474822998047,0.0,19.0,0.8144399742036657
trial_02,58.580713215,1.0,482.0,344.0,0.8731476664543152,0.24508270621299744,0.9373078942298889,0.014484994113445282,0.008182138204574585,0.0,0.43181902170181274,0.0,-0.4154547452926636,0.0,21.0,0.8299290289722562
trial_02,58.845920702,1.0,405.0,493.0,0.8640450835227966,0.23642677068710327,0.9384545683860779,0.005949417129158974,0.008225008845329285,0.0,0.4332777261734009,0.0,-0.4168277084827423,0.0,19.0,0.3408764920636478
trial_02,59.100726644000005,1.0,479.0,351.0,0.8607413172721863,0.23479163646697998,0.9237288236618042,0.009072409942746162,0.009072825312614441,0.0,0.43476995825767517,0.0,-0.4166243076324463,0.0,21.0,0.5198107997318799
trial_02,59.361908671,1.0,407.0,424.0,0.8682330250740051,0.2093275785446167,0.9199565052986145,0.007579101249575615,0.010036945343017578,0.0,0.4371526837348938,0.0,-0.41707879304885864,0.0,20.0,0.43425051410301113
trial_02,59.635890092000004,1.0,478.0,377.0,0.8826448321342468,0.24013182520866394,0.9247561693191528,0.00040470692329108715,0.00780920684337616,0.0,0.43659496307373047,0.0,-0.42097654938697815,0.0,21.0,0.02318799864430405
trial_02,59.910422042,1.0,383.0,503.0,0.882440447807312,0.24472180008888245,0.935519278049469,0.003836668562144041,0.006494045257568359,0.0,0.4368175268173218,0.0,-0.42382943630218506,0.0,20.0,0.21982491600137957
trial_02,60.167418934000004,1.0,471.0,310.0,0.8831116557121277,0.24471411108970642,0.929873526096344,0.0012763321865350008,0.005850046873092651,0.0,0.436387300491333,0.0,-0.4246872067451477,0.0,21.0,0.07312844754515967
trial_02,60.445415134,1.0,382.0,493.0,0.8836619257926941,0.24538472294807434,0.9227752685546875,-0.0006577291060239077,0.005580499768257141,0.0,0.43653303384780884,0.0,-0.42537203431129456,0.0,21.0,-0.03768510183808256
trial_02,60.724784495,1.0,487.0,350.0,0.8697433471679688,0.24577811360359192,0.9442806243896484,-0.0019374864641577005,0.006600514054298401,0.0,0.43654245138168335,0.0,-0.42334142327308655,0.0,21.0,-0.11100979725996109
trial_02,60.98923031,1.0,369.0,493.0,0.8872548341751099,0.24400880932807922,0.9285226464271545,0.0021704111713916063,0.005089074373245239,0.0,0.43480384349823,0.0,-0.4246256947517395,0.0,21.0,0.12435539992878421
trial_02,61.248359118,1.0,492.0,402.0,0.8889567255973816,0.24561038613319397,0.9347746968269348,0.0003322996199131012,0.004782676696777344,0.0,0.4355020225048065,0.0,-0.42593666911125183,0.0,21.0,0.019039365754822107
trial_02,61.538492348000005,1.0,428.0,502.0,0.866149365901947,0.20114395022392273,0.9384640455245972,0.003943665884435177,0.003583073616027832,0.0,0.4344305396080017,0.0,-0.42726439237594604,0.0,20.0,0.22595541098786268
trial_02,61.811208267000005,1.0,533.0,427.0,0.8844236731529236,0.24643650650978088,0.9341962933540344,0.0068466030061244965,0.002249091863632202,0.0,0.4331136643886566,0.0,-0.4286154806613922,0.0,21.0,0.39228145625251576
trial_02,62.071173646000005,1.0,409.0,576.0,0.8890592455863953,0.23738989233970642,0.9384453892707825,0.00933166965842247,0.0021609216928482056,0.0,0.432951956987381,0.0,-0.42863011360168457,0.0,21.0,0.5346652872378941
trial_02,62.334703952000005,1.0,470.0,469.0,0.8879457116127014,0.2390671670436859,0.9312824010848999,0.005933056585490704,0.0025412440299987793,0.0,0.432600200176239,0.0,-0.42751771211624146,0.0,21.0,0.3399391019609164
trial_02,62.606193089,1.0,355.0,532.0,0.8874458074569702,0.252051442861557,0.9356616139411926,0.0038081970997154713,0.003876715898513794,0.0,0.4344770312309265,0.0,-0.4267235994338989,0.0,20.0,0.21819362136765721
trial_02,62.875131449,1.0,451.0,401.0,0.8850763440132141,0.25424739718437195,0.9181059002876282,0.002077782526612282,0.005281269550323486,0.0,0.43425577878952026,0.0,-0.4236932396888733,0.0,19.0,0.1190481695209124
trial_02,63.138707907000004,1.0,365.0,438.0,0.8708984851837158,0.25080880522727966,0.9374346137046814,0.0007791975513100624,0.006855905055999756,0.0,0.4340648055076599,0.0,-0.4203529953956604,0.0,21.0,0.04464473109699499
trial_02,63.408766355000004,1.0,469.0,358.0,0.8696520924568176,0.2496304214000702,0.9476340413093567,-0.00010482314974069595,0.008462667465209961,0.0,0.43352633714675903,0.0,-0.4166010022163391,0.0,20.0,-0.006005924075409728
trial_02,63.67557861900001,1.0,385.0,430.0,0.8651653528213501,0.18399953842163086,0.9298860430717468,-0.0006255442276597023,0.010805472731590271,0.0,0.43664631247520447,0.0,-0.4150353670120239,0.0,20.0,-0.035841044143671674
trial_02,63.94722067200001,1.0,484.0,353.0,0.866824746131897,0.24656245112419128,0.9436936974525452,-0.000856645405292511,0.012619361281394958,0.0,0.43843671679496765,0.0,-0.41319799423217773,0.0,21.0,-0.049082166262534754
trial_02,64.210173994,1.0,387.0,518.0,0.8654398322105408,0.18556377291679382,0.9186694025993347,-0.004869244061410427,0.010861307382583618,0.0,0.4375080466270447,0.0,-0.41578543186187744,0.0,20.0,-0.27898713413795734
trial_02,64.482512947,1.0,495.0,310.0,0.8700298070907593,0.21369102597236633,0.9399053454399109,-0.015441486611962318,0.01140660047531128,0.0,0.43620675802230835,0.0,-0.4133935570716858,0.0,21.0,-0.8847320122732055
trial_02,64.750315017,1.0,398.0,422.0,0.878125786781311,0.24907764792442322,0.9338578581809998,-0.012986612506210804,0.009780243039131165,0.0,0.4332142174243927,0.0,-0.41365373134613037,0.0,19.0,-0.7440780867776917
trial_02,65.010877898,1.0,499.0,338.0,0.8770809173583984,0.24813708662986755,0.9436686635017395,-0.011714030057191849,0.01088649034500122,0.0,0.4334951639175415,0.0,-0.41172218322753906,0.0,21.0,-0.6711644833664833
trial_02,65.272308882,1.0,401.0,423.0,0.8688583374023438,0.21576562523841858,0.9409781098365784,-0.011612020432949066,0.007723584771156311,0.0,0.43126964569091797,0.0,-0.41582247614860535,0.0,21.0,-0.6653197624276564
trial_02,65.549506155,1.0,513.0,337.0,0.8579418659210205,0.23688346147537231,0.9285072088241577,-0.017410140484571457,0.00662916898727417,0.0,0.4315493106842041,0.0,-0.41829097270965576,0.0,20.0,-0.9975275704957944
trial_02,65.83357932300001,1.0,414.0,412.0,0.8726171851158142,0.24529126286506653,0.9352787733078003,-0.017292359843850136,0.005508199334144592,0.0,0.43147334456443787,0.0,-0.4204569458961487,0.0,21.0,-0.9907792368741161
trial_02,66.086729631,1.0,485.0,366.0,0.879431962966919,0.2405267059803009,0.9232874512672424,-0.027684517204761505,0.004290133714675903,0.0,0.4325910806655884,0.0,-0.4240108132362366,0.0,21.0,-1.5862059936901494
trial_02,66.340817145,1.0,410.0,467.0,0.877336859703064,0.2445271909236908,0.9351686835289001,-0.025517210364341736,0.004725739359855652,0.0,0.4347548484802246,0.0,-0.4253033697605133,0.0,20.0,-1.4620284588242631
trial_02,66.61153856700001,1.0,508.0,366.0,0.8765273094177246,0.23388886451721191,0.9185996055603027,-0.023779205977916718,0.003277331590652466,0.0,0.43416351079940796,0.0,-0.427608847618103,0.0,20.0,-1.3624481427068853
trial_02,66.88556848600001,1.0,401.0,490.0,0.8836827278137207,0.23333635926246643,0.931668221950531,-0.02242577262222767,0.0028600692749023438,0.0,0.4344062805175781,0.0,-0.42868614196777344,0.0,20.0,-1.2849021235736746
trial_02,67.144578718,1.0,498.0,396.0,0.8834325075149536,0.2414996325969696,0.937238872051239,-0.0169842466711998,0.00033836066722869873,0.0,0.4318956434726715,0.0,-0.4312189221382141,0.0,21.0,-0.9731256524688661
trial_02,67.41385776700001,1.0,409.0,524.0,0.8761484026908875,0.20546859502792358,0.9339256286621094,-0.017944011837244034,-0.0012142956256866455,0.0,0.4297630786895752,0.0,-0.4321916699409485,0.0,21.0,-1.0281161458068735
trial_02,67.680070562,1.0,511.0,438.0,0.884158730506897,0.24453869462013245,0.9406471252441406,-0.013059966266155243,-0.0032542645931243896,0.0,0.42727118730545044,0.0,-0.4337797164916992,0.0,21.0,-0.7482809476339238
trial_02,67.952489443,1.0,400.0,534.0,0.8843437433242798,0.24434730410575867,0.9348985552787781,-0.015235228464007378,-0.004383087158203125,0.0,0.4265820384025574,0.0,-0.4353482127189636,0.0,21.0,-0.8729142909052026
trial_02,68.21072675,1.0,506.0,444.0,0.9014280438423157,0.24528935551643372,0.9275899529457092,-0.015444546937942505,-0.005944833159446716,0.0,0.4245716333389282,0.0,-0.43646129965782166,0.0,21.0,-0.8849073560358045
trial_02,68.484398852,1.0,445.0,494.0,0.8903647065162659,0.2399134337902069,0.9361578822135925,-0.02163616195321083,-0.0039717406034469604,0.0,0.4259319007396698,0.0,-0.4338753819465637,0.0,21.0,-1.2396607647805082
trial_02,68.748150773,1.0,544.0,376.0,0.8882586359977722,0.23923131823539734,0.9386473298072815,-0.008579210378229618,-0.004425659775733948,0.0,0.4249114990234375,0.0,-0.4337628185749054,0.0,20.0,-0.4915525462273918
trial_02,69.013409194,1.0,485.0,401.0,0.8690388798713684,0.16218087077140808,0.9349068403244019,-0.00616091163828969,-0.0029266178607940674,0.0,0.42599761486053467,0.0,-0.4318508505821228,0.0,20.0,-0.35299423482702885
trial_02,69.27017867,1.0,550.0,305.0,0.8766711354255676,0.2534865736961365,0.9398056864738464,-0.005331157706677914,-0.0024508386850357056,0.0,0.42555662989616394,0.0,-0.43045830726623535,0.0,20.0,-0.30545283651128735
trial_02,69.56640042400001,1.0,423.0,410.0,0.8736279010772705,0.2355310320854187,0.9278615117073059,-0.004560460336506367,-0.002660512924194336,0.0,0.4243495464324951,0.0,-0.4296705722808838,0.0,21.0,-0.261295129918626
trial_02,69.831912927,1.0,533.0,317.0,0.8783828020095825,0.2476671040058136,0.9221179485321045,-0.004742109216749668,-0.002689540386199951,0.0,0.422489732503891,0.0,-0.4278688132762909,0.0,21.0,-0.2717028441098445
trial_02,70.08455876000001,1.0,417.0,410.0,0.8797397613525391,0.24517223238945007,0.9271320104598999,-0.004902992397546768,-0.0027540773153305054,0.0,0.42204174399375916,0.0,-0.42754989862442017,0.0,20.0,-0.2809207713641585
trial_02,70.356433025,1.0,506.0,342.0,0.873776912689209,0.23545685410499573,0.927170991897583,-0.005111481063067913,-0.0031079351902008057,0.0,0.4212031364440918,0.0,-0.4274190068244934,0.0,20.0,-0.29286629197483477
trial_02,70.62498419,1.0,405.0,415.0,0.8751050233840942,0.24773260951042175,0.9406788349151611,-0.005442989058792591,-0.003892242908477783,0.0,0.41928917169570923,0.0,-0.4270736575126648,0.0,21.0,-0.3118603010046998
trial_02,70.87896370600001,1.0,489.0,343.0,0.8811449408531189,0.25342318415641785,0.9346786737442017,-0.005955398082733154,-0.005802512168884277,0.0,0.4192599654197693,0.0,-0.43086498975753784,0.0,20.0,-0.341219175460912
trial_02,71.14007186500001,1.0,406.0,431.0,0.8639127016067505,0.225723534822464,0.9339991211891174,-0.006194424815475941,-0.006048873066902161,0.0,0.4169164001941681,0.0,-0.4290141463279724,0.0,20.0,-0.35491439843787514
trial_02,71.406018018,1.0,502.0,321.0,0.8833925127983093,0.24558690190315247,0.9362378716468811,-0.005301469936966896,-0.005675137042999268,0.0,0.4156716465950012,0.0,-0.42702192068099976,0.0,19.0,-0.3037518526036897
trial_02,71.67460524900001,1.0,408.0,413.0,0.8744433522224426,0.20698687434196472,0.9354506134986877,-0.003553261049091816,-0.005306065082550049,0.0,0.41613540053367615,0.0,-0.42674753069877625,0.0,21.0,-0.20358686162118828
trial_02,71.952413155,1.0,479.0,348.0,0.872834324836731,0.2412073314189911,0.938056230545044,-0.004180467687547207,-0.004149883985519409,0.0,0.4175294041633606,0.0,-0.4258291721343994,0.0,21.0,-0.23952315488726988
trial_02,72.215473257,1.0,408.0,419.0,0.8514935374259949,0.17245206236839294,0.9315575361251831,-0.0045234039425849915,-0.004547178745269775,0.0,0.4169665575027466,0.0,-0.42606091499328613,0.0,21.0,-0.259171954942957
trial_02,72.500074904,1.0,494.0,338.0,0.8655263185501099,0.22956189513206482,0.9170958995819092,-0.004586007446050644,-0.004631176590919495,0.0,0.41876447200775146,0.0,-0.42802682518959045,0.0,19.0,-0.26275887147427146
trial_02,72.773255472,1.0,406.0,388.0,0.8735426068305969,0.24497851729393005,0.9213407635688782,-0.0018672812730073929,-0.004668116569519043,0.0,0.42149055004119873,0.0,-0.4308267831802368,0.0,21.0,-0.10698733610713926
trial_02,73.042256556,1.0,503.0,382.0,0.8881398439407349,0.2450837790966034,0.9278632402420044,-0.0027438001707196236,-0.0074251145124435425,0.0,0.4218110144138336,0.0,-0.4366612434387207,0.0,20.0,-0.15720816960950917
trial_02,73.300323609,1.0,405.0,410.0,0.8704802989959717,0.23969998955726624,0.9318885803222656,-0.0030764006078243256,-0.006675988435745239,0.0,0.42437008023262024,0.0,-0.4377220571041107,0.0,20.0,-0.176264770919815
trial_02,73.58258082,1.0,481.0,325.0,0.8878024220466614,0.24075260758399963,0.9232346415519714,0.0014362875372171402,-0.007185742259025574,0.0,0.4242495596408844,0.0,-0.43862104415893555,0.0,19.0,0.08229321404978128
trial_02,73.856463526,1.0,381.0,474.0,0.8846078515052795,0.23786917328834534,0.9249746203422546,0.0007275966927409172,-0.008240565657615662,0.0,0.4242933988571167,0.0,-0.440774530172348,0.0,21.0,0.041688219681731496
trial_02,74.11235557100001,1.0,488.0,386.0,0.8860877752304077,0.24250465631484985,0.927334725856781,0.001439482904970646,-0.009154260158538818,0.0,0.4241907000541687,0.0,-0.44249922037124634,0.0,19.0,0.08247629513604936
trial_02,74.377062744,1.0,366.0,482.0,0.8807717561721802,0.24422436952590942,0.9200013279914856,0.0005452362820506096,-0.010065674781799316,0.0,0.4233722686767578,0.0,-0.44350361824035645,0.0,20.0,0.03123973779890449
trial_02,74.644480848,1.0,491.0,409.0,0.8898455500602722,0.2449815571308136,0.9225675463676453,0.006710899993777275,-0.010839387774467468,0.0,0.42319175601005554,0.0,-0.4448705315589905,0.0,20.0,0.3845062463778083
trial_02,74.915268958,1.0,392.0,501.0,0.8866970539093018,0.2375068962574005,0.929672122001648,0.000754401320591569,-0.009559482336044312,0.0,0.42463624477386475,0.0,-0.44375520944595337,0.0,21.0,0.043224011728992665
trial_02,75.16967656300001,1.0,486.0,390.0,0.8884681463241577,0.23791751265525818,0.925160825252533,0.009213754907250404,-0.009912565350532532,0.0,0.42449432611465454,0.0,-0.4443194568157196,0.0,21.0,0.5279092696533995
trial_02,75.436698124,1.0,394.0,497.0,0.8909435272216797,0.24048671126365662,0.941280722618103,0.013606322929263115,-0.007261320948600769,0.0,0.42733344435691833,0.0,-0.4418560862541199,0.0,21.0,0.7795848785388558
trial_02,75.70679120700001,1.0,516.0,429.0,0.8728975653648376,0.19139733910560608,0.9317712187767029,0.015452909283339977,-0.006582304835319519,0.0,0.4269956350326538,0.0,-0.44016024470329285,0.0,20.0,0.8853864831339103
trial_02,75.99098768900001,1.0,428.0,540.0,0.8859814405441284,0.20980802178382874,0.9324653148651123,0.017461635172367096,-0.004583016037940979,0.0,0.4289150834083557,0.0,-0.43808111548423767,0.0,20.0,1.0004779987738284
trial_02,76.250211424,1.0,493.0,459.0,0.8854742646217346,0.1988091766834259,0.9297230839729309,0.019602295011281967,-0.003661230206489563,0.0,0.4287373423576355,0.0,-0.4360598027706146,0.0,20.0,1.1231287729168051
trial_02,76.532370625,1.0,359.0,580.0,0.8646718859672546,0.19939395785331726,0.9308851957321167,0.022125624120235443,-0.0024901926517486572,0.0,0.4288475513458252,0.0,-0.4338279366493225,0.0,21.0,1.267704881182346
trial_02,76.80348336200001,1.0,467.0,448.0,0.8797281980514526,0.250836044549942,0.932468056678772,0.023496653884649277,-0.002406775951385498,0.0,0.4280633330345154,0.0,-0.4328768849372864,0.0,21.0,1.3462591002700741
trial_02,77.06325209500001,1.0,374.0,491.0,0.8979501128196716,0.26057860255241394,0.9277390837669373,0.01897285506129265,-0.0010311305522918701,0.0,0.4292643368244171,0.0,-0.43132659792900085,0.0,21.0,1.0870645203254916
trial_02,77.31770239400001,1.0,439.0,385.0,0.882024884223938,0.20182442665100098,0.9186415076255798,0.02078833431005478,-0.00026419758796691895,0.0,0.4287460744380951,0.0,-0.42927446961402893,0.0,21.0,1.191083819073143
trial_02,77.60043740900001,1.0,359.0,419.0,0.8839909434318542,0.2536322772502899,0.9261935353279114,0.023072417825460434,0.0020657628774642944,0.0,0.43034180998802185,0.0,-0.42621028423309326,0.0,21.0,1.3219521645612913
trial_02,77.869694421,1.0,487.0,311.0,0.8880339860916138,0.2542601525783539,0.9246220588684082,0.0241299569606781,0.003937870264053345,0.0,0.4311920702457428,0.0,-0.4233163297176361,0.0,21.0,1.3825446936791785
trial_02,78.13987710800001,1.0,385.0,432.0,0.8701714873313904,0.1994430422782898,0.9311533570289612,0.02139742486178875,0.005331650376319885,0.0,0.43272823095321655,0.0,-0.4220649302005768,0.0,21.0,1.2259821370287942
trial_02,78.40241590000001,1.0,502.0,359.0,0.8739404082298279,0.2548980414867401,0.9419077634811401,0.013437366113066673,0.007380098104476929,0.0,0.4346771836280823,0.0,-0.4199169874191284,0.0,19.0,0.7699043660508321
trial_02,78.679627431,1.0,389.0,423.0,0.8659721612930298,0.2089519202709198,0.9281373023986816,0.009830104187130928,0.00858066976070404,0.0,0.4362575113773346,0.0,-0.4190961718559265,0.0,21.0,0.563223482096481
trial_02,78.938777032,1.0,501.0,333.0,0.879190981388092,0.25426986813545227,0.9397991895675659,0.010070906020700932,0.009113475680351257,0.0,0.4358658194541931,0.0,-0.4176388680934906,0.0,21.0,0.5770204108590539
trial_02,79.21108863,1.0,383.0,454.0,0.8846941590309143,0.2428199052810669,0.9277251958847046,0.00023074541240930557,0.00842200219631195,0.0,0.43339189887046814,0.0,-0.41654789447784424,0.0,20.0,0.013220738273058821
trial_02,79.48086440600001,1.0,475.0,308.0,0.8626276850700378,0.17531195282936096,0.9129562377929688,0.0009345784783363342,0.009413480758666992,0.0,0.4347214996814728,0.0,-0.4158945381641388,0.0,21.0,0.05354740243243059
trial_02,79.74959788700001,1.0,408.0,429.0,0.8815118670463562,0.2501504719257355,0.9394822716712952,0.0012553948909044266,0.009238854050636292,0.0,0.4340916574001312,0.0,-0.41561394929885864,0.0,21.0,0.07192882887111006
trial_02,80.0190822,1.0,500.0,345.0,0.88060462474823,0.25014907121658325,0.9419882893562317,-0.006748020648956299,0.010681211948394775,0.0,0.4354246258735657,0.0,-0.4140622019767761,0.0,21.0,-0.3866331032523268
trial_02,80.2845571,1.0,406.0,421.0,0.8672102093696594,0.22351357340812683,0.9352940917015076,-0.008624106645584106,0.00980299711227417,0.0,0.435217946767807,0.0,-0.41561195254325867,0.0,19.0,-0.49412491286269494
trial_02,80.563793335,1.0,509.0,328.0,0.8776399493217468,0.24849608540534973,0.9199963808059692,-0.008466186001896858,0.008762851357460022,0.0,0.4358534514904022,0.0,-0.4183277487754822,0.0,20.0,-0.48507672648142636
trial_02,80.84133667200001,1.0,426.0,412.0,0.8706276416778564,0.2454758584499359,0.9321245551109314,-0.003254433861002326,0.007279723882675171,0.0,0.4359138607978821,0.0,-0.42135441303253174,0.0,21.0,-0.18646532493989848
trial_02,81.14343642,1.0,489.0,325.0,0.8864123821258545,0.24808108806610107,0.9305265545845032,0.00036277214530855417,0.0052656084299087524,0.0,0.43572404980659485,0.0,-0.42519283294677734,0.0,21.0,0.02078531285108678
trial_02,81.418254759,1.0,415.0,459.0,0.8956506848335266,0.24615666270256042,0.9350277781486511,-0.006568373180925846,0.0054798424243927,0.0,0.43765777349472046,0.0,-0.42669808864593506,0.0,20.0,-0.3763400615339705
trial_02,81.683023903,1.0,511.0,367.0,0.8898459672927856,0.24584326148033142,0.9296847581863403,-0.0017661857418715954,0.0036663860082626343,0.0,0.437155544757843,0.0,-0.42982277274131775,0.0,21.0,-0.10119498884542466
trial_02,81.95278769000001,1.0,405.0,473.0,0.8847220540046692,0.2423224151134491,0.9413349628448486,-0.0030963721219450235,0.0031413882970809937,0.0,0.43669360876083374,0.0,-0.43041083216667175,0.0,20.0,-0.17740905438941693
trial_02,82.21942927,1.0,492.0,328.0,0.8785876035690308,0.24234738945960999,0.9413472414016724,0.0008576689288020134,0.002876788377761841,0.0,0.43553727865219116,0.0,-0.4297837018966675,0.0,21.0,0.04914080983986166
trial_02,82.491884514,1.0,401.0,517.0,0.8767200708389282,0.21992844343185425,0.9380055665969849,-0.0009763101115822792,0.0024047046899795532,0.0,0.43510642647743225,0.0,-0.43029701709747314,0.0,21.0,-0.05593844888961107
trial_02,82.75490711200001,1.0,506.0,471.0,0.8934508562088013,0.24935701489448547,0.9390175342559814,-0.0023365113884210587,0.0018840879201889038,0.0,0.4347062110900879,0.0,-0.4309380352497101,0.0,21.0,-0.13387224134077882
trial_02,83.02133263600001,1.0,463.0,531.0,0.8975539207458496,0.2525871694087982,0.9350810050964355,-0.003216731594875455,0.001229017972946167,0.0,0.4331536591053009,0.0,-0.43069562315940857,0.0,21.0,-0.1843051442127497
trial_02,83.28533693600001,1.0,536.0,371.0,0.8823531866073608,0.2476036250591278,0.9411102533340454,-0.00371496076695621,0.0013872087001800537,0.0,0.43285226821899414,0.0,-0.43007785081863403,0.0,19.0,-0.21285157300327423
trial_02,83.57356928,1.0,416.0,413.0,0.8842239379882812,0.24507787823677063,0.9227057695388794,-0.0039054248481988907,0.0030738413333892822,0.0,0.4336431622505188,0.0,-0.42749547958374023,0.0,21.0,-0.22376436100731664
trial_02,83.830740484,1.0,492.0,306.0,0.8681904673576355,0.23216453194618225,0.9220535755157471,0.0011002253741025925,0.003471940755844116,0.0,0.4326935112476349,0.0,-0.42574962973594666,0.0,21.0,0.06303827044928065
trial_02,84.108834481,1.0,398.0,409.0,0.8709418773651123,0.1815173625946045,0.9129118323326111,-2.0568259060382843e-06,0.003984615206718445,0.0,0.4321229159832001,0.0,-0.4241536855697632,0.0,21.0,-0.00011784744360916531
trial_02,84.36297518800001,1.0,484.0,311.0,0.8820339441299438,0.25303593277931213,0.9172112345695496,-0.0008035949431359768,0.006695777177810669,0.0,0.4339904189109802,0.0,-0.4205988645553589,0.0,20.0,-0.04604259867974685
trial_02,84.653677473,1.0,405.0,493.0,0.8918169140815735,0.25387492775917053,0.9370700120925903,-0.0015368768945336342,0.005353063344955444,0.0,0.432684063911438,0.0,-0.4219779372215271,0.0,19.0,-0.08805655968794977
trial_02,84.92382809300001,1.0,507.0,347.0,0.8720557689666748,0.24552449584007263,0.935012936592102,-0.0016973377205431461,0.0071191489696502686,0.0,0.43380939960479736,0.0,-0.4195711016654968,0.0,19.0,-0.09725028779547784
trial_02,85.19033990300001,1.0,430.0,419.0,0.8657971620559692,0.1754678189754486,0.9247725605964661,-0.001871377695351839,0.006790071725845337,0.0,0.4319203495979309,0.0,-0.41834020614624023,0.0,21.0,-0.10722204381857911
trial_02,85.44100493,1.0,511.0,403.0,0.8851054310798645,0.24546942114830017,0.9278500080108643,-0.0019550547003746033,0.006770193576812744,0.0,0.4337249994277954,0.0,-0.4201846122741699,0.0,21.0,-0.11201638304867849
trial_02,85.71521491,1.0,405.0,414.0,0.8814810514450073,0.24933072924613953,0.9333271980285645,0.002904385793954134,0.0083484947681427,0.0,0.4364050626754761,0.0,-0.4197080731391907,0.0,21.0,0.16640904807132462
trial_02,85.978440707,1.0,508.0,300.0,0.8882257342338562,0.24740710854530334,0.9379138946533203,0.006731607019901276,0.008015111088752747,0.0,0.43638062477111816,0.0,-0.42035040259361267,0.0,21.0,0.38569267158098064
trial_02,86.245177193,1.0,398.0,430.0,0.8824083209037781,0.24674567580223083,0.9362114667892456,0.005634570959955454,0.007342204451560974,0.0,0.4376634657382965,0.0,-0.42297905683517456,0.0,21.0,0.3228371353724243
trial_02,86.52295772100001,1.0,474.0,334.0,0.8839473724365234,0.2451936900615692,0.9329086542129517,0.00294837006367743,0.006477266550064087,0.0,0.43789196014404297,0.0,-0.4249374270439148,0.0,21.0,0.16892916109143452
trial_02,86.79443048200001,1.0,397.0,463.0,0.8844847083091736,0.23722946643829346,0.9178983569145203,0.004139296244829893,0.004354760050773621,0.0,0.436934232711792,0.0,-0.42822471261024475,0.0,21.0,0.23716420498310317
trial_02,87.04929535000001,1.0,501.0,350.0,0.8721396923065186,0.24209466576576233,0.9308257102966309,0.006594313308596611,0.0031954944133758545,0.0,0.4358097314834595,0.0,-0.42941874265670776,0.0,21.0,0.3778263213695358
trial_02,87.32457011000001,1.0,411.0,472.0,0.8755313158035278,0.24393823742866516,0.9349839091300964,0.0033811377361416817,0.0019235014915466309,0.0,0.4350516200065613,0.0,-0.431204617023468,0.0,19.0,0.19372492223333612
trial_02,87.612982316,1.0,508.0,395.0,0.8892518281936646,0.24684739112854004,0.9281020164489746,0.0010176545474678278,0.0016529262065887451,0.0,0.4357640743255615,0.0,-0.43245822191238403,0.0,21.0,0.05830731057220223
trial_02,87.876528104,1.0,394.0,498.0,0.8889869451522827,0.247854083776474,0.9306672215461731,-0.0055450815707445145,0.0036605149507522583,0.0,0.43848320841789246,0.0,-0.43116217851638794,0.0,20.0,-0.3177097710594339
trial_02,88.182968442,1.0,476.0,381.0,0.8925999402999878,0.2387407422065735,0.9257966876029968,-0.00041124550625681877,0.003121018409729004,0.0,0.4379175901412964,0.0,-0.4316755533218384,0.0,21.0,-0.023562631852236605
trial_02,88.44993476100001,1.0,447.0,536.0,0.8917583227157593,0.2513437271118164,0.9428133964538574,0.003627619706094265,0.0037703216075897217,0.0,0.4385812282562256,0.0,-0.43104058504104614,0.0,20.0,0.20784729883768951
trial_02,88.712245925,1.0,524.0,466.0,0.8780547380447388,0.24824348092079163,0.9464077949523926,0.0016173231415450573,0.0031144917011260986,0.0,0.43637317419052124,0.0,-0.43014419078826904,0.0,20.0,0.09266579011937123
trial_02,88.974852893,1.0,407.0,567.0,0.8688621520996094,0.1869361400604248,0.9358873963356018,0.00019406341016292572,0.0031175464391708374,0.0,0.435634583234787,0.0,-0.4293994903564453,0.0,21.0,0.011119014360251851
trial_02,89.234783355,1.0,498.0,449.0,0.8876168131828308,0.23849475383758545,0.9284085035324097,-0.0007199877873063087,0.004216134548187256,0.0,0.4366995096206665,0.0,-0.428267240524292,0.0,19.0,-0.041252261513614275
trial_02,89.511786975,1.0,370.0,512.0,0.8936715126037598,0.25183185935020447,0.9393036365509033,-0.0016310829669237137,0.004259094595909119,0.0,0.43634095788002014,0.0,-0.4278227686882019,0.0,20.0,-0.09345417004040525
trial_02,89.78281691500001,1.0,485.0,417.0,0.8968122601509094,0.2628333866596222,0.9385703802108765,-0.001812513917684555,0.0049789100885391235,0.0,0.43676820397377014,0.0,-0.4268103837966919,0.0,21.0,-0.10384939779204731
trial_02,90.05336379500001,1.0,380.0,502.0,0.8786166310310364,0.18803241848945618,0.931563138961792,0.0026918072253465652,0.0038234293460845947,0.0,0.43565696477890015,0.0,-0.42801010608673096,0.0,21.0,0.1542291932751787
trial_02,90.315378595,1.0,471.0,313.0,0.8615639805793762,0.18147385120391846,0.921563446521759,0.0014744452200829983,0.005322515964508057,0.0,0.43579185009002686,0.0,-0.42514681816101074,0.0,20.0,0.08447948823399361
trial_02,90.604803187,1.0,402.0,495.0,0.8735412359237671,0.2012740969657898,0.9232383966445923,0.00020914990454912186,0.003477051854133606,0.0,0.43328773975372314,0.0,-0.42633363604545593,0.0,21.0,0.0119834068162287
trial_02,90.867543239,1.0,497.0,314.0,0.865091860294342,0.17257633805274963,0.9194886088371277,0.002668806817382574,0.004874303936958313,0.0,0.4331200420856476,0.0,-0.42337143421173096,0.0,21.0,0.1529113669717629
trial_02,91.128686579,1.0,416.0,425.0,0.8917929530143738,0.25386765599250793,0.9377947449684143,0.0009145643562078476,0.006279453635215759,0.0,0.43441444635391235,0.0,-0.42185553908348083,0.0,21.0,0.05240067770380892
trial_02,91.38788170900001,1.0,490.0,358.0,0.8799170255661011,0.254607230424881,0.9366635680198669,0.0022301836870610714,0.007705658674240112,0.0,0.43465834856033325,0.0,-0.419247031211853,0.0,20.0,0.12778011280752413
trial_02,91.673248795,1.0,399.0,421.0,0.8652161359786987,0.17434486746788025,0.9299821257591248,-0.0006203055381774902,0.007041797041893005,0.0,0.43344441056251526,0.0,-0.41936081647872925,0.0,20.0,-0.03554088934616135
trial_02,91.94274420400001,1.0,511.0,351.0,0.8651965260505676,0.2171231210231781,0.9285179972648621,-0.002951947506517172,0.008074074983596802,0.0,0.4342983365058899,0.0,-0.4181501865386963,0.0,21.0,-0.16913413346760103
trial_02,92.217582785,1.0,420.0,419.0,0.8902360200881958,0.2537141442298889,0.9231857061386108,-0.0063703921623528,0.007817640900611877,0.0,0.43469181656837463,0.0,-0.4190565347671509,0.0,21.0,-0.3649965847460338
trial_02,92.48816623,1.0,507.0,329.0,0.8810703754425049,0.20102006196975708,0.9323984980583191,-0.011490900069475174,0.007029905915260315,0.0,0.4343690872192383,0.0,-0.42030927538871765,0.0,21.0,-0.6583800767875119
trial_02,92.75471942300001,1.0,404.0,486.0,0.8827689290046692,0.25134745240211487,0.9259671568870544,-0.010328658856451511,0.0034225434064865112,0.0,0.4340090751647949,0.0,-0.4271639883518219,0.0,21.0,-0.5917885605050908
trial_02,93.01858292300001,1.0,509.0,321.0,0.883760929107666,0.248477041721344,0.9389825463294983,-0.015093253925442696,0.002499788999557495,0.0,0.4344279170036316,0.0,-0.4294283390045166,0.0,21.0,-0.864779749047129
trial_02,93.27750443800001,1.0,387.0,404.0,0.8684336543083191,0.18187645077705383,0.9380343556404114,-0.01429644413292408,0.0009525418281555176,0.0,0.43425071239471436,0.0,-0.4323456287384033,0.0,19.0,-0.8191259108611175
trial_02,93.55853788600001,1.0,510.0,321.0,0.8643409013748169,0.2467578649520874,0.9373722076416016,-0.018746815621852875,0.001789867877960205,0.0,0.43546903133392334,0.0,-0.43188929557800293,0.0,21.0,-1.0741134144420896
trial_02,93.82027442500001,1.0,397.0,471.0,0.8773444294929504,0.24597996473312378,0.9332844614982605,-0.026928342878818512,0.0014198124408721924,0.0,0.4365385174751282,0.0,-0.4336988925933838,0.0,20.0,-1.542880396237466
trial_02,94.093596836,1.0,496.0,375.0,0.8825665712356567,0.24329805374145508,0.9342311024665833,-0.01843060553073883,-0.00044673681259155273,0.0,0.43588095903396606,0.0,-0.43677443265914917,0.0,21.0,-1.0559959107818075
trial_02,94.354826579,1.0,420.0,496.0,0.8931621313095093,0.24279406666755676,0.9427750706672668,-0.016811363399028778,-0.0016338974237442017,0.0,0.43585166335105896,0.0,-0.43911945819854736,0.0,21.0,-0.963220170625055
trial_02,94.646454008,1.0,538.0,388.0,0.8902153968811035,0.24092969298362732,0.9401770234107971,-0.015536453574895859,-0.00391744077205658,0.0,0.43429943919181824,0.0,-0.4421343207359314,0.0,21.0,-0.8901732184424728
trial_02,94.905997802,1.0,405.0,505.0,0.8948542475700378,0.249575674533844,0.9449297785758972,-0.0143108069896698,-0.004809901118278503,0.0,0.4340192675590515,0.0,-0.4436390697956085,0.0,20.0,-0.8199488419343982
trial_02,95.170765368,1.0,508.0,400.0,0.8942311406135559,0.2506248354911804,0.9454182386398315,-0.014001556672155857,-0.006028160452842712,0.0,0.4326914846897125,0.0,-0.44474780559539795,0.0,21.0,-0.8022301039277686
trial_02,95.433094067,1.0,403.0,549.0,0.8875995874404907,0.25163236260414124,0.9445844292640686,-0.004915748722851276,-0.007655471563339233,0.0,0.43025141954421997,0.0,-0.44556236267089844,0.0,19.0,-0.28165165496620276
trial_02,95.70301110700001,1.0,519.0,441.0,0.895724892616272,0.2497267723083496,0.9419693946838379,-0.00480257673189044,-0.007455974817276001,0.0,0.43016815185546875,0.0,-0.44508010149002075,0.0,21.0,-0.2751673775250541
trial_02,95.97076036,1.0,441.0,541.0,0.8940569758415222,0.25473013520240784,0.9458058476448059,-0.0032207509502768517,-0.007584810256958008,0.0,0.4299781322479248,0.0,-0.4451477527618408,0.0,21.0,-0.18453543631361286
trial_02,96.25489069000001,1.0,590.0,439.0,0.8899152874946594,0.25026240944862366,0.9442497491836548,-0.006567747797816992,-0.007571965456008911,0.0,0.429599791765213,0.0,-0.44474372267723083,0.0,20.0,-0.3763042297212543
trial_02,96.523568415,1.0,450.0,511.0,0.8862282633781433,0.24286314845085144,0.9402448534965515,-0.004445937927812338,-0.007930055260658264,0.0,0.42835286259651184,0.0,-0.44421297311782837,0.0,21.0,-0.2547334792407858
trial_02,96.788067704,1.0,520.0,348.0,0.8804667592048645,0.23577246069908142,0.9463689923286438,-0.0047816620208323,-0.007606402039527893,0.0,0.4283270835876465,0.0,-0.44353988766670227,0.0,21.0,-0.2739690528516871
trial_02,97.062454875,1.0,412.0,404.0,0.8822870850563049,0.252297967672348,0.9332047700881958,0.0007455945014953613,-0.006724432110786438,0.0,0.4280994236469269,0.0,-0.44154828786849976,0.0,20.0,0.04271941816384475
trial_02,97.32420414100001,1.0,499.0,304.0,0.876128077507019,0.23293045163154602,0.9218441247940063,0.0023466891143471003,-0.006550192832946777,0.0,0.42706674337387085,0.0,-0.4401671290397644,0.0,21.0,0.13445538208138189
trial_02,97.614651859,1.0,409.0,418.0,0.8858153820037842,0.2596933841705322,0.9295986890792847,0.003600486321374774,-0.006076157093048096,0.0,0.42750847339630127,0.0,-0.43966078758239746,0.0,21.0,0.20629267040935792
trial_02,97.877664607,1.0,486.0,313.0,0.8728834986686707,0.20108619332313538,0.9287018775939941,0.0044595059007406235,-0.005553826689720154,0.0,0.42738285660743713,0.0,-0.43849050998687744,0.0,21.0,0.25551086682612434
trial_02,98.147821195,1.0,389.0,485.0,0.8734644651412964,0.19073694944381714,0.9336764812469482,0.004980954807251692,-0.007489323616027832,0.0,0.42499470710754395,0.0,-0.4399733543395996,0.0,21.0,0.2853876884009204
trial_02,98.412512191,1.0,538.0,324.0,0.8675662279129028,0.17645522952079773,0.9289984703063965,0.0055384947918355465,-0.006924271583557129,0.0,0.4241991639137268,0.0,-0.43804770708084106,0.0,21.0,0.3173323764273642
trial_02,98.685339541,1.0,395.0,420.0,0.862237811088562,0.20369085669517517,0.9262890815734863,0.0009619875345379114,-0.006667152047157288,0.0,0.4228367805480957,0.0,-0.4361710846424103,0.0,21.0,0.05511782567321784
trial_02,98.94656501300001,1.0,512.0,326.0,0.8928406238555908,0.2614348232746124,0.9415258765220642,0.0032583451829850674,-0.006465092301368713,0.0,0.42288851737976074,0.0,-0.43581870198249817,0.0,21.0,0.1866894271818263
trial_02,99.207360855,1.0,414.0,423.0,0.8835201263427734,0.2551500201225281,0.9470213055610657,0.003908648621290922,-0.006038174033164978,0.0,0.4228193163871765,0.0,-0.43489566445350647,0.0,21.0,0.22394906959959787
trial_02,99.46728861700001,1.0,530.0,321.0,0.8658064603805542,0.21125605702400208,0.9411916136741638,0.004550209268927574,-0.0047204941511154175,0.0,0.42353588342666626,0.0,-0.4329768717288971,0.0,21.0,0.2607077870108578
trial_02,99.73569755300001,1.0,409.0,415.0,0.8785064220428467,0.2540654242038727,0.9394811987876892,-8.22592992335558e-05,-0.003721386194229126,0.0,0.4244646430015564,0.0,-0.43190741539001465,0.0,21.0,-0.004713110671786474
trial_02,100.000129591,1.0,524.0,362.0,0.8783408403396606,0.25450971722602844,0.9398019909858704,0.0016030850820243359,-0.003160253167152405,0.0,0.4256160259246826,0.0,-0.4319365322589874,0.0,20.0,0.09185000940037784
trial_02,100.264733749,1.0,412.0,428.0,0.8743202686309814,0.2545200288295746,0.9423614740371704,-0.0022916963789612055,-0.000946044921875,0.0,0.42970162630081177,0.0,-0.43159371614456177,0.0,21.0,-0.13130453043989038
trial_02,100.54736564000001,1.0,489.0,374.0,0.8898053765296936,0.25201937556266785,0.9362608790397644,-0.0003886802587658167,-0.0031693577766418457,0.0,0.4294479489326477,0.0,-0.4357866644859314,0.0,21.0,-0.022269738407334014
trial_02,100.805657749,1.0,424.0,490.0,0.8851625323295593,0.2536368668079376,0.9348286390304565,0.0009051533415913582,-0.003813520073890686,0.0,0.4295506179332733,0.0,-0.4371776580810547,0.0,21.0,0.05186146628534814
trial_02,101.07351218900001,1.0,526.0,326.0,0.8863322138786316,0.25151798129081726,0.9375252723693848,-0.0030643774662166834,-0.0026462525129318237,0.0,0.4298924505710602,0.0,-0.43518495559692383,0.0,20.0,-0.17557589564920897
trial_02,101.332830212,1.0,421.0,480.0,0.8686684966087341,0.20037001371383667,0.930023193359375,-0.0061932522803545,-0.0021367669105529785,0.0,0.43077322840690613,0.0,-0.4350467622280121,0.0,20.0,-0.35484721712408573
trial_02,101.63084623600001,1.0,510.0,368.0,0.8791148066520691,0.2438850700855255,0.9444467425346375,-0.00864463672041893,-0.0006067752838134766,0.0,0.43133115768432617,0.0,-0.4325447082519531,0.0,21.0,-0.49530119950381807
trial_02,101.913911708,1.0,438.0,448.0,0.8780723810195923,0.18973985314369202,0.9337314367294312,-0.010464398190379143,0.0011225342750549316,0.0,0.43220269680023193,0.0,-0.42995762825012207,0.0,20.0,-0.5995658514530611
trial_02,102.189259108,1.0,567.0,450.0,0.891167163848877,0.2556690573692322,0.9277797937393188,-0.007021373137831688,0.0009057223796844482,0.0,0.43157702684402466,0.0,-0.42976558208465576,0.0,21.0,-0.4022950471842834
trial_02,102.46199477,1.0,461.0,546.0,0.8809992671012878,0.2519233524799347,0.9378346800804138,-0.004151932895183563,-0.00017364323139190674,0.0,0.4299759268760681,0.0,-0.43032321333885193,0.0,21.0,-0.23788823171555099
trial_02,102.73496271600001,1.0,556.0,458.0,0.8655901551246643,0.19413688778877258,0.9321268200874329,-0.002389362081885338,-0.0018455833196640015,0.0,0.4281814396381378,0.0,-0.4318726062774658,0.0,21.0,-0.13690036302062167
trial_02,102.99824116,1.0,419.0,540.0,0.8780419230461121,0.20632922649383545,0.9329693913459778,-0.001427037175744772,-0.002350538969039917,0.0,0.42737019062042236,0.0,-0.4320712685585022,0.0,20.0,-0.08176320737844417
trial_02,103.26026394200001,1.0,506.0,414.0,0.8830424547195435,0.25678181648254395,0.9395754933357239,-0.005293558817356825,-0.002222210168838501,0.0,0.426002562046051,0.0,-0.430446982383728,0.0,19.0,-0.30329857883880945
trial_02,103.52519938,1.0,410.0,481.0,0.8794630169868469,0.23313173651695251,0.9315587878227234,-0.0038336245343089104,-0.0023026317358016968,0.0,0.42639070749282837,0.0,-0.43099597096443176,0.0,20.0,-0.21965050605370623
trial_02,103.78886074100001,1.0,504.0,387.0,0.8771809339523315,0.1998436152935028,0.9307942390441895,-0.0027285926043987274,-0.00286884605884552,0.0,0.4252905249595642,0.0,-0.43102821707725525,0.0,20.0,-0.15633684024265654
trial_02,104.051503542,1.0,380.0,492.0,0.871444582939148,0.2043597400188446,0.9219210743904114,-0.0016348152421414852,-0.005212455987930298,0.0,0.4227057099342346,0.0,-0.4331306219100952,0.0,20.0,-0.09366801365836483
trial_02,104.32570786800001,1.0,521.0,400.0,0.8589879870414734,0.19191554188728333,0.923477292060852,0.0013833753764629364,-0.005366802215576172,0.0,0.4230649471282959,0.0,-0.43379855155944824,0.0,19.0,0.07926157055364766
trial_02,104.61435947000001,1.0,426.0,492.0,0.8901864886283875,0.25496822595596313,0.9238383769989014,-0.0034828591160476208,-0.005907461047172546,0.0,0.4232483506202698,0.0,-0.43506327271461487,0.0,20.0,-0.19955312798819327
trial_02,104.89180907000001,1.0,522.0,344.0,0.881514847278595,0.2517399489879608,0.9390285015106201,0.0023729298263788223,-0.005849391222000122,0.0,0.4214199483394623,0.0,-0.4331187307834625,0.0,21.0,0.13595886413221772
trial_02,105.15220502300001,1.0,410.0,424.0,0.8751104474067688,0.2438196837902069,0.9376204609870911,0.004797388333827257,-0.004231393337249756,0.0,0.422027051448822,0.0,-0.43048983812332153,0.0,21.0,0.2748701042135999
trial_02,105.421735741,1.0,503.0,321.0,0.8750031590461731,0.24701407551765442,0.9415203928947449,0.0006916223792359233,-0.00253845751285553,0.0,0.4221055209636688,0.0,-0.4271824359893799,0.0,21.0,0.03962704334701487
trial_02,105.699206019,1.0,397.0,430.0,0.8581404089927673,0.18987363576889038,0.9332310557365417,0.0025183623656630516,-0.0037070810794830322,0.0,0.4200145900249481,0.0,-0.4274287521839142,0.0,18.0,0.1442915348370746
trial_02,105.96862555700001,1.0,511.0,345.0,0.8638914227485657,0.24605345726013184,0.9311880469322205,-0.0010832529515028,-0.002267614006996155,0.0,0.4220748841762543,0.0,-0.4266101121902466,0.0,20.0,-0.06206582226620009
trial_02,106.246793451,1.0,408.0,416.0,0.8674544095993042,0.2406516969203949,0.9331391453742981,-0.0036609733942896128,-0.002451762557029724,0.0,0.42416515946388245,0.0,-0.4290686845779419,0.0,21.0,-0.20975832440247824
trial_02,106.517097464,1.0,509.0,313.0,0.8623583912849426,0.22889414429664612,0.9087862968444824,-0.0008384258253499866,-0.0025131404399871826,0.0,0.4259737730026245,0.0,-0.4310000538825989,0.0,21.0,-0.0480382612273269
trial_02,106.779362805,1.0,401.0,452.0,0.8658121824264526,0.24524381756782532,0.9149587750434875,0.0013304849853739142,-0.004261091351509094,0.0,0.4259530305862427,0.0,-0.43447521328926086,0.0,21.0,0.07623117436745035
trial_02,107.04079929400001,1.0,505.0,367.0,0.8923669457435608,0.24530890583992004,0.9265146851539612,-0.0021312455646693707,-0.005562424659729004,0.0,0.4263545274734497,0.0,-0.4374793767929077,0.0,20.0,-0.12211137596153089
trial_02,107.30240688500001,1.0,436.0,452.0,0.87566077709198,0.21894383430480957,0.9407086968421936,0.0003451816737651825,-0.0052986592054367065,0.0,0.42766281962394714,0.0,-0.43826013803482056,0.0,20.0,0.01977745307200661
trial_02,107.58081801300001,1.0,528.0,380.0,0.8936571478843689,0.24509048461914062,0.9361165165901184,0.002135798567906022,-0.00674380362033844,0.0,0.42720380425453186,0.0,-0.44069141149520874,0.0,20.0,0.12237224383110043
trial_02,107.84346371100001,1.0,391.0,491.0,0.8765281438827515,0.2285619080066681,0.9358268976211548,0.0035738497972488403,-0.007465526461601257,0.0,0.4265080392360687,0.0,-0.44143909215927124,0.0,21.0,0.2047665099960435
trial_02,108.10534496000001,1.0,513.0,390.0,0.8773520588874817,0.2441275715827942,0.9415820240974426,-0.005508780479431152,-0.006129994988441467,0.0,0.4273895025253296,0.0,-0.4396494925022125,0.0,21.0,-0.31562987173545926
trial_02,108.379267952,1.0,417.0,523.0,0.8815394043922424,0.21636125445365906,0.939683198928833,-0.007172331679612398,-0.005020856857299805,0.0,0.4280514121055603,0.0,-0.4380931258201599,0.0,21.0,-0.41094433450976736
trial_02,108.65747993400001,1.0,565.0,459.0,0.8914255499839783,0.24864450097084045,0.9419821500778198,-0.0004866552189923823,-0.004956930875778198,0.0,0.42771148681640625,0.0,-0.43762534856796265,0.0,20.0,-0.02788329012627833
trial_02,108.92931698100001,1.0,471.0,540.0,0.8923934698104858,0.24915382266044617,0.9343695044517517,-0.0026200891006737947,-0.0042144060134887695,0.0,0.42816847562789917,0.0,-0.4365972876548767,0.0,20.0,-0.1501200474168359
trial_02,109.19148743500001,1.0,550.0,465.0,0.8800150752067566,0.22751900553703308,0.9416766166687012,-0.004191851243376732,-0.0035496652126312256,0.0,0.4281970262527466,0.0,-0.43529635667800903,0.0,21.0,-0.2401753845921532
trial_02,109.44800108800001,1.0,413.0,489.0,0.8870669603347778,0.23879316449165344,0.9258216023445129,-0.0003711216268129647,-0.003915160894393921,0.0,0.42757701873779297,0.0,-0.4354073405265808,0.0,21.0,-0.021263702902412043
trial_02,109.71838021,1.0,486.0,288.0,0.8644884824752808,0.24297723174095154,0.9339174628257751,0.0025555784814059734,-0.003912508487701416,0.0,0.4251766502857208,0.0,-0.43300166726112366,0.0,21.0,0.1464238611990144
trial_02,109.98742001800001,1.0,395.0,389.0,0.879319965839386,0.26096418499946594,0.9257345795631409,-0.0001836695009842515,-0.003048837184906006,0.0,0.42543068528175354,0.0,-0.43152835965156555,0.0,21.0,-0.01052348723167153
trial_02,110.26452028400001,1.0,500.0,310.0,0.866910457611084,0.20279809832572937,0.92633056640625,0.0027310445439070463,-0.0031258463859558105,0.0,0.4239160418510437,0.0,-0.4301677346229553,0.0,21.0,0.1564773260281046
trial_02,110.541608917,1.0,399.0,398.0,0.8669348359107971,0.21711471676826477,0.9294799566268921,0.005191445350646973,-0.003668755292892456,0.0,0.42246848344802856,0.0,-0.4298059940338135,0.0,21.0,0.2974479081648853
trial_02,110.816835302,1.0,512.0,311.0,0.8640573620796204,0.24019360542297363,0.9286089539527893,0.0020261434838175774,-0.0017464011907577515,0.0,0.42341819405555725,0.0,-0.42691099643707275,0.0,21.0,0.1160894703106804
trial_02,111.07604876500001,1.0,420.0,430.0,0.8663997650146484,0.1987346112728119,0.942447304725647,-0.00032122526317834854,-0.0022255927324295044,0.0,0.421617716550827,0.0,-0.42606890201568604,0.0,21.0,-0.0184048518530985
trial_02,111.344873784,1.0,514.0,402.0,0.873470664024353,0.2524823248386383,0.9269518256187439,-0.0019800998270511627,-0.0012805014848709106,0.0,0.42291173338890076,0.0,-0.4254727363586426,0.0,21.0,-0.11345136310461586
trial_02,111.62703582500001,1.0,443.0,414.0,0.8745459318161011,0.25071650743484497,0.9274550080299377,0.0026168632321059704,4.184246063232422e-05,0.0,0.4245544672012329,0.0,-0.42447078227996826,0.0,20.0,0.14993521876263566
trial_02,111.891345309,1.0,527.0,323.0,0.8830776214599609,0.2495875358581543,0.9388933777809143,0.0006356949452310801,0.0014195144176483154,0.0,0.42594027519226074,0.0,-0.4231012463569641,0.0,19.0,0.0364226374195409
trial_02,112.14928498900001,1.0,424.0,432.0,0.8862112760543823,0.24523845314979553,0.9383528828620911,-0.0006440714932978153,0.0035764873027801514,0.0,0.4295543134212494,0.0,-0.4224013388156891,0.0,19.0,-0.036902578270653304
trial_02,112.419662282,1.0,507.0,310.0,0.8882205486297607,0.24210551381111145,0.9357011914253235,-0.0014963769353926182,0.0038903653621673584,0.0,0.43092942237854004,0.0,-0.4231486916542053,0.0,20.0,-0.08573608295871728
trial_02,112.695452891,1.0,407.0,436.0,0.883171796798706,0.2403636872768402,0.9355794191360474,-0.0018743304535746574,0.004682779312133789,0.0,0.43363845348358154,0.0,-0.42427289485931396,0.0,21.0,-0.10739122440266916
trial_02,112.949563294,1.0,524.0,368.0,0.8794968724250793,0.24782565236091614,0.9344465136528015,-0.0022711646743118763,0.004165768623352051,0.0,0.43335771560668945,0.0,-0.42502617835998535,0.0,19.0,-0.13012815041727469
trial_02,113.20665710700001,1.0,380.0,425.0,0.8696765899658203,0.215815931558609,0.931776225566864,-0.0071748667396605015,0.00412730872631073,0.0,0.4328310787677765,0.0,-0.42457646131515503,0.0,21.0,-0.41108958275133595
trial_02,113.46688254300001,1.0,531.0,411.0,0.8880637884140015,0.24319705367088318,0.9248919486999512,-0.0007422557100653648,0.0025120526552200317,0.0,0.43228256702423096,0.0,-0.4272584617137909,0.0,21.0,-0.042528119506231504
trial_02,113.74393718900001,1.0,451.0,499.0,0.8905119895935059,0.23668551445007324,0.9111994504928589,-0.0004429733380675316,0.0019586533308029175,0.0,0.43183040618896484,0.0,-0.427913099527359,0.0,20.0,-0.025380502708091366
trial_02,114.00088835000001,1.0,542.0,410.0,0.8886719942092896,0.2494775354862213,0.9166571497917175,2.2132880985736847e-05,0.0016247034072875977,0.0,0.4315012991428375,0.0,-0.42825189232826233,0.0,20.0,0.0012681206689480705
trial_02,114.26738212000001,1.0,407.0,555.0,0.8725911378860474,0.2072184979915619,0.8989994525909424,0.005321022123098373,0.0014073550701141357,0.0,0.43105053901672363,0.0,-0.42823582887649536,0.0,20.0,0.3048721103492776
trial_02,114.525934918,1.0,472.0,456.0,0.8970319032669067,0.17846783995628357,0.9003648161888123,0.0049651013687253,0.000909954309463501,0.0,0.4298827052116394,0.0,-0.4280627965927124,0.0,21.0,0.28447935328258805
trial_02,114.79191289600001,1.0,382.0,505.0,0.8737185597419739,0.1819402277469635,0.902690052986145,0.0048142061568796635,0.0009800344705581665,0.0,0.4295823872089386,0.0,-0.42762231826782227,0.0,21.0,0.2758336944951006
trial_02,115.053479992,1.0,493.0,386.0,0.8859071135520935,0.25472816824913025,0.9109881520271301,0.0044126324355602264,0.0007432997226715088,0.0,0.42849594354629517,0.0,-0.42700934410095215,0.0,19.0,0.25282521510013417
trial_02,115.318876394,1.0,405.0,408.0,0.8753296732902527,0.253897100687027,0.924615740776062,0.0045130932703614235,0.0022457391023635864,0.0,0.428562730550766,0.0,-0.4240712523460388,0.0,21.0,0.2585811969406038
trial_02,115.59621364,1.0,505.0,333.0,0.8660545349121094,0.24144241213798523,0.9156416654586792,0.005148620344698429,0.0035805553197860718,0.0,0.4288969039916992,0.0,-0.4217357933521271,0.0,20.0,0.2949942160664111
trial_02,115.862765592,1.0,426.0,499.0,0.8811949491500854,0.2551631033420563,0.8971304893493652,0.0059461332857608795,0.0031155049800872803,0.0,0.4289819002151489,0.0,-0.42275089025497437,0.0,19.0,0.3406883416963551
trial_02,116.120620798,1.0,534.0,313.0,0.8770692944526672,0.2506798803806305,0.9085802435874939,0.006399871781468391,0.004641517996788025,0.0,0.4285239577293396,0.0,-0.41924092173576355,0.0,21.0,0.36668564250301033
trial_02,116.39722741300001,1.0,453.0,486.0,0.8814438581466675,0.24843457341194153,0.9003483653068542,0.007260636426508427,0.003651261329650879,0.0,0.42847663164138794,0.0,-0.4211741089820862,0.0,20.0,0.41600382381788076
trial_02,116.671470935,1.0,524.0,291.0,0.8797447681427002,0.24727293848991394,0.908240795135498,0.007706977427005768,0.005136549472808838,0.0,0.4295783042907715,0.0,-0.4193052053451538,0.0,20.0,0.441577279370025
trial_02,116.93707639,1.0,428.0,395.0,0.8682055473327637,0.18824532628059387,0.9119673371315002,0.008476778864860535,0.005004167556762695,0.0,0.4301850199699402,0.0,-0.4201766848564148,0.0,20.0,0.48568365282220544
trial_02,117.20042881100001,1.0,552.0,315.0,0.857899010181427,0.20732736587524414,0.9094049334526062,0.008792455308139324,0.006600931286811829,0.0,0.43261900544166565,0.0,-0.419417142868042,0.0,21.0,0.503770580713781
trial_02,117.47240993700001,1.0,416.0,391.0,0.8669131994247437,0.2395508587360382,0.9122502207756042,0.008177777752280235,0.004896953701972961,0.0,0.4315951466560364,0.0,-0.42180123925209045,0.0,21.0,0.46855215100163833
trial_02,117.740880856,1.0,526.0,297.0,0.8586348295211792,0.18315425515174866,0.906386137008667,0.0026333255227655172,0.0034461915493011475,0.0,0.43109095096588135,0.0,-0.42419856786727905,0.0,20.0,0.15087843853854532
trial_02,118.013320723,1.0,431.0,421.0,0.8851073384284973,0.2437935471534729,0.9092090129852295,0.0006602744106203318,0.002648085355758667,0.0,0.4313787817955017,0.0,-0.4260826110839844,0.0,21.0,0.03783093704903291
trial_02,118.271082238,1.0,518.0,339.0,0.8783630132675171,0.24550828337669373,0.909237265586853,0.00401561101898551,0.0007070451974868774,0.0,0.4304116666316986,0.0,-0.42899757623672485,0.0,19.0,0.2300775635540976
trial_02,118.543494179,1.0,423.0,444.0,0.8735672831535339,0.2457667887210846,0.9139206409454346,0.006834059488028288,-8.916854858398438e-05,0.0,0.4300340414047241,0.0,-0.4302123785018921,0.0,21.0,0.391562765605357
trial_02,118.80465531300001,1.0,528.0,322.0,0.8814818263053894,0.24707800149917603,0.9072133898735046,-0.0009848913177847862,0.00038701295852661133,0.0,0.43080294132232666,0.0,-0.43002891540527344,0.0,21.0,-0.056430115788146204
trial_02,119.06558611800001,1.0,420.0,426.0,0.8680588603019714,0.2449607253074646,0.907412588596344,0.0034979907795786858,0.0003783702850341797,0.0,0.4303438663482666,0.0,-0.42958712577819824,0.0,20.0,0.20042010844553532
trial_02,119.319554572,1.0,520.0,336.0,0.8792070746421814,0.2504030466079712,0.8916887640953064,0.0019793114624917507,0.0008555054664611816,0.0,0.4306045472621918,0.0,-0.4288935363292694,0.0,21.0,0.11340619314264386
trial_02,119.612557834,1.0,474.0,491.0,0.8626065850257874,0.18791526556015015,0.895528256893158,0.0010581519454717636,0.0006284564733505249,0.0,0.4292778968811035,0.0,-0.42802098393440247,0.0,21.0,0.06062764055908928
trial_02,119.87463483100001,1.0,551.0,399.0,0.8703049421310425,0.19036883115768433,0.9086239337921143,0.0005651856772601604,0.001467198133468628,0.0,0.43018966913223267,0.0,-0.4272552728652954,0.0,20.0,0.032382753948250256
trial_02,120.14139825800001,1.0,435.0,470.0,0.8549123406410217,0.17726048827171326,0.8942303657531738,4.798499867320061e-05,0.002671957015991211,0.0,0.43041643500328064,0.0,-0.4250725209712982,0.0,21.0,0.0027493379039152496
trial_02,120.418742151,1.0,499.0,326.0,0.8675270080566406,0.23662415146827698,0.8866705894470215,-0.00023098522797226906,0.003902032971382141,0.0,0.4305783808231354,0.0,-0.4227743148803711,0.0,20.0,-0.013234478692678183
trial_02,120.712091619,1.0,417.0,368.0,0.8684728741645813,0.24111559987068176,0.894253671169281,-0.0002876259386539459,0.005362272262573242,0.0,0.43094104528427124,0.0,-0.42021650075912476,0.0,21.0,-0.01647975236335983
trial_02,120.98213658600001,1.0,499.0,286.0,0.8774417638778687,0.2533858120441437,0.9098225831985474,-0.00010867603123188019,0.007187768816947937,0.0,0.4327598214149475,0.0,-0.41838428378105164,0.0,21.0,-0.006226677923818655
trial_02,121.245818298,1.0,392.0,366.0,0.8485838770866394,0.17910394072532654,0.9067813158035278,0.00015952344983816147,0.0073290616273880005,0.0,0.43186330795288086,0.0,-0.41720518469810486,0.0,21.0,0.009140020409093548
trial_02,121.506969021,1.0,487.0,245.0,0.8450642824172974,0.18084761500358582,0.9011752605438232,-2.7350150048732758e-05,0.008883416652679443,0.0,0.4332503378391266,0.0,-0.4154835045337677,0.0,21.0,-0.0015670481668419098
trial_02,121.781301596,1.0,408.0,371.0,0.863439679145813,0.24062201380729675,0.9039509296417236,-0.00255195377394557,0.011315271258354187,0.0,0.4364805817604065,0.0,-0.4138500392436981,0.0,18.0,-0.14621618075956372
trial_02,122.04005892900001,1.0,494.0,281.0,0.8674731254577637,0.25061333179473877,0.8832205533981323,-0.003642979310825467,0.012926295399665833,0.0,0.4382531940937042,0.0,-0.41240060329437256,0.0,21.0,-0.20872733936377655
trial_02,122.30961726100001,1.0,400.0,369.0,0.8542003631591797,0.23911073803901672,0.8891714215278625,-0.00605388730764389,0.013434454798698425,0.0,0.4390066862106323,0.0,-0.4121377766132355,0.0,21.0,-0.3468621923758119
trial_02,122.584283157,1.0,499.0,271.0,0.8605304956436157,0.24533331394195557,0.8984392285346985,-0.009730576537549496,0.013521313667297363,0.0,0.4390433430671692,0.0,-0.41200071573257446,0.0,21.0,-0.5575209678306079
trial_02,122.84678877300001,1.0,437.0,363.0,0.8604483604431152,0.24733322858810425,0.9125367403030396,-0.009919233620166779,0.013189882040023804,0.0,0.4384487569332123,0.0,-0.4120689928531647,0.0,21.0,-0.5683302224398291
trial_02,123.105683607,1.0,496.0,278.0,0.8584486842155457,0.19193702936172485,0.9082825779914856,-0.013476058840751648,0.01367330551147461,0.0,0.4387549161911011,0.0,-0.41140830516815186,0.0,21.0,-0.7721212960450302
trial_02,123.370835432,1.0,411.0,357.0,0.8537857532501221,0.23982414603233337,0.9024670720100403,-0.014263183809816837,0.012509599328041077,0.0,0.43716493248939514,0.0,-0.412145733833313,0.0,21.0,-0.817220234721831
trial_02,123.657846582,1.0,496.0,277.0,0.8664117455482483,0.24000516533851624,0.913270115852356,-0.01635323092341423,0.012611284852027893,0.0,0.4365132749080658,0.0,-0.41129070520401,0.0,20.0,-0.9369711133144614
trial_02,123.9176989,1.0,397.0,406.0,0.8709530830383301,0.24562111496925354,0.9024943113327026,-0.01894479990005493,0.011125251650810242,0.0,0.43702998757362366,0.0,-0.4147794842720032,0.0,21.0,-1.0854570779930115
trial_02,124.166420423,1.0,492.0,295.0,0.8681963682174683,0.2443816363811493,0.9143006205558777,-0.022076457738876343,0.010463744401931763,0.0,0.436038613319397,0.0,-0.41511112451553345,0.0,20.0,-1.2648878550365388
trial_02,124.43502626,1.0,417.0,357.0,0.8480923771858215,0.1771528422832489,0.9086334705352783,-0.02525053173303604,0.00969231128692627,0.0,0.43562281131744385,0.0,-0.4162381887435913,0.0,21.0,-1.4467488987641215
trial_02,124.721711393,1.0,479.0,326.0,0.8688955903053284,0.24770542979240417,0.9023312926292419,-0.028595808893442154,0.005420774221420288,0.0,0.4336320757865906,0.0,-0.42279052734375,0.0,20.0,-1.6384191613569004
trial_02,124.98984925600001,1.0,390.0,414.0,0.8424779176712036,0.1729159653186798,0.9027252197265625,-0.030375808477401733,0.0028389692306518555,0.0,0.4317464828491211,0.0,-0.4260685443878174,0.0,20.0,-1.7404056250528266
trial_02,125.255063577,1.0,514.0,286.0,0.8636989593505859,0.198801189661026,0.9163267016410828,-0.031192338094115257,0.0017367750406265259,0.0,0.4311102330684662,0.0,-0.42763668298721313,0.0,20.0,-1.7871893259379463
trial_02,125.524410098,1.0,420.0,424.0,0.857655942440033,0.2174711525440216,0.9147303700447083,-0.028772199526429176,-0.00032210350036621094,0.0,0.4294642210006714,0.0,-0.4301084280014038,0.0,21.0,-1.6485256001726978
trial_02,125.795717455,1.0,549.0,342.0,0.8748229742050171,0.24580323696136475,0.918657660484314,-0.007482094690203667,-0.003624647855758667,0.0,0.4266246259212494,0.0,-0.4338739216327667,0.0,21.0,-0.4286924476659133
trial_02,126.061428398,1.0,432.0,404.0,0.8677140474319458,0.22968408465385437,0.8938416242599487,-0.009274045005440712,-0.005318805575370789,0.0,0.42507463693618774,0.0,-0.4357122480869293,0.0,21.0,-0.5313636378261334
trial_02,126.32278042300001,1.0,515.0,338.0,0.8762006163597107,0.24938645958900452,0.900777280330658,-0.01046309620141983,-0.006742984056472778,0.0,0.4238519072532654,0.0,-0.43733787536621094,0.0,20.0,-0.5994912529807198
trial_02,126.601751765,1.0,373.0,398.0,0.8803920745849609,0.23576346039772034,0.9023718237876892,-0.004248535260558128,-0.007051572203636169,0.0,0.4232860207557678,0.0,-0.43738916516304016,0.0,21.0,-0.24342313954249428
trial_02,126.86892753000001,1.0,462.0,338.0,0.8870842456817627,0.23787859082221985,0.8901011943817139,-0.004056334495544434,-0.007956743240356445,0.0,0.4225478172302246,0.0,-0.4384613037109375,0.0,20.0,-0.23241084688802388
trial_02,127.142851273,1.0,352.0,420.0,0.8688685894012451,0.21234294772148132,0.9039828181266785,-1.884065568447113e-05,-0.007839322090148926,0.0,0.4227244257926941,0.0,-0.43840306997299194,0.0,21.0,-0.001079490053979359
trial_02,127.40140562200001,1.0,439.0,302.0,0.8666754364967346,0.2413981854915619,0.9087721705436707,0.00036191288381814957,-0.007451862096786499,0.0,0.42174452543258667,0.0,-0.43664824962615967,0.0,21.0,0.020736080794188476
trial_02,127.68184903400001,1.0,342.0,429.0,0.8635633587837219,0.18154719471931458,0.901060938835144,-0.0001861266791820526,-0.007421314716339111,0.0,0.4215376377105713,0.0,-0.4363802671432495,0.0,21.0,-0.010664273171917095
trial_02,127.94479992400001,1.0,453.0,371.0,0.8681885600090027,0.22435122728347778,0.9158812165260315,-0.004672479350119829,-0.0068877339363098145,0.0,0.42136669158935547,0.0,-0.4351421594619751,0.0,20.0,-0.2677133466238959
trial_02,128.20803637100002,1.0,358.0,443.0,0.8763176798820496,0.25044605135917664,0.9012957215309143,-0.0016234314534813166,-0.005843803286552429,0.0,0.42215120792388916,0.0,-0.433838814496994,0.0,20.0,-0.09301577061326828
trial_02,128.480690855,1.0,458.0,381.0,0.8875056505203247,0.2598232328891754,0.9028670787811279,0.010680637322366238,-0.005896627902984619,0.0,0.4221906065940857,0.0,-0.43398386240005493,0.0,20.0,0.6119554410814939
trial_02,128.761952495,1.0,372.0,455.0,0.8555312156677246,0.16620787978172302,0.8864931464195251,0.008272224105894566,-0.005329832434654236,0.0,0.4221412241458893,0.0,-0.43280088901519775,0.0,21.0,0.4739635284541396
trial_02,129.02573287200002,1.0,458.0,407.0,0.8687893152236938,0.2154812514781952,0.9058218598365784,0.00650835270062089,-0.004793345928192139,0.0,0.4225005507469177,0.0,-0.432087242603302,0.0,21.0,0.3729011413281484
trial_02,129.28793294300002,1.0,389.0,420.0,0.8838736414909363,0.19372320175170898,0.9050622582435608,0.006029877346009016,-0.0030357539653778076,0.0,0.4250449538230896,0.0,-0.4311164617538452,0.0,21.0,0.3454865229078626
trial_02,129.560336661,1.0,488.0,333.0,0.8831599950790405,0.2531277537345886,0.9114405512809753,0.005497238598763943,-0.0017257332801818848,0.0,0.4262621998786926,0.0,-0.4297136664390564,0.0,21.0,0.3149685706855845
trial_02,129.830029947,1.0,381.0,372.0,0.8866869807243347,0.25482818484306335,0.9082430005073547,0.005943465046584606,-0.0007691681385040283,0.0,0.4268842339515686,0.0,-0.42842257022857666,0.0,19.0,0.34053546285282316
trial_02,130.097857029,1.0,508.0,253.0,0.855440616607666,0.1936136782169342,0.9130299687385559,0.006390092894434929,0.0010379105806350708,0.0,0.4267042577266693,0.0,-0.42462843656539917,0.0,19.0,0.36612535354765774
trial_02,130.35881883500002,1.0,416.0,354.0,0.875411868095398,0.24664762616157532,0.9139754772186279,0.0073362067341804504,0.0005014240741729736,0.0,0.42627501487731934,0.0,-0.4252721667289734,0.0,21.0,0.4203336835039928
trial_02,130.641481749,1.0,487.0,310.0,0.8822550177574158,0.25165414810180664,0.9045306444168091,0.007934418506920338,0.00029425323009490967,0.0,0.42633122205734253,0.0,-0.4257427155971527,0.0,21.0,0.4546086933370275
trial_02,130.903955763,1.0,451.0,341.0,0.8886889219284058,0.24718508124351501,0.919005811214447,0.009273869916796684,0.0016898363828659058,0.0,0.42848533391952515,0.0,-0.42510566115379333,0.0,21.0,0.53135360598579
trial_02,131.171010037,1.0,521.0,234.0,0.8753587603569031,0.24593043327331543,0.9145404100418091,0.009999745525419712,0.0037202686071395874,0.0,0.43000155687332153,0.0,-0.42256101965904236,0.0,20.0,0.5729432148113793
trial_02,131.437667758,1.0,426.0,304.0,0.867529571056366,0.21718630194664001,0.9035722613334656,0.010728143155574799,0.0030600428581237793,0.0,0.43190449476242065,0.0,-0.4257844090461731,0.0,21.0,0.6146773248265969
trial_02,131.727271301,1.0,511.0,224.0,0.8670557141304016,0.1983974277973175,0.9043493866920471,0.011502940207719803,0.0026400983333587646,0.0,0.4335857331752777,0.0,-0.4283055365085602,0.0,20.0,0.6590699258936832
trial_02,132.00694582,1.0,397.0,250.0,0.8633691072463989,0.20773926377296448,0.9161642789840698,0.012154181487858295,0.000780448317527771,0.0,0.43377211689949036,0.0,-0.4322112202644348,0.0,21.0,0.6963833026903158
trial_02,132.27328433,1.0,536.0,219.0,0.8700141906738281,0.2313762605190277,0.9075402021408081,0.012776127085089684,0.0002453923225402832,0.0,0.43411046266555786,0.0,-0.4336196780204773,0.0,21.0,0.7320181604984176
trial_02,132.545526838,1.0,433.0,266.0,0.8768128752708435,0.24338719248771667,0.9142938256263733,0.013891372829675674,-0.0015254318714141846,0.0,0.43496212363243103,0.0,-0.4380129873752594,0.0,21.0,0.7959170347831199
trial_02,132.808505464,1.0,533.0,254.0,0.8835793733596802,0.2445213794708252,0.902454674243927,0.01504519209265709,-0.003095194697380066,0.0,0.4350910484790802,0.0,-0.44128143787384033,0.0,20.0,0.8620260088728502
trial_02,133.070607553,1.0,438.0,269.0,0.8867860436439514,0.2397489845752716,0.9135655164718628,0.01664760150015354,-0.00419268012046814,0.0,0.43502575159072876,0.0,-0.44341111183166504,0.0,21.0,0.9538373049744558
trial_02,133.32414306200002,1.0,521.0,238.0,0.8901268839836121,0.24541696906089783,0.9116641283035278,0.01863749697804451,-0.005374819040298462,0.0,0.435055136680603,0.0,-0.44580477476119995,0.0,21.0,1.0678499175297764
trial_02,133.593985965,1.0,448.0,272.0,0.9019411206245422,0.25029245018959045,0.9075618982315063,0.016032833606004715,-0.004510253667831421,0.0,0.43605491518974304,0.0,-0.4450754225254059,0.0,19.0,0.9186136992595827
trial_02,133.862358573,1.0,566.0,282.0,0.900985836982727,0.24588307738304138,0.8979483246803284,0.019756201654672623,-0.005112200975418091,0.0,0.43595561385154724,0.0,-0.4461800158023834,0.0,21.0,1.1319469740221146
trial_02,134.11733356000002,1.0,422.0,310.0,0.8848554491996765,0.2285269796848297,0.916906476020813,0.023538652807474136,-0.003714814782142639,0.0,0.4377921223640442,0.0,-0.44522175192832947,0.0,21.0,1.3486654612920344
trial_02,134.37976257600002,1.0,513.0,301.0,0.8733383417129517,0.18754854798316956,0.9144288897514343,0.02631993591785431,-0.0025890767574310303,0.0,0.43791139125823975,0.0,-0.4430895447731018,0.0,21.0,1.5080212451478365
trial_02,134.664171143,1.0,407.0,273.0,0.8855761289596558,0.19117245078086853,0.9064776301383972,0.01760070025920868,-0.0009736567735671997,0.0,0.4384188950061798,0.0,-0.4403662085533142,0.0,20.0,1.0084458413274713
trial_02,134.92888811100002,1.0,512.0,242.0,0.9000121355056763,0.2726666033267975,0.9132913947105408,0.016007505357265472,0.0018661022186279297,0.0,0.4401588439941406,0.0,-0.43642663955688477,0.0,21.0,0.9171624975043666
trial_02,135.187591209,1.0,406.0,224.0,0.8980877995491028,0.26494649052619934,0.9199036955833435,0.014690052717924118,0.004737526178359985,0.0,0.4442065954208374,0.0,-0.43473154306411743,0.0,21.0,0.841678021561736
trial_02,135.45550388200002,1.0,527.0,181.0,0.8801113367080688,0.24475380778312683,0.9239200353622437,0.007902972400188446,0.005770683288574219,0.0,0.44393619894981384,0.0,-0.4323948323726654,0.0,21.0,0.4528069641391722
trial_02,135.730008629,1.0,406.0,190.0,0.8519455790519714,0.16751620173454285,0.90277099609375,0.0071038734167814255,0.0043207257986068726,0.0,0.4414694309234619,0.0,-0.43282797932624817,0.0,20.0,0.4070219649767553
trial_02,135.996213401,1.0,537.0,168.0,0.8900351524353027,0.2549622356891632,0.9118254780769348,0.008608819916844368,0.004274889826774597,0.0,0.4421868622303009,0.0,-0.4336370825767517,0.0,20.0,0.4932490478233466
trial_02,136.26189608500002,1.0,419.0,184.0,0.8893413543701172,0.2713269889354706,0.9290565252304077,0.009357253089547157,0.003934845328330994,0.0,0.44178181886672974,0.0,-0.43391212821006775,0.0,21.0,0.5361311098668022
trial_02,136.538056153,1.0,550.0,162.0,0.8915610313415527,0.2687895596027374,0.9223305583000183,0.010700415819883347,0.005868569016456604,0.0,0.44310393929481506,0.0,-0.43136680126190186,0.0,21.0,0.6130886655143343
trial_02,136.80668300600001,1.0,454.0,188.0,0.8959843516349792,0.2683338522911072,0.9202237129211426,0.011770480312407017,0.004692003130912781,0.0,0.44208279252052307,0.0,-0.4326987862586975,0.0,20.0,0.6743988447427488
trial_02,137.08065809200002,1.0,531.0,137.0,0.8791425824165344,0.24657973647117615,0.926594078540802,0.001045888289809227,0.006488800048828125,0.0,0.443473219871521,0.0,-0.43049561977386475,0.0,21.0,0.059924984848224214
trial_02,137.37027125400002,1.0,453.0,189.0,0.8847945332527161,0.19662252068519592,0.9162834882736206,0.0030150581151247025,0.006143435835838318,0.0,0.44363731145858765,0.0,-0.431350439786911,0.0,19.0,0.17275010498331453
trial_02,137.65243889200002,1.0,529.0,123.0,0.8712773323059082,0.20573461055755615,0.9154883623123169,0.0047050537541508675,0.007043972611427307,0.0,0.44379422068595886,0.0,-0.42970627546310425,0.0,21.0,0.2695797224950283
trial_02,137.91801492300002,1.0,454.0,177.0,0.8761852979660034,0.21302667260169983,0.9189208745956421,0.001666320487856865,0.006755903363227844,0.0,0.4447287321090698,0.0,-0.43121692538261414,0.0,20.0,0.09547313127037871
trial_02,138.17963382300002,1.0,524.0,140.0,0.8793863654136658,0.22559407353401184,0.8949522972106934,-0.00725374324247241,0.005890458822250366,0.0,0.4449306130409241,0.0,-0.43314969539642334,0.0,20.0,-0.4156088734652101
trial_02,138.45190609300002,1.0,413.0,172.0,0.8703470826148987,0.21434929966926575,0.9069430828094482,-0.002998471725732088,0.0038781464099884033,0.0,0.44391071796417236,0.0,-0.43615442514419556,0.0,21.0,-0.17179977487375717
trial_02,138.734984099,1.0,528.0,121.0,0.8863674402236938,0.2611999213695526,0.921202540397644,0.00016183507977984846,0.002968728542327881,0.0,0.4438527524471283,0.0,-0.43791529536247253,0.0,21.0,0.009272467048548285
trial_02,138.997488546,1.0,415.0,155.0,0.8644681572914124,0.2076902687549591,0.9373002052307129,0.0023074988275766373,0.002316296100616455,0.0,0.4426204562187195,0.0,-0.4379878640174866,0.0,21.0,0.13220994405152697
trial_02,139.25934189400002,1.0,550.0,144.0,0.8633393049240112,0.18174010515213013,0.9092923402786255,-0.0010982591193169355,0.00057181715965271,0.0,0.44137704372406006,0.0,-0.44023340940475464,0.0,21.0,-0.06292561234861511
trial_02,139.536765102,1.0,446.0,185.0,0.8744043707847595,0.25441238284111023,0.9195019006729126,0.001236712676472962,-0.0004673302173614502,0.0,0.4400968551635742,0.0,-0.4410315155982971,0.0,21.0,0.07085841683222874
trial_02,139.818640689,1.0,548.0,143.0,0.863733172416687,0.19345316290855408,0.9132770299911499,-0.0020927428267896175,-0.0015235543251037598,0.0,0.43913742899894714,0.0,-0.44218453764915466,0.0,20.0,-0.11990533158132256
trial_02,140.081869883,1.0,427.0,194.0,0.8776321411132812,0.2469005286693573,0.9294391870498657,-0.0045289769768714905,-0.0019048899412155151,0.0,0.4384836256504059,0.0,-0.4422934055328369,0.0,21.0,-0.25949126628665503
trial_02,140.339612553,1.0,546.0,133.0,0.8593460917472839,0.1974373459815979,0.9319882988929749,-0.006658812053501606,0.0007017552852630615,0.0,0.43897610902786255,0.0,-0.4375725984573364,0.0,21.0,-0.3815218272364829
trial_02,140.631353644,1.0,485.0,214.0,0.8875458836555481,0.258421391248703,0.9205135107040405,-0.008126749657094479,0.0018727034330368042,0.0,0.4403780400753021,0.0,-0.4366326332092285,0.0,21.0,-0.4656284565109026
trial_02,140.89879433200002,1.0,612.0,162.0,0.8870230913162231,0.2518383264541626,0.9110845923423767,-0.004195308778434992,0.0010128915309906006,0.0,0.4395271837711334,0.0,-0.4375014007091522,0.0,20.0,-0.24037348675851003
trial_02,141.161539499,1.0,481.0,223.0,0.8850123286247253,0.25398263335227966,0.9255223870277405,-0.0013698528055101633,0.0006297528743743896,0.0,0.4387373924255371,0.0,-0.43747788667678833,0.0,19.0,-0.07848678430988756
trial_02,141.424263236,1.0,562.0,170.0,0.8620954155921936,0.20983821153640747,0.9264426231384277,0.015693988651037216,-0.0029446035623550415,0.0,0.4355986416339874,0.0,-0.4414878487586975,0.0,20.0,0.8991993134306446
trial_02,141.721025524,1.0,403.0,252.0,0.8712356090545654,0.21475237607955933,0.9203969240188599,0.01332344301044941,-0.005486935377120972,0.0,0.4325287640094757,0.0,-0.44350263476371765,0.0,21.0,0.7633770530818271
trial_02,141.986142816,1.0,550.0,182.0,0.8665684461593628,0.21592587232589722,0.9226988554000854,0.011197919957339764,-0.00717008113861084,0.0,0.4306991696357727,0.0,-0.4450393319129944,0.0,21.0,0.6415935528808833
trial_02,142.24674949,1.0,405.0,270.0,0.8333646059036255,0.18663257360458374,0.8920069336891174,0.004618745297193527,-0.0067983269691467285,0.0,0.4298855662345886,0.0,-0.4434822201728821,0.0,20.0,0.2646346121750862
trial_02,142.508569978,1.0,537.0,177.0,0.8738940954208374,0.23873594403266907,0.926629900932312,0.004591902252286673,-0.0051286667585372925,0.0,0.42999935150146484,0.0,-0.44025668501853943,0.0,21.0,0.2630966189926433
trial_02,142.790400088,1.0,444.0,301.0,0.8585664629936218,0.23261865973472595,0.9294683337211609,0.00012035062536597252,-0.0038050860166549683,0.0,0.4305548071861267,0.0,-0.43816497921943665,0.0,21.0,0.006895582895230334
trial_02,143.057731722,1.0,566.0,212.0,0.856704831123352,0.16850364208221436,0.9128031730651855,0.016225740313529968,-0.00578916072845459,0.0,0.42830443382263184,0.0,-0.439882755279541,0.0,21.0,0.9296664394405443
trial_02,143.317028915,1.0,457.0,334.0,0.8632834553718567,0.19436252117156982,0.9181432127952576,0.028142085298895836,-0.008315101265907288,0.0,0.42545536160469055,0.0,-0.4420855641365051,0.0,20.0,1.6124227143238912
trial_02,143.58137950900002,1.0,550.0,233.0,0.8804985284805298,0.23759782314300537,0.9160376191139221,0.037158045917749405,-0.012493535876274109,0.0,0.4211447536945343,0.0,-0.4461318254470825,0.0,20.0,2.1289992060403584
trial_02,143.84617959800002,1.0,471.0,353.0,0.8672135472297668,0.21503350138664246,0.9147692918777466,0.0337231308221817,-0.013764381408691406,0.0,0.4189240336418152,0.0,-0.446452796459198,0.0,20.0,1.9321930680785533
trial_02,144.108849222,1.0,521.0,230.0,0.8871406316757202,0.23473277688026428,0.9311642646789551,0.026019234210252762,-0.013997599482536316,0.0,0.41840797662734985,0.0,-0.4464031755924225,0.0,20.0,1.490792306409891
trial_02,144.365573927,1.0,449.0,360.0,0.8812204003334045,0.22688975930213928,0.9339150786399841,0.014969049021601677,-0.011928141117095947,0.0,0.4200122356414795,0.0,-0.4438685178756714,0.0,21.0,0.8576633322622104
trial_02,144.64852017200002,1.0,572.0,289.0,0.8685997724533081,0.20290330052375793,0.9250911474227905,0.026628755033016205,-0.012076705694198608,0.0,0.41914933919906616,0.0,-0.4433027505874634,0.0,21.0,1.5257152770795777
trial_02,144.89750892700002,1.0,418.0,378.0,0.8615630269050598,0.24107399582862854,0.9226285815238953,0.020107638090848923,-0.01134239137172699,0.0,0.41891953349113464,0.0,-0.4416043162345886,0.0,21.0,1.1520827985821354
trial_02,145.16088687,1.0,562.0,300.0,0.8719233274459839,0.23545607924461365,0.9417831897735596,0.009892989881336689,-0.009945884346961975,0.0,0.4192860722541809,0.0,-0.43917784094810486,0.0,20.0,0.5668265669662214
trial_02,145.4185237,1.0,496.0,434.0,0.8783631920814514,0.23796740174293518,0.9432052373886108,0.0023613832890987396,-0.006862670183181763,0.0,0.4221263825893402,0.0,-0.43585172295570374,0.0,21.0,0.13529729627807852
trial_02,145.701052404,1.0,604.0,324.0,0.8763737678527832,0.2336272895336151,0.9448329210281372,0.001380794681608677,-0.005165010690689087,0.0,0.4240480065345764,0.0,-0.4343780279159546,0.0,19.0,0.07911370763028745
trial_02,145.966625458,1.0,500.0,455.0,0.8724623322486877,0.2424781620502472,0.9449571967124939,0.015967339277267456,-0.005292251706123352,0.0,0.42361438274383545,0.0,-0.43419888615608215,0.0,21.0,0.9148611506408955
trial_02,146.240233123,1.0,576.0,358.0,0.8661144971847534,0.2182644009590149,0.9384878277778625,0.026211127638816833,-0.00719878077507019,0.0,0.4207732677459717,0.0,-0.43517082929611206,0.0,20.0,1.5017869899829073
trial_02,146.499527461,1.0,445.0,517.0,0.8639880418777466,0.19748300313949585,0.9335591197013855,0.01806957647204399,-0.007745817303657532,0.0,0.4189818203449249,0.0,-0.43447345495224,0.0,20.0,1.0353104694370125
trial_02,146.780688723,1.0,570.0,343.0,0.8584395051002502,0.23520615696907043,0.9310135841369629,0.011533506214618683,-0.0058717280626297,0.0,0.41900965571403503,0.0,-0.43075311183929443,0.0,19.0,0.6608212290855567
trial_02,147.04046198400002,1.0,459.0,529.0,0.8633332252502441,0.23739787936210632,0.9332382678985596,0.006035356782376766,-0.006261482834815979,0.0,0.41797885298728943,0.0,-0.4305018186569214,0.0,21.0,0.3458004714858452
trial_02,147.301080259,1.0,579.0,414.0,0.8748063445091248,0.2469055950641632,0.9399362206459045,0.0015999171882867813,-0.005592972040176392,0.0,0.4189479649066925,0.0,-0.4301339089870453,0.0,20.0,0.09166850245927004
trial_02,147.56508204600001,1.0,480.0,530.0,0.8495192527770996,0.16352826356887817,0.9197283983230591,-0.0018653403967618942,-0.004628986120223999,0.0,0.4198738932609558,0.0,-0.4291318655014038,0.0,21.0,-0.10687613208971498
trial_02,147.84147907000002,1.0,555.0,431.0,0.866512656211853,0.22391775250434875,0.9351915717124939,-0.004461906850337982,-0.003387048840522766,0.0,0.4214158058166504,0.0,-0.4281899034976959,0.0,21.0,-0.2556484311048766
trial_02,148.109184427,1.0,473.0,562.0,0.854172945022583,0.19479992985725403,0.9378044605255127,-0.005676323547959328,-0.0023335814476013184,0.0,0.42294231057167053,0.0,-0.42760947346687317,0.0,21.0,-0.3252293824487948
trial_02,148.36732032900002,1.0,564.0,358.0,0.8612317442893982,0.22831133008003235,0.9394819140434265,-0.007472258061170578,-0.0003370046615600586,0.0,0.42423057556152344,0.0,-0.42490458488464355,0.0,21.0,-0.42812885033768144
trial_02,148.65105396500002,1.0,474.0,572.0,0.8808469176292419,0.24382105469703674,0.9434772729873657,-0.008880183100700378,-4.048645496368408e-05,0.0,0.4258924722671509,0.0,-0.42597344517707825,0.0,20.0,-0.5087970129735286
trial_02,148.908193441,1.0,570.0,440.0,0.8720687031745911,0.24505877494812012,0.9437214136123657,-0.01099843718111515,-0.0007812231779098511,0.0,0.42597511410713196,0.0,-0.42753756046295166,0.0,19.0,-0.6301640317176603
trial_02,149.16793841900002,1.0,431.0,552.0,0.8576783537864685,0.2007109820842743,0.9352555871009827,-0.012727013789117336,-0.0010074526071548462,0.0,0.42636850476264954,0.0,-0.42838340997695923,0.0,21.0,-0.7292041759212253
trial_02,149.444610033,1.0,588.0,435.0,0.874261736869812,0.24227485060691833,0.9396554231643677,-0.008743038401007652,-0.00220334529876709,0.0,0.4253714084625244,0.0,-0.4297780990600586,0.0,20.0,-0.5009392004985462
trial_02,149.717020647,1.0,447.0,564.0,0.8652788996696472,0.18366223573684692,0.9396577477455139,-0.021343063563108444,-0.0011394321918487549,0.0,0.4265567660331726,0.0,-0.4288356304168701,0.0,21.0,-1.2228674640455626
trial_02,149.991392708,1.0,550.0,458.0,0.8750256299972534,0.24459308385849,0.944905161857605,-0.020457196980714798,-0.0010653883218765259,0.0,0.4272889792919159,0.0,-0.42941975593566895,0.0,21.0,-1.1721110476627286
trial_02,150.245843651,1.0,456.0,581.0,0.8639401793479919,0.21460023522377014,0.9442452192306519,-0.019514255225658417,-0.0001361072063446045,0.0,0.4287376403808594,0.0,-0.4290098547935486,0.0,21.0,-1.1180844647713393
trial_02,150.511555318,1.0,587.0,454.0,0.864176332950592,0.2367698848247528,0.9473431706428528,-0.018200142309069633,-0.0004148632287979126,0.0,0.4277040958404541,0.0,-0.4285338222980499,0.0,20.0,-1.0427913408471747
trial_02,150.80120311000002,1.0,511.0,593.0,0.8604432344436646,0.22416511178016663,0.9393183588981628,-0.022997938096523285,6.510317325592041e-05,0.0,0.42754361033439636,0.0,-0.4274134039878845,0.0,19.0,-1.3176847904339144
trial_02,151.062085319,1.0,637.0,480.0,0.8641636967658997,0.2428358793258667,0.944105863571167,-0.02172434702515602,0.00031651556491851807,0.0,0.42639246582984924,0.0,-0.4257594347000122,0.0,20.0,-1.2447133972190252
trial_02,151.331215222,1.0,522.0,613.0,0.8692992329597473,0.25185585021972656,0.9473606944084167,-0.017185494303703308,-0.0005066096782684326,0.0,0.4250621795654297,0.0,-0.42607539892196655,0.0,20.0,-0.984656292448317
trial_02,151.604110633,1.0,622.0,431.0,0.8728322386741638,0.2411714792251587,0.9372740983963013,-0.01528660673648119,0.00044867396354675293,0.0,0.4252474904060364,0.0,-0.42435014247894287,0.0,20.0,-0.8758580490766251
trial_02,151.883227788,1.0,497.0,547.0,0.8366499543190002,0.190858393907547,0.942154586315155,-0.015927836298942566,0.00015908479690551758,0.0,0.4236878454685211,0.0,-0.4233696758747101,0.0,21.0,-0.9125977967046824
trial_02,152.141901883,1.0,568.0,520.0,0.8544596433639526,0.17952439188957214,0.9311320185661316,-0.016293838620185852,-0.0012795180082321167,0.0,0.42178773880004883,0.0,-0.42434677481651306,0.0,21.0,-0.933568185003914
trial_02,152.393964059,1.0,469.0,608.0,0.8671004176139832,0.22025537490844727,0.9315442442893982,-0.013218441978096962,-0.002147361636161804,0.0,0.42105427384376526,0.0,-0.42534899711608887,0.0,21.0,-0.7573609370835153
trial_02,152.66415541700002,1.0,577.0,474.0,0.8782067894935608,0.2547372877597809,0.9339618682861328,-0.007797330617904663,-0.003781914710998535,0.0,0.4196951985359192,0.0,-0.42725902795791626,0.0,21.0,-0.44675413587407153
trial_02,152.949169325,1.0,435.0,600.0,0.8776017427444458,0.25520768761634827,0.9296417236328125,-0.007702249102294445,-0.004071593284606934,0.0,0.4200844168663025,0.0,-0.42822760343551636,0.0,20.0,-0.4413063663198988
trial_02,153.21562858800002,1.0,555.0,391.0,0.8718640208244324,0.24832937121391296,0.9377562403678894,-0.007762718014419079,-0.0029153525829315186,0.0,0.4195868968963623,0.0,-0.42541760206222534,0.0,21.0,-0.44477097977638774
trial_02,153.48324297000002,1.0,447.0,483.0,0.8444679975509644,0.18726846575737,0.9354794025421143,-0.00829505268484354,-0.0036769509315490723,0.0,0.41733860969543457,0.0,-0.4246925115585327,0.0,20.0,-0.47527150968019705
trial_02,153.76370298700002,1.0,590.0,448.0,0.8517681956291199,0.16569530963897705,0.934830367565155,-0.008050661534070969,-0.0049620866775512695,0.0,0.4164339303970337,0.0,-0.42635810375213623,0.0,21.0,-0.4612689281905833
trial_02,154.041991927,1.0,488.0,570.0,0.8808115124702454,0.25054845213890076,0.9431906938552856,-0.00357263395562768,-0.006930232048034668,0.0,0.4155784249305725,0.0,-0.42943888902664185,0.0,21.0,-0.20469684740259467
trial_02,154.313560802,1.0,574.0,395.0,0.8340595960617065,0.16947731375694275,0.9283129572868347,0.0011303359642624855,-0.007134377956390381,0.0,0.4153117835521698,0.0,-0.42958053946495056,0.0,21.0,0.06476348018409067
trial_02,154.58833755,1.0,488.0,556.0,0.8455055952072144,0.13842803239822388,0.9322037696838379,-0.0034316922537982464,-0.007949277758598328,0.0,0.4148978292942047,0.0,-0.43079638481140137,0.0,20.0,-0.19662148273037686
trial_02,154.872671698,1.0,594.0,438.0,0.8763958811759949,0.2468874752521515,0.9463722705841064,0.0009187797550112009,-0.009120076894760132,0.0,0.41525477170944214,0.0,-0.4334949254989624,0.0,21.0,0.05264220226420556
trial_02,155.13148678000002,1.0,474.0,561.0,0.8761847615242004,0.24828395247459412,0.9415271282196045,0.0053796968422830105,-0.008509024977684021,0.0,0.41689157485961914,0.0,-0.4339096248149872,0.0,21.0,0.3082339241226726
trial_02,155.39403879900001,1.0,587.0,359.0,0.8420419096946716,0.20132339000701904,0.9360240697860718,0.002988208783790469,-0.006722614169120789,0.0,0.41858237981796265,0.0,-0.4320276081562042,0.0,21.0,0.17121175161511462
trial_02,155.676360616,1.0,466.0,564.0,0.8593263030052185,0.20586097240447998,0.9423608183860779,0.0017004036344587803,-0.005324959754943848,0.0,0.4210137128829956,0.0,-0.4316636323928833,0.0,21.0,0.09742595172319411
trial_02,155.934946413,1.0,599.0,455.0,0.868819534778595,0.24847057461738586,0.9468879699707031,0.0007777493447065353,-0.004061400890350342,0.0,0.42279285192489624,0.0,-0.4309156537055969,0.0,21.0,0.044561754970749906
trial_02,156.20190475500002,1.0,483.0,563.0,0.8410584330558777,0.17793431878089905,0.9393657445907593,-0.004451090469956398,-0.0023975521326065063,0.0,0.4241761565208435,0.0,-0.4289712607860565,0.0,21.0,-0.25502869815940377
trial_02,156.46963440000002,1.0,614.0,455.0,0.8533337116241455,0.19950035214424133,0.937442421913147,-0.0032334234565496445,-0.0008300095796585083,0.0,0.4254469573497772,0.0,-0.42710697650909424,0.0,21.0,-0.18526151743889696
trial_02,156.74621120700002,1.0,495.0,575.0,0.8782047033309937,0.24086865782737732,0.9422215819358826,-0.0012100683525204659,0.0006288588047027588,0.0,0.4268203675746918,0.0,-0.42556264996528625,0.0,21.0,-0.06933180952177138
trial_02,157.01302262800002,1.0,622.0,468.0,0.8619221448898315,0.21233847737312317,0.9414783716201782,-0.01014997810125351,0.0021560490131378174,0.0,0.4276066720485687,0.0,-0.4232945740222931,0.0,21.0,-0.5815509073520351
trial_02,157.27189488300002,1.0,455.0,608.0,0.8471875786781311,0.1942286193370819,0.9285014271736145,-0.0016597583889961243,0.0019344240427017212,0.0,0.4272441864013672,0.0,-0.42337533831596375,0.0,20.0,-0.09509715070091065
trial_02,157.53656771800001,1.0,589.0,509.0,0.8697561621665955,0.24275147914886475,0.9431145191192627,0.0002365168184041977,0.0017693638801574707,0.0,0.42754626274108887,0.0,-0.4240075349807739,0.0,21.0,0.013551415478422642
trial_02,157.822118347,1.0,501.0,649.0,0.8470768928527832,0.1818242371082306,0.9213312268257141,0.0024243034422397614,0.002156361937522888,0.0,0.42743533849716187,0.0,-0.4231226146221161,0.0,21.0,0.13890235549937588
trial_02,158.08481129900002,1.0,652.0,493.0,0.8683102130889893,0.24888354539871216,0.9363611340522766,0.004273412749171257,0.003546595573425293,0.0,0.42830634117126465,0.0,-0.42121315002441406,0.0,21.0,0.2448485146449113
trial_02,158.351003372,1.0,535.0,595.0,0.8655455708503723,0.24189740419387817,0.9312057495117188,0.005606001242995262,0.0036167800426483154,0.0,0.42803841829299927,0.0,-0.42080485820770264,0.0,21.0,0.321200211168722
trial_02,158.619115525,1.0,609.0,409.0,0.8565776348114014,0.23173749446868896,0.9372681975364685,0.007283961400389671,0.004856914281845093,0.0,0.4271029233932495,0.0,-0.4173890948295593,0.0,21.0,0.41734024637852896
trial_02,158.90411097100002,1.0,512.0,569.0,0.8635441064834595,0.19628974795341492,0.9370649456977844,0.008241252973675728,0.004385843873023987,0.0,0.4264782965183258,0.0,-0.41770660877227783,0.0,21.0,0.47218901329125856
trial_02,159.16576352,1.0,605.0,390.0,0.8691555261611938,0.23101863265037537,0.9432685375213623,0.009216662496328354,0.004775553941726685,0.0,0.42549893260002136,0.0,-0.415947824716568,0.0,21.0,0.5280758622361242
trial_02,159.433152553,1.0,476.0,565.0,0.846587598323822,0.18100497126579285,0.9193193316459656,0.00984659418463707,0.004429414868354797,0.0,0.4253988564014435,0.0,-0.4165400266647339,0.0,21.0,0.5641682893577642
trial_02,159.707087161,1.0,579.0,360.0,0.8584334850311279,0.24287283420562744,0.9497913122177124,0.010264325886964798,0.005710512399673462,0.0,0.4253053665161133,0.0,-0.41388434171676636,0.0,21.0,0.5881025528699582
trial_02,159.975012192,1.0,482.0,552.0,0.8677518963813782,0.1879112422466278,0.9289223551750183,0.007813377305865288,0.004937991499900818,0.0,0.42476779222488403,0.0,-0.4148918092250824,0.0,21.0,0.4476735433693787
trial_02,160.22988549200002,1.0,588.0,381.0,0.8668099641799927,0.24376079440116882,0.9401326179504395,-0.00933103822171688,0.006452962756156921,0.0,0.4258999526500702,0.0,-0.41299402713775635,0.0,21.0,-0.5346291085796342
trial_02,160.496190457,1.0,473.0,559.0,0.858777642250061,0.2228519320487976,0.9436671137809753,-0.007818415760993958,0.005168452858924866,0.0,0.4263455271720886,0.0,-0.4160086214542389,0.0,21.0,-0.4479622255835175
trial_02,160.783249059,1.0,591.0,408.0,0.8539922833442688,0.2028205692768097,0.9446216821670532,-0.006384347099810839,0.005717605352401733,0.0,0.4278181493282318,0.0,-0.41638293862342834,0.0,20.0,-0.36579614376574837
trial_02,161.04914394300002,1.0,506.0,555.0,0.8530233502388,0.20068424940109253,0.9388340711593628,-0.004996060393750668,0.005521699786186218,0.0,0.4299120604991913,0.0,-0.41886866092681885,0.0,21.0,-0.2862531747543815
trial_02,161.31680834800002,1.0,610.0,421.0,0.8618423938751221,0.24067923426628113,0.9456051588058472,-0.003630000166594982,0.005143702030181885,0.0,0.4300070106983185,0.0,-0.4197196066379547,0.0,21.0,-0.2079836891776782
trial_02,161.587763222,1.0,506.0,568.0,0.8705843687057495,0.24184510111808777,0.9424245953559875,-0.0025998465716838837,0.004618212580680847,0.0,0.4301876723766327,0.0,-0.420951247215271,0.0,19.0,-0.14896023593904278
trial_02,161.87577396700001,1.0,601.0,448.0,0.8710876703262329,0.24083611369132996,0.9445900917053223,-0.0015475554391741753,0.0048128217458724976,0.0,0.43072670698165894,0.0,-0.42110106348991394,0.0,21.0,-0.08866839522719483
trial_02,162.14490356500002,1.0,485.0,587.0,0.8493021726608276,0.2002677023410797,0.9387058019638062,-0.0005291560664772987,0.004882872104644775,0.0,0.43114954233169556,0.0,-0.421383798122406,0.0,20.0,-0.03031840931289324
trial_02,162.41124424,1.0,600.0,471.0,0.8584733009338379,0.20643451809883118,0.9304934144020081,0.0002815825864672661,0.004321008920669556,0.0,0.4308778643608093,0.0,-0.4222358465194702,0.0,21.0,0.016133493788951916
trial_02,162.679628532,1.0,482.0,628.0,0.8710725903511047,0.24548199772834778,0.9432793855667114,0.0016177641227841377,0.004414796829223633,0.0,0.4308212399482727,0.0,-0.42199164628982544,0.0,20.0,0.09269105648321499
trial_02,162.95075118100002,1.0,631.0,509.0,0.8751090168952942,0.2443425953388214,0.9296914935112,0.002488555386662483,0.004869341850280762,0.0,0.4310078024864197,0.0,-0.42126911878585815,0.0,21.0,0.14258372074030695
trial_02,163.209274391,1.0,538.0,637.0,0.8743109703063965,0.24636849761009216,0.9300495386123657,0.003121870569884777,0.005212634801864624,0.0,0.4309021830558777,0.0,-0.42047691345214844,0.0,20.0,0.17887000784049883
trial_02,163.47522906400002,1.0,639.0,426.0,0.8508963584899902,0.23843804001808167,0.928389310836792,0.003850533626973629,0.00664953887462616,0.0,0.4299747049808502,0.0,-0.4166756272315979,0.0,21.0,0.22061932569879023
trial_02,163.749287407,1.0,484.0,619.0,0.8428870439529419,0.19158998131752014,0.9270132184028625,0.004355928860604763,0.005436718463897705,0.0,0.4280393421649933,0.0,-0.4171659052371979,0.0,20.0,0.2495763395718824
trial_02,164.018062533,1.0,592.0,458.0,0.847350001335144,0.18001827597618103,0.9163836240768433,0.0049860551953315735,0.005736172199249268,0.0,0.42829281091690063,0.0,-0.4168204665184021,0.0,21.0,0.2856799191117764
trial_02,164.279494636,1.0,482.0,593.0,0.8573243021965027,0.20030176639556885,0.9433800578117371,0.003568311221897602,0.005215689539909363,0.0,0.4272442162036896,0.0,-0.41681283712387085,0.0,21.0,0.2044491730039024
trial_02,164.55006856100002,1.0,610.0,468.0,0.8562707304954529,0.18109771609306335,0.931546151638031,0.00015269219875335693,0.005615994334220886,0.0,0.4279482364654541,0.0,-0.41671624779701233,0.0,21.0,0.008748618553140082
trial_02,164.841045664,1.0,495.0,582.0,0.8463470935821533,0.18285110592842102,0.9328525066375732,0.0009995251893997192,0.005030632019042969,0.0,0.42674046754837036,0.0,-0.4166792035102844,0.0,21.0,0.057268574869618165
trial_02,165.100744724,1.0,579.0,461.0,0.859362006187439,0.20044094324111938,0.9358265995979309,0.005865096114575863,0.004897162318229675,0.0,0.4274193048477173,0.0,-0.41762498021125793,0.0,21.0,0.3360452538037745
trial_02,165.37016200600002,1.0,499.0,596.0,0.8739731311798096,0.25068309903144836,0.9295790791511536,0.00497227068990469,0.005343258380889893,0.0,0.42864710092544556,0.0,-0.41796058416366577,0.0,21.0,0.2848901251281408
trial_02,165.66631166800002,1.0,578.0,375.0,0.8468201756477356,0.19696545600891113,0.9432539343833923,-0.0019600261002779007,0.00656089186668396,0.0,0.42906424403190613,0.0,-0.4159424602985382,0.0,21.0,-0.11230122328140918
trial_02,165.938082699,1.0,471.0,573.0,0.8604462742805481,0.19797423481941223,0.9338160753250122,0.0007801288738846779,0.005887717008590698,0.0,0.4295823276042938,0.0,-0.4178068935871124,0.0,21.0,0.04469809194988571
trial_02,166.205381222,1.0,597.0,435.0,0.8766157031059265,0.24852904677391052,0.941605806350708,0.00394049659371376,0.004408091306686401,0.0,0.42972248792648315,0.0,-0.42090630531311035,0.0,20.0,0.22577382400547555
trial_02,166.476047332,1.0,451.0,571.0,0.8409281373023987,0.19865182042121887,0.9364306330680847,0.0011102550197392702,0.003808349370956421,0.0,0.4295238256454468,0.0,-0.42190712690353394,0.0,21.0,0.06361292681427409
trial_02,166.750563793,1.0,600.0,466.0,0.8736087083816528,0.2455618977546692,0.9349035620689392,-0.0005990026984363794,0.0036408603191375732,0.0,0.4306216239929199,0.0,-0.4233399033546448,0.0,19.0,-0.03432032653735214
trial_02,167.01454065000001,1.0,487.0,537.0,0.8656275868415833,0.18291571736335754,0.9201841950416565,-0.0022856879513710737,0.005462959408760071,0.0,0.43364158272743225,0.0,-0.4227156639099121,0.0,21.0,-0.13096027289746587
trial_02,167.276270946,1.0,588.0,436.0,0.8668511509895325,0.22897353768348694,0.9374756813049316,-0.0031544549856334925,0.007073149085044861,0.0,0.43529459834098816,0.0,-0.42114830017089844,0.0,21.0,-0.18073695734079986
trial_02,167.54988221300002,1.0,499.0,559.0,0.8681299090385437,0.19812604784965515,0.9387789964675903,-0.006364091765135527,0.007760867476463318,0.0,0.43571045994758606,0.0,-0.4201887249946594,0.0,21.0,-0.364635598576228
trial_02,167.835310824,1.0,581.0,438.0,0.8594822883605957,0.20242539048194885,0.9394257068634033,-0.0022344037424772978,0.006629183888435364,0.0,0.4354076683521271,0.0,-0.42214930057525635,0.0,20.0,-0.12802190417218523
trial_02,168.094721595,1.0,464.0,588.0,0.8649321794509888,0.2020346224308014,0.9366089105606079,-0.005780295468866825,0.007545903325080872,0.0,0.43584197759628296,0.0,-0.4207501709461212,0.0,21.0,-0.3311865347046624
trial_02,168.35971837900001,1.0,598.0,458.0,0.873833954334259,0.2453443706035614,0.941511869430542,-0.002151553053408861,0.00690537691116333,0.0,0.4345166087150574,0.0,-0.4207058548927307,0.0,20.0,-0.12327490935881315
trial_02,168.64299542400002,1.0,462.0,581.0,0.8486283421516418,0.21481415629386902,0.9314565062522888,-0.0044687846675515175,0.00798209011554718,0.0,0.435556560754776,0.0,-0.41959238052368164,0.0,21.0,-0.25604250100347464
trial_02,168.936750076,1.0,592.0,455.0,0.8640661835670471,0.21036848425865173,0.9267925024032593,-0.0012365292059257627,0.0069861263036727905,0.0,0.43441706895828247,0.0,-0.4204448163509369,0.0,21.0,-0.07084790474420927
trial_02,169.204342626,1.0,444.0,604.0,0.8720496892929077,0.24371203780174255,0.9341267943382263,-0.0038323411718010902,0.007316514849662781,0.0,0.4344179332256317,0.0,-0.41978490352630615,0.0,21.0,-0.2195769747984228
trial_02,169.475325964,1.0,578.0,514.0,0.8610872626304626,0.24824258685112,0.9379123449325562,-0.001020936411805451,0.006568998098373413,0.0,0.4332256019115448,0.0,-0.420087605714798,0.0,21.0,-0.058495347547682534
trial_02,169.74756182800002,1.0,498.0,667.0,0.8729059100151062,0.24834993481636047,0.9333572387695312,-0.0038905523251742125,0.008090078830718994,0.0,0.43424487113952637,0.0,-0.4180647134780884,0.0,21.0,-0.22291222820729142
trial_02,170.014471824,1.0,635.0,511.0,0.8586159944534302,0.2029322385787964,0.9186330437660217,-0.0015508616343140602,0.008358538150787354,0.0,0.4330768883228302,0.0,-0.4163598120212555,0.0,21.0,-0.0888578262549569
trial_02,170.281572269,1.0,483.0,612.0,0.8402332067489624,0.1902312934398651,0.9049862623214722,0.00041596568189561367,0.00811128318309784,0.0,0.43201228976249695,0.0,-0.41578972339630127,0.0,21.0,0.02383307799490002
trial_02,170.5487707,1.0,589.0,463.0,0.8788940906524658,0.2393612265586853,0.9210280179977417,0.001749376766383648,0.00764717161655426,0.0,0.43010151386260986,0.0,-0.41480717062950134,0.0,21.0,0.10023190549202642
trial_02,170.84181875800002,1.0,451.0,588.0,0.8634456396102905,0.23478373885154724,0.9285022020339966,-0.0017468854784965515,0.007282465696334839,0.0,0.429182767868042,0.0,-0.4146178364753723,0.0,21.0,-0.10008916521054373
trial_02,171.115791303,1.0,571.0,465.0,0.8685429096221924,0.24289095401763916,0.917168915271759,-0.001853920053690672,0.006682038307189941,0.0,0.4283492863178253,0.0,-0.41498520970344543,0.0,21.0,-0.10622179463114248
trial_02,171.389527388,1.0,462.0,601.0,0.8840973377227783,0.2507834732532501,0.9206509590148926,-0.002376156859099865,0.0054994672536849976,0.0,0.4262198209762573,0.0,-0.41522088646888733,0.0,21.0,-0.13614375948748408
trial_02,171.65953345100002,1.0,563.0,471.0,0.8731071949005127,0.2505820691585541,0.919901430606842,-0.0033576032146811485,0.005515351891517639,0.0,0.42550933361053467,0.0,-0.4144786298274994,0.0,19.0,-0.1923764934807875
trial_02,171.950199948,1.0,492.0,589.0,0.869764506816864,0.24692583084106445,0.9222584962844849,-0.004248804412782192,0.004610732197761536,0.0,0.4236881732940674,0.0,-0.4144667088985443,0.0,21.0,-0.2434385608289797
trial_02,172.21949052800002,1.0,559.0,382.0,0.8605194091796875,0.23859503865242004,0.9211108684539795,-0.005791211500763893,0.0049433112144470215,0.0,0.4232952892780304,0.0,-0.41340866684913635,0.0,20.0,-0.3318119772613946
trial_02,172.49361956,1.0,473.0,594.0,0.8802670836448669,0.2437187135219574,0.9165765643119812,-0.0077881477773189545,0.004145696759223938,0.0,0.42445510625839233,0.0,-0.41616371273994446,0.0,21.0,-0.44622799786456896
trial_02,172.77484763200002,1.0,560.0,470.0,0.8762255311012268,0.24274694919586182,0.9348134398460388,-0.009618817828595638,0.003227800130844116,0.0,0.4246540665626526,0.0,-0.41819846630096436,0.0,19.0,-0.551117665483721
trial_02,173.04050468900002,1.0,449.0,578.0,0.870811939239502,0.23343804478645325,0.9162025451660156,-0.011822093278169632,0.0022593289613723755,0.0,0.4245075285434723,0.0,-0.41998887062072754,0.0,21.0,-0.6773560498490998
trial_02,173.3053927,1.0,573.0,424.0,0.8626002073287964,0.23404788970947266,0.9274425506591797,-0.01423442643135786,0.002740830183029175,0.0,0.4244520664215088,0.0,-0.41897040605545044,0.0,21.0,-0.8155725583062712
trial_02,173.57934981300002,1.0,458.0,601.0,0.883908212184906,0.23276349902153015,0.9187577366828918,-0.016485676169395447,0.0027772486209869385,0.0,0.42626968026161194,0.0,-0.42071518301963806,0.0,21.0,-0.9445596669257571
trial_02,173.874567361,1.0,582.0,521.0,0.8766596913337708,0.2273404598236084,0.9311391711235046,-0.02352813631296158,0.0024378597736358643,0.0,0.42569005489349365,0.0,-0.4208143353462219,0.0,20.0,-1.3480629105411923
trial_02,174.132960104,1.0,437.0,647.0,0.8907644152641296,0.23746415972709656,0.9238012433052063,-0.028211964294314384,0.0029516369104385376,0.0,0.4272022545337677,0.0,-0.4212989807128906,0.0,19.0,-1.6164264858379882
trial_02,174.398021427,1.0,611.0,531.0,0.8875777125358582,0.24274566769599915,0.9213520884513855,-0.03203671798110008,0.0015523135662078857,0.0,0.42651116847991943,0.0,-0.42340654134750366,0.0,21.0,-1.8355687297679102
trial_02,174.665973637,1.0,492.0,667.0,0.8599843382835388,0.1811220943927765,0.9212411046028137,-0.02955011837184429,0.0014547854661941528,0.0,0.4254564940929413,0.0,-0.422546923160553,0.0,21.0,-1.6930970668186738
trial_02,174.95903448500002,1.0,662.0,455.0,0.8541327118873596,0.18049517273902893,0.9230561852455139,-0.019966892898082733,0.00227181613445282,0.0,0.4240550100803375,0.0,-0.4195113778114319,0.0,21.0,-1.1440186930498777
trial_02,175.218227371,1.0,497.0,646.0,0.8533013463020325,0.18371820449829102,0.9103161692619324,-0.018914755433797836,-0.0005726814270019531,0.0,0.42161405086517334,0.0,-0.42275941371917725,0.0,21.0,-1.0837356568787566
trial_02,175.489900126,1.0,641.0,521.0,0.8776803016662598,0.24070850014686584,0.9138746857643127,-0.018351051956415176,-0.0010665208101272583,0.0,0.4207121729850769,0.0,-0.4228452146053314,0.0,21.0,-1.0514378267278819
trial_02,175.76078608,1.0,509.0,660.0,0.8800782561302185,0.24323469400405884,0.927096426486969,-0.008941911160945892,-0.002933204174041748,0.0,0.41932177543640137,0.0,-0.42518818378448486,0.0,21.0,-0.5123337703031259
trial_02,176.03998591500002,1.0,582.0,468.0,0.8606468439102173,0.23961392045021057,0.9296767115592957,-0.00903923250734806,-0.0030906498432159424,0.0,0.41774702072143555,0.0,-0.42392832040786743,0.0,21.0,-0.5179098727085008
trial_02,176.30031641600002,1.0,471.0,618.0,0.8853747844696045,0.2494088113307953,0.9313874244689941,-0.009081566706299782,-0.004920005798339844,0.0,0.41774147748947144,0.0,-0.4275814890861511,0.0,21.0,-0.5203354436375015
trial_02,176.57150403900002,1.0,564.0,466.0,0.8738193511962891,0.2293681800365448,0.9271517992019653,-0.00912771001458168,-0.007906407117843628,0.0,0.4160465598106384,0.0,-0.4318593740463257,0.0,20.0,-0.5229792604548253
trial_02,176.856076836,1.0,451.0,622.0,0.8745379447937012,0.20311447978019714,0.9334709644317627,-0.006686108186841011,-0.009300202131271362,0.0,0.4156004786491394,0.0,-0.43420088291168213,0.0,19.0,-0.3830857804738572
trial_02,177.118736933,1.0,558.0,382.0,0.869617760181427,0.23661521077156067,0.9369135499000549,-0.003547845408320427,-0.009323418140411377,0.0,0.41533488035202026,0.0,-0.433981716632843,0.0,20.0,-0.2032765682616287
trial_02,177.39314779900002,1.0,448.0,588.0,0.8742284178733826,0.1990738809108734,0.9227100610733032,-0.00012693554162979126,-0.01039913296699524,0.0,0.4149317145347595,0.0,-0.43572998046875,0.0,21.0,-0.007272870805594202
trial_02,177.65300178,1.0,590.0,464.0,0.8625046610832214,0.19965419173240662,0.9253728985786438,0.001874010544270277,-0.010592237114906311,0.0,0.4151802957057953,0.0,-0.4363647699356079,0.0,21.0,0.10737289494970119
trial_02,177.934172667,1.0,449.0,584.0,0.8479666709899902,0.19589465856552124,0.9291584491729736,0.0012821739073842764,-0.010802388191223145,0.0,0.4146004617214203,0.0,-0.4362052381038666,0.0,21.0,0.07346315349491674
trial_02,178.197618682,1.0,543.0,476.0,0.8518312573432922,0.13449504971504211,0.9288685917854309,0.005169955547899008,-0.010273665189743042,0.0,0.41513141989707947,0.0,-0.43567875027656555,0.0,21.0,0.29621663316485825
trial_02,178.46625480600002,1.0,446.0,589.0,0.8782204389572144,0.22698459029197693,0.9236351251602173,0.0039028781466186047,-0.008776366710662842,0.0,0.4173375070095062,0.0,-0.4348902404308319,0.0,21.0,0.22361844575508696
trial_02,178.73591134100002,1.0,565.0,439.0,0.861277163028717,0.20750239491462708,0.9350846409797668,0.00974457897245884,-0.007979065179824829,0.0,0.4183284044265747,0.0,-0.43428653478622437,0.0,20.0,0.55832324825382
trial_02,179.01023172200001,1.0,463.0,585.0,0.8897069096565247,0.24556681513786316,0.933261513710022,0.009362458251416683,-0.006617248058319092,0.0,0.42028099298477173,0.0,-0.4335154891014099,0.0,21.0,0.5364293436736085
trial_02,179.27159288000001,1.0,572.0,437.0,0.8721312284469604,0.24514558911323547,0.945610761642456,0.01002125721424818,-0.005139172077178955,0.0,0.4215165674686432,0.0,-0.4317949116230011,0.0,20.0,0.5741757437914493
trial_02,179.542756763,1.0,454.0,607.0,0.8793684840202332,0.24237942695617676,0.9398882985115051,0.011474757455289364,-0.004000425338745117,0.0,0.42291247844696045,0.0,-0.4309133291244507,0.0,21.0,0.657455173124357
trial_02,179.82339515700002,1.0,554.0,470.0,0.8676555156707764,0.2435269057750702,0.9398804903030396,0.013378017581999302,-0.0032926350831985474,0.0,0.4228042662143707,0.0,-0.4293895363807678,0.0,20.0,0.7665039457003707
trial_02,180.0829969,1.0,451.0,644.0,0.8670318126678467,0.22648265957832336,0.9167941212654114,0.015397313982248306,-0.0031805336475372314,0.0,0.4225556254386902,0.0,-0.42891669273376465,0.0,21.0,0.8822011070205985
trial_02,180.35470573900002,1.0,557.0,536.0,0.8701927661895752,0.23587146401405334,0.9362611174583435,0.017068441957235336,-0.0020590275526046753,0.0,0.42277002334594727,0.0,-0.4268880784511566,0.0,21.0,0.9779496870135991
trial_02,180.617497895,1.0,450.0,654.0,0.8695017695426941,0.2433272898197174,0.9298884868621826,0.013604117557406425,-0.0009860098361968994,0.0,0.42307916283607483,0.0,-0.42505118250846863,0.0,21.0,0.7794585200392106
trial_02,180.890170055,1.0,587.0,432.0,0.8701333403587341,0.23605316877365112,0.9429574012756348,0.01644826866686344,5.996227264404297e-05,0.0,0.42329442501068115,0.0,-0.42317450046539307,0.0,21.0,0.9424163749085482
trial_02,181.15301810900002,1.0,466.0,583.0,0.8778799176216125,0.1936769187450409,0.912753701210022,0.018305731937289238,0.00048089027404785156,0.0,0.4241856336593628,0.0,-0.4232238531112671,0.0,21.0,1.0488411809045135
trial_02,181.414753354,1.0,559.0,382.0,0.8735902905464172,0.24740394949913025,0.9389232397079468,0.019740983843803406,0.0019502043724060059,0.0,0.4237082600593567,0.0,-0.4198078513145447,0.0,21.0,1.1310750576858803
trial_02,181.687713503,1.0,435.0,588.0,0.8739259839057922,0.21748927235603333,0.9334527850151062,0.01514279656112194,0.0019075274467468262,0.0,0.42457377910614014,0.0,-0.4207587242126465,0.0,20.0,0.8676183329775039
trial_02,181.974253607,1.0,537.0,385.0,0.8694376349449158,0.21931639313697815,0.9246751070022583,0.01085842214524746,0.0031615495681762695,0.0,0.4246966242790222,0.0,-0.4183735251426697,0.0,21.0,0.6221417610940688
trial_02,182.240129201,1.0,438.0,505.0,0.8717968463897705,0.24520447850227356,0.9443091154098511,0.011128483340144157,0.003979429602622986,0.0,0.4249352514743805,0.0,-0.4169763922691345,0.0,20.0,0.6376151277719095
trial_02,182.50873134000003,1.0,538.0,479.0,0.8870951533317566,0.2508145868778229,0.9375544786453247,0.012491384521126747,0.0021744966506958008,0.0,0.42523133754730225,0.0,-0.42088234424591064,0.0,21.0,0.7157036133356075
trial_02,182.78113988500002,1.0,428.0,549.0,0.8772586584091187,0.2324388325214386,0.9309033155441284,0.013257652521133423,0.0009582340717315674,0.0,0.4244042634963989,0.0,-0.4224877953529358,0.0,21.0,0.7596075357119205
trial_02,183.05331003100002,1.0,492.0,379.0,0.8728639483451843,0.24720093607902527,0.9372861981391907,0.013984284363687038,0.0013716965913772583,0.0,0.42423075437545776,0.0,-0.42148736119270325,0.0,21.0,0.8012404735500572
trial_02,183.310773788,1.0,438.0,564.0,0.8685639500617981,0.18471744656562805,0.9214657545089722,0.014629165641963482,0.00103721022605896,0.0,0.42474067211151123,0.0,-0.4226662516593933,0.0,21.0,0.8381894490822991
trial_02,183.567213629,1.0,510.0,428.0,0.8747352361679077,0.24749436974525452,0.9291270971298218,0.010321726091206074,0.002377539873123169,0.0,0.4267383813858032,0.0,-0.4219833016395569,0.0,21.0,0.5913913423161723
trial_02,183.842418931,1.0,435.0,548.0,0.8698857426643372,0.19980445504188538,0.9272968769073486,0.005806304514408112,0.004256218671798706,0.0,0.4294351041316986,0.0,-0.4209226667881012,0.0,20.0,0.3326767432433417
trial_02,184.10806873200002,1.0,515.0,455.0,0.8871175050735474,0.246296226978302,0.9344406127929688,0.008135301992297173,0.005096882581710815,0.0,0.4310070276260376,0.0,-0.42081326246261597,0.0,19.0,0.46611846922299816
trial_02,184.37032000800002,1.0,432.0,558.0,0.8666900396347046,0.18993619084358215,0.9321987628936768,0.005818766541779041,0.005974143743515015,0.0,0.4324411153793335,0.0,-0.42049282789230347,0.0,21.0,0.3333907648158725
trial_02,184.63307328000002,1.0,512.0,443.0,0.8729438781738281,0.24549329280853271,0.9432070851325989,0.0070397742092609406,0.006629809737205505,0.0,0.4325939416885376,0.0,-0.4193343222141266,0.0,19.0,0.4033493509156983
trial_02,184.909338061,1.0,435.0,562.0,0.8592643737792969,0.24338886141777039,0.9325987696647644,0.001967698335647583,0.006113678216934204,0.0,0.43163204193115234,0.0,-0.41940468549728394,0.0,21.0,0.11274080998752298
trial_02,185.17336990200002,1.0,502.0,427.0,0.8829035758972168,0.2414405345916748,0.9290577173233032,0.001072200946509838,0.00690092146396637,0.0,0.4321349561214447,0.0,-0.41833311319351196,0.0,21.0,0.06143258902494586
trial_02,185.437026472,1.0,416.0,593.0,0.881024956703186,0.24616435170173645,0.9298334717750549,0.001583671197295189,0.0072183758020401,0.0,0.43262165784835815,0.0,-0.41818490624427795,0.0,21.0,0.09073767574144424
trial_02,185.700816086,1.0,501.0,477.0,0.8767145276069641,0.2445528507232666,0.9296443462371826,0.0023544607684016228,0.007794424891471863,0.0,0.4327146112918854,0.0,-0.41712576150894165,0.0,21.0,0.13490066505854176
trial_02,185.99032954100002,1.0,423.0,638.0,0.8482152223587036,0.1795520782470703,0.9383645057678223,0.0006817858666181564,0.0070051103830337524,0.0,0.43142277002334595,0.0,-0.41741254925727844,0.0,21.0,0.039063452688889645
trial_02,186.238701171,1.0,479.0,538.0,0.8652251958847046,0.22363480925559998,0.9285799860954285,-0.00026072561740875244,0.00685371458530426,0.0,0.4311656057834625,0.0,-0.417458176612854,0.0,21.0,-0.014938477488464138
trial_02,186.50840407,1.0,409.0,646.0,0.8720488548278809,0.19170305132865906,0.9235666394233704,0.00036740489304065704,0.007832065224647522,0.0,0.4332641661167145,0.0,-0.41760003566741943,0.0,21.0,0.02105074974368508
trial_02,186.77264691800002,1.0,499.0,517.0,0.8851463794708252,0.2483939230442047,0.9329703450202942,0.00014869309961795807,0.007038697600364685,0.0,0.4320695996284485,0.0,-0.4179922044277191,0.0,21.0,0.00851948705082731
trial_02,187.04992036500002,1.0,433.0,625.0,0.8894223570823669,0.24783363938331604,0.9303109049797058,-0.0057520451955497265,0.008006900548934937,0.0,0.43308860063552856,0.0,-0.4170747995376587,0.0,20.0,-0.3295679132735016
trial_02,187.306551457,1.0,548.0,463.0,0.885668158531189,0.24674370884895325,0.938025176525116,-0.005435970611870289,0.008277371525764465,0.0,0.43261998891830444,0.0,-0.4160652458667755,0.0,21.0,-0.31145817361731526
trial_02,187.578471161,1.0,443.0,506.0,0.8647125959396362,0.18857577443122864,0.9340561628341675,-0.005040328949689865,0.008486181497573853,0.0,0.4309290945529938,0.0,-0.41395673155784607,0.0,21.0,-0.2887895761748363
trial_02,187.84917303400002,1.0,494.0,388.0,0.8702630400657654,0.23980405926704407,0.9342663288116455,0.00023572146892547607,0.009482964873313904,0.0,0.4309224784374237,0.0,-0.4119565486907959,0.0,21.0,0.013505845310053964
trial_02,188.111124915,1.0,426.0,487.0,0.8785672187805176,0.24824848771095276,0.9421576261520386,0.0025422596372663975,0.008672654628753662,0.0,0.42954856157302856,0.0,-0.41220325231552124,0.0,21.0,0.14566074764182416
trial_02,188.369802023,1.0,470.0,456.0,0.8799357414245605,0.25484246015548706,0.9379993677139282,-0.004887454677373171,0.0073219239711761475,0.0,0.42974114418029785,0.0,-0.41509729623794556,0.0,21.0,-0.2800305255749561
trial_02,188.635526074,1.0,382.0,581.0,0.871289849281311,0.2513616383075714,0.9399323463439941,-0.0034236290957778692,0.004995107650756836,0.0,0.42798367142677307,0.0,-0.4179934561252594,0.0,20.0,-0.19615949780626218
trial_02,188.907916653,1.0,437.0,385.0,0.8767077326774597,0.24754896759986877,0.9382667541503906,-0.007616986054927111,0.004958003759384155,0.0,0.42794543504714966,0.0,-0.41802942752838135,0.0,21.0,-0.43642115355732647
trial_02,189.170899326,1.0,382.0,573.0,0.8888108134269714,0.25034165382385254,0.9373974800109863,-0.011343888938426971,0.003963649272918701,0.0,0.42847388982772827,0.0,-0.42054659128189087,0.0,20.0,-0.6499569594370053
trial_02,189.431047145,1.0,437.0,358.0,0.8591572046279907,0.17791861295700073,0.9414893388748169,-0.009345108643174171,0.005798250436782837,0.0,0.4326186776161194,0.0,-0.4210221767425537,0.0,21.0,-0.5354352843451072
trial_02,189.701341976,1.0,366.0,544.0,0.864254355430603,0.15845784544944763,0.9407667517662048,-0.00820895191282034,0.006691262125968933,0.0,0.4361003339290619,0.0,-0.422717809677124,0.0,21.0,-0.47033829883044953
trial_02,189.98819710700002,1.0,417.0,445.0,0.8828437328338623,0.248165100812912,0.9245820641517639,-0.007376423105597496,0.00733029842376709,0.0,0.43844008445739746,0.0,-0.4237794876098633,0.0,19.0,-0.4226379118535201
trial_02,190.25302409900002,1.0,363.0,567.0,0.8768960237503052,0.24581506848335266,0.9285730719566345,-0.00736224465072155,0.00730326771736145,0.0,0.4398253560066223,0.0,-0.4252188205718994,0.0,21.0,-0.4218255462291117
trial_02,190.51747652100002,1.0,429.0,436.0,0.8739462494850159,0.24214056134223938,0.9298572540283203,-0.012882914394140244,0.007599085569381714,0.0,0.44110947847366333,0.0,-0.4259113073348999,0.0,21.0,-0.738136622612574
trial_02,190.78034536200002,1.0,365.0,574.0,0.864896297454834,0.17328771948814392,0.9180353283882141,-0.012948963791131973,0.007460102438926697,0.0,0.44142016768455505,0.0,-0.42649996280670166,0.0,21.0,-0.7419209742995841
trial_02,191.05436992900002,1.0,393.0,476.0,0.8783831000328064,0.2452026605606079,0.9407413005828857,-0.008645020425319672,0.006993114948272705,0.0,0.4415278434753418,0.0,-0.4275416135787964,0.0,21.0,-0.4953231841752091
trial_02,191.314731724,1.0,315.0,617.0,0.8596378564834595,0.16687560081481934,0.9244591593742371,-0.011728450655937195,0.005792871117591858,0.0,0.43955621123313904,0.0,-0.4279704689979553,0.0,21.0,-0.6719907228126433
trial_02,191.58185434400002,1.0,370.0,518.0,0.8803771734237671,0.24871721863746643,0.9358720183372498,-0.009776441380381584,0.004215061664581299,0.0,0.43723905086517334,0.0,-0.42880892753601074,0.0,20.0,-0.5601488297529175
trial_02,191.87036612,1.0,341.0,619.0,0.8769656419754028,0.20250561833381653,0.937744140625,-0.013603396713733673,0.0030016303062438965,0.0,0.4357929825782776,0.0,-0.4297897219657898,0.0,21.0,-0.7794172187390732
trial_02,192.126649235,1.0,435.0,406.0,0.867613673210144,0.24204429984092712,0.9447206854820251,-0.017738355323672295,0.004210919141769409,0.0,0.43567991256713867,0.0,-0.42725807428359985,0.0,20.0,-1.0163328955498379
trial_02,192.37840732700002,1.0,360.0,551.0,0.8915373682975769,0.2553156614303589,0.9414437413215637,-0.02066793665289879,0.0025033801794052124,0.0,0.4351314306259155,0.0,-0.4301246702671051,0.0,20.0,-1.1841855414548417
trial_02,192.638997413,1.0,394.0,446.0,0.8826784491539001,0.2561604380607605,0.9217305779457092,-0.01936938799917698,0.0006987005472183228,0.0,0.43348097801208496,0.0,-0.4320835769176483,0.0,21.0,-1.1097841841041869
trial_02,192.91272480900003,1.0,293.0,562.0,0.8712316155433655,0.1907849907875061,0.9163777232170105,-0.01759112998843193,-0.0008849650621414185,0.0,0.43257731199264526,0.0,-0.4343472421169281,0.0,19.0,-1.0078975052031662
trial_02,193.180569009,1.0,332.0,454.0,0.8814217448234558,0.22427144646644592,0.9184958338737488,-0.02128828875720501,-0.003070920705795288,0.0,0.43092650175094604,0.0,-0.4370683431625366,0.0,20.0,-1.2197290988436476
trial_02,193.435185963,1.0,286.0,572.0,0.8876150846481323,0.2553509473800659,0.9423245787620544,-0.017743904143571854,-0.004664212465286255,0.0,0.430297315120697,0.0,-0.43962574005126953,0.0,21.0,-1.0166508195113608
trial_02,193.69483736100003,1.0,331.0,348.0,0.8692977428436279,0.24519747495651245,0.9423138499259949,-0.011503279209136963,-0.004623323678970337,0.0,0.4284951090812683,0.0,-0.437741756439209,0.0,21.0,-0.6590893492441354
trial_02,193.970620196,1.0,241.0,568.0,0.8710037469863892,0.18497169017791748,0.9361149072647095,-0.011940354481339455,-0.005733028054237366,0.0,0.4285105764865875,0.0,-0.43997663259506226,0.0,19.0,-0.6841319176708698
trial_02,194.22854581200002,1.0,345.0,403.0,0.8843539357185364,0.19548845291137695,0.9303736686706543,-0.01315478328615427,-0.007633373141288757,0.0,0.42795997858047485,0.0,-0.44322672486305237,0.0,21.0,-0.7537135627058756
trial_02,194.48911774400003,1.0,249.0,560.0,0.8810882568359375,0.23218098282814026,0.9433329701423645,0.0004751645028591156,-0.00834318995475769,0.0,0.4272306263446808,0.0,-0.44391700625419617,0.0,20.0,0.027224920588259264
trial_02,194.76217817100002,1.0,366.0,446.0,0.8812761902809143,0.2547149360179901,0.9457983374595642,0.0009653205052018166,-0.009305030107498169,0.0,0.42661046981811523,0.0,-0.4452205300331116,0.0,21.0,0.05530879082550052
trial_02,195.033589199,1.0,279.0,538.0,0.8663798570632935,0.23408731818199158,0.9333147406578064,-0.0005133217200636864,-0.009978532791137695,0.0,0.4259605407714844,0.0,-0.44591760635375977,0.0,20.0,-0.02941116809204514
trial_02,195.280092184,1.0,357.0,433.0,0.8746136426925659,0.24593999981880188,0.9479384422302246,0.00028569623827934265,-0.00988847017288208,0.0,0.4261024594306946,0.0,-0.44587939977645874,0.0,21.0,0.016369188676170248
trial_02,195.55000858600002,1.0,291.0,569.0,0.8870152235031128,0.2540978491306305,0.9471362829208374,0.0014402279630303383,-0.008702188730239868,0.0,0.42716681957244873,0.0,-0.44457119703292847,0.0,20.0,0.08251898381836194
trial_02,195.812830963,1.0,364.0,408.0,0.8767946362495422,0.23693439364433289,0.94684898853302,-0.004129448905587196,-0.008132115006446838,0.0,0.42795324325561523,0.0,-0.4442174732685089,0.0,19.0,-0.2365999940050631
trial_02,196.07469655300002,1.0,283.0,590.0,0.8703848719596863,0.19493162631988525,0.9375036954879761,-0.0029580602422356606,-0.007437720894813538,0.0,0.42798396944999695,0.0,-0.442859411239624,0.0,21.0,-0.1694843674255493
trial_02,196.33042728700002,1.0,366.0,486.0,0.8807803392410278,0.25080910325050354,0.944145679473877,-0.0022366559132933617,-0.006642892956733704,0.0,0.4274948835372925,0.0,-0.4407806694507599,0.0,20.0,-0.12815094405468822
trial_02,196.59543339700002,1.0,277.0,591.0,0.8573567271232605,0.1886579692363739,0.9308327436447144,-0.0012610433623194695,-0.0072378069162368774,0.0,0.4265610873699188,0.0,-0.4410367012023926,0.0,21.0,-0.0722524624438923
trial_02,196.86155110800001,1.0,391.0,470.0,0.8798515796661377,0.23604565858840942,0.9338721036911011,-0.0016985833644866943,-0.006800040602684021,0.0,0.4259629547595978,0.0,-0.4395630359649658,0.0,21.0,-0.09732165793621919
trial_02,197.127921573,1.0,289.0,619.0,0.8726888298988342,0.23560991883277893,0.9430946111679077,-0.000962480902671814,-0.006185263395309448,0.0,0.426358163356781,0.0,-0.4387286901473999,0.0,21.0,-0.0551460935850367
trial_02,197.385591796,1.0,381.0,501.0,0.8852116465568542,0.25944092869758606,0.9357088208198547,-0.0015400182455778122,-0.006242096424102783,0.0,0.4262382984161377,0.0,-0.43872249126434326,0.0,21.0,-0.0882365458447502
trial_02,197.643721067,1.0,292.0,652.0,0.8754428029060364,0.23937800526618958,0.9314631223678589,-0.0017827833071351051,-0.006553202867507935,0.0,0.42492198944091797,0.0,-0.43802839517593384,0.0,21.0,-0.1021459592852167
trial_02,197.923210482,1.0,391.0,519.0,0.8808354139328003,0.2435663938522339,0.9314030408859253,-0.001927727833390236,-0.0072838664054870605,0.0,0.423622190952301,0.0,-0.43818992376327515,0.0,21.0,-0.11045066890315886
trial_02,198.18201284100002,1.0,310.0,618.0,0.861598789691925,0.17942529916763306,0.9185868501663208,-0.002189991995692253,-0.0077998340129852295,0.0,0.42093631625175476,0.0,-0.4365359842777252,0.0,20.0,-0.12547729852059847
trial_02,198.444056334,1.0,421.0,457.0,0.864474892616272,0.17228004336357117,0.922821044921875,-0.012306409887969494,-0.0060517191886901855,0.0,0.42131251096725464,0.0,-0.433415949344635,0.0,20.0,-0.7051053475387162
trial_02,198.70648272300002,1.0,318.0,569.0,0.8560096025466919,0.15994957089424133,0.9182454347610474,-0.009327223524451256,-0.005714908242225647,0.0,0.42038530111312866,0.0,-0.43181511759757996,0.0,21.0,-0.5344105425261938
trial_02,198.982511947,1.0,438.0,434.0,0.8832460045814514,0.2556934654712677,0.9119399785995483,-0.005976028274744749,-0.005175948143005371,0.0,0.4205862283706665,0.0,-0.43093812465667725,0.0,20.0,-0.3424011983937209
trial_02,199.247622594,1.0,331.0,588.0,0.8575337529182434,0.1787472665309906,0.9357016682624817,-0.008645223453640938,-0.003728225827217102,0.0,0.42283713817596436,0.0,-0.43029358983039856,0.0,21.0,-0.4953348168411392
trial_02,199.51404415500002,1.0,451.0,427.0,0.8542830944061279,0.17998141050338745,0.9300568699836731,-0.010778890922665596,-0.0020273029804229736,0.0,0.4241589307785034,0.0,-0.42821353673934937,0.0,21.0,-0.6175849577006125
trial_02,199.77990605500003,1.0,338.0,597.0,0.8600077033042908,0.17461171746253967,0.925499439239502,-0.012076830491423607,-0.0012085437774658203,0.0,0.4249260127544403,0.0,-0.42734310030937195,0.0,20.0,-0.6919514170534766
trial_02,200.04154482,1.0,450.0,428.0,0.8820405006408691,0.2544247806072235,0.9379504919052124,-0.006747217383235693,-0.0017096102237701416,0.0,0.4239157438278198,0.0,-0.4273349642753601,0.0,20.0,-0.38658707951670856
trial_02,200.297350894,1.0,352.0,599.0,0.8621488213539124,0.17944112420082092,0.9243580102920532,-0.009007534012198448,-0.002726033329963684,0.0,0.4219505488872528,0.0,-0.4274026155471802,0.0,21.0,-0.5160936827195121
trial_02,200.55283194900002,1.0,464.0,387.0,0.8702607750892639,0.2272816300392151,0.9356836676597595,-0.010873878374695778,-0.0014979839324951172,0.0,0.4224628806114197,0.0,-0.4254588484764099,0.0,21.0,-0.6230273378086433
trial_02,200.82054327,1.0,361.0,586.0,0.8752280473709106,0.22720324993133545,0.9314183592796326,-0.011911156587302685,-0.0016836225986480713,0.0,0.4219130873680115,0.0,-0.4252803325653076,0.0,21.0,-0.6824590015718928
trial_02,201.081631923,1.0,474.0,487.0,0.8596590757369995,0.17528828978538513,0.9262081980705261,-0.008023623377084732,-0.0025196969509124756,0.0,0.42101937532424927,0.0,-0.4260587692260742,0.0,21.0,-0.4597197559094598
trial_02,201.332783057,1.0,377.0,585.0,0.8819578289985657,0.24995392560958862,0.9314780235290527,-0.010209809057414532,-0.002940624952316284,0.0,0.4199669659137726,0.0,-0.42584821581840515,0.0,21.0,-0.5849789686242939
trial_02,201.59366034200002,1.0,484.0,476.0,0.8773507475852966,0.24389177560806274,0.9126432538032532,-0.011417323723435402,-0.0026376694440841675,0.0,0.42099815607070923,0.0,-0.42627349495887756,0.0,21.0,-0.6541644626874389
trial_02,201.86558394800002,1.0,415.0,530.0,0.877791166305542,0.24299946427345276,0.9213560223579407,-0.006434807553887367,-0.0026852190494537354,0.0,0.42093852162361145,0.0,-0.4263089597225189,0.0,21.0,-0.3686873148166472
trial_02,202.181076608,1.0,480.0,452.0,0.8739786744117737,0.24617895483970642,0.9233767986297607,-0.023480404168367386,-0.0010334551334381104,0.0,0.423539936542511,0.0,-0.4256068468093872,0.0,21.0,-1.3453280601088369
trial_02,202.486553039,1.0,405.0,610.0,0.8772971034049988,0.2390466034412384,0.9161732196807861,-0.04642248898744583,0.004620254039764404,0.0,0.4315202832221985,0.0,-0.4222797751426697,0.0,21.0,-2.6598126934731887
trial_02,202.823965372,1.0,498.0,479.0,0.8779782652854919,0.24283990263938904,0.9197743535041809,-0.03228040412068367,0.0067723095417022705,0.0,0.4353128671646118,0.0,-0.4217682480812073,0.0,20.0,-1.8495309170918857
trial_02,203.17603267700002,1.0,383.0,600.0,0.8868891596794128,0.24073633551597595,0.9186053276062012,-0.013935878872871399,0.007524952292442322,0.0,0.43654242157936096,0.0,-0.4214925169944763,0.0,21.0,-0.7984670432210619
trial_02,203.455530662,1.0,495.0,468.0,0.8831417560577393,0.2396067976951599,0.9187794923782349,-0.016649464145302773,0.00929279625415802,0.0,0.43867287039756775,0.0,-0.4200872778892517,0.0,21.0,-0.9539440266802373
trial_02,203.720189481,1.0,379.0,619.0,0.8505680561065674,0.1752411425113678,0.9009581804275513,-0.007657330483198166,0.009089365601539612,0.0,0.43818455934524536,0.0,-0.42000582814216614,0.0,21.0,-0.43873271902412625
trial_02,204.001734876,1.0,494.0,470.0,0.866888701915741,0.22145238518714905,0.9038941264152527,-0.0005621649324893951,0.008199840784072876,0.0,0.43766963481903076,0.0,-0.421269953250885,0.0,20.0,-0.032209678021899196
trial_02,204.275890491,1.0,399.0,634.0,0.8630684614181519,0.2369404137134552,0.9063332676887512,0.004075473174452782,0.007555663585662842,0.0,0.4370110332965851,0.0,-0.4218997061252594,0.0,20.0,0.23350741241492826
trial_02,204.81935218200002,1.0,496.0,459.0,0.8639351725578308,0.23287954926490784,0.9053992033004761,-0.002612045034766197,0.007794767618179321,0.0,0.43571072816848755,0.0,-0.4201211929321289,0.0,19.0,-0.1496591563902055
trial_02,204.836006141,1.0,413.0,630.0,0.8774714469909668,0.22814103960990906,0.89905846118927,-0.0065452707931399345,0.0071504563093185425,0.0,0.4351250231266022,0.0,-0.4208241105079651,0.0,20.0,-0.37501639221716315
trial_02,205.101130154,1.0,515.0,451.0,0.8710311651229858,0.236179381608963,0.9012964963912964,-0.008031856268644333,0.007966145873069763,0.0,0.4343607425689697,0.0,-0.4184284508228302,0.0,21.0,-0.4601914658490138
trial_02,205.357870843,1.0,401.0,679.0,0.8715915679931641,0.20941022038459778,0.8928730487823486,-0.003836490213871002,0.007605060935020447,0.0,0.4346916973590851,0.0,-0.4194815754890442,0.0,20.0,-0.21981469739805098
trial_02,205.608585116,1.0,548.0,457.0,0.860974907875061,0.2399713695049286,0.891502857208252,-0.006017336621880531,0.008500069379806519,0.0,0.43414831161499023,0.0,-0.4171481728553772,0.0,19.0,-0.34476799234326255
trial_02,205.86946202200002,1.0,445.0,673.0,0.8789293169975281,0.24741926789283752,0.880731463432312,-0.0021161697804927826,0.009070038795471191,0.0,0.4358387887477875,0.0,-0.4176987111568451,0.0,20.0,-0.12124759715536229
trial_02,206.127347219,1.0,545.0,473.0,0.8581387400627136,0.24091395735740662,0.8786999583244324,0.0008556302636861801,0.00834512710571289,0.0,0.43420863151550293,0.0,-0.41751837730407715,0.0,21.0,0.049024002932883864
trial_02,206.38417550300002,1.0,420.0,543.0,0.8638423085212708,0.24332189559936523,0.8846693634986877,0.003086864948272705,0.007437989115715027,0.0,0.4323488771915436,0.0,-0.4174728989601135,0.0,21.0,0.17686433346289518
trial_02,206.67479134700002,1.0,490.0,402.0,0.8609375953674316,0.22225803136825562,0.8827460408210754,0.00443173386156559,0.006822898983955383,0.0,0.4313381612300873,0.0,-0.4176923632621765,0.0,21.0,0.25391964619292295
trial_02,206.982769273,1.0,379.0,574.0,0.8734283447265625,0.2602267563343048,0.8798138499259949,0.004535110667347908,0.00538027286529541,0.0,0.43062132596969604,0.0,-0.4198607802391052,0.0,21.0,0.25984270086379335
trial_02,207.245702109,1.0,469.0,480.0,0.8609246015548706,0.24820932745933533,0.8619568347930908,0.00643446110188961,0.003850892186164856,0.0,0.4290549159049988,0.0,-0.42135313153266907,0.0,21.0,0.36866746457937183
trial_02,207.507750689,1.0,371.0,567.0,0.8762156963348389,0.25871357321739197,0.8591951727867126,0.002382824197411537,0.0038402676582336426,0.0,0.4292105734348297,0.0,-0.4215300381183624,0.0,21.0,0.1365257698333288
trial_02,207.80328623100002,1.0,478.0,386.0,0.8537383079528809,0.2323266565799713,0.864478349685669,-0.0002795327454805374,0.005100175738334656,0.0,0.4294885993003845,0.0,-0.4192882478237152,0.0,21.0,-0.01601604655173943
trial_02,208.10105441800002,1.0,374.0,520.0,0.8545786738395691,0.24461790919303894,0.8560579419136047,-0.0017379112541675568,0.006661280989646912,0.0,0.43063539266586304,0.0,-0.4173128306865692,0.0,20.0,-0.0995749800320887
trial_02,208.36082684200002,1.0,492.0,381.0,0.8511313199996948,0.18852314352989197,0.8464780449867249,-0.0027830395847558975,0.00764697790145874,0.0,0.4310767650604248,0.0,-0.4157828092575073,0.0,21.0,-0.1594564224243541
trial_02,208.62432851900002,1.0,380.0,582.0,0.8386924266815186,0.19652685523033142,0.8479002118110657,0.001277117058634758,0.007368043065071106,0.0,0.43030306696891785,0.0,-0.41556698083877563,0.0,21.0,0.07317341740393332
trial_03,0.309978065,1.0,443.0,578.0,0.8848775029182434,0.23793408274650574,0.9323734045028687,0.0021076295524835587,-0.0006879270076751709,0.0,0.4214635491371155,0.0,-0.4228394031524658,0.0,20.0,0.12075827813435434
trial_03,0.642154133,1.0,538.0,470.0,0.8873448967933655,0.23524689674377441,0.9275749921798706,0.004080638755112886,0.0003593564033508301,0.0,0.42179617285728455,0.0,-0.4210774600505829,0.0,20.0,0.23380337838548668
trial_03,0.984610587,1.0,449.0,560.0,0.8865941166877747,0.2375287115573883,0.9303549528121948,0.005560395773500204,0.0010363608598709106,0.0,0.4230833947658539,0.0,-0.42101067304611206,0.0,20.0,0.31858721024394254
trial_03,1.274191689,1.0,553.0,455.0,0.8810834288597107,0.23700931668281555,0.9346579313278198,0.006670212838798761,0.0007544904947280884,0.0,0.42246636748313904,0.0,-0.42095738649368286,0.0,21.0,0.38217504411714476
trial_03,1.535254133,1.0,431.0,585.0,0.8708068132400513,0.19224196672439575,0.9291548728942871,0.007502575870603323,3.914535045623779e-05,0.0,0.4213915467262268,0.0,-0.42131325602531433,0.0,21.0,0.42986593286225966
trial_03,1.8111729460000001,1.0,563.0,478.0,0.8806679844856262,0.235946923494339,0.927273154258728,0.008126847445964813,-0.0004840344190597534,0.0,0.42078733444213867,0.0,-0.4217554032802582,0.0,21.0,0.46563405940045616
trial_03,2.1362778860000002,1.0,450.0,565.0,0.890426754951477,0.23714259266853333,0.9252896904945374,0.003595051821321249,-0.00027664005756378174,0.0,0.42174792289733887,0.0,-0.42230120301246643,0.0,21.0,0.2059812964925273
trial_03,2.422367736,1.0,544.0,477.0,0.8787640929222107,0.23638460040092468,0.9346851110458374,0.0051962039433419704,-0.0010965019464492798,0.0,0.4213957190513611,0.0,-0.42358872294425964,0.0,21.0,0.29772055544273046
trial_03,2.7625644790000004,1.0,442.0,580.0,0.8841509819030762,0.23624774813652039,0.9254117608070374,0.001397068495862186,-0.000846564769744873,0.0,0.42219626903533936,0.0,-0.4238893985748291,0.0,19.0,0.08004612850359337
trial_03,3.0923649380000002,1.0,529.0,478.0,0.8736494779586792,0.23574727773666382,0.9341633319854736,0.0035478752106428146,3.7550926208496094e-06,0.0,0.42231887578964233,0.0,-0.42231136560440063,0.0,21.0,0.20327827580892122
trial_03,3.351242951,1.0,447.0,566.0,0.8748059868812561,0.21851465106010437,0.9285931587219238,0.0051578921265900135,-0.00016838312149047852,0.0,0.4229183793067932,0.0,-0.42325514554977417,0.0,19.0,0.2955254500373647
trial_03,3.6078817090000004,1.0,526.0,423.0,0.8631029725074768,0.18226230144500732,0.9289786219596863,0.0013714933302253485,0.0006317794322967529,0.0,0.42266279458999634,0.0,-0.42139923572540283,0.0,19.0,0.07858077945225457
trial_03,3.8783441740000004,1.0,397.0,516.0,0.8656340837478638,0.1913374364376068,0.9213877320289612,-0.0014699238818138838,0.0013142526149749756,0.0,0.4230893850326538,0.0,-0.42046087980270386,0.0,20.0,-0.08422043463342237
trial_03,4.1425819310000005,1.0,494.0,338.0,0.8645695447921753,0.19750431180000305,0.9222692847251892,-0.0037376012187451124,0.002861723303794861,0.0,0.4230852723121643,0.0,-0.4173618257045746,0.0,19.0,-0.21414877533704774
trial_03,4.412404015,1.0,354.0,416.0,0.8657642602920532,0.19307425618171692,0.9273407459259033,-0.005375802982598543,0.005792409181594849,0.0,0.4269377887248993,0.0,-0.4153529703617096,0.0,20.0,-0.30801082239673644
trial_03,4.682707393,1.0,455.0,344.0,0.8697901964187622,0.22704240679740906,0.9258489012718201,-0.0066496566869318485,0.007911935448646545,0.0,0.4287552833557129,0.0,-0.4129314124584198,0.0,21.0,-0.3809972633721407
trial_03,4.944327822,1.0,361.0,438.0,0.8712096214294434,0.24699971079826355,0.936814546585083,-0.008223110809922218,0.009695649147033691,0.0,0.4307827353477478,0.0,-0.4113914370536804,0.0,21.0,-0.47114954387694724
trial_03,5.205781996000001,1.0,478.0,308.0,0.8588738441467285,0.2242555320262909,0.9358636736869812,-0.005192441865801811,0.009891301393508911,0.0,0.4293000102043152,0.0,-0.40951740741729736,0.0,21.0,-0.2975050042774784
trial_03,5.4612625900000005,1.0,366.0,431.0,0.8471487760543823,0.18293330073356628,0.9228205680847168,-0.007018997333943844,0.008499696850776672,0.0,0.4264645576477051,0.0,-0.40946516394615173,0.0,21.0,-0.40215892364855915
trial_03,5.7277224030000005,1.0,492.0,329.0,0.8707646727561951,0.24110746383666992,0.9237547516822815,-0.00845109112560749,0.008887946605682373,0.0,0.42641907930374146,0.0,-0.4086431860923767,0.0,20.0,-0.4842118537777735
trial_03,5.986519448,1.0,398.0,413.0,0.8703706860542297,0.23757079243659973,0.9361476898193359,-0.01022673025727272,0.008221626281738281,0.0,0.42434731125831604,0.0,-0.4079040586948395,0.0,20.0,-0.5859484819604655
trial_03,6.244297980000001,1.0,509.0,338.0,0.8717509508132935,0.24233880639076233,0.9256072044372559,-0.01123863086104393,0.009226053953170776,0.0,0.42507877945899963,0.0,-0.4066266715526581,0.0,21.0,-0.6439261158432955
trial_03,6.508649126000001,1.0,398.0,431.0,0.8614528179168701,0.24258357286453247,0.9407170414924622,-0.012146426364779472,0.008977174758911133,0.0,0.4260895848274231,0.0,-0.40813523530960083,0.0,20.0,-0.6959389668682947
trial_03,6.776307322,1.0,501.0,344.0,0.8639275431632996,0.24024716019630432,0.9283213019371033,-0.007998518645763397,0.006211563944816589,0.0,0.42521560192108154,0.0,-0.41279247403144836,0.0,19.0,-0.45828136075893744
trial_03,7.046090884000001,1.0,432.0,412.0,0.865950345993042,0.23768138885498047,0.9281272888183594,-0.005040734075009823,0.005136057734489441,0.0,0.42698904871940613,0.0,-0.41671693325042725,0.0,21.0,-0.28881278814584377
trial_03,7.313388633000001,1.0,517.0,352.0,0.888089656829834,0.23592707514762878,0.9162396192550659,-0.0030009595211595297,0.0010160505771636963,0.0,0.42548424005508423,0.0,-0.42345213890075684,0.0,19.0,-0.17194231505204152
trial_03,7.575633904,1.0,435.0,474.0,0.886481523513794,0.23746931552886963,0.9270868897438049,-0.0017640995793044567,0.00019022822380065918,0.0,0.42647796869277954,0.0,-0.4260975122451782,0.0,21.0,-0.10107546053494944
trial_03,7.8527837300000005,1.0,520.0,372.0,0.8926056623458862,0.23542073369026184,0.9249100685119629,-0.011028129607439041,0.0013650506734848022,0.0,0.42934101819992065,0.0,-0.42661091685295105,0.0,21.0,-0.6318652824295224
trial_03,8.132064441,1.0,433.0,490.0,0.8764094114303589,0.23274126648902893,0.9396061897277832,-0.008262233808636665,0.0019722580909729004,0.0,0.4309541583061218,0.0,-0.427009642124176,0.0,21.0,-0.4733911265851808
trial_03,8.395006546000001,1.0,545.0,419.0,0.8757745027542114,0.24084317684173584,0.9382103681564331,-0.006137525197118521,0.001677185297012329,0.0,0.43096423149108887,0.0,-0.4276098608970642,0.0,19.0,-0.3516542904500899
trial_03,8.649447851,1.0,432.0,552.0,0.8725990056991577,0.23667559027671814,0.9440438151359558,-0.005130405072122812,0.0006712675094604492,0.0,0.4291442930698395,0.0,-0.4278017580509186,0.0,21.0,-0.29395055782514784
trial_03,8.924704932000001,1.0,556.0,445.0,0.8853231072425842,0.2361440360546112,0.9332388639450073,-0.00453585758805275,0.00032751262187957764,0.0,0.4288957417011261,0.0,-0.42824071645736694,0.0,21.0,-0.2598854962678117
trial_03,9.193186813,1.0,415.0,503.0,0.8754934668540955,0.23625943064689636,0.9385987520217896,-0.014673277735710144,0.0007531940937042236,0.0,0.4291602373123169,0.0,-0.42765384912490845,0.0,20.0,-0.8407168858794682
trial_03,9.458836004,1.0,582.0,370.0,0.8840025067329407,0.2500776946544647,0.9252894520759583,-0.012376703321933746,0.0012064576148986816,0.0,0.42942649126052856,0.0,-0.4270135760307312,0.0,21.0,-0.7091328646323495
trial_03,9.727801410000001,1.0,485.0,417.0,0.8704504370689392,0.22498789429664612,0.9248809814453125,-0.010966925881803036,0.0011514723300933838,0.0,0.42749500274658203,0.0,-0.42519205808639526,0.0,21.0,-0.6283585672601026
trial_03,10.005798178000001,1.0,591.0,307.0,0.8468698859214783,0.11327561736106873,0.9117551445960999,-0.009616542607545853,0.0006887316703796387,0.0,0.42616450786590576,0.0,-0.4247870445251465,0.0,19.0,-0.550987304920109
trial_03,10.26723258,1.0,440.0,427.0,0.8772950172424316,0.23969054222106934,0.9220958948135376,-0.009419762529432774,0.00034630298614501953,0.0,0.42505156993865967,0.0,-0.42435896396636963,0.0,21.0,-0.5397126369519748
trial_03,10.520244542,1.0,547.0,307.0,0.8471575975418091,0.18879905343055725,0.9342589378356934,-0.009015004150569439,0.0011834055185317993,0.0,0.4235967993736267,0.0,-0.4212299883365631,0.0,20.0,-0.5165216901205486
trial_03,10.786605274000001,1.0,441.0,427.0,0.8731237053871155,0.244316965341568,0.9431018829345703,-0.009458757936954498,0.0004034489393234253,0.0,0.4220620393753052,0.0,-0.4212551414966583,0.0,21.0,-0.5419469092233624
trial_03,11.050235848,1.0,528.0,349.0,0.85664302110672,0.17096945643424988,0.9276731610298157,-0.009189831092953682,0.0008005201816558838,0.0,0.4224359393119812,0.0,-0.42083489894866943,0.0,20.0,-0.5265385360643425
trial_03,11.314503489000002,1.0,453.0,429.0,0.8757888078689575,0.25224027037620544,0.9329684376716614,-0.009946892037987709,0.0011689811944961548,0.0,0.4234924018383026,0.0,-0.4211544394493103,0.0,21.0,-0.5699149330489779
trial_03,11.568302950000001,1.0,529.0,340.0,0.8758281469345093,0.20720702409744263,0.9328925013542175,-0.009979240596294403,0.0006150603294372559,0.0,0.4230087399482727,0.0,-0.4217786192893982,0.0,19.0,-0.5717683689132843
trial_03,11.837289073,1.0,438.0,426.0,0.8710080981254578,0.24948105216026306,0.9421470165252686,-0.011017875745892525,-1.4707446098327637e-05,0.0,0.4222862720489502,0.0,-0.42231568694114685,0.0,20.0,-0.6312777794391955
trial_03,12.104681068000001,1.0,538.0,320.0,0.8852868676185608,0.2487783133983612,0.9360519647598267,-0.012072451412677765,-0.0009427070617675781,0.0,0.4221222698688507,0.0,-0.42400768399238586,0.0,20.0,-0.6917005143231845
trial_03,12.35535709,1.0,430.0,419.0,0.8700785040855408,0.18328577280044556,0.9298017621040344,-0.01298831682652235,-0.002759203314781189,0.0,0.4226481020450592,0.0,-0.4281665086746216,0.0,19.0,-0.7441757371384817
trial_03,12.618471688000001,1.0,541.0,343.0,0.8745404481887817,0.24598389863967896,0.9391850233078003,-0.013428602367639542,-0.003514617681503296,0.0,0.4238044023513794,0.0,-0.430833637714386,0.0,21.0,-0.7694022404251304
trial_03,12.884000371,1.0,424.0,425.0,0.8723171949386597,0.24383258819580078,0.9249354600906372,-0.008412143215537071,-0.004992082715034485,0.0,0.42324990034103394,0.0,-0.4332340657711029,0.0,21.0,-0.48198030290988336
trial_03,13.152684214,1.0,522.0,384.0,0.8842353820800781,0.24247857928276062,0.9151361584663391,-0.0027919281274080276,-0.00652100145816803,0.0,0.4233440160751343,0.0,-0.43638601899147034,0.0,21.0,-0.15996569840434316
trial_03,13.410979603000001,1.0,420.0,494.0,0.8852819800376892,0.24759042263031006,0.9250581860542297,-0.00778949772939086,-0.00668703019618988,0.0,0.42421382665634155,0.0,-0.4375878870487213,0.0,21.0,-0.4463053444208341
trial_03,13.661089912000001,1.0,505.0,390.0,0.8895333409309387,0.2461736798286438,0.9253767728805542,-0.007111105136573315,-0.0073994845151901245,0.0,0.4242342710494995,0.0,-0.43903324007987976,0.0,21.0,-0.4074363119994518
trial_03,13.933461332,1.0,385.0,484.0,0.8886621594429016,0.24815919995307922,0.9256024956703186,-0.007074136286973953,-0.008038565516471863,0.0,0.42344930768013,0.0,-0.43952643871307373,0.0,21.0,-0.40531815294395446
trial_03,14.199014681000001,1.0,521.0,360.0,0.8666544556617737,0.22924673557281494,0.9426389336585999,-0.005362191237509251,-0.0067130327224731445,0.0,0.42413491010665894,0.0,-0.4375609755516052,0.0,21.0,-0.3072309268513121
trial_03,14.469869707,1.0,424.0,513.0,0.8787031769752502,0.24037274718284607,0.9392271637916565,0.0012926128692924976,-0.0062596797943115234,0.0,0.4250508248806,0.0,-0.437570184469223,0.0,21.0,0.07406126195475564
trial_03,14.730462273,1.0,510.0,410.0,0.8899441957473755,0.23633500933647156,0.9369015693664551,-0.001438654842786491,-0.006541520357131958,0.0,0.42470625042915344,0.0,-0.43778929114341736,0.0,20.0,-0.0824288506677229
trial_03,14.995449258,1.0,419.0,529.0,0.8886886835098267,0.24998342990875244,0.9423097968101501,0.0016847230726853013,-0.006950393319129944,0.0,0.42409494519233704,0.0,-0.4379957318305969,0.0,21.0,0.09652752171317959
trial_03,15.259264555000001,1.0,547.0,428.0,0.8886290788650513,0.25074344873428345,0.9416460394859314,-0.0008426394779235125,-0.00630563497543335,0.0,0.42440569400787354,0.0,-0.43701696395874023,0.0,21.0,-0.04827968573612437
trial_03,15.521868846,1.0,494.0,553.0,0.8912289142608643,0.24967876076698303,0.9399013519287109,-0.0027909069322049618,-0.005320832133293152,0.0,0.42528197169303894,0.0,-0.43592363595962524,0.0,21.0,-0.15990718822914848
trial_03,15.785411710000002,1.0,555.0,449.0,0.872657060623169,0.22178944945335388,0.9372979402542114,-0.004125528037548065,-0.004133105278015137,0.0,0.42645591497421265,0.0,-0.4347221255302429,0.0,20.0,-0.23637534481439315
trial_03,16.055296391000002,1.0,454.0,534.0,0.8926699757575989,0.24644902348518372,0.9342133402824402,-0.005115201696753502,-0.002053201198577881,0.0,0.4293593764305115,0.0,-0.43346577882766724,0.0,20.0,-0.29307946858213324
trial_03,16.326393631000002,1.0,523.0,362.0,0.8720256090164185,0.23108240962028503,0.935570240020752,-0.005843819584697485,-0.0008712410926818848,0.0,0.4291054606437683,0.0,-0.4308479428291321,0.0,21.0,-0.3348261984390594
trial_03,16.591569398,1.0,391.0,495.0,0.874884843826294,0.25103315711021423,0.9356771111488342,-0.006301711313426495,-0.0006023794412612915,0.0,0.4295462965965271,0.0,-0.4307510554790497,0.0,21.0,-0.3610614619691808
trial_03,16.859335629,1.0,499.0,332.0,0.8643350005149841,0.24387040734291077,0.9423743486404419,-0.0065970090217888355,0.0010831058025360107,0.0,0.42947918176651,0.0,-0.427312970161438,0.0,21.0,-0.377980774358228
trial_03,17.11834898,1.0,400.0,426.0,0.856295108795166,0.17704886198043823,0.9370009899139404,-0.0017108910251408815,0.0017600655555725098,0.0,0.4294576644897461,0.0,-0.4259375333786011,0.0,21.0,-0.09802683494738333
trial_03,17.385929026,1.0,499.0,330.0,0.8772966265678406,0.22814124822616577,0.9397983551025391,-0.002659338293597102,0.0018158406019210815,0.0,0.42873021960258484,0.0,-0.4250985383987427,0.0,20.0,-0.15236886052063614
trial_03,17.646742142,1.0,422.0,487.0,0.8808033466339111,0.2464522421360016,0.94147789478302,0.0017557682003825903,0.00031566619873046875,0.0,0.42833176255226135,0.0,-0.4277004301548004,0.0,21.0,0.10059810768520223
trial_03,17.926774386,1.0,514.0,321.0,0.8851712346076965,0.24819907546043396,0.9418147206306458,5.779205821454525e-05,0.0014514625072479248,0.0,0.42970967292785645,0.0,-0.4268067479133606,0.0,19.0,0.003311241025067803
trial_03,18.198482130000002,1.0,403.0,427.0,0.849422812461853,0.19329655170440674,0.9301646947860718,-0.001074132975190878,0.0023702234029769897,0.0,0.43143102526664734,0.0,-0.42669057846069336,0.0,21.0,-0.06154328611426767
trial_03,18.45977581,1.0,483.0,336.0,0.8752487897872925,0.24174925684928894,0.9396951794624329,-0.0017188764177262783,0.004150554537773132,0.0,0.43392664194107056,0.0,-0.4256255328655243,0.0,21.0,-0.09848436424028163
trial_03,18.730347167,1.0,378.0,479.0,0.8816715478897095,0.24421140551567078,0.927911102771759,-0.002349509857594967,0.0028186291456222534,0.0,0.4335191249847412,0.0,-0.4278818666934967,0.0,21.0,-0.13461699876457467
trial_03,18.993403545,1.0,487.0,374.0,0.8786134123802185,0.2452932894229889,0.9255421757698059,0.0023211566731333733,0.0017220079898834229,0.0,0.4339908957481384,0.0,-0.4305468797683716,0.0,21.0,0.13299248095916946
trial_03,19.262994609,1.0,372.0,474.0,0.8878425359725952,0.24919730424880981,0.9368880987167358,0.0012289579026401043,0.0016047507524490356,0.0,0.4347260296344757,0.0,-0.43151652812957764,0.0,21.0,0.0704141010205275
trial_03,19.527763527,1.0,505.0,392.0,0.8905267119407654,0.2478446662425995,0.9403153657913208,0.00561114214360714,-9.940564632415771e-05,0.0,0.43375295400619507,0.0,-0.4339517652988434,0.0,20.0,0.3214947630766788
trial_03,19.80393428,1.0,453.0,502.0,0.8883689641952515,0.25210273265838623,0.9450952410697937,0.009029173292219639,-0.0006988942623138428,0.0,0.43278124928474426,0.0,-0.43417903780937195,0.0,21.0,0.517333522136428
trial_03,20.073043983,1.0,499.0,427.0,0.899617612361908,0.2522546947002411,0.9374115467071533,0.011947748251259327,-0.001981377601623535,0.0,0.4305507242679596,0.0,-0.43451347947120667,0.0,19.0,0.6845555494819693
trial_03,20.365850329,1.0,387.0,567.0,0.8877753019332886,0.243649423122406,0.9383596777915955,0.009266946464776993,-0.0009893178939819336,0.0,0.4317430853843689,0.0,-0.43372172117233276,0.0,21.0,0.5309569214054003
trial_03,20.62645436,1.0,457.0,424.0,0.883817195892334,0.2502327859401703,0.9289085865020752,0.007534837815910578,-0.0010164827108383179,0.0,0.4307491183280945,0.0,-0.4327820837497711,0.0,19.0,0.4317144061672472
trial_03,20.898689249,1.0,353.0,492.0,0.8854008913040161,0.26118889451026917,0.9328793883323669,-0.003161385655403137,0.0013656467199325562,0.0,0.4326361119747162,0.0,-0.4299048185348511,0.0,21.0,-0.1811340554677994
trial_03,21.16146811,1.0,461.0,309.0,0.8691151738166809,0.24505004286766052,0.9407834410667419,-0.0010881489142775536,0.004419565200805664,0.0,0.43436896800994873,0.0,-0.4255298376083374,0.0,21.0,-0.062346340269846624
trial_03,21.412617557,1.0,385.0,431.0,0.8785856366157532,0.2531265318393707,0.937154233455658,0.0011996198445558548,0.007041648030281067,0.0,0.43670767545700073,0.0,-0.4226243793964386,0.0,21.0,0.06873315411319035
trial_03,21.684072161000003,1.0,483.0,417.0,0.8754612803459167,0.2485450804233551,0.9427672624588013,0.0027145016938447952,0.00796404480934143,0.0,0.4379265308380127,0.0,-0.42199844121932983,0.0,20.0,0.15552949053841988
trial_03,21.948242642,1.0,371.0,437.0,0.8600138425827026,0.18414193391799927,0.9356074333190918,0.003436639904975891,0.00827673077583313,0.0,0.4363724887371063,0.0,-0.41981902718544006,0.0,21.0,0.19690496226135884
trial_03,22.216319823000003,1.0,490.0,389.0,0.8853960633277893,0.23969361186027527,0.9368726015090942,0.004155981354415417,0.007691144943237305,0.0,0.43632960319519043,0.0,-0.4209473133087158,0.0,21.0,0.23812019134306694
trial_03,22.476703762,1.0,383.0,439.0,0.8591742515563965,0.19559583067893982,0.9357476234436035,-0.0007935864850878716,0.007165849208831787,0.0,0.4325398802757263,0.0,-0.41820818185806274,0.0,21.0,-0.04546915627415668
trial_03,22.744784231,1.0,484.0,318.0,0.8782318830490112,0.2516826093196869,0.9441666603088379,0.000311228446662426,0.008650168776512146,0.0,0.432799756526947,0.0,-0.41549941897392273,0.0,21.0,0.017832076458169463
trial_03,23.017624372,1.0,397.0,439.0,0.8808281421661377,0.2501927316188812,0.94190913438797,-0.0006955787539482117,0.008847936987876892,0.0,0.43213382363319397,0.0,-0.4144379496574402,0.0,21.0,-0.039853726920201275
trial_03,23.274658745,1.0,497.0,356.0,0.8637052178382874,0.2318752110004425,0.9345245361328125,9.67811793088913e-05,0.010013893246650696,0.0,0.43286752700805664,0.0,-0.41283974051475525,0.0,21.0,0.005545153110698321
trial_03,23.538652952000003,1.0,419.0,419.0,0.8672577738761902,0.1893858015537262,0.9268961548805237,-0.0029736198484897614,0.00976686179637909,0.0,0.4324437975883484,0.0,-0.4129100739955902,0.0,21.0,-0.17037586719479464
trial_03,23.818173807,1.0,491.0,337.0,0.8706307411193848,0.2325133979320526,0.9221341013908386,-0.0044548772275447845,0.00981728732585907,0.0,0.4333817958831787,0.0,-0.41374722123146057,0.0,21.0,-0.25524566338725746
trial_03,24.101156243000002,1.0,411.0,488.0,0.8759170770645142,0.2463136613368988,0.9260870814323425,-0.000714056717697531,0.008139431476593018,0.0,0.4336133599281311,0.0,-0.41733449697494507,0.0,21.0,-0.040912436257033
trial_03,24.373587559,1.0,494.0,325.0,0.8696505427360535,0.23534977436065674,0.9368982911109924,-0.005694092251360416,0.0073947906494140625,0.0,0.4340454339981079,0.0,-0.4192558526992798,0.0,21.0,-0.32624745416109696
trial_03,24.635288025,1.0,408.0,482.0,0.8748120665550232,0.24611082673072815,0.9389863610267639,-0.004239976406097412,0.005514711141586304,0.0,0.4340656101703644,0.0,-0.4230361878871918,0.0,21.0,-0.2429327533044285
trial_03,24.906123039,1.0,504.0,340.0,0.8701719641685486,0.24613866209983826,0.9378750920295715,-0.003544723615050316,0.00498826801776886,0.0,0.43356630206108093,0.0,-0.4235897660255432,0.0,21.0,-0.203097702682739
trial_03,25.173880476,1.0,393.0,472.0,0.8750460743904114,0.2387162744998932,0.926923930644989,-0.013424706645309925,0.0045442134141922,0.0,0.4338250458240509,0.0,-0.4247366189956665,0.0,21.0,-0.7691790319774885
trial_03,25.446323407,1.0,505.0,392.0,0.89592444896698,0.2469342052936554,0.9266104698181152,-0.011438917368650436,0.003855586051940918,0.0,0.4336543679237366,0.0,-0.42594319581985474,0.0,20.0,-0.6554016874225632
trial_03,25.716351267,1.0,432.0,483.0,0.8753970265388489,0.23020896315574646,0.9375386834144592,-0.015144574455916882,0.0035849958658218384,0.0,0.43311992287635803,0.0,-0.42594993114471436,0.0,21.0,-0.8677201988456723
trial_03,25.991162035000002,1.0,517.0,427.0,0.8970711827278137,0.24732494354248047,0.9332020282745361,-0.013415396213531494,0.002295941114425659,0.0,0.43248504400253296,0.0,-0.42789316177368164,0.0,20.0,-0.76864558353114
trial_03,26.259438155,1.0,450.0,543.0,0.8921345472335815,0.2506852447986603,0.9374967217445374,-0.022390257567167282,0.0036367326974868774,0.0,0.433857262134552,0.0,-0.42658379673957825,0.0,21.0,-1.2828672608095397
trial_03,26.527903114,1.0,572.0,462.0,0.8880295753479004,0.2518494427204132,0.9419463872909546,-0.019203661009669304,0.0032168179750442505,0.0,0.43300753831863403,0.0,-0.42657390236854553,0.0,21.0,-1.1002887270539883
trial_03,26.80824017,1.0,471.0,538.0,0.8797059655189514,0.21556928753852844,0.9326201677322388,-0.01712954416871071,0.0034168362617492676,0.0,0.4330623745918274,0.0,-0.42622870206832886,0.0,21.0,-0.9814505858500537
trial_03,27.068754128000002,1.0,516.0,393.0,0.8810688257217407,0.24608418345451355,0.9345250129699707,-0.015842191874980927,0.0031905174255371094,0.0,0.4320743680000305,0.0,-0.4256933331489563,0.0,21.0,-0.9076907326728514
trial_03,27.336327617000002,1.0,398.0,475.0,0.8837960362434387,0.24735087156295776,0.9253587126731873,-0.015417966991662979,0.0020188987255096436,0.0,0.43073832988739014,0.0,-0.42670053243637085,0.0,21.0,-0.8833844372943032
trial_03,27.607459255000002,1.0,498.0,304.0,0.8703151941299438,0.2513512074947357,0.9308376312255859,-0.01493196003139019,0.0018001943826675415,0.0,0.428202748298645,0.0,-0.42460235953330994,0.0,20.0,-0.8555382896566901
trial_03,27.885910718,1.0,406.0,407.0,0.8765161633491516,0.252538800239563,0.9420869946479797,-0.01554161123931408,0.002076476812362671,0.0,0.42815864086151123,0.0,-0.4240056872367859,0.0,20.0,-0.8904687308457816
trial_03,28.16588033,1.0,495.0,352.0,0.8578341603279114,0.18665209412574768,0.9326229095458984,-0.015448241494596004,0.0019769370555877686,0.0,0.42722374200820923,0.0,-0.4232698678970337,0.0,20.0,-0.885119038539222
trial_03,28.435127796000003,1.0,409.0,434.0,0.8648926019668579,0.19828668236732483,0.9376591444015503,-0.016358913853764534,0.001137375831604004,0.0,0.42560064792633057,0.0,-0.42332589626312256,0.0,21.0,-0.9372967212388006
trial_03,28.699552454000003,1.0,505.0,383.0,0.8955870866775513,0.2512594163417816,0.9326916933059692,-0.01677212305366993,-0.0019794702529907227,0.0,0.4240525960922241,0.0,-0.42801153659820557,0.0,20.0,-0.9609718644493572
trial_03,28.973801050000002,1.0,421.0,419.0,0.8543456792831421,0.1948518455028534,0.9297145009040833,-0.015416735783219337,-0.00205114483833313,0.0,0.42220285534858704,0.0,-0.4263051450252533,0.0,21.0,-0.8833138942467816
trial_03,29.241719628000002,1.0,489.0,325.0,0.8802991509437561,0.24309301376342773,0.9332064390182495,-0.007541012018918991,-0.0017448365688323975,0.0,0.4219282269477844,0.0,-0.4254179000854492,0.0,19.0,-0.4320681619414863
trial_03,29.508181320000002,1.0,417.0,421.0,0.8601750731468201,0.19198748469352722,0.932851254940033,-0.004659391473978758,-0.0018750429153442383,0.0,0.42095035314559937,0.0,-0.42470043897628784,0.0,20.0,-0.26696346655822256
trial_03,29.774343335,1.0,501.0,345.0,0.8666825890541077,0.23807355761528015,0.9439917802810669,-0.00883095245808363,-0.00010754168033599854,0.0,0.42312362790107727,0.0,-0.42333871126174927,0.0,21.0,-0.505976304928872
trial_03,30.049062398,1.0,427.0,421.0,0.8610507249832153,0.21967551112174988,0.9304812550544739,-0.006783145479857922,-0.0005780458450317383,0.0,0.42311686277389526,0.0,-0.42427295446395874,0.0,21.0,-0.38864560781910046
trial_03,30.315547436000003,1.0,487.0,344.0,0.8610551953315735,0.23521557450294495,0.9267033934593201,-0.005794458091259003,-0.00010901689529418945,0.0,0.4246370792388916,0.0,-0.42485511302948,0.0,20.0,-0.3319979931945717
trial_03,30.586109456000003,1.0,411.0,418.0,0.8674923777580261,0.20023149251937866,0.9183293581008911,-0.0054435208439826965,-0.0007113218307495117,0.0,0.4268770217895508,0.0,-0.4282996654510498,0.0,21.0,-0.3118907700517004
trial_03,30.860041967,1.0,497.0,384.0,0.8790236711502075,0.2356007993221283,0.9289755821228027,-0.010227172635495663,-0.002635657787322998,0.0,0.42783933877944946,0.0,-0.43311065435409546,0.0,20.0,-0.5859738283655885
trial_03,31.125274614000002,1.0,402.0,416.0,0.8762252330780029,0.23948225378990173,0.9337013959884644,-0.009272073395550251,-0.002397015690803528,0.0,0.4291222095489502,0.0,-0.43391624093055725,0.0,21.0,-0.5312506729005637
trial_03,31.387735792,1.0,491.0,371.0,0.8712204694747925,0.1816267967224121,0.9194480180740356,-0.008387770503759384,-0.0043616145849227905,0.0,0.42882031202316284,0.0,-0.4375435411930084,0.0,21.0,-0.48058384938973314
trial_03,31.657197460000003,1.0,398.0,474.0,0.890272319316864,0.2437210977077484,0.9331279993057251,-0.017502056434750557,-0.003804415464401245,0.0,0.4300581216812134,0.0,-0.43766695261001587,0.0,20.0,-1.0027939665109915
trial_03,31.924840160000002,1.0,523.0,385.0,0.8930616974830627,0.24479147791862488,0.9367785453796387,-0.008286617696285248,-0.004569500684738159,0.0,0.4300640821456909,0.0,-0.43920308351516724,0.0,19.0,-0.47478822043556573
trial_03,32.201572576000004,1.0,374.0,482.0,0.8801026344299316,0.244630366563797,0.9336028099060059,-0.0014728314708918333,-0.005008324980735779,0.0,0.4293650984764099,0.0,-0.43938174843788147,0.0,20.0,-0.0843870272161472
trial_03,32.465610831,1.0,486.0,395.0,0.8820532560348511,0.23787114024162292,0.9463046193122864,0.0017658108845353127,-0.005867063999176025,0.0,0.42868533730506897,0.0,-0.440419465303421,0.0,21.0,0.10117351110213614
trial_03,32.743442807,1.0,402.0,497.0,0.8836369514465332,0.24057868123054504,0.9406760334968567,-0.005814043339341879,-0.0052849650382995605,0.0,0.4285397529602051,0.0,-0.4391096830368042,0.0,21.0,-0.33312014525043715
trial_03,33.005253658,1.0,540.0,422.0,0.8832045793533325,0.219837486743927,0.9365295171737671,-0.006425164639949799,-0.005522981286048889,0.0,0.42846640944480896,0.0,-0.43951237201690674,0.0,21.0,-0.36813481654581665
trial_03,33.268585017,1.0,468.0,547.0,0.8824458122253418,0.24808934330940247,0.9391987323760986,-0.0015386103186756372,-0.005125612020492554,0.0,0.4274359345436096,0.0,-0.4376871585845947,0.0,21.0,-0.08815587757539264
trial_03,33.533757474000005,1.0,532.0,455.0,0.8819449543952942,0.2313731610774994,0.9418694376945496,-0.002861058572307229,-0.003917500376701355,0.0,0.4281921088695526,0.0,-0.4360271096229553,0.0,21.0,-0.1639265811329291
trial_03,33.808907966,1.0,426.0,555.0,0.8792942762374878,0.1995600461959839,0.9349143505096436,0.0011512453202158213,-0.003613203763961792,0.0,0.4286092221736908,0.0,-0.4358356297016144,0.0,21.0,0.06596149803255355
trial_03,34.076392250000005,1.0,479.0,425.0,0.878902792930603,0.2310391068458557,0.9352356195449829,-0.0007947995327413082,-0.0033001601696014404,0.0,0.4280869960784912,0.0,-0.4346873164176941,0.0,21.0,-0.04553865878504685
trial_03,34.360190654,1.0,373.0,431.0,0.8605058789253235,0.17960557341575623,0.9410237669944763,-0.0018226266838610172,-0.0021944046020507812,0.0,0.4284901022911072,0.0,-0.43287891149520874,0.0,21.0,-0.10442881661316124
trial_03,34.62278624,1.0,484.0,332.0,0.8628659248352051,0.24733000993728638,0.9376907348632812,-0.0027369167655706406,-0.001024097204208374,0.0,0.42800372838974,0.0,-0.43005192279815674,0.0,19.0,-0.15681377954579384
trial_03,34.898441649,1.0,381.0,412.0,0.8665512800216675,0.19337689876556396,0.9309170246124268,-0.0031332061626017094,-0.0006274431943893433,0.0,0.4272879362106323,0.0,-0.428542822599411,0.0,20.0,-0.1795194894614583
trial_03,35.160209193,1.0,473.0,332.0,0.8719971179962158,0.21054372191429138,0.9226653575897217,0.0016421834006905556,-0.0010244101285934448,0.0,0.4263436794281006,0.0,-0.4283924996852875,0.0,21.0,0.09409017804600979
trial_03,35.428499899,1.0,387.0,419.0,0.8684080839157104,0.17965209484100342,0.9251931309700012,0.0006853421218693256,-7.59512186050415e-05,0.0,0.42736315727233887,0.0,-0.42751505970954895,0.0,21.0,0.03926721110565288
trial_03,35.700283553000006,1.0,495.0,325.0,0.8493636250495911,0.1921512484550476,0.9328930974006653,0.004874109290540218,-0.00025291740894317627,0.0,0.4255291521549225,0.0,-0.42603498697280884,0.0,20.0,0.27926589123345846
trial_03,35.977099948,1.0,398.0,418.0,0.8637052178382874,0.20287787914276123,0.9391180872917175,0.0030290524009615183,-0.00012250244617462158,0.0,0.4249815046787262,0.0,-0.42522650957107544,0.0,20.0,0.1735519184990638
trial_03,36.252218483,1.0,515.0,341.0,0.8785448670387268,0.2534967362880707,0.9340229034423828,0.0018597138114273548,0.0014328211545944214,0.0,0.42647916078567505,0.0,-0.4236135184764862,0.0,21.0,0.10655375249697568
trial_03,36.528871014,1.0,430.0,418.0,0.8893052339553833,0.25195273756980896,0.9292868375778198,0.0013152644969522953,0.0019778460264205933,0.0,0.42740070819854736,0.0,-0.4234450161457062,0.0,19.0,0.07535910461876384
trial_03,36.810628247000004,1.0,508.0,319.0,0.8728013038635254,0.21811014413833618,0.9336062669754028,0.0012768525630235672,0.002105623483657837,0.0,0.42772066593170166,0.0,-0.423509418964386,0.0,21.0,0.07315826292171236
trial_03,37.114201535,1.0,430.0,428.0,0.8594896197319031,0.19594162702560425,0.9270574450492859,0.0015855813398957253,0.002615690231323242,0.0,0.42821383476257324,0.0,-0.42298245429992676,0.0,21.0,0.09084711885072311
trial_03,37.387341577,1.0,513.0,322.0,0.8809200525283813,0.24703344702720642,0.9417952299118042,0.0018791723996400833,0.003213852643966675,0.0,0.42900609970092773,0.0,-0.4225783944129944,0.0,20.0,0.10766864747684804
trial_03,37.662215474,1.0,420.0,439.0,0.8635891675949097,0.20504194498062134,0.9272661805152893,0.0018318463116884232,0.002688884735107422,0.0,0.42938506603240967,0.0,-0.4240072965621948,0.0,20.0,0.10495706237635297
trial_03,37.931687761,1.0,490.0,331.0,0.8659757971763611,0.23546430468559265,0.9359742999076843,0.002657247707247734,0.00358504056930542,0.0,0.4312504529953003,0.0,-0.42408037185668945,0.0,20.0,0.15224907874610968
trial_03,38.213485419,1.0,411.0,483.0,0.8818436861038208,0.24612191319465637,0.9318008422851562,0.003349078819155693,0.002543717622756958,0.0,0.43107569217681885,0.0,-0.42598825693130493,0.0,21.0,0.1918880815942787
trial_03,38.484719045000006,1.0,528.0,415.0,0.8808636665344238,0.24242615699768066,0.9421846270561218,0.004087966866791248,0.001832336187362671,0.0,0.4309535026550293,0.0,-0.42728883028030396,0.0,21.0,0.23422324825645735
trial_03,38.753697109,1.0,437.0,522.0,0.8810535669326782,0.2407287061214447,0.9371153712272644,0.004906725138425827,0.0018809735774993896,0.0,0.43151551485061646,0.0,-0.4277535676956177,0.0,20.0,0.28113464166254454
trial_03,39.021909456,1.0,498.0,418.0,0.8884161114692688,0.2366083562374115,0.9320659637451172,0.006167836487293243,0.0017380118370056152,0.0,0.431707501411438,0.0,-0.42823147773742676,0.0,20.0,0.35339099944869784
trial_03,39.29209172,1.0,442.0,553.0,0.8884048461914062,0.25012537837028503,0.9409210681915283,0.0069737788289785385,0.0016318410634994507,0.0,0.4315538704395294,0.0,-0.4282901883125305,0.0,20.0,0.3995680941581558
trial_03,39.55915421,1.0,562.0,465.0,0.8771441578865051,0.24560847878456116,0.9340475797653198,0.003282535821199417,0.0027474910020828247,0.0,0.43182244896888733,0.0,-0.4263274669647217,0.0,20.0,0.18807544865523643
trial_03,39.837492057000006,1.0,437.0,550.0,0.8874228596687317,0.241245299577713,0.9332103729248047,0.006308829411864281,0.004330873489379883,0.0,0.43358567357063293,0.0,-0.42492392659187317,0.0,21.0,0.36146929896782465
trial_03,40.118107797,1.0,498.0,417.0,0.8860350251197815,0.2452976107597351,0.9227941632270813,0.008211643435060978,0.005254700779914856,0.0,0.4338938295841217,0.0,-0.423384428024292,0.0,21.0,0.4704925116953037
trial_03,40.3927112,1.0,395.0,505.0,0.8837259411811829,0.24742671847343445,0.9368849992752075,0.009483832865953445,0.005236506462097168,0.0,0.4331069588661194,0.0,-0.42263394594192505,0.0,21.0,0.5433835968265922
trial_03,40.658278933000005,1.0,489.0,384.0,0.8830086588859558,0.25708210468292236,0.9296022057533264,0.010517966002225876,0.006529420614242554,0.0,0.43409591913223267,0.0,-0.42103707790374756,0.0,21.0,0.6026350609896297
trial_03,40.939606006000005,1.0,397.0,496.0,0.8855574727058411,0.2552032172679901,0.9356890320777893,0.008357184007763863,0.007723599672317505,0.0,0.43614041805267334,0.0,-0.42069321870803833,0.0,20.0,0.47883137225909594
trial_03,41.224121006000004,1.0,491.0,418.0,0.883673906326294,0.255644828081131,0.9382410645484924,0.01020350307226181,0.006076931953430176,0.0,0.43387216329574585,0.0,-0.4217182993888855,0.0,21.0,0.5846176622893707
trial_03,41.498538112000006,1.0,406.0,428.0,0.8661592602729797,0.20278218388557434,0.9271771311759949,0.01093529537320137,0.00573788583278656,0.0,0.43190374970436096,0.0,-0.42042797803878784,0.0,20.0,0.626546272613375
trial_03,41.760350196000005,1.0,497.0,329.0,0.8727061152458191,0.2511965334415436,0.9411302208900452,0.007625949569046497,0.0057450830936431885,0.0,0.4300687909126282,0.0,-0.4185786247253418,0.0,21.0,0.43693472508597325
trial_03,42.03841192,1.0,395.0,436.0,0.8361596465110779,0.1867254078388214,0.9318601489067078,0.0017502079717814922,0.005254685878753662,0.0,0.42768752574920654,0.0,-0.4171781539916992,0.0,21.0,0.10027953005323138
trial_03,42.321052710000004,1.0,504.0,327.0,0.8691527843475342,0.2470754086971283,0.9381566643714905,0.0012426050379872322,0.006980091333389282,0.0,0.4291122257709503,0.0,-0.41515204310417175,0.0,21.0,0.07119602427836175
trial_03,42.58485892,1.0,415.0,494.0,0.8832347393035889,0.2486386001110077,0.9401355981826782,0.00033058226108551025,0.005839616060256958,0.0,0.428909033536911,0.0,-0.4172298014163971,0.0,21.0,0.01894096834209161
trial_03,42.860779725,1.0,514.0,345.0,0.8561846613883972,0.21257242560386658,0.9309716820716858,-0.002641240367665887,0.00708867609500885,0.0,0.4296605587005615,0.0,-0.4154832065105438,0.0,20.0,-0.15133192574683715
trial_03,43.133219728,1.0,419.0,425.0,0.8659102320671082,0.17237699031829834,0.930618941783905,-0.004353635478764772,0.008633792400360107,0.0,0.43208974599838257,0.0,-0.41482216119766235,0.0,20.0,-0.249444938471639
trial_03,43.399671262000005,1.0,500.0,399.0,0.8804985284805298,0.245296448469162,0.92790287733078,-0.0056252251379191875,0.00822480022907257,0.0,0.43396174907684326,0.0,-0.4175121486186981,0.0,20.0,-0.3223016592136659
trial_03,43.666538077000006,1.0,416.0,422.0,0.8642638325691223,0.1949467957019806,0.9230993390083313,-0.0018275193870067596,0.009257212281227112,0.0,0.4371454417705536,0.0,-0.41863101720809937,0.0,21.0,-0.10470914785382267
trial_03,43.937110959,1.0,497.0,318.0,0.8758225440979004,0.24123284220695496,0.9350391626358032,0.001195898512378335,0.007997170090675354,0.0,0.4375794231891632,0.0,-0.4215850830078125,0.0,21.0,0.06851993748525223
trial_03,44.215240086,1.0,392.0,436.0,0.8809604644775391,0.2425922453403473,0.9370999932289124,0.0034101528581231833,0.007232114672660828,0.0,0.43811601400375366,0.0,-0.423651784658432,0.0,20.0,0.19538736626493342
trial_03,44.487796528000004,1.0,481.0,335.0,0.8654714226722717,0.24385997653007507,0.9427468180656433,0.005130473058670759,0.0059766024351119995,0.0,0.43661484122276306,0.0,-0.42466163635253906,0.0,21.0,0.29395445316740887
trial_03,44.755542527,1.0,387.0,470.0,0.8724575042724609,0.21213242411613464,0.921845018863678,0.001344557385891676,0.00434461236000061,0.0,0.4353387951850891,0.0,-0.4266495704650879,0.0,19.0,0.07703746352473581
trial_03,45.033452169,1.0,512.0,375.0,0.8746589422225952,0.2436959445476532,0.9268789887428284,-0.006452776025980711,0.004737749695777893,0.0,0.4365895390510559,0.0,-0.4271140396595001,0.0,21.0,-0.3697168324318944
trial_03,45.303420956000004,1.0,416.0,493.0,0.8695771098136902,0.21954140067100525,0.9319908618927002,-0.01229302491992712,0.00561445951461792,0.0,0.43727898597717285,0.0,-0.426050066947937,0.0,21.0,-0.7043384453609708
trial_03,45.574726464,1.0,487.0,408.0,0.8796771764755249,0.23479238152503967,0.9358593225479126,-0.006653633434325457,0.005008533596992493,0.0,0.4364239573478699,0.0,-0.4264068901538849,0.0,21.0,-0.3812251142139841
trial_03,45.848574582000005,1.0,433.0,503.0,0.8858106732368469,0.23996222019195557,0.9429957866668701,-0.012448783963918686,0.005759760737419128,0.0,0.43680670857429504,0.0,-0.4252871870994568,0.0,21.0,-0.7132627812026799
trial_03,46.120828463,1.0,560.0,446.0,0.8796643018722534,0.2144612967967987,0.9382685422897339,-0.006784198340028524,0.005043447017669678,0.0,0.43657344579696655,0.0,-0.4264865517616272,0.0,21.0,-0.3887059322632934
trial_03,46.381654313000006,1.0,404.0,567.0,0.8779789209365845,0.20070597529411316,0.9359921813011169,-0.002499738708138466,0.005793824791908264,0.0,0.43719351291656494,0.0,-0.4256058633327484,0.0,21.0,-0.14322447786181877
trial_03,46.651993619,1.0,482.0,438.0,0.8682110905647278,0.2038460075855255,0.9435232281684875,-0.004352609161287546,0.005500242114067078,0.0,0.4358313977718353,0.0,-0.42483091354370117,0.0,20.0,-0.24938613481175342
trial_03,46.924155238000004,1.0,354.0,506.0,0.8877748847007751,0.24820378422737122,0.9306216239929199,-0.0008858629735186696,0.004758745431900024,0.0,0.43461742997169495,0.0,-0.4250999391078949,0.0,21.0,-0.05075620960952918
trial_03,47.198464311,1.0,464.0,372.0,0.8966857194900513,0.257450133562088,0.9179810881614685,-0.0031691661570221186,0.004244714975357056,0.0,0.43345212936401367,0.0,-0.42496269941329956,0.0,21.0,-0.18157984537306174
trial_03,47.461475018,1.0,374.0,418.0,0.8754591941833496,0.25290247797966003,0.9437536597251892,-0.00495460769161582,0.0055198073387146,0.0,0.4340144991874695,0.0,-0.4229748845100403,0.0,21.0,-0.2838781098726418
trial_03,47.741745828000006,1.0,486.0,361.0,0.8740079998970032,0.25584980845451355,0.938205897808075,-0.006245674565434456,0.006502062082290649,0.0,0.4337513744831085,0.0,-0.4207472503185272,0.0,21.0,-0.3578507928115988
trial_03,48.016397119000004,1.0,373.0,436.0,0.8620514869689941,0.1862008273601532,0.934414803981781,-0.00228804349899292,0.006955400109291077,0.0,0.4333730936050415,0.0,-0.41946229338645935,0.0,19.0,-0.13109523583463972
trial_03,48.291852245,1.0,500.0,316.0,0.883489727973938,0.25176239013671875,0.9380377531051636,0.0006804201402701437,0.007314905524253845,0.0,0.43269526958465576,0.0,-0.41806545853614807,0.0,21.0,0.0389852023331787
trial_03,48.564842962,1.0,378.0,438.0,0.8683874011039734,0.19401046633720398,0.9366151690483093,-0.0023307683877646923,0.006012812256813049,0.0,0.42972812056541443,0.0,-0.41770249605178833,0.0,21.0,-0.13354319164142817
trial_03,48.837990538,1.0,495.0,327.0,0.8746405839920044,0.2457503378391266,0.9447158575057983,0.000452956126537174,0.0062947869300842285,0.0,0.4292259216308594,0.0,-0.4166363477706909,0.0,20.0,0.025952474355173737
trial_03,49.106897969,1.0,395.0,421.0,0.8673522472381592,0.20120730996131897,0.9407574534416199,-0.005138826556503773,0.006113871932029724,0.0,0.4292060136795044,0.0,-0.41697826981544495,0.0,20.0,-0.29443307333741225
trial_03,49.379178409000005,1.0,511.0,338.0,0.8624730110168457,0.24629688262939453,0.9340125322341919,-0.007569783367216587,0.007321387529373169,0.0,0.4303433299064636,0.0,-0.4157005548477173,0.0,21.0,-0.43371663876983946
trial_03,49.650304574,1.0,401.0,424.0,0.8629990816116333,0.19231387972831726,0.9290778040885925,-0.004562634974718094,0.006173267960548401,0.0,0.43129947781562805,0.0,-0.41895294189453125,0.0,19.0,-0.2614197275101258
trial_03,49.925527654,1.0,484.0,330.0,0.8592638373374939,0.20248335599899292,0.9196106791496277,-0.0027705319225788116,0.004250094294548035,0.0,0.43196797370910645,0.0,-0.4234677851200104,0.0,21.0,-0.15873978617003165
trial_03,50.194939926,1.0,400.0,422.0,0.8735986351966858,0.2443217635154724,0.9330905675888062,-0.006621995009481907,0.004294097423553467,0.0,0.4336649775505066,0.0,-0.42507678270339966,0.0,21.0,-0.37941236600000683
trial_03,50.470705288000005,1.0,494.0,361.0,0.8815094232559204,0.24333560466766357,0.9234557151794434,-0.009453730657696724,0.0028360486030578613,0.0,0.4344300627708435,0.0,-0.4287579655647278,0.0,21.0,-0.5416588673394582
trial_03,50.738446179,1.0,395.0,489.0,0.8904578685760498,0.2458210289478302,0.9285885095596313,-0.011869296431541443,0.002520427107810974,0.0,0.435171514749527,0.0,-0.43013066053390503,0.0,20.0,-0.6800605913170134
trial_03,51.019862441,1.0,502.0,375.0,0.8781991600990295,0.24369001388549805,0.9345483183860779,-0.008960791863501072,0.0019400715827941895,0.0,0.4344463348388672,0.0,-0.4305661916732788,0.0,21.0,-0.5134155548737794
trial_03,51.277968156,1.0,383.0,497.0,0.870989203453064,0.19635194540023804,0.9337607026100159,-0.012146891094744205,0.0012193471193313599,0.0,0.4334857761859894,0.0,-0.43104708194732666,0.0,20.0,-0.6959655939338871
trial_03,51.544438018,1.0,495.0,410.0,0.8854054808616638,0.24708792567253113,0.9441826939582825,-0.009776310063898563,0.0011138916015625,0.0,0.4330974817276001,0.0,-0.4308696985244751,0.0,20.0,-0.5601413058726599
trial_03,51.820074363,1.0,452.0,551.0,0.8936169147491455,0.24910500645637512,0.9398033618927002,-0.012793086469173431,0.0014321208000183105,0.0,0.43339866399765015,0.0,-0.4305344223976135,0.0,21.0,-0.7329898616295578
trial_03,52.089538326,1.0,566.0,455.0,0.88938969373703,0.2530888617038727,0.9412974119186401,-0.010751827619969845,0.0002790689468383789,0.0,0.43127626180648804,0.0,-0.4307181239128113,0.0,21.0,-0.6160343446764609
trial_03,52.37296421200001,1.0,463.0,513.0,0.8812111616134644,0.24505868554115295,0.942287266254425,-0.009559364058077335,-0.00013110041618347168,0.0,0.4302036762237549,0.0,-0.4304658770561218,0.0,21.0,-0.5477112153568829
trial_03,52.656093575,1.0,507.0,349.0,0.8940755128860474,0.2547147572040558,0.9312388300895691,-0.00872422568500042,-0.0010494738817214966,0.0,0.42863085865974426,0.0,-0.43072980642318726,0.0,20.0,-0.49986131127015365
trial_03,52.93495465,1.0,398.0,405.0,0.87945157289505,0.25733479857444763,0.9315069317817688,-0.008578774519264698,-0.0009221285581588745,0.0,0.42739254236221313,0.0,-0.4292367994785309,0.0,19.0,-0.49152757334823893
trial_03,53.20620332,1.0,478.0,326.0,0.8672670722007751,0.21474704146385193,0.9245636463165283,-0.008561220020055771,-0.002005055546760559,0.0,0.42459923028945923,0.0,-0.42860934138298035,0.0,19.0,-0.49052177463210167
trial_03,53.473067063,1.0,391.0,426.0,0.8767634630203247,0.25568506121635437,0.9348441362380981,-0.00888729002326727,-0.0024243444204330444,0.0,0.42327654361724854,0.0,-0.4281252324581146,0.0,19.0,-0.5092042096419377
trial_03,53.742019497,1.0,505.0,312.0,0.8710409998893738,0.25384825468063354,0.9280568957328796,-0.00918927788734436,-0.0016831159591674805,0.0,0.42217814922332764,0.0,-0.4255443811416626,0.0,21.0,-0.5265068397177254
trial_03,54.023129404,1.0,384.0,417.0,0.8626438975334167,0.22901514172554016,0.9364615082740784,-0.010006967931985855,-0.002659708261489868,0.0,0.4201418161392212,0.0,-0.4254612326622009,0.0,20.0,-0.5733570282255469
trial_03,54.307626488000004,1.0,499.0,351.0,0.8676874041557312,0.24943986535072327,0.9351648688316345,-0.01038590632379055,-0.0022892802953720093,0.0,0.42032602429389954,0.0,-0.42490458488464355,0.0,21.0,-0.5950685987714307
trial_03,54.587273131,1.0,417.0,431.0,0.8665934205055237,0.20482343435287476,0.9356213808059692,-0.011249711737036705,-0.0018586218357086182,0.0,0.4209821820259094,0.0,-0.42469942569732666,0.0,20.0,-0.6445610032709894
trial_03,54.865426633000006,1.0,505.0,399.0,0.8688687682151794,0.15362319350242615,0.9227806329727173,-0.007012480869889259,-0.00471244752407074,0.0,0.4196038544178009,0.0,-0.4290287494659424,0.0,21.0,-0.4017855577608827
trial_03,55.135925915,1.0,392.0,414.0,0.8787407875061035,0.2513229548931122,0.9365110993385315,-0.008579335175454617,-0.003566369414329529,0.0,0.42184025049209595,0.0,-0.428972989320755,0.0,20.0,-0.49155969658167914
trial_03,55.41157350500001,1.0,493.0,309.0,0.8802319765090942,0.24785050749778748,0.9374217987060547,-0.009663784876465797,-0.003207981586456299,0.0,0.4220297932624817,0.0,-0.4284457564353943,0.0,20.0,-0.5536940875438439
trial_03,55.676044837000006,1.0,381.0,423.0,0.862044632434845,0.19469168782234192,0.9271184206008911,-0.011108137667179108,-0.0036455094814300537,0.0,0.4223909378051758,0.0,-0.4296819567680359,0.0,19.0,-0.6364494065796588
trial_03,55.954325473000004,1.0,485.0,337.0,0.8807170391082764,0.24366137385368347,0.9366153478622437,-0.011835813522338867,-0.004345685243606567,0.0,0.4227241277694702,0.0,-0.43141549825668335,0.0,21.0,-0.678142161933886
trial_03,56.223147852000004,1.0,388.0,479.0,0.8809594511985779,0.23888501524925232,0.9267094731330872,-0.009443126618862152,-0.006717309355735779,0.0,0.4219788610935211,0.0,-0.4354134798049927,0.0,21.0,-0.5410513006684444
trial_03,56.488137427000005,1.0,481.0,392.0,0.8728350400924683,0.23999711871147156,0.9243261218070984,0.0024747708812355995,-0.008354991674423218,0.0,0.42179322242736816,0.0,-0.4385032057762146,0.0,21.0,0.14179392675667135
trial_03,56.759822288,1.0,391.0,441.0,0.8773077130317688,0.2491077184677124,0.9359761476516724,0.008611131459474564,-0.007912933826446533,0.0,0.4225492477416992,0.0,-0.4383751153945923,0.0,20.0,0.49338148946022137
trial_03,57.032855528000006,1.0,488.0,388.0,0.894639790058136,0.24656710028648376,0.91618412733078,-0.0016538063064217567,-0.007943779230117798,0.0,0.4236161708831787,0.0,-0.4395037293434143,0.0,20.0,-0.09475612149008604
trial_03,57.298563759000004,1.0,381.0,483.0,0.8825118541717529,0.24405178427696228,0.9145901203155518,-0.009516797959804535,-0.0063867270946502686,0.0,0.4258342981338501,0.0,-0.43860775232315063,0.0,21.0,-0.5452723575755123
trial_03,57.57306177900001,1.0,490.0,370.0,0.880090594291687,0.24663189053535461,0.9330053925514221,-0.010117822326719761,-0.004032328724861145,0.0,0.42731088399887085,0.0,-0.43537554144859314,0.0,21.0,-0.579708517184277
trial_03,57.841791999,1.0,361.0,500.0,0.8792769908905029,0.23217123746871948,0.9411232471466064,0.0009262538515031338,-0.0039720237255096436,0.0,0.4271817207336426,0.0,-0.43512576818466187,0.0,21.0,0.053070436448866845
trial_03,58.113686105000006,1.0,520.0,410.0,0.8846663236618042,0.24224650859832764,0.9322994947433472,-0.0003789248876273632,-0.00406453013420105,0.0,0.42679154872894287,0.0,-0.43492060899734497,0.0,21.0,-0.021710796813516897
trial_03,58.391619336000005,1.0,440.0,501.0,0.8810785412788391,0.250476211309433,0.9396214485168457,0.003863369580358267,-0.004414096474647522,0.0,0.4263778626918793,0.0,-0.4352060556411743,0.0,20.0,0.22135477165375664
trial_03,58.664328985000004,1.0,525.0,437.0,0.8807976245880127,0.2159220278263092,0.9352788329124451,0.0072345612570643425,-0.0055866539478302,0.0,0.4251404106616974,0.0,-0.4363137185573578,0.0,20.0,0.4145098266586463
trial_03,58.939637349,1.0,390.0,572.0,0.8832520246505737,0.2335776388645172,0.9354677796363831,0.01004084199666977,-0.005727201700210571,0.0,0.42432206869125366,0.0,-0.4357764720916748,0.0,21.0,0.5752978691668884
trial_03,59.213361250000005,1.0,464.0,429.0,0.8896815776824951,0.21966499090194702,0.928168773651123,0.007430156692862511,-0.005279839038848877,0.0,0.4240087568759918,0.0,-0.4345684349536896,0.0,21.0,0.4257166196219033
trial_03,59.480505594,1.0,368.0,510.0,0.88890141248703,0.2580482065677643,0.9242478609085083,0.00586151797324419,-0.004454031586647034,0.0,0.4252149164676666,0.0,-0.4341229796409607,0.0,21.0,0.3358402414069683
trial_03,59.75482739,1.0,462.0,390.0,0.8885375261306763,0.23857185244560242,0.9277142286300659,0.009987059980630875,-0.0049095600843429565,0.0,0.4247753620147705,0.0,-0.4345944821834564,0.0,20.0,0.5722163866341549
trial_03,60.030276408000006,1.0,369.0,422.0,0.8619920015335083,0.18910977244377136,0.9436415433883667,0.008309734053909779,-0.004046902060508728,0.0,0.4236240088939667,0.0,-0.43171781301498413,0.0,20.0,0.4761126901651664
trial_03,60.30024997100001,1.0,494.0,354.0,0.8592135310173035,0.2200392186641693,0.9385882616043091,0.0077001238241791725,-0.002323254942893982,0.0,0.42368370294570923,0.0,-0.4283302128314972,0.0,20.0,0.4411845968536021
trial_03,60.582882051000006,1.0,413.0,423.0,0.8718459606170654,0.2504354417324066,0.9468985199928284,0.007274040952324867,-6.596744060516357e-05,0.0,0.4254547655582428,0.0,-0.4255867004394531,0.0,21.0,0.41677184657353694
trial_03,60.864084087,1.0,509.0,340.0,0.8721993565559387,0.22177627682685852,0.9427393078804016,0.007070844527333975,0.0009812861680984497,0.0,0.42663782835006714,0.0,-0.42467525601387024,0.0,21.0,0.4051295490094122
trial_03,61.128057341,1.0,404.0,436.0,0.8770197629928589,0.24592944979667664,0.9387022852897644,0.007681287359446287,0.0005490630865097046,0.0,0.42660635709762573,0.0,-0.4255082309246063,0.0,21.0,0.4401053469234608
trial_03,61.401665645,1.0,481.0,357.0,0.8877312541007996,0.2424679696559906,0.9368926286697388,0.0029775993898510933,0.0003400444984436035,0.0,0.42814236879348755,0.0,-0.42746227979660034,0.0,21.0,0.1706038781191967
trial_03,61.671558420000004,1.0,403.0,407.0,0.8766655921936035,0.24425002932548523,0.9396643042564392,0.004865687340497971,0.0014324337244033813,0.0,0.4294885993003845,0.0,-0.42662373185157776,0.0,20.0,0.2787833490407676
trial_03,61.952779804,1.0,515.0,355.0,0.8748515248298645,0.2438015639781952,0.9348510503768921,0.007158340886235237,0.0019142329692840576,0.0,0.4307074546813965,0.0,-0.42687898874282837,0.0,21.0,0.41014272109721644
trial_03,62.225446529,1.0,396.0,468.0,0.87810879945755,0.24034953117370605,0.9218063354492188,0.008721353486180305,0.0023764967918395996,0.0,0.4326326251029968,0.0,-0.4278796315193176,0.0,20.0,0.49969674639983863
trial_03,62.498168036,1.0,503.0,355.0,0.8680245280265808,0.22640284895896912,0.9222928881645203,0.010005336254835129,0.0035322755575180054,0.0,0.43300703167915344,0.0,-0.42594248056411743,0.0,20.0,0.5732635400112824
trial_03,62.77230174300001,1.0,407.0,428.0,0.8771157264709473,0.2390778362751007,0.9413578510284424,0.01091056503355503,0.004923328757286072,0.0,0.4344494342803955,0.0,-0.42460277676582336,0.0,21.0,0.6251293285257147
trial_03,63.065594861,1.0,500.0,409.0,0.87660151720047,0.21667060256004333,0.937299907207489,0.011395348235964775,0.0037337392568588257,0.0,0.4329405725002289,0.0,-0.42547309398651123,0.0,21.0,0.6529053600026293
trial_03,63.325873431000005,1.0,414.0,541.0,0.8879919648170471,0.24583041667938232,0.9395183324813843,0.004006002098321915,0.005024909973144531,0.0,0.43437460064888,0.0,-0.42432478070259094,0.0,19.0,0.22952701295439756
trial_03,63.596459807,1.0,505.0,458.0,0.8803083300590515,0.24399057030677795,0.9382187724113464,0.001390727236866951,0.005904406309127808,0.0,0.435299277305603,0.0,-0.4234904646873474,0.0,19.0,0.07968280112636704
trial_03,63.872116673,1.0,398.0,574.0,0.8882173895835876,0.2510073482990265,0.9401227831840515,0.004373045638203621,0.006915688514709473,0.0,0.4361947178840637,0.0,-0.4223633408546448,0.0,21.0,0.25055705868716105
trial_03,64.140352537,1.0,518.0,438.0,0.8866544365882874,0.2474449872970581,0.9347506165504456,0.0063776783645153046,0.007848367094993591,0.0,0.436844140291214,0.0,-0.4211474061012268,0.0,21.0,0.36541405337862437
trial_03,64.41211998600001,1.0,432.0,534.0,0.8850962519645691,0.25033238530158997,0.9424529075622559,0.00432639941573143,0.007430344820022583,0.0,0.4348829984664917,0.0,-0.42002230882644653,0.0,20.0,0.2478844270092762
trial_03,64.68300679100001,1.0,580.0,391.0,0.8906128406524658,0.24241438508033752,0.9348371624946594,-0.005967528559267521,0.007535383105278015,0.0,0.4349711537361145,0.0,-0.41990038752555847,0.0,20.0,-0.3419142005698137
trial_03,64.95548876400001,1.0,469.0,469.0,0.9035767316818237,0.24958130717277527,0.9254738092422485,-0.004633631557226181,0.008171245455741882,0.0,0.4363816976547241,0.0,-0.42003920674324036,0.0,20.0,-0.26548753204769154
trial_03,65.219649293,1.0,525.0,328.0,0.8743700981140137,0.2425653040409088,0.9459545612335205,-0.0038220854476094246,0.00954747200012207,0.0,0.43691286444664,0.0,-0.4178179204463959,0.0,18.0,-0.21898936508639014
trial_03,65.48791122200001,1.0,432.0,423.0,0.8814162015914917,0.23481231927871704,0.9198493957519531,0.001819391269236803,0.009005174040794373,0.0,0.4352126121520996,0.0,-0.41720226407051086,0.0,20.0,0.10424344101021886
trial_03,65.753527977,1.0,505.0,340.0,0.8852531909942627,0.2587510645389557,0.9222955107688904,0.005828173831105232,0.007716551423072815,0.0,0.4337305724620819,0.0,-0.4182974696159363,0.0,21.0,0.3339297627909217
trial_03,66.02579263,1.0,410.0,416.0,0.860734760761261,0.18511494994163513,0.9188272356987,0.0028212638571858406,0.007639825344085693,0.0,0.43271976709365845,0.0,-0.41744011640548706,0.0,21.0,0.1616465119095481
trial_03,66.29159935300001,1.0,494.0,320.0,0.8752567768096924,0.24910512566566467,0.9221196174621582,0.005494474433362484,0.0073004066944122314,0.0,0.4314298629760742,0.0,-0.41682904958724976,0.0,21.0,0.3148101956742048
trial_03,66.565824868,1.0,371.0,416.0,0.8678780794143677,0.192274808883667,0.935451865196228,-0.0030099102295935154,0.007031440734863281,0.0,0.4306403398513794,0.0,-0.41657745838165283,0.0,19.0,-0.17245515286896104
trial_03,66.842491822,1.0,496.0,340.0,0.8512411713600159,0.17999210953712463,0.9296548962593079,-0.007391739636659622,0.00844612717628479,0.0,0.43090683221817017,0.0,-0.4140145778656006,0.0,20.0,-0.42351548444016096
trial_03,67.115228361,1.0,401.0,415.0,0.880416989326477,0.25043198466300964,0.9428766965866089,-0.00534820556640625,0.008919134736061096,0.0,0.431770920753479,0.0,-0.4139326512813568,0.0,21.0,-0.30642960692345206
trial_03,67.38330665800001,1.0,486.0,359.0,0.8751421570777893,0.2500346601009369,0.9351473450660706,-0.00869029015302658,0.010207295417785645,0.0,0.43299126625061035,0.0,-0.41257667541503906,0.0,21.0,-0.49791694851252144
trial_03,67.658012619,1.0,410.0,424.0,0.8670075535774231,0.20050066709518433,0.9365218281745911,-0.01240110769867897,0.009698301553726196,0.0,0.43161508440971375,0.0,-0.41221848130226135,0.0,21.0,-0.710531132421498
trial_03,67.926036908,1.0,501.0,372.0,0.89513099193573,0.2519271671772003,0.9306855201721191,-0.011662240140140057,0.005945146083831787,0.0,0.4298638105392456,0.0,-0.41797351837158203,0.0,21.0,-0.6681971396980829
trial_03,68.19626019200001,1.0,406.0,419.0,0.8724697828292847,0.19922876358032227,0.932005763053894,-0.011882470920681953,0.00456652045249939,0.0,0.42672353982925415,0.0,-0.41759049892425537,0.0,21.0,-0.6808154339420055
trial_03,68.46501772500001,1.0,504.0,323.0,0.8817100524902344,0.2455475628376007,0.932908833026886,-0.012708477675914764,0.006125599145889282,0.0,0.42893344163894653,0.0,-0.41668224334716797,0.0,19.0,-0.7281421348661412
trial_03,68.74066654100001,1.0,400.0,408.0,0.86902916431427,0.23917970061302185,0.9350641965866089,-0.014003407210111618,0.005043312907218933,0.0,0.4296473562717438,0.0,-0.4195607304573059,0.0,21.0,-0.8023361319424626
trial_03,69.009897842,1.0,494.0,349.0,0.8683475255966187,0.2391449511051178,0.9201775789260864,-0.015853598713874817,0.004064694046974182,0.0,0.4310624897480011,0.0,-0.42293310165405273,0.0,20.0,-0.908344296399057
trial_03,69.280183021,1.0,407.0,474.0,0.862908661365509,0.2175913155078888,0.9156383275985718,-0.01808048039674759,0.0019188076257705688,0.0,0.4305785596370697,0.0,-0.42674094438552856,0.0,20.0,-1.0359352183026571
trial_03,69.540727452,1.0,482.0,379.0,0.8852665424346924,0.2439635694026947,0.9153569340705872,-0.01471612136811018,-0.0003071725368499756,0.0,0.4303814768791199,0.0,-0.4309958219528198,0.0,20.0,-0.8431716451950002
trial_03,69.810445454,1.0,411.0,504.0,0.8908993005752563,0.24307656288146973,0.9165360331535339,-0.026680242270231247,0.00012783706188201904,0.0,0.4327349364757538,0.0,-0.43247926235198975,0.0,21.0,-1.5286652784707886
trial_03,70.07273965200001,1.0,475.0,371.0,0.8892472386360168,0.2389528453350067,0.9237891435623169,-0.03607669472694397,0.0006718635559082031,0.0,0.43416744470596313,0.0,-0.43282371759414673,0.0,20.0,-2.0670423466357613
trial_03,70.339122427,1.0,401.0,499.0,0.8822831511497498,0.20854294300079346,0.9332146644592285,-0.03126174211502075,0.0017534345388412476,0.0,0.4354669749736786,0.0,-0.4319601058959961,0.0,20.0,-1.791165883417069
trial_03,70.601098882,1.0,492.0,409.0,0.8871010541915894,0.24323603510856628,0.9352259635925293,-0.016621557995676994,0.0014210045337677002,0.0,0.43459612131118774,0.0,-0.43175411224365234,0.0,20.0,-0.9523451220842196
trial_03,70.88784223900001,1.0,412.0,510.0,0.8813168406486511,0.2189749777317047,0.9352145195007324,-0.024554789066314697,0.0019775182008743286,0.0,0.4353942573070526,0.0,-0.43143922090530396,0.0,20.0,-1.4068857803338115
trial_03,71.151503847,1.0,524.0,436.0,0.8932884931564331,0.22810998558998108,0.9252659678459167,-0.021718349307775497,0.001812770962715149,0.0,0.4345936179161072,0.0,-0.4309680759906769,0.0,20.0,-1.244369753326409
trial_03,71.42447429100001,1.0,449.0,548.0,0.885281503200531,0.24679335951805115,0.9367190599441528,-0.01918329857289791,0.00037269294261932373,0.0,0.4323976933956146,0.0,-0.431652307510376,0.0,21.0,-1.0991220453663855
trial_03,71.69072083500001,1.0,546.0,454.0,0.892124354839325,0.24920126795768738,0.9316036701202393,-0.017452402040362358,-0.001252889633178711,0.0,0.4309424161911011,0.0,-0.4334481954574585,0.0,21.0,-0.9999489792782698
trial_03,71.95960956900001,1.0,394.0,524.0,0.8940063714981079,0.24667397141456604,0.9303948283195496,-0.016160137951374054,-0.0028285086154937744,0.0,0.42838436365127563,0.0,-0.4340413808822632,0.0,21.0,-0.9259077009629216
trial_03,72.228284351,1.0,495.0,404.0,0.8957996368408203,0.23164626955986023,0.9239740967750549,-0.014359194785356522,-0.0031041204929351807,0.0,0.42784583568573,0.0,-0.43405407667160034,0.0,21.0,-0.8227212584071887
trial_03,72.502988309,1.0,378.0,480.0,0.8914668560028076,0.24537232518196106,0.9312556385993958,-0.009019479155540466,-0.004111349582672119,0.0,0.42691391706466675,0.0,-0.435136616230011,0.0,20.0,-0.5167780890186885
trial_03,72.77160928400001,1.0,469.0,322.0,0.8813843727111816,0.24315378069877625,0.9301144480705261,-0.008671410381793976,-0.004449322819709778,0.0,0.42466244101524353,0.0,-0.4335610866546631,0.0,21.0,-0.4968352173027206
trial_03,73.04624226300001,1.0,369.0,395.0,0.8746391534805298,0.22094878554344177,0.9311529994010925,-0.008711299858987331,-0.004615694284439087,0.0,0.4228064715862274,0.0,-0.4320378601551056,0.0,19.0,-0.49912071599288327
trial_03,73.31759774000001,1.0,466.0,376.0,0.8926358222961426,0.25898638367652893,0.916580319404602,-0.013782785274088383,-0.005292028188705444,0.0,0.42303961515426636,0.0,-0.43362367153167725,0.0,21.0,-0.7896954261403258
trial_03,73.58736811300001,1.0,384.0,413.0,0.8823291063308716,0.253616064786911,0.9285649657249451,-0.011533962562680244,-0.004421710968017578,0.0,0.42316535115242004,0.0,-0.4320087730884552,0.0,19.0,-0.6608473759034732
trial_03,73.872508538,1.0,494.0,348.0,0.8757169842720032,0.2387460172176361,0.9353232383728027,-0.004992613568902016,-0.0034877806901931763,0.0,0.42294856905937195,0.0,-0.4299241304397583,0.0,21.0,-0.28605568623783295
trial_03,74.13792505100001,1.0,387.0,427.0,0.8600947856903076,0.22346821427345276,0.9415217041969299,-0.004760553129017353,-0.003934159874916077,0.0,0.4208678901195526,0.0,-0.42873620986938477,0.0,21.0,-0.2727596024404924
trial_03,74.410679489,1.0,514.0,331.0,0.8743325471878052,0.22551515698432922,0.9359825849533081,-0.004672522656619549,-0.0037882626056671143,0.0,0.41971373558044434,0.0,-0.42729026079177856,0.0,20.0,-0.26771582790355536
trial_03,74.683231051,1.0,387.0,419.0,0.8757299780845642,0.23643842339515686,0.9248706102371216,-0.004700543358922005,-0.004938021302223206,0.0,0.4178120195865631,0.0,-0.4276880621910095,0.0,21.0,-0.26932129588447856
trial_03,74.952871106,1.0,505.0,310.0,0.8839905858039856,0.24994859099388123,0.9335697889328003,-0.004963464103639126,-0.0060003697872161865,0.0,0.41682320833206177,0.0,-0.42882394790649414,0.0,21.0,-0.28438554490320617
trial_03,75.22056082900001,1.0,400.0,411.0,0.8793693780899048,0.21201741695404053,0.9319776892662048,-0.0050335656851530075,-0.007462069392204285,0.0,0.41640523076057434,0.0,-0.4313293695449829,0.0,21.0,-0.2884020696611439
trial_03,75.489175503,1.0,504.0,340.0,0.8710959553718567,0.24424830079078674,0.9259534478187561,-0.005019824020564556,-0.007993489503860474,0.0,0.41633766889572144,0.0,-0.4323246479034424,0.0,21.0,-0.2876147302767412
trial_03,75.75942907000001,1.0,390.0,480.0,0.8670871257781982,0.23315957188606262,0.9325600862503052,-0.005401319824159145,-0.012000173330307007,0.0,0.4139619767665863,0.0,-0.4379623234272003,0.0,21.0,-0.309472829724663
trial_03,76.03525761200001,1.0,494.0,330.0,0.8712605237960815,0.23754671216011047,0.9214014410972595,-0.003835254115983844,-0.012416929006576538,0.0,0.41531914472579956,0.0,-0.44015300273895264,0.0,20.0,-0.21974387420605176
trial_03,76.30574826600001,1.0,404.0,412.0,0.8590247631072998,0.20272186398506165,0.9166305065155029,0.009114366956055164,-0.011379316449165344,0.0,0.4181363880634308,0.0,-0.4408950209617615,0.0,20.0,0.5222147595154599
trial_03,76.596663778,1.0,506.0,371.0,0.8927983641624451,0.24711009860038757,0.9262813329696655,0.008408110588788986,-0.012203201651573181,0.0,0.41972440481185913,0.0,-0.4441308081150055,0.0,21.0,0.48174925041686656
trial_03,76.86280238500001,1.0,412.0,477.0,0.8825269341468811,0.20216777920722961,0.9244295954704285,0.004020160064101219,-0.011057302355766296,0.0,0.4220397472381592,0.0,-0.4441543519496918,0.0,21.0,0.23033820464004234
trial_03,77.122614545,1.0,479.0,383.0,0.8911417126655579,0.2435326874256134,0.9316900968551636,0.0016134586185216904,-0.009246975183486938,0.0,0.42461317777633667,0.0,-0.44310712814331055,0.0,20.0,0.09244436926030117
trial_03,77.393937037,1.0,397.0,426.0,0.8746245503425598,0.2404259741306305,0.9373858571052551,0.0004925224930047989,-0.006529912352561951,0.0,0.42650076746940613,0.0,-0.43956059217453003,0.0,21.0,0.028219460164436588
trial_03,77.65923332700001,1.0,492.0,327.0,0.8716527223587036,0.24162837862968445,0.9376829862594604,0.005388263612985611,-0.0046832263469696045,0.0,0.42749983072280884,0.0,-0.43686628341674805,0.0,21.0,0.3087247639279879
trial_03,77.93258299,1.0,397.0,498.0,0.8810495734214783,0.23854392766952515,0.9384267926216125,0.010100467130541801,-0.004523605108261108,0.0,0.4273543953895569,0.0,-0.4364016056060791,0.0,19.0,0.5787141376906584
trial_03,78.199585411,1.0,501.0,453.0,0.8848962187767029,0.24754521250724792,0.9383102655410767,0.01935998722910881,-0.005180075764656067,0.0,0.4269436001777649,0.0,-0.437303751707077,0.0,21.0,1.109245559655108
trial_03,78.465090875,1.0,416.0,570.0,0.8945106267929077,0.24793612957000732,0.9381360411643982,0.022430915385484695,-0.0040985941886901855,0.0,0.4283503592014313,0.0,-0.43654754757881165,0.0,21.0,1.285196782203337
trial_03,78.732730903,1.0,531.0,460.0,0.8900899291038513,0.23730647563934326,0.9369452595710754,0.02436824142932892,-0.004006639122962952,0.0,0.42724525928497314,0.0,-0.43525853753089905,0.0,21.0,1.3961973880563878
trial_03,78.995407892,1.0,425.0,538.0,0.887715220451355,0.20989614725112915,0.9295849800109863,0.021021317690610886,-0.0029149502515792847,0.0,0.42845553159713745,0.0,-0.434285432100296,0.0,21.0,1.2044327834756983
trial_03,79.264183634,1.0,496.0,386.0,0.8829739689826965,0.23646917939186096,0.9242366552352905,0.023005032911896706,-0.0019888728857040405,0.0,0.4291210174560547,0.0,-0.43309876322746277,0.0,21.0,1.3180912934112359
trial_03,79.53702687100001,1.0,399.0,477.0,0.8828026056289673,0.23832544684410095,0.9317936897277832,0.02581249363720417,-0.0013387799263000488,0.0,0.42917948961257935,0.0,-0.43185704946517944,0.0,21.0,1.4789469441200904
trial_03,79.80274723000001,1.0,508.0,310.0,0.8809580206871033,0.2565397322177887,0.9278818964958191,0.022196225821971893,0.0008432716131210327,0.0,0.42992231249809265,0.0,-0.4282357692718506,0.0,21.0,1.2717500607182861
trial_03,80.068276244,1.0,405.0,413.0,0.8739377856254578,0.19156381487846375,0.9248673319816589,0.028999488800764084,0.0011015981435775757,0.0,0.4288857877254486,0.0,-0.42668259143829346,0.0,21.0,1.661548316320679
trial_03,80.36039811900001,1.0,483.0,374.0,0.8747610449790955,0.18602809309959412,0.9298508763313293,0.02339920774102211,0.002977892756462097,0.0,0.43151986598968506,0.0,-0.42556408047676086,0.0,21.0,1.340675847510412
trial_03,80.62950512200001,1.0,388.0,425.0,0.8741123676300049,0.1897590458393097,0.9248740673065186,0.023472461849451065,0.0028362274169921875,0.0,0.42928987741470337,0.0,-0.423617422580719,0.0,20.0,1.3448729987553847
trial_03,80.90250491500001,1.0,467.0,307.0,0.8663212060928345,0.18678197264671326,0.9172139167785645,0.023042164742946625,0.003946751356124878,0.0,0.43065619468688965,0.0,-0.4227626919746399,0.0,21.0,1.320218790615989
trial_03,81.170497542,1.0,401.0,415.0,0.8779274225234985,0.20488819479942322,0.9235509037971497,0.009636959992349148,0.006169170141220093,0.0,0.4334828853607178,0.0,-0.4211445450782776,0.0,20.0,0.5521571348980323
trial_03,81.43441537300001,1.0,490.0,323.0,0.8661110997200012,0.19092807173728943,0.9247370362281799,0.007619901560246944,0.008217021822929382,0.0,0.43519327044487,0.0,-0.41875922679901123,0.0,21.0,0.4365881997073009
trial_03,81.71097319200001,1.0,385.0,413.0,0.8685061931610107,0.20343896746635437,0.9408180713653564,0.007647751830518246,0.007954627275466919,0.0,0.43402740359306335,0.0,-0.4181181490421295,0.0,21.0,0.43818390265214513
trial_03,81.98407538800001,1.0,501.0,333.0,0.8826311230659485,0.25130710005760193,0.9291350245475769,-0.006818411406129599,0.010327726602554321,0.0,0.4368041753768921,0.0,-0.41614872217178345,0.0,21.0,-0.3906661965550871
trial_03,82.254034765,1.0,422.0,416.0,0.8727439045906067,0.20421168208122253,0.9363848567008972,-0.00832501333206892,0.010488823056221008,0.0,0.43719807267189026,0.0,-0.41622042655944824,0.0,20.0,-0.47698812831769166
trial_03,82.520005455,1.0,502.0,385.0,0.8901154398918152,0.25297313928604126,0.940022349357605,-0.007858950644731522,0.009267210960388184,0.0,0.43748044967651367,0.0,-0.4189460277557373,0.0,20.0,-0.4502847033447334
trial_03,82.79678094100001,1.0,398.0,438.0,0.8721328973770142,0.2049793303012848,0.9394564032554626,-0.007450365461409092,0.009120598435401917,0.0,0.43564578890800476,0.0,-0.4174045920372009,0.0,21.0,-0.4268744967687792
trial_03,83.066127573,1.0,509.0,315.0,0.8804031610488892,0.24526885151863098,0.9400046467781067,-0.0021089953370392323,0.009717553853988647,0.0,0.43612515926361084,0.0,-0.41669005155563354,0.0,21.0,-0.1208365318251186
trial_03,83.338971016,1.0,413.0,418.0,0.8836378455162048,0.2479742169380188,0.9356013536453247,-0.003251815214753151,0.009672418236732483,0.0,0.4368508458137512,0.0,-0.41750600934028625,0.0,21.0,-0.18631528756178298
trial_03,83.60450486500001,1.0,496.0,347.0,0.8851673603057861,0.24749484658241272,0.9306489825248718,-0.004264800809323788,0.010852858424186707,0.0,0.4383673667907715,0.0,-0.41666164994239807,0.0,18.0,-0.2443550868382308
trial_03,83.874588245,1.0,404.0,489.0,0.8769794702529907,0.24646571278572083,0.9310545921325684,-0.0048471055924892426,0.009078577160835266,0.0,0.4383772015571594,0.0,-0.4202200472354889,0.0,20.0,-0.2777186933038919
trial_03,84.141448435,1.0,495.0,348.0,0.8698172569274902,0.24278602004051208,0.9213734865188599,-0.0061149923130869865,0.008281394839286804,0.0,0.4387325644493103,0.0,-0.4221697747707367,0.0,21.0,-0.35036325129482526
trial_03,84.40822235200001,1.0,397.0,417.0,0.8769927024841309,0.24472442269325256,0.9167878031730652,-0.003008219413459301,0.006743177771568298,0.0,0.43817099928855896,0.0,-0.42468464374542236,0.0,19.0,-0.17235827624053793
trial_03,84.688296929,1.0,488.0,378.0,0.8962296843528748,0.24442055821418762,0.9144625067710876,-0.0007616784423589706,0.0039381831884384155,0.0,0.4367193579673767,0.0,-0.4288429915904999,0.0,20.0,-0.04364096009326757
trial_03,84.96478743300001,1.0,415.0,486.0,0.8894887566566467,0.24735209345817566,0.9352890253067017,-0.0042038001120090485,0.0037606805562973022,0.0,0.4371635913848877,0.0,-0.4296422302722931,0.0,21.0,-0.24086000433474122
trial_03,85.22989797000001,1.0,506.0,358.0,0.8949543833732605,0.24723240733146667,0.9310434460639954,-0.0019025423098355532,0.0018007606267929077,0.0,0.4362087845802307,0.0,-0.4326072633266449,0.0,21.0,-0.10900764469864821
trial_03,85.49541439500001,1.0,398.0,490.0,0.8807145953178406,0.19442695379257202,0.9276466369628906,-0.005334293004125357,0.001970738172531128,0.0,0.4367765784263611,0.0,-0.43283510208129883,0.0,20.0,-0.305632475822544
trial_03,85.762342124,1.0,516.0,371.0,0.8843909502029419,0.2468838393688202,0.9444100260734558,-0.008102033287286758,0.0029376596212387085,0.0,0.436154305934906,0.0,-0.4302789866924286,0.0,21.0,-0.4642123128360357
trial_03,86.021639479,1.0,456.0,542.0,0.8861150145530701,0.2513815462589264,0.9421643018722534,-0.005371947772800922,0.0021384060382843018,0.0,0.4348231554031372,0.0,-0.4305463433265686,0.0,20.0,-0.3077899351461953
trial_03,86.289482049,1.0,556.0,466.0,0.8935163617134094,0.2512417733669281,0.9313358068466187,-0.0034657414071261883,0.0013539642095565796,0.0,0.43322280049324036,0.0,-0.4305148720741272,0.0,20.0,-0.19857235551206176
trial_03,86.558499505,1.0,400.0,545.0,0.8856719136238098,0.2378026843070984,0.9350285530090332,-0.002356643322855234,0.0005102455615997314,0.0,0.4322912096977234,0.0,-0.4312707185745239,0.0,21.0,-0.13502571621729118
trial_03,86.832803302,1.0,476.0,339.0,0.8692446351051331,0.23623007535934448,0.9410769939422607,-0.0014014574699103832,0.0002511739730834961,0.0,0.43036597967147827,0.0,-0.4298636317253113,0.0,19.0,-0.08029759819294752
trial_03,87.096686269,1.0,386.0,420.0,0.8559300303459167,0.17794468998908997,0.9253250360488892,-0.0013653049245476723,2.592802047729492e-06,0.0,0.4288329780101776,0.0,-0.42882779240608215,0.0,19.0,-0.07822620992500892
trial_03,87.37176905700001,1.0,491.0,316.0,0.8641112446784973,0.22349724173545837,0.9284234046936035,-0.00160948745906353,3.603100776672363e-05,0.0,0.42802155017852783,0.0,-0.4279494881629944,0.0,20.0,-0.09221683858357513
trial_03,87.636657114,1.0,401.0,415.0,0.8659423589706421,0.22787174582481384,0.9156131744384766,-0.0019658617675304413,-0.0009412467479705811,0.0,0.42571279406547546,0.0,-0.4275952875614166,0.0,21.0,-0.11263558238562246
trial_03,87.90762025400001,1.0,512.0,328.0,0.885949432849884,0.2524019777774811,0.9280297160148621,-0.002729864791035652,-0.0007748454809188843,0.0,0.42510986328125,0.0,-0.42665955424308777,0.0,19.0,-0.15640973116770526
trial_03,88.17548005,1.0,414.0,422.0,0.8609282970428467,0.2065785825252533,0.943771243095398,-0.0037071965634822845,-0.0025184452533721924,0.0,0.4227966070175171,0.0,-0.4278334975242615,0.0,21.0,-0.21240671691293747
trial_03,88.445788785,1.0,526.0,332.0,0.8698404431343079,0.23451218008995056,0.9324612617492676,-0.004322202876210213,-0.004323482513427734,0.0,0.42373037338256836,0.0,-0.43237733840942383,0.0,20.0,-0.2476439830061506
trial_03,88.723087789,1.0,415.0,402.0,0.8751723170280457,0.24525514245033264,0.9375445246696472,-0.005238907411694527,-0.006684064865112305,0.0,0.42391347885131836,0.0,-0.43728160858154297,0.0,20.0,-0.3001672839499024
trial_03,88.99671560200001,1.0,485.0,312.0,0.8692893981933594,0.24953335523605347,0.9347906708717346,-0.005700521171092987,-0.008422419428825378,0.0,0.4241275191307068,0.0,-0.44097235798835754,0.0,21.0,-0.32661580412860164
trial_03,89.266223736,1.0,408.0,438.0,0.8911606669425964,0.24856612086296082,0.9313769340515137,-0.01075674220919609,-0.008410021662712097,0.0,0.42676642537117004,0.0,-0.44358646869659424,0.0,21.0,-0.6163159298971652
trial_03,89.533637346,1.0,500.0,349.0,0.8907811045646667,0.24752280116081238,0.9357109069824219,-0.013608764857053757,-0.008445695042610168,0.0,0.42902672290802,0.0,-0.44591811299324036,0.0,21.0,-0.7797247906951353
trial_03,89.801365476,1.0,407.0,479.0,0.8794342875480652,0.20303544402122498,0.9354251027107239,-0.004605320747941732,-0.00806763768196106,0.0,0.43001264333724976,0.0,-0.4461479187011719,0.0,20.0,-0.26386544216109287
trial_03,90.06757288,1.0,506.0,365.0,0.8852900266647339,0.24828431010246277,0.9319878816604614,-0.005726970266550779,-0.00681518018245697,0.0,0.4313240945339203,0.0,-0.44495445489883423,0.0,21.0,-0.32813122567027175
trial_03,90.343368932,1.0,418.0,466.0,0.8919254541397095,0.24475666880607605,0.9420129656791687,-0.004590536467730999,-0.005819723010063171,0.0,0.4325907528400421,0.0,-0.44423019886016846,0.0,20.0,-0.26301836530187905
trial_03,90.612938298,1.0,500.0,384.0,0.8779696226119995,0.2434665560722351,0.9437251091003418,-0.00341510446742177,-0.005010738968849182,0.0,0.4330710470676422,0.0,-0.4430925250053406,0.0,20.0,-0.19567107257954017
trial_03,90.889380751,1.0,407.0,495.0,0.8823705315589905,0.23451218008995056,0.9409014582633972,-0.002143395133316517,-0.004758462309837341,0.0,0.43321287631988525,0.0,-0.44272980093955994,0.0,21.0,-0.12280749496791685
trial_03,91.152483355,1.0,524.0,441.0,0.8925531506538391,0.251832515001297,0.9441811442375183,-0.0008015315979719162,-0.005086764693260193,0.0,0.43304041028022766,0.0,-0.44321393966674805,0.0,21.0,-0.045924377710167455
trial_03,91.425258184,1.0,457.0,551.0,0.8954952955245972,0.2535203993320465,0.9434838891029358,0.0008102627471089363,-0.004604518413543701,0.0,0.43282926082611084,0.0,-0.44203829765319824,0.0,21.0,0.04642463570601799
trial_03,91.698741196,1.0,562.0,432.0,0.8999314308166504,0.2549850642681122,0.9378513097763062,0.002572127617895603,-0.003452792763710022,0.0,0.4330417513847351,0.0,-0.43994733691215515,0.0,19.0,0.14737205687445615
trial_03,91.971358158,1.0,421.0,503.0,0.8869696259498596,0.24550148844718933,0.9308057427406311,0.004159117117524147,-0.002871572971343994,0.0,0.4327663779258728,0.0,-0.4385095238685608,0.0,20.0,0.23829985733475004
trial_03,92.234246533,1.0,502.0,299.0,0.8842645287513733,0.25332316756248474,0.9312799572944641,0.005880419164896011,-0.002440899610519409,0.0,0.4319835901260376,0.0,-0.4368653893470764,0.0,20.0,0.33692319991638553
trial_03,92.502470478,1.0,367.0,459.0,0.8807076811790466,0.23358628153800964,0.9320794939994812,0.0079252440482378,-0.001902848482131958,0.0,0.43203985691070557,0.0,-0.4358455538749695,0.0,21.0,0.45408303557520097
trial_03,92.80314647600001,1.0,500.0,312.0,0.8542300462722778,0.19635602831840515,0.9209129810333252,0.009471016004681587,-0.0006024390459060669,0.0,0.431869238615036,0.0,-0.43307411670684814,0.0,21.0,0.54264924476911
trial_03,93.07359006600001,1.0,410.0,425.0,0.8634629249572754,0.18694132566452026,0.9369330406188965,0.011399393901228905,0.0005328953266143799,0.0,0.4321621358394623,0.0,-0.4310963451862335,0.0,21.0,0.6531371595475867
trial_03,93.341932334,1.0,514.0,349.0,0.8824905157089233,0.257111519575119,0.9394311308860779,0.012819623574614525,0.002728298306465149,0.0,0.43445664644241333,0.0,-0.42900004982948303,0.0,20.0,0.7345103257718261
trial_03,93.61625587,1.0,414.0,426.0,0.8763821721076965,0.24352723360061646,0.940388023853302,0.013460047543048859,0.004080921411514282,0.0,0.43547409772872925,0.0,-0.4273122549057007,0.0,21.0,0.7712039162621328
trial_03,93.893782797,1.0,504.0,377.0,0.9025006890296936,0.25335273146629333,0.9332836866378784,0.009544748812913895,0.004114270210266113,0.0,0.4366137981414795,0.0,-0.42838525772094727,0.0,21.0,0.5468738234924687
trial_03,94.187506727,1.0,402.0,428.0,0.8579620122909546,0.12001299858093262,0.9422163963317871,0.009154679253697395,0.004884153604507446,0.0,0.43607097864151,0.0,-0.4263026714324951,0.0,20.0,0.524524484032835
trial_03,94.48140529300001,1.0,473.0,328.0,0.8824213743209839,0.2549588978290558,0.9406415820121765,0.008679071441292763,0.006753832101821899,0.0,0.4371963143348694,0.0,-0.4236886501312256,0.0,21.0,0.4972741636785997
trial_03,94.778777613,1.0,399.0,418.0,0.871937096118927,0.23431745171546936,0.9465819001197815,0.001613774336874485,0.007578164339065552,0.0,0.437835693359375,0.0,-0.4226793646812439,0.0,20.0,0.09246245858943113
trial_03,95.04978182100001,1.0,519.0,403.0,0.8821879625320435,0.18355369567871094,0.9309684038162231,-0.004900842439383268,0.008144080638885498,0.0,0.4385443925857544,0.0,-0.4222562313079834,0.0,21.0,-0.28079758783526026
trial_03,95.32424202,1.0,414.0,425.0,0.8832765221595764,0.25364401936531067,0.9466334581375122,-0.004616261459887028,0.009498029947280884,0.0,0.44028061628341675,0.0,-0.421284556388855,0.0,20.0,-0.2644922987804267
trial_03,95.604212172,1.0,524.0,407.0,0.8717349767684937,0.19159066677093506,0.9322121143341064,0.0003520781174302101,0.008596062660217285,0.0,0.4404367208480835,0.0,-0.4232445955276489,0.0,21.0,0.020172590187662424
trial_03,95.87609022000001,1.0,421.0,417.0,0.8823566436767578,0.25312474370002747,0.9419772624969482,0.004511949606239796,0.009265229105949402,0.0,0.4418557286262512,0.0,-0.4233252704143524,0.0,21.0,0.2585156698132539
trial_03,96.136897104,1.0,512.0,380.0,0.8795567750930786,0.22436490654945374,0.9317255616188049,-0.003183006541803479,0.006907224655151367,0.0,0.4412693977355957,0.0,-0.42745494842529297,0.0,21.0,-0.1823728410078708
trial_03,96.408751526,1.0,410.0,492.0,0.8919218182563782,0.24997267127037048,0.9353756904602051,-0.010325770825147629,0.0063524991273880005,0.0,0.4422750473022461,0.0,-0.4295700490474701,0.0,21.0,-0.5916230885002767
trial_03,96.681338295,1.0,511.0,321.0,0.8802996277809143,0.2515539228916168,0.9341979026794434,-0.010720295831561089,0.005803287029266357,0.0,0.4405263662338257,0.0,-0.42891979217529297,0.0,21.0,-0.6142277062801397
trial_03,96.947910968,1.0,411.0,482.0,0.8855792284011841,0.24981221556663513,0.9364895820617676,-0.011184696108102798,0.0040095895528793335,0.0,0.4386548101902008,0.0,-0.43063563108444214,0.0,21.0,-0.6408358821306879
trial_03,97.21534960000001,1.0,527.0,362.0,0.8773316740989685,0.25295332074165344,0.9443423748016357,-0.017535500228405,0.0047893524169921875,0.0,0.43780410289764404,0.0,-0.42822539806365967,0.0,20.0,-1.0047101547382975
trial_03,97.482292109,1.0,403.0,432.0,0.8668003082275391,0.2367088496685028,0.9429633617401123,-0.021905455738306046,0.005029052495956421,0.0,0.43695068359375,0.0,-0.42689257860183716,0.0,21.0,-1.2550901621155672
trial_03,97.75331311400001,1.0,544.0,396.0,0.8876951336860657,0.24393293261528015,0.9283025860786438,-0.021088413894176483,0.0033624470233917236,0.0,0.4356374144554138,0.0,-0.42891252040863037,0.0,21.0,-1.2082771127613576
trial_03,98.05036069200001,1.0,462.0,510.0,0.8921384215354919,0.2548135221004486,0.9339041709899902,-0.02051311731338501,0.0017981529235839844,0.0,0.4335920214653015,0.0,-0.42999571561813354,0.0,20.0,-1.1753150467136992
trial_03,98.309867588,1.0,586.0,450.0,0.8863917589187622,0.259911447763443,0.9382660984992981,-0.02002819813787937,0.0004961639642715454,0.0,0.4326450228691101,0.0,-0.431652694940567,0.0,21.0,-1.1475312245522624
trial_03,98.573851269,1.0,480.0,547.0,0.8660016059875488,0.19055220484733582,0.934227466583252,-0.019667837768793106,0.0003972351551055908,0.0,0.4318265914916992,0.0,-0.43103212118148804,0.0,21.0,-1.1268840962998428
trial_03,98.850805448,1.0,535.0,434.0,0.8771629333496094,0.20509764552116394,0.929633378982544,-0.019350118935108185,0.0006722956895828247,0.0,0.4303629696369171,0.0,-0.42901837825775146,0.0,21.0,-1.1086801480578778
trial_03,99.119113721,1.0,427.0,503.0,0.9001116752624512,0.25638535618782043,0.9180058836936951,-0.017598692327737808,0.0004024505615234375,0.0,0.4296875,0.0,-0.4288825988769531,0.0,20.0,-1.008330795328639
trial_03,99.382276872,1.0,506.0,393.0,0.8650306463241577,0.17541107535362244,0.9147127270698547,-0.022895008325576782,0.0007718056440353394,0.0,0.4295465052127838,0.0,-0.42800289392471313,0.0,20.0,-1.3117873489724314
trial_03,99.649823123,1.0,387.0,480.0,0.8724068403244019,0.2506471574306488,0.9382792711257935,-0.022415917366743088,-0.0002342015504837036,0.0,0.4284091293811798,0.0,-0.4288775324821472,0.0,19.0,-1.284337459028385
trial_03,99.92403049100001,1.0,503.0,390.0,0.880937933921814,0.2546018660068512,0.9323628544807434,-0.016015836969017982,-0.0017741620540618896,0.0,0.4265502095222473,0.0,-0.4300985336303711,0.0,21.0,-0.917639863694327
trial_03,100.202561086,1.0,398.0,489.0,0.8766852617263794,0.19727692008018494,0.9267721772193909,-0.010839437134563923,-0.003869190812110901,0.0,0.424680233001709,0.0,-0.4324186146259308,0.0,21.0,-0.6210540001078914
trial_03,100.473415586,1.0,514.0,315.0,0.880846381187439,0.25576403737068176,0.9325506091117859,-0.010484081692993641,-0.0023835599422454834,0.0,0.4242737889289856,0.0,-0.42904090881347656,0.0,20.0,-0.6006936330789064
trial_03,100.74014128200001,1.0,411.0,416.0,0.878028154373169,0.2548735439777374,0.9361994862556458,-0.0029691196978092194,-0.002452760934829712,0.0,0.42345577478408813,0.0,-0.42836129665374756,0.0,21.0,-0.17011802755362665
trial_03,101.003163133,1.0,517.0,402.0,0.8792400360107422,0.25388506054878235,0.9356503486633301,-0.0031696688383817673,-0.004044473171234131,0.0,0.4226463735103607,0.0,-0.430735319852829,0.0,21.0,-0.1816086468934095
trial_03,101.28975590900001,1.0,398.0,403.0,0.8730387687683105,0.2502487003803253,0.9348390698432922,-0.0036735860630869865,-0.00440901517868042,0.0,0.4201146364212036,0.0,-0.42893266677856445,0.0,21.0,-0.21048097709296412
trial_03,101.54877185100001,1.0,520.0,351.0,0.8724995851516724,0.2531006336212158,0.9376527667045593,-0.003784335218369961,-0.003435090184211731,0.0,0.42069050669670105,0.0,-0.4275606870651245,0.0,21.0,-0.21682643627531753
trial_03,101.82054228300001,1.0,453.0,413.0,0.8772005438804626,0.24897095561027527,0.9347739219665527,-0.004134660586714745,-0.0036513060331344604,0.0,0.41974833607673645,0.0,-0.42705094814300537,0.0,19.0,-0.2368986013378396
trial_03,102.086320618,1.0,506.0,332.0,0.8704289793968201,0.20622402429580688,0.9302235841751099,-0.004700305871665478,-0.0040933191776275635,0.0,0.4190071225166321,0.0,-0.4271937608718872,0.0,21.0,-0.2693076888669914
trial_03,102.35970873500001,1.0,416.0,423.0,0.8688434362411499,0.19598600268363953,0.9292870759963989,-0.005269165150821209,-0.005271211266517639,0.0,0.4193574786186218,0.0,-0.4298999011516571,0.0,21.0,-0.30190092469946916
trial_03,102.627365482,1.0,505.0,310.0,0.8786349296569824,0.2459043562412262,0.9328171610832214,-0.0057541485875844955,-0.006349623203277588,0.0,0.4211271405220032,0.0,-0.43382638692855835,0.0,20.0,-0.32968842875975535
trial_03,102.91557666000001,1.0,392.0,406.0,0.8701836466789246,0.2445698380470276,0.9419543743133545,-0.010007616132497787,-0.007121384143829346,0.0,0.4217771589756012,0.0,-0.4360199272632599,0.0,21.0,-0.5733941673791588
trial_03,103.191332184,1.0,521.0,334.0,0.8539541959762573,0.1965339481830597,0.9234998822212219,-0.004728974774479866,-0.006119281053543091,0.0,0.4236451983451843,0.0,-0.4358837604522705,0.0,21.0,-0.2709502960015266
trial_03,103.455241717,1.0,388.0,474.0,0.8678221106529236,0.24271392822265625,0.9303843975067139,-0.005172420293092728,-0.005381584167480469,0.0,0.42614054679870605,0.0,-0.436903715133667,0.0,21.0,-0.29635785266203357
trial_03,103.727118227,1.0,496.0,309.0,0.8614075183868408,0.20783495903015137,0.9178938865661621,-0.0005831136368215084,-0.0050986409187316895,0.0,0.42702463269233704,0.0,-0.4372219145298004,0.0,20.0,-0.033409950366396705
trial_03,104.00202495100001,1.0,402.0,381.0,0.8588982820510864,0.18880608677864075,0.9195281267166138,0.005142776761204004,-0.004463687539100647,0.0,0.42759189009666443,0.0,-0.4365192651748657,0.0,20.0,0.2946594033949482
trial_03,104.26472576200001,1.0,502.0,321.0,0.872395932674408,0.23722770810127258,0.9339094758033752,-0.00039891060441732407,-0.003137260675430298,0.0,0.42835187911987305,0.0,-0.43462640047073364,0.0,21.0,-0.022855894036125403
trial_03,104.522689606,1.0,427.0,469.0,0.8876791596412659,0.24327942728996277,0.941111147403717,0.001505163498222828,-0.0021821409463882446,0.0,0.42981094121932983,0.0,-0.4341752231121063,0.0,20.0,0.08623951592531483
trial_03,104.80875021,1.0,500.0,373.0,0.8866839408874512,0.2388392984867096,0.9419208765029907,0.0031152768060564995,-0.0017427653074264526,0.0,0.43031689524650574,0.0,-0.43380242586135864,0.0,21.0,0.17849221300203252
trial_03,105.08038242900001,1.0,422.0,480.0,0.8630726933479309,0.19473519921302795,0.9373687505722046,0.004882561042904854,-0.0013828426599502563,0.0,0.43048372864723206,0.0,-0.43324941396713257,0.0,20.0,0.2797501409734418
trial_03,105.349024646,1.0,524.0,394.0,0.8829434514045715,0.24609187245368958,0.9462255835533142,0.006937742233276367,-0.0013176947832107544,0.0,0.4303491711616516,0.0,-0.4329845607280731,0.0,20.0,0.3975033493164021
trial_03,105.615239094,1.0,435.0,559.0,0.8771246671676636,0.18809828162193298,0.937593936920166,0.008738702163100243,-0.0015415400266647339,0.0,0.42914700508117676,0.0,-0.4322300851345062,0.0,21.0,0.5006907523674871
trial_03,105.89238425100001,1.0,535.0,458.0,0.8730376958847046,0.2271731197834015,0.9459977746009827,0.01082051731646061,-0.0016580820083618164,0.0,0.4284616708755493,0.0,-0.43177783489227295,0.0,20.0,0.6199699743814163
trial_03,106.159695532,1.0,428.0,446.0,0.8627568483352661,0.21542686223983765,0.9391553997993469,0.007512325420975685,0.001506716012954712,0.0,0.43141233921051025,0.0,-0.42839890718460083,0.0,21.0,0.43042454095074617
trial_03,106.432682165,1.0,493.0,306.0,0.8787113428115845,0.24902552366256714,0.9362858533859253,0.010617287829518318,0.0026732683181762695,0.0,0.43100839853286743,0.0,-0.4256618618965149,0.0,21.0,0.608325782507014
trial_03,106.703684307,1.0,377.0,404.0,0.8589059710502625,0.18887290358543396,0.9275492429733276,0.007848026230931282,0.003939345479011536,0.0,0.4307352900505066,0.0,-0.4228565990924835,0.0,19.0,0.4496587805403252
trial_03,106.96849380200001,1.0,494.0,350.0,0.8779662251472473,0.24661359190940857,0.9279020428657532,0.010478494688868523,0.0042167603969573975,0.0,0.43001890182495117,0.0,-0.4215853810310364,0.0,20.0,0.6003735213224151
trial_03,107.23674294300001,1.0,384.0,407.0,0.8666648864746094,0.2430405616760254,0.9221793413162231,0.012162130326032639,0.005236119031906128,0.0,0.43039625883102417,0.0,-0.4199240207672119,0.0,21.0,0.6968387375697381
trial_03,107.50321283100001,1.0,508.0,318.0,0.8682793378829956,0.19591271877288818,0.9185755848884583,0.006446434184908867,0.00643041729927063,0.0,0.43144363164901733,0.0,-0.4185827970504761,0.0,21.0,0.369353471704135
trial_03,107.78633644300001,1.0,387.0,418.0,0.8776603937149048,0.2543034255504608,0.948502242565155,0.0030077192932367325,0.0076493024826049805,0.0,0.4327550232410431,0.0,-0.41745641827583313,0.0,19.0,0.1723296214625356
trial_03,108.060781398,1.0,502.0,318.0,0.8584142327308655,0.1865502893924713,0.932593822479248,0.00404374860227108,0.009108811616897583,0.0,0.433749258518219,0.0,-0.41553163528442383,0.0,20.0,0.2316897283220586
trial_03,108.331357999,1.0,425.0,413.0,0.8803069591522217,0.2504591643810272,0.9385268092155457,0.004340354353189468,0.010494440793991089,0.0,0.4360191822052002,0.0,-0.415030300617218,0.0,20.0,0.2486839860289908
trial_03,108.600441129,1.0,504.0,358.0,0.8575202226638794,0.19814947247505188,0.9371823072433472,-0.0025456389412283897,0.010489940643310547,0.0,0.4346473515033722,0.0,-0.4136674702167511,0.0,21.0,-0.14585436749653816
trial_03,108.88707487900001,1.0,410.0,495.0,0.8839417695999146,0.25310656428337097,0.9212745428085327,-0.004824169911444187,0.009776577353477478,0.0,0.43542155623435974,0.0,-0.4158684015274048,0.0,21.0,-0.276404575579752
trial_03,109.15788036500001,1.0,514.0,307.0,0.8768284320831299,0.24935391545295715,0.9465416669845581,-0.005930235143750906,0.010261625051498413,0.0,0.4359910190105438,0.0,-0.415467768907547,0.0,19.0,-0.339777445257084
trial_03,109.43205598600001,1.0,417.0,424.0,0.8506016731262207,0.16087606549263,0.9301137328147888,-0.0066652144305408,0.009546995162963867,0.0,0.433662086725235,0.0,-0.41456809639930725,0.0,21.0,-0.38188865641968023
trial_03,109.70545110100001,1.0,506.0,311.0,0.876742422580719,0.24829205870628357,0.9355735778808594,-0.007221675012260675,0.011390134692192078,0.0,0.43551141023635864,0.0,-0.4127311408519745,0.0,20.0,-0.41377149921762374
trial_03,109.98654617300001,1.0,412.0,507.0,0.8682050108909607,0.18407729268074036,0.9294869303703308,-0.005846766754984856,0.009933173656463623,0.0,0.4354519844055176,0.0,-0.41558563709259033,0.0,21.0,-0.3349950588580321
trial_03,110.248964852,1.0,513.0,348.0,0.8714481592178345,0.24389246106147766,0.9223244190216064,-0.003312024287879467,0.010298147797584534,0.0,0.43587931990623474,0.0,-0.4152830243110657,0.0,21.0,-0.18976501334031542
trial_03,110.520900057,1.0,431.0,494.0,0.8804338574409485,0.24279358983039856,0.9183703660964966,-0.01481589861214161,0.008971944451332092,0.0,0.4357713758945465,0.0,-0.4178274869918823,0.0,20.0,-0.8488884601694481
trial_03,110.79824059100001,1.0,509.0,343.0,0.8736428022384644,0.24572768807411194,0.926496148109436,-0.01593325473368168,0.008373647928237915,0.0,0.4356013834476471,0.0,-0.41885408759117126,0.0,21.0,-0.9129082501468007
trial_03,111.065329558,1.0,425.0,493.0,0.8823270201683044,0.24549362063407898,0.9277348518371582,-0.01635175570845604,0.006613016128540039,0.0,0.43575313687324524,0.0,-0.42252710461616516,0.0,20.0,-0.9368865897234825
trial_03,111.328136172,1.0,508.0,317.0,0.8700776696205139,0.21393164992332458,0.9234215617179871,-0.01683530956506729,0.00487615168094635,0.0,0.43451040983200073,0.0,-0.42475810647010803,0.0,20.0,-0.9645921848745814
trial_03,111.60455361300001,1.0,416.0,490.0,0.8872513771057129,0.2447691261768341,0.9326894879341125,-0.018714455887675285,0.00313548743724823,0.0,0.4347198009490967,0.0,-0.4284488260746002,0.0,20.0,-1.0722593382475485
trial_03,111.86560526400001,1.0,523.0,367.0,0.8955548405647278,0.24664053320884705,0.9202761650085449,-0.025428975000977516,0.0018298178911209106,0.0,0.43423715233802795,0.0,-0.43057751655578613,0.0,21.0,-1.4569729448996902
trial_03,112.13964552700001,1.0,420.0,484.0,0.8739525079727173,0.2037511169910431,0.9272264838218689,-0.03001987561583519,0.0017875730991363525,0.0,0.4350353479385376,0.0,-0.4314602017402649,0.0,20.0,-1.7200121742950494
trial_03,112.40150655500001,1.0,525.0,341.0,0.8663541674613953,0.2471778392791748,0.9272683262825012,-0.026898538693785667,0.0013763457536697388,0.0,0.43319928646087646,0.0,-0.430446594953537,0.0,21.0,-1.541172742223257
trial_03,112.67300366900001,1.0,405.0,493.0,0.8713462352752686,0.19604834914207458,0.9276034832000732,-0.01793762668967247,-0.0005170851945877075,0.0,0.4311050474643707,0.0,-0.43213921785354614,0.0,20.0,-1.0277503037994546
trial_03,112.94620051400001,1.0,545.0,401.0,0.8853145837783813,0.23786428570747375,0.9278779625892639,-0.01839262619614601,-0.0012610852718353271,0.0,0.4307135343551636,0.0,-0.43323570489883423,0.0,20.0,-1.053819855200924
trial_03,113.20985291800001,1.0,455.0,495.0,0.886725664138794,0.17812171578407288,0.9130720496177673,-0.021016307175159454,-0.0014759451150894165,0.0,0.430052250623703,0.0,-0.43300414085388184,0.0,21.0,-1.204145702087146
trial_03,113.47539266700001,1.0,582.0,380.0,0.8921038508415222,0.18279579281806946,0.9128490686416626,-0.010181418620049953,-0.0026423484086990356,0.0,0.42948758602142334,0.0,-0.4347722828388214,0.0,20.0,-0.583352316384773
trial_03,113.750326872,1.0,484.0,519.0,0.8761569261550903,0.180759459733963,0.9196484088897705,-0.006787920370697975,-0.002757623791694641,0.0,0.42904216051101685,0.0,-0.43455740809440613,0.0,21.0,-0.3889191889118712
trial_03,114.01919184100001,1.0,559.0,421.0,0.8918576240539551,0.24495834112167358,0.9184529185295105,0.00032720062881708145,-0.004177764058113098,0.0,0.4263094365596771,0.0,-0.4346649646759033,0.0,20.0,0.018747215085245388
trial_03,114.28915882300001,1.0,454.0,538.0,0.8837828636169434,0.2490667998790741,0.9150477647781372,-0.0005781762301921844,-0.0046279579401016235,0.0,0.4257672429084778,0.0,-0.43502315878868103,0.0,20.0,-0.03312705780479653
trial_03,114.55512469600001,1.0,529.0,445.0,0.8907891511917114,0.24757829308509827,0.9037224054336548,-0.0011563897132873535,-0.005201756954193115,0.0,0.42464810609817505,0.0,-0.4350516200065613,0.0,21.0,-0.06625625004370869
trial_03,114.84035154700001,1.0,417.0,534.0,0.8813776969909668,0.2395961582660675,0.9143922924995422,-0.0015178341418504715,-0.005203813314437866,0.0,0.4241079092025757,0.0,-0.4345155358314514,0.0,20.0,-0.08696549032889313
trial_03,115.104488755,1.0,512.0,412.0,0.8827940821647644,0.22132503986358643,0.9183639287948608,-0.00268727820366621,-0.007421359419822693,0.0,0.42199888825416565,0.0,-0.43684160709381104,0.0,21.0,-0.1539696994475711
trial_03,115.37493287800001,1.0,400.0,498.0,0.8465349078178406,0.1933860182762146,0.9092537760734558,-0.01242651417851448,-0.0069769322872161865,0.0,0.4213152527809143,0.0,-0.4352691173553467,0.0,21.0,-0.7119868164883569
trial_03,115.64584329,1.0,493.0,328.0,0.8605925440788269,0.17372193932533264,0.9102928638458252,-0.00837154034525156,-0.005819261074066162,0.0,0.42097407579421997,0.0,-0.4326125979423523,0.0,21.0,-0.4796539298064065
trial_03,115.91533146200001,1.0,398.0,474.0,0.883609414100647,0.2551572620868683,0.9151819944381714,-0.004428407642990351,-0.006549805402755737,0.0,0.41913676261901855,0.0,-0.43223637342453003,0.0,21.0,-0.2537290679068237
trial_03,116.18064464700001,1.0,495.0,311.0,0.8738325238227844,0.2542433738708496,0.9056820869445801,-0.0016998457722365856,-0.005181819200515747,0.0,0.41987285017967224,0.0,-0.43023648858070374,0.0,21.0,-0.09739398857231256
trial_03,116.46175599700001,1.0,410.0,406.0,0.8715613484382629,0.20296844840049744,0.9094006419181824,0.0017703911289572716,-0.004083797335624695,0.0,0.4201725721359253,0.0,-0.4283401668071747,0.0,21.0,0.10143593977665273
trial_03,116.72803078300001,1.0,515.0,385.0,0.8797987103462219,0.25452929735183716,0.904589056968689,0.004662424325942993,-0.005732446908950806,0.0,0.41970616579055786,0.0,-0.4311710596084595,0.0,20.0,0.2671372361756612
trial_03,117.00771765500001,1.0,409.0,396.0,0.8657233715057373,0.23863837122917175,0.9098448753356934,0.0020148037001490593,-0.005196362733840942,0.0,0.41840511560440063,0.0,-0.4287978410720825,0.0,21.0,0.11543974856588293
trial_03,117.27486888300001,1.0,515.0,317.0,0.8623076677322388,0.25127241015434265,0.9061612486839294,0.00515916058793664,-0.0036526918411254883,0.0,0.41913264989852905,0.0,-0.42643803358078003,0.0,21.0,0.2955981275190019
trial_03,117.54556636100001,1.0,443.0,404.0,0.8443751335144043,0.11291864514350891,0.8866071105003357,0.0029633669182658195,-0.0027757585048675537,0.0,0.4198749363422394,0.0,-0.4254264533519745,0.0,21.0,0.16978841756532065
trial_03,117.82487611100001,1.0,527.0,299.0,0.8719587922096252,0.24710962176322937,0.905408501625061,0.0013115731999278069,-0.0019683241844177246,0.0,0.42064040899276733,0.0,-0.4245770573616028,0.0,21.0,0.07514760887833147
trial_03,118.09645680400001,1.0,454.0,458.0,0.8705442547798157,0.17431047558784485,0.8982349634170532,0.0007339990697801113,-0.002570897340774536,0.0,0.42294371128082275,0.0,-0.4280855059623718,0.0,21.0,0.042055048864928786
trial_03,118.357491408,1.0,528.0,302.0,0.8680365681648254,0.24432727694511414,0.9158515930175781,0.00013442756608128548,-0.0019871890544891357,0.0,0.4243066906929016,0.0,-0.4282810688018799,0.0,21.0,0.007702132186673636
trial_03,118.62267220300001,1.0,406.0,390.0,0.8672171235084534,0.23748892545700073,0.9176759123802185,0.005094352178275585,-0.002566397190093994,0.0,0.4242047071456909,0.0,-0.4293375015258789,0.0,20.0,0.29188487916846856
trial_03,118.898964925,1.0,531.0,302.0,0.866287112236023,0.2387721836566925,0.9076977968215942,0.004030496813356876,-0.0020640194416046143,0.0,0.4245947003364563,0.0,-0.4287227392196655,0.0,19.0,0.2309304567462765
trial_03,119.17522423000001,1.0,433.0,448.0,0.8652064204216003,0.1881539523601532,0.9048406481742859,-0.0013597151264548302,-0.0019048303365707397,0.0,0.4256258010864258,0.0,-0.42943546175956726,0.0,19.0,-0.0779059380859588
trial_03,119.44889332400001,1.0,523.0,315.0,0.8769458532333374,0.23861506581306458,0.9051820039749146,-7.716938853263855e-06,-0.0010656565427780151,0.0,0.42643502354621887,0.0,-0.4285663366317749,0.0,21.0,-0.0004421480270525442
trial_03,119.712968664,1.0,430.0,434.0,0.8745096325874329,0.23566612601280212,0.892503559589386,0.0010129045695066452,-0.001289263367652893,0.0,0.4263639450073242,0.0,-0.42894247174263,0.0,21.0,0.058035156882246315
trial_03,119.98388441700001,1.0,554.0,377.0,0.879146933555603,0.2505209743976593,0.8991109132766724,0.00739076966419816,-0.002218008041381836,0.0,0.42582160234451294,0.0,-0.4302576184272766,0.0,20.0,0.42345990911187525
trial_03,120.248980294,1.0,482.0,504.0,0.8781563639640808,0.2508033812046051,0.9014188051223755,0.00774835841730237,-0.001866847276687622,0.0,0.4256531596183777,0.0,-0.42938685417175293,0.0,21.0,0.44394823546609213
trial_03,120.513169629,1.0,514.0,397.0,0.8535192608833313,0.18131256103515625,0.8816547393798828,0.0029906369745731354,-0.0007025450468063354,0.0,0.4255722761154175,0.0,-0.42697736620903015,0.0,21.0,0.17135087669881394
trial_03,120.78582385700001,1.0,420.0,425.0,0.8817806243896484,0.254903644323349,0.8967040181159973,0.005211763083934784,0.00037425756454467773,0.0,0.42648231983184814,0.0,-0.4257338047027588,0.0,20.0,0.29861202853154933
trial_03,121.06393868400001,1.0,508.0,293.0,0.8771929740905762,0.2526506185531616,0.9092998504638672,0.007154498249292374,0.0017935633659362793,0.0,0.4274842143058777,0.0,-0.4238970875740051,0.0,21.0,0.40992255421818935
trial_03,121.33175574500001,1.0,389.0,363.0,0.8544062376022339,0.1863217055797577,0.9006733894348145,0.008818551898002625,0.0022229403257369995,0.0,0.426408052444458,0.0,-0.421962171792984,0.0,21.0,0.505265805172632
trial_03,121.59754077500001,1.0,482.0,263.0,0.8730059862136841,0.24949946999549866,0.9032910466194153,0.01014365442097187,0.005005627870559692,0.0,0.4299216568470001,0.0,-0.41991040110588074,0.0,20.0,0.581188587160907
trial_03,121.875089044,1.0,423.0,376.0,0.8630939722061157,0.2020486295223236,0.8990509510040283,0.011007936671376228,0.006804078817367554,0.0,0.4319199025630951,0.0,-0.41831174492836,0.0,19.0,0.6307083124171458
trial_03,122.14398748900001,1.0,490.0,266.0,0.8673475384712219,0.24274131655693054,0.8883991241455078,0.011546647176146507,0.009096592664718628,0.0,0.43466824293136597,0.0,-0.4164750576019287,0.0,20.0,0.6615741507198449
trial_03,122.40845885600001,1.0,417.0,368.0,0.865540087223053,0.24333259463310242,0.909748375415802,0.00587351992726326,0.01097196340560913,0.0,0.436845600605011,0.0,-0.4149016737937927,0.0,21.0,0.33652790271817107
trial_03,122.680068746,1.0,494.0,284.0,0.8656463623046875,0.22736099362373352,0.9096062183380127,-0.0036679147742688656,0.01319664716720581,0.0,0.43964841961860657,0.0,-0.41325512528419495,0.0,21.0,-0.21015603617928605
trial_03,122.96051294200001,1.0,416.0,372.0,0.8564887046813965,0.23340538144111633,0.8935282826423645,-0.003456982783973217,0.013763070106506348,0.0,0.4396589994430542,0.0,-0.4121328592300415,0.0,18.0,-0.19807052337105094
trial_03,123.22899342500001,1.0,498.0,281.0,0.8681685328483582,0.23750433325767517,0.9049509167671204,-0.012906938791275024,0.015101432800292969,0.0,0.440787136554718,0.0,-0.4105842709541321,0.0,20.0,-0.7395131191737431
trial_03,123.493752052,1.0,419.0,365.0,0.8676534295082092,0.24537035822868347,0.8964790105819702,-0.013171217404305935,0.016610875725746155,0.0,0.4431728422641754,0.0,-0.4099510908126831,0.0,19.0,-0.7546551683159853
trial_03,123.76082367800001,1.0,479.0,279.0,0.8626387715339661,0.24645066261291504,0.9064910411834717,-0.01057345885783434,0.016708463430404663,0.0,0.442288339138031,0.0,-0.4088714122772217,0.0,20.0,-0.6058145674091235
trial_03,124.02820688800001,1.0,400.0,376.0,0.8568835258483887,0.1796569526195526,0.915947675704956,-0.020249314606189728,0.016437366604804993,0.0,0.4418888986110687,0.0,-0.40901416540145874,0.0,21.0,-1.160200264967284
trial_03,124.301000543,1.0,477.0,251.0,0.8566343188285828,0.21840396523475647,0.9006325006484985,-0.02056320756673813,0.015900790691375732,0.0,0.4403371810913086,0.0,-0.40853559970855713,0.0,21.0,-1.178185006825574
trial_03,124.56475704600001,1.0,371.0,436.0,0.8674845099449158,0.23273715376853943,0.9083546996116638,-0.02185634709894657,0.012682229280471802,0.0,0.4389954209327698,0.0,-0.41363096237182617,0.0,21.0,-1.2522764443426393
trial_03,124.842377892,1.0,462.0,294.0,0.8549826741218567,0.17519035935401917,0.9088313579559326,-0.023944774642586708,0.011186689138412476,0.0,0.4373742341995239,0.0,-0.415000855922699,0.0,21.0,-1.3719345284120925
trial_03,125.12060388500001,1.0,375.0,423.0,0.858802080154419,0.1953078806400299,0.9087678790092468,-0.02626572549343109,0.007521480321884155,0.0,0.43543046712875366,0.0,-0.42038750648498535,0.0,21.0,-1.5049152166227733
trial_03,125.389696119,1.0,514.0,304.0,0.8719420433044434,0.24904373288154602,0.9226306676864624,-0.032789863646030426,0.005698367953300476,0.0,0.4344756603240967,0.0,-0.4230789244174957,0.0,20.0,-1.8787207977269929
trial_03,125.655540614,1.0,402.0,396.0,0.8712198138237,0.2297535240650177,0.9167577028274536,-0.03796502947807312,0.003935366868972778,0.0,0.4337092936038971,0.0,-0.42583855986595154,0.0,21.0,-2.1752359581833485
trial_03,125.92481307300001,1.0,546.0,273.0,0.8707242012023926,0.2525040805339813,0.9008884429931641,-0.0359991118311882,0.003294035792350769,0.0,0.4323464632034302,0.0,-0.42575839161872864,0.0,21.0,-2.0625971741465525
trial_03,126.19072255100001,1.0,440.0,405.0,0.8790178894996643,0.24643471837043762,0.909359872341156,-0.02285049483180046,0.0016797631978988647,0.0,0.43178436160087585,0.0,-0.4284248352050781,0.0,21.0,-1.3092369136476663
trial_03,126.45245783700001,1.0,511.0,328.0,0.8895034790039062,0.25003790855407715,0.8886866569519043,-0.016383275389671326,-0.0007512271404266357,0.0,0.42980867624282837,0.0,-0.43131113052368164,0.0,21.0,-0.9386925344287161
trial_03,126.719151155,1.0,403.0,412.0,0.8861420750617981,0.24241700768470764,0.9037467241287231,-0.016110144555568695,-0.0017942190170288086,0.0,0.4288788437843323,0.0,-0.4324672818183899,0.0,19.0,-0.9230432903797475
trial_03,126.997327306,1.0,459.0,293.0,0.8673513531684875,0.23105299472808838,0.913183331489563,-0.015442779287695885,-0.0023986399173736572,0.0,0.42678385972976685,0.0,-0.43158113956451416,0.0,21.0,-0.8848060771370179
trial_03,127.25996363,1.0,343.0,412.0,0.8603916168212891,0.22123166918754578,0.9127493500709534,-0.005164965987205505,-0.004905804991722107,0.0,0.42403554916381836,0.0,-0.4338471591472626,0.0,21.0,-0.2959307523954962
trial_03,127.526171859,1.0,447.0,344.0,0.8642146587371826,0.23215922713279724,0.9113715291023254,-0.009288536384701729,-0.006479516625404358,0.0,0.42266973853111267,0.0,-0.4356287717819214,0.0,21.0,-0.532193932697113
trial_03,127.805452661,1.0,351.0,402.0,0.8699668049812317,0.23906990885734558,0.9137852191925049,-0.009884161874651909,-0.008013084530830383,0.0,0.4206082820892334,0.0,-0.43663445115089417,0.0,20.0,-0.5663207594416702
trial_03,128.078385637,1.0,454.0,369.0,0.8692949414253235,0.25692564249038696,0.913358211517334,0.002481582574546337,-0.008564576506614685,0.0,0.4200955927371979,0.0,-0.43722474575042725,0.0,21.0,0.1421842080347141
trial_03,128.347013701,1.0,358.0,450.0,0.8621566295623779,0.21662595868110657,0.9150792956352234,0.0030293073505163193,-0.008280277252197266,0.0,0.41955041885375977,0.0,-0.4361109733581543,0.0,20.0,0.1735665260325426
trial_03,128.605317716,1.0,462.0,397.0,0.8732502460479736,0.22127053141593933,0.9112710356712341,0.004142502322793007,-0.008170515298843384,0.0,0.41930484771728516,0.0,-0.4356458783149719,0.0,21.0,0.2373478997191795
trial_03,128.877157146,1.0,383.0,438.0,0.879906952381134,0.25962647795677185,0.9187506437301636,0.004775363951921463,-0.007159590721130371,0.0,0.4205954372882843,0.0,-0.43491461873054504,0.0,21.0,0.2736082000840136
trial_03,129.15699059800002,1.0,480.0,365.0,0.8666220903396606,0.2002170979976654,0.9095489978790283,0.0002710686530917883,-0.006937682628631592,0.0,0.4197186231613159,0.0,-0.4335939884185791,0.0,21.0,0.015531089780455302
trial_03,129.424794639,1.0,380.0,386.0,0.8805084228515625,0.2533036768436432,0.9136725068092346,-0.002934231422841549,-0.005741730332374573,0.0,0.4210433065891266,0.0,-0.43252676725387573,0.0,21.0,-0.16811907664348721
trial_03,129.693016637,1.0,508.0,244.0,0.8531754016876221,0.20185980200767517,0.9092303514480591,-0.005602983292192221,-0.0035147517919540405,0.0,0.42260146141052246,0.0,-0.42963096499443054,0.0,20.0,-0.3210272953249296
trial_03,129.96466465900002,1.0,389.0,366.0,0.8486589789390564,0.1852329969406128,0.9099408984184265,-0.0073444899171590805,-0.0025954097509384155,0.0,0.42421242594718933,0.0,-0.42940324544906616,0.0,21.0,-0.42080827492960293
trial_03,130.234237186,1.0,502.0,332.0,0.8818001747131348,0.2540675103664398,0.9021228551864624,-0.008945224806666374,-0.0022371411323547363,0.0,0.42365187406539917,0.0,-0.42812615633010864,0.0,21.0,-0.512523628217711
trial_03,130.494497666,1.0,417.0,352.0,0.8608731627464294,0.22512564063072205,0.909163236618042,-0.0033011832274496555,-0.0018585622310638428,0.0,0.4243113398551941,0.0,-0.4280284643173218,0.0,21.0,-0.18914386633224095
trial_03,130.769875441,1.0,497.0,257.0,0.8808354735374451,0.2517336905002594,0.9113686680793762,-0.000676114927046001,-0.001009821891784668,0.0,0.4238680601119995,0.0,-0.42588770389556885,0.0,21.0,-0.03873853178553141
trial_03,131.035782476,1.0,354.0,289.0,0.8575077056884766,0.17768177390098572,0.9139100313186646,-0.0035828137770295143,-0.0017322301864624023,0.0,0.4210565686225891,0.0,-0.4245210289955139,0.0,21.0,-0.20528010820511675
trial_03,131.297714436,1.0,521.0,239.0,0.863423764705658,0.19568878412246704,0.9197070598602295,-0.0007956617046147585,-0.0004051327705383301,0.0,0.4213067591190338,0.0,-0.4221170246601105,0.0,21.0,-0.04558805759461044
trial_03,131.56468739000002,1.0,399.0,316.0,0.8705746531486511,0.2472379505634308,0.9235021471977234,-0.003523319959640503,-0.0018579959869384766,0.0,0.4219588041305542,0.0,-0.42567479610443115,0.0,21.0,-0.20187136356160437
trial_03,131.83769635500002,1.0,524.0,249.0,0.8746393918991089,0.24561890959739685,0.9137818217277527,-0.005709905177354813,-0.0005470961332321167,0.0,0.424204021692276,0.0,-0.42529821395874023,0.0,21.0,-0.32715346808232854
trial_03,132.09954142,1.0,423.0,298.0,0.8670546412467957,0.22681698203086853,0.9202343225479126,-0.0024946921039372683,-0.004825562238693237,0.0,0.42421889305114746,0.0,-0.43387001752853394,0.0,21.0,-0.14293532874021717
trial_03,132.363466329,1.0,494.0,265.0,0.8848140239715576,0.24097594618797302,0.9165021777153015,-0.00010676821693778038,-0.008815750479698181,0.0,0.42489030957221985,0.0,-0.4425218105316162,0.0,21.0,-0.0061173682166720065
trial_03,132.62858785,1.0,416.0,264.0,0.8890628814697266,0.2450701892375946,0.920800507068634,-0.0031248838640749454,-0.01155465841293335,0.0,0.4256567358970642,0.0,-0.4487660527229309,0.0,20.0,-0.1790426568800268
trial_03,132.89086841900001,1.0,524.0,211.0,0.872857928276062,0.23926791548728943,0.911196768283844,0.005633399821817875,-0.01229780912399292,0.0,0.4249565005302429,0.0,-0.44955211877822876,0.0,21.0,0.3227700340999142
trial_03,133.17084898000002,1.0,418.0,249.0,0.8859240412712097,0.22931161522865295,0.8997933268547058,0.009255397133529186,-0.013378754258155823,0.0,0.4255557060241699,0.0,-0.45231321454048157,0.0,20.0,0.5302951934687024
trial_03,133.437679892,1.0,533.0,45.0,0.8086425065994263,0.15286919474601746,0.803252100944519,0.009255397133529186,-0.013378754258155823,0.0,0.4255557060241699,0.0,-0.45231321454048157,1.0,20.0,0.5302951934687024
trial_03,133.70655778300002,1.0,410.0,268.0,0.8650934100151062,0.21474996209144592,0.9083995819091797,0.007308351807296276,-0.013051897287368774,0.0,0.42604953050613403,0.0,-0.4521533250808716,0.0,21.0,0.41873771375488417
trial_03,133.976846297,1.0,534.0,237.0,0.8770987391471863,0.20239529013633728,0.8968852162361145,0.019405759871006012,-0.013355150818824768,0.0,0.4260389506816864,0.0,-0.45274925231933594,0.0,20.0,1.1118681388529814
trial_03,134.24297760500002,1.0,431.0,267.0,0.8903462290763855,0.2448042333126068,0.9119951128959656,0.023976873606443405,-0.01312968134880066,0.0,0.42595845460891724,0.0,-0.45221781730651855,0.0,20.0,1.3737736635678244
trial_03,134.50900691200002,1.0,538.0,271.0,0.884873628616333,0.2382620871067047,0.8984867334365845,0.026384249329566956,-0.01148366928100586,0.0,0.42747431993484497,0.0,-0.4504416584968567,0.0,20.0,1.5117061322050585
trial_03,134.789904793,1.0,443.0,271.0,0.8581487536430359,0.1972799003124237,0.8973637819290161,0.029999028891324997,-0.009937942028045654,0.0,0.4291101098060608,0.0,-0.4489859938621521,0.0,21.0,1.7188177449639435
trial_03,135.065732249,1.0,546.0,265.0,0.8830815553665161,0.23740530014038086,0.9260930418968201,0.043904516845941544,-0.009899035096168518,0.0,0.42937228083610535,0.0,-0.4491703510284424,0.0,21.0,2.515543516833475
trial_03,135.328790746,1.0,429.0,305.0,0.8949357867240906,0.21828702092170715,0.9075152277946472,0.04835200309753418,-0.009549334645271301,0.0,0.4295784831047058,0.0,-0.4486771523952484,0.0,21.0,2.770365708492192
trial_03,135.596415646,1.0,516.0,297.0,0.9030329585075378,0.22092074155807495,0.8989212512969971,0.05107717216014862,-0.009280785918235779,0.0,0.4309443235397339,0.0,-0.44950589537620544,0.0,21.0,2.926506394239622
trial_03,135.869343103,1.0,406.0,317.0,0.8975963592529297,0.2103087604045868,0.9122253656387329,0.05159684643149376,-0.007783219218254089,0.0,0.4330722987651825,0.0,-0.4486387372016907,0.0,21.0,2.956281536709235
trial_03,136.13142583,1.0,511.0,303.0,0.9058442711830139,0.25209155678749084,0.8901652097702026,0.040721457451581955,-0.0066592395305633545,0.0,0.434248685836792,0.0,-0.4475671648979187,0.0,21.0,2.333167647597203
trial_03,136.395600644,1.0,400.0,291.0,0.8664760589599609,0.18213018774986267,0.9070785045623779,0.03950407728552818,-0.006686896085739136,0.0,0.4329335391521454,0.0,-0.44630733132362366,0.0,21.0,2.2634169020193866
trial_03,136.66337690100002,1.0,516.0,247.0,0.8794475793838501,0.19786283373832703,0.9149662256240845,0.029659561812877655,-0.0033099502325057983,0.0,0.43584051728248596,0.0,-0.44246041774749756,0.0,21.0,1.6993677140852743
trial_03,136.93410066200002,1.0,396.0,227.0,0.8818683624267578,0.1871080994606018,0.9194249510765076,0.025592034682631493,-0.0005729794502258301,0.0,0.4391036033630371,0.0,-0.44024956226348877,0.0,21.0,1.4663155764672098
trial_03,137.205093959,1.0,516.0,188.0,0.8881939649581909,0.24301406741142273,0.9208417534828186,0.020827554166316986,0.0012884140014648438,0.0,0.4395856261253357,0.0,-0.437008798122406,0.0,20.0,1.1933309513100772
trial_03,137.46706656,1.0,411.0,196.0,0.8665088415145874,0.1745031177997589,0.9188969731330872,0.01486734114587307,0.0008604973554611206,0.0,0.4376061260700226,0.0,-0.43588513135910034,0.0,21.0,0.8518359002397201
trial_03,137.740285663,1.0,510.0,129.0,0.8855533599853516,0.26181507110595703,0.9117822051048279,0.01801139861345291,0.002441301941871643,0.0,0.4389248490333557,0.0,-0.4340422451496124,0.0,21.0,1.0319771236786346
trial_03,138.008148725,1.0,437.0,190.0,0.8780342936515808,0.2170446515083313,0.9312541484832764,0.0138335470110178,0.0020646601915359497,0.0,0.43775367736816406,0.0,-0.43362435698509216,0.0,21.0,0.7926038594271348
trial_03,138.27670399500002,1.0,542.0,170.0,0.8808300495147705,0.20986947417259216,0.9223306775093079,0.01137535274028778,0.0031459033489227295,0.0,0.4393776059150696,0.0,-0.4330857992172241,0.0,21.0,0.6517597024910655
trial_03,138.53581498,1.0,459.0,193.0,0.8957979083061218,0.26422813534736633,0.9225642681121826,0.013113866560161114,0.0017094612121582031,0.0,0.4380742907524109,0.0,-0.4346553683280945,0.0,20.0,0.7513692069949744
trial_03,138.814832974,1.0,553.0,134.0,0.8861033916473389,0.26636943221092224,0.924195408821106,0.009328361600637436,0.004364281892776489,0.0,0.4400410056114197,0.0,-0.4313124418258667,0.0,20.0,0.5344757494884262
trial_03,139.077768526,1.0,439.0,150.0,0.8549633026123047,0.19143247604370117,0.920272171497345,0.007037146016955376,0.007110029458999634,0.0,0.4423680305480957,0.0,-0.42814797163009644,0.0,19.0,0.4031987665888407
trial_03,139.34949271800002,1.0,518.0,125.0,0.8743504881858826,0.22436442971229553,0.9066670536994934,0.005259551107883453,0.009207114577293396,0.0,0.4435352087020874,0.0,-0.4251209795475006,0.0,21.0,0.3013500806150782
trial_03,139.608132958,1.0,443.0,189.0,0.8967699408531189,0.2642359435558319,0.9134168028831482,0.002071855589747429,0.011455923318862915,0.0,0.44675731658935547,0.0,-0.42384546995162964,0.0,19.0,0.11870858105311582
trial_03,139.87820619200002,1.0,540.0,148.0,0.8782052397727966,0.23396626114845276,0.9062584638595581,-0.0059394026175141335,0.012077689170837402,0.0,0.4481440782546997,0.0,-0.4239886999130249,0.0,19.0,-0.3403027028125138
trial_03,140.145658219,1.0,391.0,172.0,0.8628680109977722,0.2179661989212036,0.9041829109191895,-0.01107177697122097,0.012536376714706421,0.0,0.44918981194496155,0.0,-0.4241170585155487,0.0,21.0,-0.6343660921610991
trial_03,140.41671181200002,1.0,528.0,119.0,0.8816954493522644,0.2637571096420288,0.9107894897460938,-0.009497120976448059,0.014188945293426514,0.0,0.4501638412475586,0.0,-0.42178595066070557,0.0,20.0,-0.5441449494756371
trial_03,140.68465718800002,1.0,430.0,176.0,0.8820562958717346,0.24831703305244446,0.9113275408744812,-0.007234871853142977,0.013217195868492126,0.0,0.4497033655643463,0.0,-0.42326897382736206,0.0,20.0,-0.41452762250308534
trial_03,140.95071482100002,1.0,546.0,118.0,0.8610323071479797,0.19475236535072327,0.920307457447052,-0.008319489657878876,0.013244077563285828,0.0,0.44904714822769165,0.0,-0.42255899310112,0.0,20.0,-0.47667164509919674
trial_03,141.221474934,1.0,429.0,172.0,0.8713049292564392,0.19516849517822266,0.9254587888717651,-0.007745302747935057,0.01274845004081726,0.0,0.44980254769325256,0.0,-0.42430564761161804,0.0,19.0,-0.4437731585077576
trial_03,141.48379505300002,1.0,518.0,127.0,0.859998345375061,0.18284228444099426,0.9145414233207703,-0.01347791776061058,0.011822938919067383,0.0,0.44919663667678833,0.0,-0.42555075883865356,0.0,21.0,-0.7722278043074001
trial_03,141.74722362400001,1.0,429.0,179.0,0.8760024309158325,0.2523256838321686,0.9144558906555176,-0.008076680824160576,0.009645804762840271,0.0,0.44766372442245483,0.0,-0.4283721148967743,0.0,21.0,-0.4627597236986444
trial_03,142.00976447000002,1.0,536.0,116.0,0.8423022031784058,0.20112809538841248,0.920667290687561,-0.009448529221117496,0.01040804386138916,0.0,0.4465770125389099,0.0,-0.4257609248161316,0.0,21.0,-0.5413608469760636
trial_03,142.274763076,1.0,432.0,175.0,0.8784705400466919,0.25838997960090637,0.9281055927276611,-0.010306017473340034,0.00935991108417511,0.0,0.4464035928249359,0.0,-0.4276837706565857,0.0,21.0,-0.5904913048104644
trial_03,142.537237116,1.0,545.0,133.0,0.8821409344673157,0.2577877342700958,0.9130422472953796,-0.01098559983074665,0.008740752935409546,0.0,0.44594359397888184,0.0,-0.42846208810806274,0.0,21.0,-0.6294285057214146
trial_03,142.79686641400002,1.0,402.0,176.0,0.8726428151130676,0.20062193274497986,0.923528790473938,-0.011609815061092377,0.008725538849830627,0.0,0.44677647948265076,0.0,-0.4293254017829895,0.0,21.0,-0.6651934039280112
trial_03,143.066131017,1.0,549.0,138.0,0.8558623194694519,0.1935068964958191,0.9176356792449951,-0.007208854891359806,0.008650436997413635,0.0,0.44619640707969666,0.0,-0.4288955330848694,0.0,19.0,-0.4130369603971565
trial_03,143.335732202,1.0,485.0,214.0,0.8751012086868286,0.18888407945632935,0.9288718700408936,-0.009446126408874989,0.0070646703243255615,0.0,0.4448213577270508,0.0,-0.43069201707839966,0.0,21.0,-0.5412231759756054
trial_03,143.594118272,1.0,609.0,120.0,0.8772897124290466,0.2534877359867096,0.9220154881477356,-0.006201138719916344,0.00696776807308197,0.0,0.44364577531814575,0.0,-0.4297102391719818,0.0,19.0,-0.3552990768263644
trial_03,143.877274117,1.0,506.0,235.0,0.8964463472366333,0.25253742933273315,0.9143876433372498,-0.0035898243077099323,0.004483014345169067,0.0,0.44199833273887634,0.0,-0.4330323040485382,0.0,21.0,-0.20568178202525167
trial_03,144.131397262,1.0,582.0,169.0,0.8932977318763733,0.25277236104011536,0.9142225980758667,-0.002102132886648178,0.0018952637910842896,0.0,0.43963849544525146,0.0,-0.4358479678630829,0.0,20.0,-0.12044334238059329
trial_03,144.390519196,1.0,446.0,223.0,0.8767847418785095,0.254836767911911,0.9250186681747437,-0.001038793008774519,0.0001607835292816162,0.0,0.43793195486068726,0.0,-0.437610387802124,0.0,21.0,-0.05951845519047623
trial_03,144.65100696800002,1.0,546.0,174.0,0.8897314667701721,0.24800530076026917,0.9249960780143738,0.014478404074907303,-0.003673732280731201,0.0,0.4349138140678406,0.0,-0.442261278629303,0.0,20.0,0.8295514475772015
trial_03,144.91291042100002,1.0,440.0,267.0,0.8850331902503967,0.24621397256851196,0.926971971988678,0.010823397897183895,-0.005720078945159912,0.0,0.4327779710292816,0.0,-0.44421812891960144,0.0,19.0,0.6201350194994073
trial_03,145.17949541500002,1.0,556.0,175.0,0.8842799663543701,0.24251395463943481,0.9328738451004028,0.007832520641386509,-0.007708489894866943,0.0,0.43136584758758545,0.0,-0.44678282737731934,0.0,19.0,0.44877037570054756
trial_03,145.442784647,1.0,456.0,243.0,0.872514009475708,0.24223297834396362,0.9202781915664673,0.005456371232867241,-0.0071943700313568115,0.0,0.4301109313964844,0.0,-0.444499671459198,0.0,21.0,0.3126270430998866
trial_03,145.706428332,1.0,548.0,193.0,0.862912654876709,0.23769989609718323,0.9228337407112122,0.003512202762067318,-0.006768569350242615,0.0,0.4289955496788025,0.0,-0.4425326883792877,0.0,21.0,0.20123439506064777
trial_03,145.976150968,1.0,433.0,304.0,0.8675999641418457,0.19894808530807495,0.9127894043922424,0.01686709187924862,-0.009160399436950684,0.0,0.42613911628723145,0.0,-0.4444599151611328,0.0,21.0,0.9664131773403303
trial_03,146.23208868400002,1.0,560.0,183.0,0.8711669445037842,0.23953238129615784,0.9173131585121155,0.027121683582663536,-0.011457204818725586,0.0,0.42259806394577026,0.0,-0.44551247358322144,0.0,20.0,1.5539580025758746
trial_03,146.491281496,1.0,436.0,326.0,0.8473373651504517,0.2046748697757721,0.9188879728317261,0.019519660621881485,-0.012836039066314697,0.0,0.4206353425979614,0.0,-0.4463074207305908,0.0,19.0,1.1183941711615168
trial_03,146.754684184,1.0,565.0,243.0,0.8522316217422485,0.1487332582473755,0.8976013660430908,0.02821202389895916,-0.016132667660713196,0.0,0.41750261187553406,0.0,-0.44976794719696045,0.0,19.0,1.616429900932573
trial_03,147.02702195700002,1.0,465.0,348.0,0.8575264811515808,0.1510106921195984,0.9065099358558655,0.03498192876577377,-0.01828610897064209,0.0,0.41459593176841736,0.0,-0.45116814970970154,0.0,21.0,2.004316877506126
trial_03,147.29657305700002,1.0,565.0,250.0,0.8586863279342651,0.1416071653366089,0.9083002209663391,0.04001699388027191,-0.021808624267578125,0.0,0.4107531011104584,0.0,-0.4543703496456146,0.0,21.0,2.292804858140424
trial_03,147.5575928,1.0,446.0,387.0,0.8707833886146545,0.23142722249031067,0.9212175011634827,0.03024161234498024,-0.02233642339706421,0.0,0.4095989763736725,0.0,-0.4542718231678009,0.0,21.0,1.7327167530380962
trial_03,147.81653575500002,1.0,549.0,239.0,0.8700493574142456,0.20398589968681335,0.9287199974060059,0.027435697615146637,-0.021019086241722107,0.0,0.4101733863353729,0.0,-0.45221155881881714,0.0,21.0,1.5719496813450402
trial_03,148.085220083,1.0,470.0,364.0,0.8771184086799622,0.23847299814224243,0.9217271208763123,0.04541498050093651,-0.022334426641464233,0.0,0.4078161120414734,0.0,-0.45248496532440186,0.0,21.0,2.6020867093725912
trial_03,148.358590697,1.0,570.0,284.0,0.8775172233581543,0.2385667860507965,0.9408309459686279,0.030821019783616066,-0.02051033079624176,0.0,0.4094068706035614,0.0,-0.4504275321960449,0.0,21.0,1.7659143538904143
trial_03,148.619893917,1.0,419.0,382.0,0.8707641363143921,0.24367889761924744,0.9270380735397339,0.03988891839981079,-0.020605966448783875,0.0,0.4087739586830139,0.0,-0.44998589158058167,0.0,21.0,2.2854666736508915
trial_03,148.891689713,1.0,553.0,296.0,0.8816483020782471,0.23996469378471375,0.9356098175048828,0.026875339448451996,-0.018032103776931763,0.0,0.4111156463623047,0.0,-0.4471798539161682,0.0,20.0,1.539843523377749
trial_03,149.160754964,1.0,499.0,410.0,0.8782985210418701,0.23124757409095764,0.9386243224143982,0.021889720112085342,-0.01499629020690918,0.0,0.41404974460601807,0.0,-0.4440423250198364,0.0,20.0,1.2541885771451255
trial_03,149.42338815000002,1.0,596.0,286.0,0.8665602803230286,0.2349843680858612,0.9483526945114136,0.01820165105164051,-0.012978270649909973,0.0,0.4150691330432892,0.0,-0.44102567434310913,0.0,20.0,1.0428777854288578
trial_03,149.689315228,1.0,502.0,450.0,0.875734806060791,0.24041900038719177,0.9379889965057373,0.030320754274725914,-0.012479797005653381,0.0,0.4149901568889618,0.0,-0.43994975090026855,0.0,21.0,1.7372512515950442
trial_03,149.953623332,1.0,595.0,339.0,0.871232271194458,0.2363944947719574,0.9355489611625671,0.04435685649514198,-0.015193596482276917,0.0,0.41179609298706055,0.0,-0.4421832859516144,0.0,20.0,2.5414606696390885
trial_03,150.214879427,1.0,451.0,483.0,0.866102933883667,0.22335001826286316,0.9195494651794434,0.04973103106021881,-0.01756155490875244,0.0,0.40833213925361633,0.0,-0.4434552490711212,0.0,20.0,2.8493781905845457
trial_03,150.482087669,1.0,549.0,378.0,0.8602221608161926,0.23974063992500305,0.9415103197097778,0.03857945278286934,-0.01690918207168579,0.0,0.407118022441864,0.0,-0.4409363865852356,0.0,21.0,2.210439820382652
trial_03,150.753612997,1.0,452.0,537.0,0.8688561320304871,0.2522493302822113,0.9304331541061401,0.025000225752592087,-0.015924841165542603,0.0,0.40790510177612305,0.0,-0.43975478410720825,0.0,19.0,1.4324074224977987
trial_03,151.01550787000002,1.0,574.0,404.0,0.8766704797744751,0.24765047430992126,0.9278702735900879,0.02002190798521042,-0.013332098722457886,0.0,0.41039806604385376,0.0,-0.43706226348876953,0.0,21.0,1.1471708253518385
trial_03,151.29108295900002,1.0,483.0,533.0,0.8671461939811707,0.22122153639793396,0.9386938214302063,0.016129830852150917,-0.011296048760414124,0.0,0.4117222726345062,0.0,-0.4343143701553345,0.0,20.0,0.9241712320881517
trial_03,151.55442829400002,1.0,572.0,399.0,0.8615697026252747,0.242603600025177,0.9406828880310059,0.012984570115804672,-0.007606342434883118,0.0,0.4142513573169708,0.0,-0.42946404218673706,0.0,21.0,0.7439610664273023
trial_03,151.83200324400002,1.0,481.0,538.0,0.8752361536026001,0.24423229694366455,0.9311271905899048,0.010456262156367302,-0.005568847060203552,0.0,0.4173945486545563,0.0,-0.4285322427749634,0.0,20.0,0.5990996910422076
trial_03,152.09527347300002,1.0,567.0,350.0,0.8628612756729126,0.22574660181999207,0.9443277716636658,0.00832028966397047,-0.002526402473449707,0.0,0.4201313853263855,0.0,-0.4251841902732849,0.0,20.0,0.4767174820718299
trial_03,152.364241848,1.0,466.0,572.0,0.8689656853675842,0.23881646990776062,0.9463412761688232,0.006605499889701605,-0.0021975189447402954,0.0,0.4224361181259155,0.0,-0.4268311560153961,0.0,21.0,0.37846726525403274
trial_03,152.63234557700002,1.0,578.0,424.0,0.8659952878952026,0.20544341206550598,0.9419729113578796,8.853012695908546e-05,-0.001818731427192688,0.0,0.4241730570793152,0.0,-0.42781051993370056,0.0,20.0,0.005072402634512946
trial_03,152.90430399500002,1.0,454.0,570.0,0.8791829347610474,0.24186480045318604,0.9425832629203796,-0.005215908866375685,-0.00023818016052246094,0.0,0.42650270462036133,0.0,-0.42697906494140625,0.0,20.0,-0.2988495643681924
trial_03,153.167869927,1.0,582.0,449.0,0.8731299638748169,0.24516326189041138,0.9483376741409302,-0.004286338575184345,0.00022041797637939453,0.0,0.42756497859954834,0.0,-0.42712414264678955,0.0,21.0,-0.2455891099221817
trial_03,153.43658945200002,1.0,483.0,582.0,0.8594372868537903,0.1969858705997467,0.9347159266471863,-0.008822145871818066,0.0018364489078521729,0.0,0.42933323979377747,0.0,-0.4256603419780731,0.0,21.0,-0.5054717247039373
trial_03,153.71194656900002,1.0,630.0,498.0,0.8785461187362671,0.24475643038749695,0.9438063502311707,-0.00751461461186409,0.0024821460247039795,0.0,0.4293183982372284,0.0,-0.42435410618782043,0.0,21.0,-0.4305557019271516
trial_03,153.972673269,1.0,499.0,621.0,0.8706198930740356,0.24735033512115479,0.9368457794189453,-0.00619436614215374,0.0026274174451828003,0.0,0.4299484193325043,0.0,-0.42469358444213867,0.0,20.0,-0.35491103670414303
trial_03,154.25267695600002,1.0,587.0,451.0,0.8703351020812988,0.2499629259109497,0.9462228417396545,-0.005912048276513815,0.0022116899490356445,0.0,0.4289228916168213,0.0,-0.42449951171875,0.0,21.0,-0.33873541452183387
trial_03,154.51543977900002,1.0,448.0,648.0,0.854576826095581,0.19890210032463074,0.9225789308547974,-0.006327958311885595,0.0017083287239074707,0.0,0.42790400981903076,0.0,-0.4244873523712158,0.0,19.0,-0.3625653042057737
trial_03,154.79644422200002,1.0,552.0,409.0,0.8597932457923889,0.25244638323783875,0.9336217045783997,-0.012003976851701736,0.0036958903074264526,0.0,0.42714789509773254,0.0,-0.41975611448287964,0.0,21.0,-0.6877772109752468
trial_03,155.07104145,1.0,431.0,515.0,0.8625738024711609,0.251921147108078,0.9423985481262207,-0.011035396717488766,0.003179222345352173,0.0,0.42487695813179016,0.0,-0.4185185134410858,0.0,20.0,-0.6322816571646287
trial_03,155.352049905,1.0,587.0,466.0,0.8724328875541687,0.25281405448913574,0.9273620843887329,-0.011234470643103123,0.0019452273845672607,0.0,0.42410314083099365,0.0,-0.42021268606185913,0.0,20.0,-0.6436877529134327
trial_03,155.61321663500001,1.0,491.0,574.0,0.8747879266738892,0.24739274382591248,0.9425045847892761,-0.011466769501566887,-0.00012473762035369873,0.0,0.4228741228580475,0.0,-0.4231235980987549,0.0,20.0,-0.6569974970891133
trial_03,155.879948734,1.0,575.0,391.0,0.8486986756324768,0.1969687044620514,0.9404513239860535,-0.011902106925845146,-0.0010037869215011597,0.0,0.4221820831298828,0.0,-0.42418965697288513,0.0,21.0,-0.6819404941643535
trial_03,156.14908171500002,1.0,487.0,547.0,0.858709454536438,0.19341713190078735,0.9349961876869202,-0.0120654022321105,-0.002200096845626831,0.0,0.4218307435512543,0.0,-0.42623093724250793,0.0,20.0,-0.6912966260276545
trial_03,156.408726914,1.0,583.0,368.0,0.868590235710144,0.24534893035888672,0.9484816193580627,-0.011303531005978584,-0.0017285346984863281,0.0,0.4219399094581604,0.0,-0.42539697885513306,0.0,21.0,-0.6476446202378386
trial_03,156.679707707,1.0,503.0,493.0,0.867878794670105,0.24769094586372375,0.951959490776062,-0.005417089909315109,-0.001016080379486084,0.0,0.42264020442962646,0.0,-0.42467236518859863,0.0,21.0,-0.3103763890466616
trial_03,156.940061993,1.0,583.0,430.0,0.87311190366745,0.24758851528167725,0.9446969628334045,-0.005714740604162216,-0.0019376277923583984,0.0,0.42270737886428833,0.0,-0.4265826344490051,0.0,21.0,-0.3274305176305372
trial_03,157.209085157,1.0,467.0,554.0,0.8651043772697449,0.19298306107521057,0.9404467344284058,-0.0067486632615327835,-0.002159789204597473,0.0,0.4232974350452423,0.0,-0.42761701345443726,0.0,20.0,-0.38666992224082136
trial_03,157.47718920300002,1.0,605.0,460.0,0.8688444495201111,0.1963394582271576,0.9278727173805237,-0.007525625638663769,-0.0026503652334213257,0.0,0.4225732386112213,0.0,-0.42787396907806396,0.0,21.0,-0.4311865872908786
trial_03,157.747276948,1.0,477.0,564.0,0.8615910410881042,0.23578909039497375,0.9437602758407593,-0.012482983991503716,-0.001815885305404663,0.0,0.42378538846969604,0.0,-0.42741715908050537,0.0,21.0,-0.7152222984425332
trial_03,158.018698322,1.0,587.0,458.0,0.8670801520347595,0.23547670245170593,0.9425392150878906,-0.007275211159139872,-0.001702919602394104,0.0,0.4241143465042114,0.0,-0.42752018570899963,0.0,21.0,-0.4168388944851942
trial_03,158.29470428500002,1.0,466.0,554.0,0.8744264245033264,0.24419304728507996,0.9451370239257812,-0.0070671322755515575,-0.0014383494853973389,0.0,0.42459118366241455,0.0,-0.42746788263320923,0.0,20.0,-0.40491685264978977
trial_03,158.56029479400001,1.0,619.0,455.0,0.867472231388092,0.24510371685028076,0.9473398327827454,-0.0069808633998036385,-0.0026064664125442505,0.0,0.42283135652542114,0.0,-0.42804428935050964,0.0,21.0,-0.3999740101660955
trial_03,158.82402877,1.0,464.0,597.0,0.855248749256134,0.19735845923423767,0.9360328912734985,-0.007055460475385189,-0.0030995309352874756,0.0,0.4217647314071655,0.0,-0.4279637932777405,0.0,20.0,-0.4042481077609368
trial_03,159.09266025000002,1.0,589.0,517.0,0.8582715392112732,0.24434855580329895,0.9432656168937683,-0.007180394604802132,-0.0041093528270721436,0.0,0.4203038215637207,0.0,-0.428522527217865,0.0,21.0,-0.4114063060936688
trial_03,159.373248152,1.0,483.0,649.0,0.8646241426467896,0.23005619645118713,0.9386631846427917,-0.0061017051339149475,-0.004902884364128113,0.0,0.41882073879241943,0.0,-0.42862650752067566,0.0,21.0,-0.3496019520066333
trial_03,159.6568705,1.0,618.0,515.0,0.8705551624298096,0.24557021260261536,0.9391562342643738,-0.0014977818354964256,-0.004079192876815796,0.0,0.4200146794319153,0.0,-0.4281730651855469,0.0,20.0,-0.08581657780530294
trial_03,159.922152575,1.0,539.0,631.0,0.8642762303352356,0.24151012301445007,0.9424840807914734,-0.0055942228063941,-0.0036820173263549805,0.0,0.42057955265045166,0.0,-0.4279435873031616,0.0,20.0,-0.320525356462213
trial_03,160.206248823,1.0,685.0,488.0,0.8585753440856934,0.24194437265396118,0.9314584136009216,-0.003561784513294697,-0.0027439147233963013,0.0,0.4207516610622406,0.0,-0.4262394905090332,0.0,21.0,-0.20407522014684418
trial_03,160.467004261,1.0,550.0,586.0,0.8724806904792786,0.24568161368370056,0.9438531994819641,-0.0021054144017398357,-0.0035382211208343506,0.0,0.41947072744369507,0.0,-0.42654716968536377,0.0,19.0,-0.12063135934575375
trial_03,160.73831893800002,1.0,619.0,398.0,0.8536334037780762,0.20900121331214905,0.9378048181533813,-0.0012047416530549526,-0.0038846880197525024,0.0,0.4178558886051178,0.0,-0.4256252646446228,0.0,21.0,-0.06902661212366289
trial_03,161.005884626,1.0,488.0,548.0,0.87334805727005,0.2378578782081604,0.9223096966743469,-0.0010065874084830284,-0.004194781184196472,0.0,0.417889267206192,0.0,-0.42627882957458496,0.0,20.0,-0.05767321021708853
trial_03,161.319407359,1.0,602.0,380.0,0.8415007591247559,0.19806793332099915,0.941132664680481,-0.005784248933196068,-0.002254277467727661,0.0,0.4180523753166199,0.0,-0.4225609302520752,0.0,21.0,-0.3314130515251835
trial_03,161.573564379,1.0,451.0,555.0,0.8500161170959473,0.18815305829048157,0.9155774116516113,-0.0041308896616101265,-0.003796100616455078,0.0,0.41678422689437866,0.0,-0.4243764281272888,0.0,19.0,-0.23668254324448507
trial_03,161.855051171,1.0,610.0,391.0,0.8461195826530457,0.2201131284236908,0.9361553192138672,-0.0064164563082158566,-0.00261475145816803,0.0,0.4169001877307892,0.0,-0.42212969064712524,0.0,21.0,-0.3676358658908619
trial_03,162.122924667,1.0,464.0,503.0,0.8389374017715454,0.19166335463523865,0.9381391406059265,-0.0014138296246528625,-0.0033359676599502563,0.0,0.4148107171058655,0.0,-0.421482652425766,0.0,20.0,-0.08100647044317436
trial_03,162.392465922,1.0,594.0,467.0,0.8435110449790955,0.17271128296852112,0.9235634803771973,-0.004299660213291645,-0.004714787006378174,0.0,0.4150127172470093,0.0,-0.4244422912597656,0.0,19.0,-0.2463523835619306
trial_03,162.658091355,1.0,500.0,557.0,0.8455904722213745,0.18220561742782593,0.930751621723175,-0.0017662812024354935,-0.005967199802398682,0.0,0.41568630933761597,0.0,-0.42762070894241333,0.0,20.0,-0.10120045833284595
trial_03,162.929584468,1.0,604.0,462.0,0.8689387440681458,0.2441013753414154,0.9408082365989685,0.0039931307546794415,-0.006593674421310425,0.0,0.41676363348960876,0.0,-0.4299509823322296,0.0,21.0,0.2287895392870213
trial_03,163.19842275800002,1.0,495.0,556.0,0.8760630488395691,0.24572709202766418,0.9473514556884766,0.0050794947892427444,-0.006460905075073242,0.0,0.4182046353816986,0.0,-0.4311264455318451,0.0,19.0,0.29103361348230283
trial_03,163.474189966,1.0,597.0,376.0,0.8512393236160278,0.19608232378959656,0.9407288432121277,0.0038761799223721027,-0.005647435784339905,0.0,0.4192409813404083,0.0,-0.43053585290908813,0.0,21.0,0.22208875018526855
trial_03,163.746800339,1.0,501.0,561.0,0.8638615608215332,0.19006755948066711,0.9435893297195435,0.00845765508711338,-0.005488932132720947,0.0,0.42055070400238037,0.0,-0.43152856826782227,0.0,21.0,0.4845879410689473
trial_03,164.01274267300002,1.0,609.0,423.0,0.8750567436218262,0.24174639582633972,0.9449875950813293,0.007876630872488022,-0.005410909652709961,0.0,0.4214704632759094,0.0,-0.43229228258132935,0.0,20.0,0.45129770577601097
trial_03,164.28535304000002,1.0,492.0,560.0,0.8580560088157654,0.19018259644508362,0.9342829585075378,0.007107625249773264,-0.0046628862619400024,0.0,0.42278146743774414,0.0,-0.43210723996162415,0.0,21.0,0.4072369291726256
trial_03,164.55472453500002,1.0,618.0,444.0,0.8692055940628052,0.23763158917427063,0.9423498511314392,0.007342582102864981,-0.004222407937049866,0.0,0.4234006106853485,0.0,-0.43184542655944824,0.0,21.0,0.42069896522245626
trial_03,164.82732671800002,1.0,472.0,566.0,0.8713162541389465,0.24243944883346558,0.9453801512718201,0.0075126951560378075,-0.0041495561599731445,0.0,0.4230731129646301,0.0,-0.4313722252845764,0.0,21.0,0.4304457252093438
trial_03,165.10170666500002,1.0,599.0,466.0,0.8704022169113159,0.23587074875831604,0.9413946270942688,0.008294922299683094,-0.0037640780210494995,0.0,0.4235900938510895,0.0,-0.4311182498931885,0.0,20.0,0.47526403916079235
trial_03,165.374670114,1.0,487.0,591.0,0.8617528080940247,0.23515772819519043,0.9470438361167908,0.009778064675629139,-0.003276824951171875,0.0,0.4236830472946167,0.0,-0.43023669719696045,0.0,20.0,0.560241837719506
trial_03,165.64591798700002,1.0,593.0,520.0,0.8738501667976379,0.24237361550331116,0.9368670582771301,0.01172883715480566,-0.0021860897541046143,0.0,0.42454344034194946,0.0,-0.4289156198501587,0.0,21.0,0.672012867566593
trial_03,165.92169813,1.0,526.0,644.0,0.8614245653152466,0.23423543572425842,0.9367514252662659,0.01405989471822977,-0.0014877617359161377,0.0,0.42470723390579224,0.0,-0.4276827573776245,0.0,20.0,0.8055726277528437
trial_03,166.18714826800002,1.0,632.0,540.0,0.8598275780677795,0.18570104241371155,0.9338420033454895,0.015379851683974266,-0.0005870908498764038,0.0,0.42541709542274475,0.0,-0.42659127712249756,0.0,20.0,0.8812005910288974
trial_03,166.46044810400002,1.0,525.0,622.0,0.8660690784454346,0.20171299576759338,0.933464765548706,0.017033029347658157,0.0008793920278549194,0.0,0.42700403928756714,0.0,-0.4252452552318573,0.0,21.0,0.9759206939432822
trial_03,166.72558108200002,1.0,591.0,478.0,0.8717610239982605,0.24837526679039001,0.941834568977356,0.018063481897115707,6.905198097229004e-05,0.0,0.4255642890930176,0.0,-0.425426185131073,0.0,19.0,1.0349612760156957
trial_03,166.992531129,1.0,477.0,590.0,0.865492045879364,0.24636396765708923,0.9250553846359253,0.023891696706414223,-7.592141628265381e-05,0.0,0.4251896142959595,0.0,-0.4253414571285248,0.0,21.0,1.3688933866841444
trial_03,167.26512387,1.0,554.0,364.0,0.8452258110046387,0.20157817006111145,0.9400708079338074,0.02378501370549202,0.0019314885139465332,0.0,0.4251781105995178,0.0,-0.42131513357162476,0.0,21.0,1.3627809009855119
trial_03,167.54464880900002,1.0,452.0,572.0,0.8799420595169067,0.24989071488380432,0.9425005316734314,0.02325708419084549,0.0022021085023880005,0.0,0.4261179268360138,0.0,-0.4217137098312378,0.0,20.0,1.3325327679158758
trial_03,167.82238143400002,1.0,592.0,443.0,0.8778340220451355,0.24900171160697937,0.9286658763885498,0.020847562700510025,0.002678513526916504,0.0,0.4272220730781555,0.0,-0.4218650460243225,0.0,20.0,1.1944773558735815
trial_03,168.09247675100002,1.0,461.0,581.0,0.8506609797477722,0.22651097178459167,0.9436213374137878,0.019849147647619247,0.0027531832456588745,0.0,0.42790448665618896,0.0,-0.4223981201648712,0.0,21.0,1.137272387140609
trial_03,168.36616919800002,1.0,589.0,419.0,0.863868236541748,0.24598458409309387,0.9373810887336731,0.02071523293852806,0.004059642553329468,0.0,0.42978399991989136,0.0,-0.4216647148132324,0.0,20.0,1.1868954190080443
trial_03,168.638826845,1.0,488.0,567.0,0.8595334887504578,0.18743911385536194,0.9292526245117188,0.018863247707486153,0.005578577518463135,0.0,0.432412326335907,0.0,-0.4212551712989807,0.0,21.0,1.0807844815487821
trial_03,168.912912842,1.0,590.0,437.0,0.8653067350387573,0.19513413310050964,0.9329761266708374,0.007087197154760361,0.006419003009796143,0.0,0.4333319067955017,0.0,-0.4204939007759094,0.0,20.0,0.406066485544894
trial_03,169.19071931000002,1.0,485.0,581.0,0.856000542640686,0.19269344210624695,0.9364230632781982,0.007504114881157875,0.007303416728973389,0.0,0.4342176914215088,0.0,-0.419610857963562,0.0,21.0,0.4299541116716616
trial_03,169.47070090300002,1.0,578.0,369.0,0.8424672484397888,0.1968616545200348,0.9349690675735474,-0.005389716476202011,0.009888783097267151,0.0,0.4361051023006439,0.0,-0.4163275361061096,0.0,19.0,-0.30880800685849746
trial_03,169.74904610800002,1.0,484.0,556.0,0.8613755106925964,0.22107768058776855,0.9367903470993042,-0.00755942240357399,0.010869130492210388,0.0,0.43732938170433044,0.0,-0.41559112071990967,0.0,20.0,-0.43312299928143017
trial_03,170.01774957700002,1.0,591.0,445.0,0.8698283433914185,0.24640297889709473,0.9435712695121765,-0.004842810332775116,0.011392399668693542,0.0,0.43779125809669495,0.0,-0.41500645875930786,0.0,19.0,-0.2774725930503599
trial_03,170.286438723,1.0,455.0,569.0,0.857883632183075,0.1929241120815277,0.9282528162002563,-0.003991852514445782,0.011824101209640503,0.0,0.4395449161529541,0.0,-0.4158967137336731,0.0,21.0,-0.22871630151642877
trial_03,170.546360397,1.0,590.0,450.0,0.8681374788284302,0.23546051979064941,0.9385138750076294,-0.011382624506950378,0.010943368077278137,0.0,0.43859097361564636,0.0,-0.4167042374610901,0.0,21.0,-0.6521763440304362
trial_03,170.82573771100002,1.0,477.0,585.0,0.8501893281936646,0.201817125082016,0.9286781549453735,-0.012347966432571411,0.010630935430526733,0.0,0.4379338324069977,0.0,-0.4166719615459442,0.0,20.0,-0.7074863621555533
trial_03,171.09154954000002,1.0,560.0,460.0,0.8647299408912659,0.21931955218315125,0.9362537860870361,-0.010184027254581451,0.008889004588127136,0.0,0.4360695779323578,0.0,-0.4182915687561035,0.0,21.0,-0.5835017801337199
trial_03,171.358167476,1.0,451.0,614.0,0.8473614454269409,0.1897279918193817,0.9252606630325317,-0.010094143450260162,0.008437305688858032,0.0,0.43556374311447144,0.0,-0.41868913173675537,0.0,19.0,-0.5783518174995304
trial_03,171.62849147,1.0,586.0,505.0,0.8690646886825562,0.2374173104763031,0.9292020201683044,-0.005177606828510761,0.006959050893783569,0.0,0.43385058641433716,0.0,-0.41993248462677,0.0,21.0,-0.296655019251782
trial_03,171.88939020400002,1.0,502.0,629.0,0.8570191264152527,0.20639589428901672,0.9184985160827637,-0.007328236475586891,0.004961267113685608,0.0,0.4303208291530609,0.0,-0.4203982949256897,0.0,21.0,-0.419877021324954
trial_03,172.15887099900002,1.0,640.0,475.0,0.8692980408668518,0.24180257320404053,0.9263548254966736,-0.009712952189147472,0.005315124988555908,0.0,0.4295492470264435,0.0,-0.41891899704933167,0.0,21.0,-0.5565111670505039
trial_03,172.431054415,1.0,525.0,571.0,0.8687620759010315,0.24513348937034607,0.925200879573822,-0.012164666317403316,0.0038590580224990845,0.0,0.42666515707969666,0.0,-0.4189470410346985,0.0,21.0,-0.6969840391721596
trial_03,172.70558695,1.0,603.0,456.0,0.8686402440071106,0.2528822124004364,0.9270598292350769,-0.014958452433347702,0.0031096041202545166,0.0,0.4248451888561249,0.0,-0.41862598061561584,0.0,20.0,-0.8570561924780197
trial_03,172.97741947100002,1.0,478.0,583.0,0.8760318756103516,0.24970385432243347,0.919403076171875,-0.017064908519387245,0.002297520637512207,0.0,0.42358553409576416,0.0,-0.41899049282073975,0.0,20.0,-0.9777472359377317
trial_03,173.238722302,1.0,552.0,457.0,0.8749169707298279,0.2505396902561188,0.9207674860954285,-0.01865365356206894,0.00159512460231781,0.0,0.4222370982170105,0.0,-0.4190468490123749,0.0,20.0,-1.0687756216057247
trial_03,173.518557111,1.0,474.0,572.0,0.8707148432731628,0.24337247014045715,0.9229351878166199,-0.019550234079360962,0.0013795793056488037,0.0,0.42114078998565674,0.0,-0.41838163137435913,0.0,21.0,-1.1201459012402137
trial_03,173.79196605700002,1.0,569.0,388.0,0.8624523878097534,0.24454596638679504,0.9260508418083191,-0.025210421532392502,0.0028353482484817505,0.0,0.42147207260131836,0.0,-0.41580137610435486,0.0,21.0,-1.4444507535518238
trial_03,174.07008536,1.0,475.0,606.0,0.8755356669425964,0.24515250325202942,0.9195752143859863,-0.024214569479227066,0.0022723227739334106,0.0,0.4211920201778412,0.0,-0.41664737462997437,0.0,20.0,-1.3873926338860065
trial_03,174.34094206,1.0,584.0,474.0,0.8725913166999817,0.24428805708885193,0.9210395812988281,-0.028177477419376373,0.002667248249053955,0.0,0.4224599003791809,0.0,-0.417125403881073,0.0,21.0,-1.6144505334554446
trial_03,174.613829912,1.0,451.0,582.0,0.8648409247398376,0.20536324381828308,0.9044033288955688,-0.030286619439721107,0.00271742045879364,0.0,0.4236564636230469,0.0,-0.4182216227054596,0.0,21.0,-1.7352954696148934
trial_03,174.88813477600002,1.0,585.0,472.0,0.8719943165779114,0.24076196551322937,0.9217391014099121,-0.025960616767406464,0.002650737762451172,0.0,0.4245181679725647,0.0,-0.41921669244766235,0.0,21.0,-1.4874337743289487
trial_03,175.164142733,1.0,443.0,593.0,0.8788226842880249,0.24036946892738342,0.9147973656654358,-0.018243439495563507,0.001738041639328003,0.0,0.4245092272758484,0.0,-0.4210331439971924,0.0,21.0,-1.0452720868980645
trial_03,175.435134701,1.0,561.0,452.0,0.8726662993431091,0.23488712310791016,0.9214482307434082,-0.01711040735244751,0.00041981041431427,0.0,0.42415571212768555,0.0,-0.423316091299057,0.0,19.0,-0.9803541270448551
trial_03,175.699758373,1.0,439.0,595.0,0.8678386211395264,0.2370302975177765,0.9352318644523621,-0.016651127487421036,-6.569921970367432e-05,0.0,0.4239324629306793,0.0,-0.42406386137008667,0.0,21.0,-0.9540393291635001
trial_03,175.972923395,1.0,588.0,433.0,0.868706464767456,0.23195919394493103,0.9279963970184326,-0.016286972910165787,-0.00045868754386901855,0.0,0.4229736030101776,0.0,-0.42389097809791565,0.0,21.0,-0.9331748087964037
trial_03,176.244363652,1.0,461.0,607.0,0.8611195683479309,0.23718541860580444,0.9341979026794434,-0.015818502753973007,-0.00234106183052063,0.0,0.4210149049758911,0.0,-0.4256970286369324,0.0,20.0,-0.9063334460187229
trial_03,176.50588755700002,1.0,577.0,490.0,0.8528230786323547,0.2129049003124237,0.9311225414276123,-0.014627484604716301,-0.0031145960092544556,0.0,0.420112282037735,0.0,-0.4263414740562439,0.0,19.0,-0.8380931327428314
trial_03,176.78156991100002,1.0,485.0,616.0,0.8621198534965515,0.2253035008907318,0.9308575987815857,-0.007669262588024139,-0.0049143582582473755,0.0,0.4187777638435364,0.0,-0.42860648036003113,0.0,21.0,-0.4394163782713622
trial_03,177.059813358,1.0,559.0,450.0,0.8651938438415527,0.22557887434959412,0.9334269762039185,-0.0011096308007836342,-0.004201427102088928,0.0,0.4183655381202698,0.0,-0.42676839232444763,0.0,21.0,-0.06357716170262408
trial_03,177.326745773,1.0,463.0,629.0,0.8700562715530396,0.2384738326072693,0.9324826002120972,-0.0066366735845804214,-0.004119560122489929,0.0,0.4184388816356659,0.0,-0.42667800188064575,0.0,21.0,-0.3802533864024175
trial_03,177.61452989400001,1.0,619.0,550.0,0.8700672388076782,0.23583391308784485,0.9334937334060669,-0.010918041691184044,-0.004636883735656738,0.0,0.41801607608795166,0.0,-0.42728984355926514,0.0,21.0,-0.6255577094527214
trial_03,177.887550487,1.0,491.0,671.0,0.882354199886322,0.24442097544670105,0.9186964631080627,-0.008885198272764683,-0.00414411723613739,0.0,0.41883158683776855,0.0,-0.42711982131004333,0.0,20.0,-0.5090843611663451
trial_03,178.165445344,1.0,648.0,558.0,0.86913001537323,0.2440474033355713,0.9238384962081909,-0.0031055649742484093,-0.006159275770187378,0.0,0.41747695207595825,0.0,-0.429795503616333,0.0,21.0,-0.17793576602808803
trial_03,178.428309883,1.0,523.0,680.0,0.8798167109489441,0.24595025181770325,0.92442786693573,-0.001687915064394474,-0.006096631288528442,0.0,0.4177635908126831,0.0,-0.42995685338974,0.0,20.0,-0.09671040936635593
trial_03,178.704384519,1.0,620.0,533.0,0.8834002614021301,0.24548634886741638,0.9196321368217468,0.00299916323274374,-0.0074014365673065186,0.0,0.41631078720092773,0.0,-0.43111366033554077,0.0,18.0,0.17183939530702852
trial_03,178.978662619,1.0,457.0,641.0,0.8609164953231812,0.19014456868171692,0.9170714616775513,0.004300952889025211,-0.00945127010345459,0.0,0.41366642713546753,0.0,-0.4325689673423767,0.0,21.0,0.24642644842574293
trial_03,179.24438533400001,1.0,592.0,512.0,0.8788080811500549,0.16918694972991943,0.9062762260437012,0.0043569644913077354,-0.010248318314552307,0.0,0.41280481219291687,0.0,-0.4333014488220215,0.0,20.0,0.2496356768402969
trial_03,179.522638101,1.0,462.0,620.0,0.8561288714408875,0.2267158329486847,0.9248629212379456,0.006508596707135439,-0.011917322874069214,0.0,0.41143983602523804,0.0,-0.43527448177337646,0.0,21.0,0.37291512187160575
trial_03,179.797254916,1.0,556.0,445.0,0.8571799397468567,0.18720749020576477,0.9330028295516968,0.0037392000667750835,-0.01129680871963501,0.0,0.41172516345977783,0.0,-0.43431878089904785,0.0,20.0,0.2142403825812479
trial_03,180.071274378,1.0,469.0,590.0,0.8812031745910645,0.2507132589817047,0.9255865812301636,0.004448649473488331,-0.011769160628318787,0.0,0.4121025502681732,0.0,-0.4356408715248108,0.0,21.0,0.25488883936397716
trial_03,180.331059716,1.0,556.0,461.0,0.8618897199630737,0.19872257113456726,0.9322948455810547,0.013220081105828285,-0.012092918157577515,0.0,0.41203704476356506,0.0,-0.4362228810787201,0.0,21.0,0.757454852184603
trial_03,180.60012893700002,1.0,466.0,595.0,0.8958069682121277,0.2509761452674866,0.9308785796165466,0.013471271842718124,-0.011426344513893127,0.0,0.413623571395874,0.0,-0.4364762604236603,0.0,20.0,0.7718470212611719
trial_03,180.86747445400002,1.0,557.0,387.0,0.8796902894973755,0.24727705121040344,0.9402822852134705,0.014893829822540283,-0.010130181908607483,0.0,0.4152020514011383,0.0,-0.43546241521835327,0.0,21.0,0.8533535896176381
trial_03,181.13859375,1.0,466.0,584.0,0.879798412322998,0.24645939469337463,0.9408820867538452,0.011173496022820473,-0.00874742865562439,0.0,0.4169965088367462,0.0,-0.434491366147995,0.0,21.0,0.640194164513824
trial_03,181.40898306100001,1.0,577.0,481.0,0.8675488829612732,0.20063403248786926,0.9257493615150452,0.014118719846010208,-0.007603853940963745,0.0,0.41875773668289185,0.0,-0.43396544456481934,0.0,21.0,0.8089430593039805
trial_03,181.692726563,1.0,470.0,588.0,0.8402396440505981,0.1993955671787262,0.9215378761291504,0.013311652466654778,-0.00590476393699646,0.0,0.41979271173477173,0.0,-0.43160223960876465,0.0,21.0,0.7627015046842306
trial_03,181.968187922,1.0,570.0,457.0,0.8595566749572754,0.19585439562797546,0.9337364435195923,0.018630169332027435,-0.00436776876449585,0.0,0.42183345556259155,0.0,-0.43056899309158325,0.0,21.0,1.0674300743392322
trial_03,182.25945617300002,1.0,444.0,606.0,0.860794723033905,0.1979570984840393,0.9242309331893921,0.02337723970413208,-0.0025922954082489014,0.0,0.4236891269683838,0.0,-0.4288737177848816,0.0,21.0,1.3394171717124255
trial_03,182.54020513,1.0,572.0,501.0,0.8759202361106873,0.2426566481590271,0.9293591380119324,0.031580906361341476,-0.0024947822093963623,0.0,0.42315739393234253,0.0,-0.42814695835113525,0.0,21.0,1.8094526477027202
trial_03,182.81420602,1.0,425.0,656.0,0.8579569458961487,0.18623656034469604,0.9173051118850708,0.03088347241282463,-0.0019893646240234375,0.0,0.4236091375350952,0.0,-0.4275878667831421,0.0,21.0,1.7694926259635606
trial_03,183.086093764,1.0,566.0,528.0,0.8755736351013184,0.2408289611339569,0.9212769269943237,0.02417842485010624,-0.0024148374795913696,0.0,0.42326363921165466,0.0,-0.4280933141708374,0.0,20.0,1.3853216991853177
trial_03,183.367121209,1.0,482.0,671.0,0.8760653734207153,0.2037438452243805,0.9221123456954956,0.01658792607486248,-0.0010789930820465088,0.0,0.4256429970264435,0.0,-0.4278009831905365,0.0,21.0,0.9504181549646298
trial_03,183.640505622,1.0,538.0,532.0,0.8751791715621948,0.24256432056427002,0.9336974024772644,0.01748419739305973,0.0003597140312194824,0.0,0.42593634128570557,0.0,-0.4252169132232666,0.0,21.0,1.001770718795959
trial_03,183.906090941,1.0,447.0,665.0,0.875097930431366,0.24303415417671204,0.9376624822616577,0.01807379350066185,0.0005426853895187378,0.0,0.4255077838897705,0.0,-0.42442241311073303,0.0,20.0,1.0355520873789017
trial_03,184.17449245400002,1.0,538.0,538.0,0.8825697302818298,0.24540290236473083,0.9334758520126343,0.019158942624926567,0.0011527091264724731,0.0,0.4252721965312958,0.0,-0.42296677827835083,0.0,21.0,1.0977265523415873
trial_03,184.44130727400002,1.0,473.0,627.0,0.855370044708252,0.17339012026786804,0.9211545586585999,0.01963374763727188,0.0015882253646850586,0.0,0.42500051856040955,0.0,-0.42182406783103943,0.0,21.0,1.1249308756406307
trial_03,184.71075759700003,1.0,590.0,426.0,0.8716707825660706,0.2367723286151886,0.9401407837867737,0.020013974979519844,0.0027299225330352783,0.0,0.42500853538513184,0.0,-0.4195486903190613,0.0,20.0,1.1467162976069152
trial_03,184.98373201500002,1.0,499.0,527.0,0.8755280375480652,0.24867060780525208,0.9230958819389343,0.01712242141366005,0.003193497657775879,0.0,0.4245045483112335,0.0,-0.41811755299568176,0.0,20.0,0.9810424820471455
trial_03,185.25141283500002,1.0,591.0,441.0,0.8763613700866699,0.25397032499313354,0.94065922498703,0.003930236212909222,0.004030406475067139,0.0,0.4249793291091919,0.0,-0.4169185161590576,0.0,21.0,0.22518594748917845
trial_03,185.51500832500003,1.0,454.0,585.0,0.8898648023605347,0.24824026226997375,0.9314208030700684,0.004433180205523968,0.0042395442724227905,0.0,0.42533037066459656,0.0,-0.416851282119751,0.0,21.0,0.25400251559746223
trial_03,185.78344975500002,1.0,536.0,393.0,0.8790955543518066,0.23592829704284668,0.9218043088912964,0.005289899185299873,0.004661157727241516,0.0,0.42547494173049927,0.0,-0.41615262627601624,0.0,19.0,0.3030888973673754
trial_03,186.051902555,1.0,420.0,496.0,0.864590585231781,0.24634960293769836,0.944627046585083,0.006078626960515976,0.004689961671829224,0.0,0.4252362847328186,0.0,-0.41585636138916016,0.0,21.0,0.3482796700720011
trial_03,186.315159133,1.0,512.0,460.0,0.8668616414070129,0.1962193250656128,0.9366545677185059,0.00678645633161068,0.0030826181173324585,0.0,0.42594632506370544,0.0,-0.4197810888290405,0.0,20.0,0.388835305651127
trial_03,186.57751280000002,1.0,426.0,564.0,0.8709626197814941,0.17937830090522766,0.9236786961555481,0.0024597030133008957,0.0031220465898513794,0.0,0.4264465272426605,0.0,-0.42020243406295776,0.0,21.0,0.1409306015177523
trial_03,186.845952121,1.0,493.0,383.0,0.8757265210151672,0.2485794723033905,0.935265839099884,0.003852320834994316,0.004682719707489014,0.0,0.42806410789489746,0.0,-0.41869866847991943,0.0,20.0,0.22072172517548752
trial_03,187.11927696200001,1.0,421.0,487.0,0.8676272034645081,0.21750864386558533,0.9264546632766724,0.005465764552354813,0.00586092472076416,0.0,0.429271399974823,0.0,-0.4175495505332947,0.0,21.0,0.31316524066214246
trial_03,187.394396916,1.0,528.0,443.0,0.8928330540657043,0.24810382723808289,0.9324263334274292,0.006820008158683777,0.006619513034820557,0.0,0.43139004707336426,0.0,-0.41815102100372314,0.0,20.0,0.39075768373736824
trial_03,187.66566093100002,1.0,440.0,562.0,0.857092022895813,0.18996617197990417,0.9465131163597107,0.007767351344227791,0.007115647196769714,0.0,0.4322468936443329,0.0,-0.41801559925079346,0.0,21.0,0.4450364500195191
trial_03,187.93741176600003,1.0,499.0,443.0,0.8561968207359314,0.20127376914024353,0.9321141242980957,0.0026500672101974487,0.007580101490020752,0.0,0.4333827495574951,0.0,-0.4182225465774536,0.0,21.0,0.15183766657032222
trial_03,188.20406793400002,1.0,448.0,564.0,0.8579627275466919,0.14539691805839539,0.9281600117683411,-0.002362641505897045,0.008723750710487366,0.0,0.43530264496803284,0.0,-0.4178551435470581,0.0,21.0,-0.1353693867903339
trial_03,188.468435333,1.0,511.0,449.0,0.8655156493186951,0.21512791514396667,0.9399949312210083,-0.0005369056016206741,0.008975833654403687,0.0,0.4351588487625122,0.0,-0.41720718145370483,0.0,20.0,-0.03076242496979696
trial_03,188.73952253000002,1.0,429.0,584.0,0.881972074508667,0.24317273497581482,0.9264188408851624,0.0006125527434051037,0.008071169257164001,0.0,0.43396762013435364,0.0,-0.41782528162002563,0.0,20.0,0.03509668692627251
trial_03,189.012568823,1.0,495.0,469.0,0.8753933906555176,0.24250981211662292,0.9345889091491699,-0.0035810936242341995,0.007568463683128357,0.0,0.4339557886123657,0.0,-0.418818861246109,0.0,21.0,-0.20518155070982758
trial_03,189.287356073,1.0,422.0,606.0,0.8823500871658325,0.24366387724876404,0.9273025989532471,-0.0002731562126427889,0.006612211465835571,0.0,0.43340158462524414,0.0,-0.420177161693573,0.0,21.0,-0.015650698132209862
trial_03,189.56222714,1.0,498.0,517.0,0.8843165636062622,0.24402007460594177,0.9273062348365784,-0.0016068313270807266,0.006718486547470093,0.0,0.43283596634864807,0.0,-0.4193989932537079,0.0,21.0,-0.09206465343113078
trial_03,189.84580015600002,1.0,396.0,648.0,0.8573031425476074,0.19864505529403687,0.9398704767227173,-0.002499095629900694,0.006481185555458069,0.0,0.43225711584091187,0.0,-0.4192947447299957,0.0,21.0,-0.14318763219289773
trial_03,190.114247229,1.0,470.0,538.0,0.8726369142532349,0.24629086256027222,0.9344691038131714,-0.003199953120201826,0.007075995206832886,0.0,0.4326019287109375,0.0,-0.41844993829727173,0.0,21.0,-0.18334380842728365
trial_03,190.38213037,1.0,429.0,616.0,0.8704009056091309,0.2403251826763153,0.9274822473526001,-0.003893026616424322,0.00738312304019928,0.0,0.4327629506587982,0.0,-0.41799670457839966,0.0,21.0,-0.22305399465320888
trial_03,190.64938869300002,1.0,544.0,424.0,0.8686349987983704,0.2357686161994934,0.9401366710662842,-0.0039849113672971725,0.008070245385169983,0.0,0.43158337473869324,0.0,-0.41544288396835327,0.0,21.0,-0.2283186030798342
trial_03,190.92107872600002,1.0,443.0,585.0,0.880712628364563,0.2509499490261078,0.9367403984069824,0.0009376592934131622,0.007437154650688171,0.0,0.4312777519226074,0.0,-0.4164034426212311,0.0,21.0,0.05372392013379311
trial_03,191.189149947,1.0,502.0,359.0,0.8691242933273315,0.1973114311695099,0.9365824460983276,0.0046461159363389015,0.007753729820251465,0.0,0.4302271008491516,0.0,-0.4147196412086487,0.0,21.0,0.26620283428069175
trial_03,191.46323098800002,1.0,398.0,584.0,0.8675873875617981,0.20014187693595886,0.9291855692863464,0.0073110731318593025,0.005207926034927368,0.0,0.4276387691497803,0.0,-0.41722291707992554,0.0,20.0,0.41889363416703085
trial_03,191.73892634,1.0,457.0,383.0,0.8732529878616333,0.23670628666877747,0.9358988404273987,0.008595999330282211,0.005461543798446655,0.0,0.4275684058666229,0.0,-0.4166453182697296,0.0,21.0,0.4925144823224529
trial_03,192.018068521,1.0,380.0,540.0,0.8885468244552612,0.24952372908592224,0.9336857795715332,0.0057006278075277805,0.0030485838651657104,0.0,0.4258137047290802,0.0,-0.4197165369987488,0.0,21.0,0.3266219139462576
trial_03,192.276779621,1.0,429.0,464.0,0.8883042335510254,0.2512339949607849,0.9385091662406921,0.0033775493502616882,0.0028136223554611206,0.0,0.42743146419525146,0.0,-0.4218042194843292,0.0,19.0,0.19351932286714815
trial_03,192.545440686,1.0,370.0,555.0,0.876122772693634,0.2507754862308502,0.9392781853675842,0.0018852008506655693,0.0020729005336761475,0.0,0.42709460854530334,0.0,-0.42294880747795105,0.0,21.0,0.1080140522776097
trial_03,192.809980539,1.0,414.0,434.0,0.8741299510002136,0.20520856976509094,0.9401171803474426,0.0009440453723073006,0.0039014220237731934,0.0,0.43126678466796875,0.0,-0.42346394062042236,0.0,21.0,0.054089815502064806
trial_03,193.085073386,1.0,365.0,562.0,0.8828589916229248,0.24828854203224182,0.9368119835853577,7.603270933032036e-05,0.006873577833175659,0.0,0.43692076206207275,0.0,-0.42317360639572144,0.0,20.0,0.004356353349572312
trial_03,193.359517766,1.0,402.0,451.0,0.8782868981361389,0.24610668420791626,0.9329674243927002,-0.0003282311372458935,0.009664744138717651,0.0,0.4420657455921173,0.0,-0.422736257314682,0.0,21.0,-0.018806258868968976
trial_03,193.62799606000002,1.0,362.0,559.0,0.8912375569343567,0.2465253472328186,0.9199036955833435,-0.0008255261927843094,0.012633934617042542,0.0,0.4481584131717682,0.0,-0.4228905439376831,0.0,21.0,-0.047299166724044085
trial_03,193.898457769,1.0,409.0,455.0,0.8722227811813354,0.18239301443099976,0.9263036847114563,0.0013536331243813038,0.013322561979293823,0.0,0.4494691491127014,0.0,-0.42282402515411377,0.0,21.0,0.07755746503615592
trial_03,194.17773049500002,1.0,349.0,565.0,0.8506503105163574,0.16648176312446594,0.918712317943573,-9.569494432071224e-05,0.013439938426017761,0.0,0.4495083689689636,0.0,-0.4226284921169281,0.0,21.0,-0.0054829164303162176
trial_03,194.43966223,1.0,409.0,454.0,0.8567057847976685,0.1760997474193573,0.93011075258255,-0.004595373757183552,0.013134628534317017,0.0,0.44900548458099365,0.0,-0.4227362275123596,0.0,20.0,-0.2632955215717935
trial_03,194.71117698100002,1.0,358.0,587.0,0.872002899646759,0.2464471161365509,0.9380836486816406,-0.00584667082875967,0.012957796454429626,0.0,0.44926556944847107,0.0,-0.4233499765396118,0.0,21.0,-0.3349895626901844
trial_03,194.99022815,1.0,376.0,461.0,0.8614047169685364,0.18618732690811157,0.9463852643966675,-0.015056904405355453,0.012589842081069946,0.0,0.44838273525238037,0.0,-0.4232030510902405,0.0,20.0,-0.862697074958804
trial_03,195.245446195,1.0,348.0,612.0,0.8432055711746216,0.12243685126304626,0.9202247858047485,-0.025738179683685303,0.013342857360839844,0.0,0.4489170014858246,0.0,-0.4222312867641449,0.0,19.0,-1.474689068224528
trial_03,195.51234027400002,1.0,380.0,495.0,0.8772007822990417,0.2467809021472931,0.9501703381538391,-0.024558760225772858,0.014038488268852234,0.0,0.44926467537879944,0.0,-0.42118769884109497,0.0,20.0,-1.4071133110105376
trial_03,195.79270519600001,1.0,332.0,625.0,0.8974522352218628,0.24818730354309082,0.9302231073379517,-0.023639976978302002,0.013381317257881165,0.0,0.4489312767982483,0.0,-0.42216864228248596,0.0,21.0,-1.3544709086431337
trial_03,196.04806752000002,1.0,397.0,509.0,0.8717103600502014,0.237300306558609,0.9241431355476379,-0.0299264844506979,0.014128848910331726,0.0,0.4493746757507324,0.0,-0.42111697793006897,0.0,21.0,-1.7146612546888733
trial_03,196.31682266,1.0,341.0,581.0,0.8750215172767639,0.14635828137397766,0.9359632134437561,-0.030537249520421028,0.013941168785095215,0.0,0.44942522048950195,0.0,-0.4215428829193115,0.0,20.0,-1.7496555154580222
trial_03,196.580714402,1.0,440.0,454.0,0.8750404119491577,0.24832770228385925,0.9284482598304749,-0.027359046041965485,0.012802481651306152,0.0,0.44709479808807373,0.0,-0.4214898347854614,0.0,21.0,-1.567557869708722
trial_03,196.85473442400001,1.0,344.0,568.0,0.8872947692871094,0.25702300667762756,0.9293748140335083,-0.029868487268686295,0.011080846190452576,0.0,0.4454890489578247,0.0,-0.42332735657691956,0.0,20.0,-1.7113382609359564
trial_03,197.10776026000002,1.0,377.0,385.0,0.8709977269172668,0.2496924102306366,0.9374244213104248,-0.03377075493335724,0.010506123304367065,0.0,0.44308769702911377,0.0,-0.42207545042037964,0.0,20.0,-1.9349217286519735
trial_03,197.37676801100002,1.0,286.0,563.0,0.8806830644607544,0.25737038254737854,0.9298669099807739,-0.026788899675011635,0.007315829396247864,0.0,0.4413742125034332,0.0,-0.4267425537109375,0.0,21.0,-1.5348908891775492
trial_03,197.64029295100002,1.0,329.0,435.0,0.8722659349441528,0.23214960098266602,0.9396806359291077,-0.0320848748087883,0.003927111625671387,0.0,0.43870896100997925,0.0,-0.4308547377586365,0.0,19.0,-1.8383279127491838
trial_03,197.909137105,1.0,254.0,556.0,0.8762239813804626,0.1851498782634735,0.9345526695251465,-0.03591248393058777,0.0015922784805297852,0.0,0.43726563453674316,0.0,-0.4340810775756836,0.0,20.0,-2.0576337610540687
trial_03,198.172003034,1.0,341.0,354.0,0.8649420738220215,0.23484203219413757,0.9460074305534363,-0.030020523816347122,-0.00043594837188720703,0.0,0.43434369564056396,0.0,-0.4352155923843384,0.0,21.0,-1.7200493134486614
trial_03,198.44186036600001,1.0,248.0,560.0,0.8759779334068298,0.25431689620018005,0.942118227481842,-0.018828049302101135,-0.002204418182373047,0.0,0.43341296911239624,0.0,-0.43782180547714233,0.0,21.0,-1.07876776147463
trial_03,198.70884453500003,1.0,358.0,440.0,0.8772274851799011,0.23553207516670227,0.9402695894241333,-0.018293386325240135,-0.0038206279277801514,0.0,0.4315919876098633,0.0,-0.4392332434654236,0.0,21.0,-1.048133829438594
trial_03,198.970269709,1.0,269.0,552.0,0.8655029535293579,0.20838159322738647,0.9434247016906738,-0.011140113696455956,-0.004479646682739258,0.0,0.4311707615852356,0.0,-0.4401300549507141,0.0,20.0,-0.6382814981028089
trial_03,199.245015977,1.0,368.0,441.0,0.8711286187171936,0.2357451617717743,0.947177529335022,-0.012426311150193214,-0.005394995212554932,0.0,0.43035200238227844,0.0,-0.4411419928073883,0.0,21.0,-0.7119751838224269
trial_03,199.50302492300003,1.0,285.0,571.0,0.872578501701355,0.24985569715499878,0.9496107697486877,-0.011967241764068604,-0.004323452711105347,0.0,0.4312672019004822,0.0,-0.43991410732269287,0.0,21.0,-0.685672445493825
trial_03,199.77142495500001,1.0,378.0,431.0,0.8758938312530518,0.2487265169620514,0.9466459155082703,-0.015608824789524078,-0.0040916502475738525,0.0,0.4315255284309387,0.0,-0.4397088289260864,0.0,21.0,-0.8943197835989052
trial_03,200.04317815800002,1.0,291.0,580.0,0.8716843128204346,0.19447645545005798,0.9404379725456238,-0.012365009635686874,-0.0038327574729919434,0.0,0.431305468082428,0.0,-0.43897098302841187,0.0,19.0,-0.7084628657634535
trial_03,200.305201974,1.0,367.0,480.0,0.8771328926086426,0.2502857744693756,0.9378533363342285,-0.004773173481225967,-0.0035063475370407104,0.0,0.4306716024875641,0.0,-0.4376842975616455,0.0,21.0,-0.2734826953580146
trial_03,200.567031783,1.0,277.0,590.0,0.868811845779419,0.1960754692554474,0.9335028529167175,-0.0036775805056095123,-0.0034728199243545532,0.0,0.4301353394985199,0.0,-0.437080979347229,0.0,21.0,-0.21070984179101243
trial_03,200.833269034,1.0,396.0,467.0,0.8827922344207764,0.24570581316947937,0.9305685758590698,-0.0033102277666330338,-0.0030612051486968994,0.0,0.42973291873931885,0.0,-0.43585532903671265,0.0,21.0,-0.18966208025508924
trial_03,201.09797607200002,1.0,279.0,618.0,0.873813271522522,0.1934206783771515,0.9331024885177612,-0.0030009644106030464,-0.0034342557191848755,0.0,0.4288066327571869,0.0,-0.43567514419555664,0.0,19.0,-0.1719425951965192
trial_03,201.362590143,1.0,397.0,505.0,0.8807625770568848,0.2575220763683319,0.9328460693359375,-0.003304258920252323,-0.003887668251991272,0.0,0.42704257369041443,0.0,-0.434817910194397,0.0,21.0,-0.18932009054891258
trial_03,201.62823888900002,1.0,301.0,642.0,0.875115692615509,0.23711273074150085,0.9319572448730469,-0.0031518731266260147,-0.004672586917877197,0.0,0.42473670840263367,0.0,-0.43408188223838806,0.0,19.0,-0.18058902771637353
trial_03,201.914149758,1.0,399.0,513.0,0.881119966506958,0.24458464980125427,0.9346836805343628,-0.0034968582913279533,-0.005692407488822937,0.0,0.4232596457004547,0.0,-0.4346444606781006,0.0,20.0,-0.2003552216484202
trial_03,202.219515085,1.0,315.0,586.0,0.8723881244659424,0.2540927827358246,0.9265402555465698,-0.008622454479336739,-0.005179286003112793,0.0,0.42242181301116943,0.0,-0.432780385017395,0.0,21.0,-0.49403025070966683
trial_03,202.55466605200002,1.0,420.0,393.0,0.8671914339065552,0.25067445635795593,0.9463908672332764,-0.007735112681984901,-0.004145324230194092,0.0,0.4214637279510498,0.0,-0.429754376411438,0.0,20.0,-0.44318931073585377
trial_03,202.89609783600002,1.0,330.0,576.0,0.87518709897995,0.2571060359477997,0.9248039722442627,-0.009611545130610466,-0.0038191378116607666,0.0,0.4211270213127136,0.0,-0.42876529693603516,0.0,19.0,-0.5507009705834973
trial_03,203.219702528,1.0,446.0,417.0,0.8611242175102234,0.1685762107372284,0.905114471912384,-0.0072852848097682,-0.004290983080863953,0.0,0.4205208718776703,0.0,-0.4291028380393982,0.0,21.0,-0.41741607215048665
trial_03,203.50512994000002,1.0,339.0,593.0,0.8593153953552246,0.19983527064323425,0.9362455010414124,-0.011564565822482109,-0.004324361681938171,0.0,0.42002353072166443,0.0,-0.42867225408554077,0.0,20.0,-0.6626008135294624
trial_03,203.83232345300001,1.0,441.0,436.0,0.8496755957603455,0.1641974151134491,0.9168416261672974,-0.00814787670969963,-0.002775043249130249,0.0,0.42121630907058716,0.0,-0.42676639556884766,0.0,20.0,-0.4668389474587287
trial_03,204.102337191,1.0,369.0,603.0,0.8751398921012878,0.19649609923362732,0.9221441149711609,-0.0008228965452872217,-0.0025414079427719116,0.0,0.4220987856388092,0.0,-0.427181601524353,0.0,21.0,-0.047148499020853815
trial_03,204.365401745,1.0,464.0,451.0,0.8846943974494934,0.2530606687068939,0.9433355927467346,-0.0034338668920099735,-0.0018298327922821045,0.0,0.42334407567977905,0.0,-0.42700374126434326,0.0,20.0,-0.1967460803218767
trial_03,204.637396074,1.0,350.0,594.0,0.8720236420631409,0.1757178008556366,0.9213671684265137,-0.005256548523902893,-0.0026853233575820923,0.0,0.42170438170433044,0.0,-0.42707502841949463,0.0,21.0,-0.3011780452253585
trial_03,204.91494283,1.0,461.0,397.0,0.8734585642814636,0.2378438413143158,0.9374537467956543,-0.006716113071888685,-0.0009441375732421875,0.0,0.42292624711990356,0.0,-0.42481452226638794,0.0,20.0,-0.38480493375186414
trial_03,205.178004382,1.0,379.0,587.0,0.8880488276481628,0.2504400908946991,0.9370025396347046,-0.0076600247994065285,-0.0022195279598236084,0.0,0.42109018564224243,0.0,-0.42552924156188965,0.0,21.0,-0.4388870919715391
trial_03,205.443053713,1.0,481.0,494.0,0.8855850696563721,0.24262502789497375,0.9316074848175049,-0.008503452874720097,-0.0015887320041656494,0.0,0.42247116565704346,0.0,-0.42564862966537476,0.0,21.0,-0.4872119610098487
trial_03,205.706340372,1.0,400.0,571.0,0.8664777874946594,0.22603943943977356,0.9298321008682251,-0.014125937595963478,-0.0022235214710235596,0.0,0.42092156410217285,0.0,-0.42536860704421997,0.0,21.0,-0.8093566059138836
trial_03,205.97837959100002,1.0,477.0,448.0,0.8705897331237793,0.22939056158065796,0.9115359783172607,-0.01333906501531601,-0.0008426457643508911,0.0,0.4236292541027069,0.0,-0.4253145456314087,0.0,21.0,-0.7642721280282162
trial_03,206.569662141,1.0,384.0,611.0,0.8711353540420532,0.2448255717754364,0.9118639826774597,-0.012866144068539143,0.0003865957260131836,0.0,0.42703521251678467,0.0,-0.4262620210647583,0.0,21.0,-0.7371757537345707
trial_03,206.595499635,1.0,505.0,437.0,0.8735037446022034,0.24187114834785461,0.9158850312232971,-0.007402979768812656,7.241964340209961e-05,0.0,0.4278715252876282,0.0,-0.427726686000824,0.0,21.0,-0.4241594965736991
trial_03,206.792862737,1.0,413.0,600.0,0.8709151148796082,0.2127472460269928,0.9165422320365906,-0.008310296572744846,0.00041829049587249756,0.0,0.42921537160873413,0.0,-0.42837879061698914,0.0,20.0,-0.4761449201203124
trial_03,207.09557963900002,1.0,500.0,478.0,0.8821479082107544,0.23915007710456848,0.9207534790039062,-0.004101842641830444,-0.0004722326993942261,0.0,0.4290502369403839,0.0,-0.42999470233917236,0.0,21.0,-0.23501827160367625
trial_03,207.368828406,1.0,405.0,611.0,0.8711395263671875,0.21101227402687073,0.901535153388977,-0.03097487986087799,0.0024458765983581543,0.0,0.43244004249572754,0.0,-0.42754828929901123,0.0,21.0,-1.7747298869530794
trial_03,207.64039596700002,1.0,489.0,437.0,0.8697589635848999,0.23649534583091736,0.9135428667068481,-0.025947384536266327,0.004618391394615173,0.0,0.4334370791912079,0.0,-0.42420029640197754,0.0,21.0,-1.4866756233310774
trial_03,207.92543759300003,1.0,386.0,621.0,0.8747813105583191,0.2284800112247467,0.9009466767311096,-0.022264566272497177,0.0048009902238845825,0.0,0.4331511855125427,0.0,-0.42354920506477356,0.0,20.0,-1.2756656801034074
trial_03,208.17542588900002,1.0,526.0,522.0,0.8741095662117004,0.23755192756652832,0.9029126763343811,-0.014504042454063892,0.0035662800073623657,0.0,0.431569367647171,0.0,-0.4244368076324463,0.0,21.0,-0.8310204184964303
trial_03,208.442815416,1.0,404.0,671.0,0.8744736909866333,0.24463209509849548,0.896705150604248,-0.013770179823040962,0.003188788890838623,0.0,0.43069717288017273,0.0,-0.4243195950984955,0.0,21.0,-0.7889731869964499
trial_03,208.69939015900002,1.0,540.0,460.0,0.8562778234481812,0.1954180896282196,0.8975102305412292,-0.018272284418344498,0.004779338836669922,0.0,0.4309162497520447,0.0,-0.42135757207870483,0.0,21.0,-1.0469247792337961
trial_03,208.964932911,1.0,456.0,565.0,0.862602710723877,0.2031119167804718,0.8825036883354187,-0.016663121059536934,0.005634218454360962,0.0,0.43162962794303894,0.0,-0.420361191034317,0.0,21.0,-0.9547265102270268
trial_03,209.54294716200002,1.0,555.0,526.0,0.868992030620575,0.24723246693611145,0.8781735301017761,-0.015255413949489594,0.004380762577056885,0.0,0.43037623167037964,0.0,-0.42161470651626587,0.0,21.0,-0.8740708340307561
trial_03,209.564016997,1.0,433.0,595.0,0.8778039813041687,0.2484593689441681,0.8812638521194458,-0.009575949050486088,0.001932576298713684,0.0,0.42792680859565735,0.0,-0.42406165599823,0.0,21.0,-0.5486614654251609
trial_03,209.77772925300002,1.0,497.0,415.0,0.8474637269973755,0.20459303259849548,0.8783966898918152,-0.00518094701692462,0.0002078413963317871,0.0,0.42595338821411133,0.0,-0.42553770542144775,0.0,21.0,-0.2968463979506746
trial_03,210.10107254300002,1.0,378.0,560.0,0.8726475834846497,0.2556125223636627,0.8665764927864075,-0.001958586275577545,-0.002052217721939087,0.0,0.4234239459037781,0.0,-0.42752838134765625,0.0,21.0,-0.11221872740284013
trial_03,210.36115583300003,1.0,502.0,426.0,0.8574024438858032,0.25583934783935547,0.862060546875,0.0004330265801399946,-0.004360944032669067,0.0,0.4204126000404358,0.0,-0.4291344881057739,0.0,20.0,0.024810595459005203
trial_03,210.634055558,1.0,389.0,571.0,0.8584081530570984,0.19231989979743958,0.8580657243728638,-0.002719816053286195,-0.00591607391834259,0.0,0.41840726137161255,0.0,-0.43023940920829773,0.0,20.0,-0.15583398090522757
trial_03,210.94296166900003,1.0,499.0,440.0,0.8643165826797485,0.24694880843162537,0.8627126812934875,-0.005118475295603275,-0.006358161568641663,0.0,0.41743698716163635,0.0,-0.4301533102989197,0.0,21.0,-0.2932670319800441
trial_03,211.224551974,1.0,368.0,506.0,0.8442850708961487,0.19432967901229858,0.8544489741325378,-0.0026254868134856224,-0.006378039717674255,0.0,0.41596391797065735,0.0,-0.42871999740600586,0.0,20.0,-0.15042931357997733
trial_03,211.48035912100002,1.0,501.0,416.0,0.8398688435554504,0.23025983572006226,0.84259033203125,-0.00110161816701293,-0.005092144012451172,0.0,0.41663751006126404,0.0,-0.4268217980861664,0.0,21.0,-0.06311807160477872
trial_03,211.747182213,1.0,388.0,589.0,0.8656829595565796,0.25737839937210083,0.8452060222625732,0.00743627455085516,-0.00533604621887207,0.0,0.4171668291091919,0.0,-0.42783892154693604,0.0,21.0,0.4260671470645425
trial_03,212.00744154600002,1.0,513.0,396.0,0.8386061787605286,0.20508244633674622,0.8388144969940186,0.007311267778277397,-0.005219370126724243,0.0,0.41716617345809937,0.0,-0.42760491371154785,0.0,21.0,0.418904786585285
trial_03,212.562710807,1.0,397.0,586.0,0.8532590270042419,0.204829603433609,0.836114227771759,0.010175272822380066,-0.006421476602554321,0.0,0.4161796569824219,0.0,-0.4290226101875305,0.0,21.0,0.5830001881165471
trial_03,212.582419484,1.0,477.0,449.0,0.8591154217720032,0.24832281470298767,0.8446873426437378,0.009759824723005295,-0.004345536231994629,0.0,0.41829192638397217,0.0,-0.4269829988479614,0.0,21.0,0.5591967654156411
trial_03,212.79218774100002,1.0,429.0,556.0,0.8345061540603638,0.19742441177368164,0.8272554278373718,0.010131913237273693,-0.0017139166593551636,0.0,0.420913428068161,0.0,-0.42434126138687134,0.0,21.0,0.5805158668885136
trial_03,213.06946979900002,1.0,489.0,416.0,0.8471968770027161,0.19804024696350098,0.8365168571472168,0.006751280277967453,0.001130133867263794,0.0,0.42314159870147705,0.0,-0.42088133096694946,0.0,20.0,0.3868198662374443
trial_04,0.167575323,1.0,449.0,560.0,0.8865941166877747,0.2375287115573883,0.9303545951843262,0.005560395773500204,0.0010358989238739014,0.0,0.42308223247528076,0.0,-0.42101043462753296,0.0,20.0,0.31858721024394254
trial_04,0.46672220700000006,1.0,553.0,455.0,0.8810834288597107,0.23700931668281555,0.9346575736999512,0.006670212838798761,0.000754132866859436,0.0,0.4224655032157898,0.0,-0.4209572374820709,0.0,21.0,0.38217504411714476
trial_04,0.795461057,1.0,431.0,585.0,0.8708068132400513,0.19224196672439575,0.929154634475708,0.007502575870603323,3.8877129554748535e-05,0.0,0.4213908910751343,0.0,-0.4213131368160248,0.0,21.0,0.42986593286225966
trial_04,1.12012625,1.0,563.0,478.0,0.8806679844856262,0.235946923494339,0.9272729754447937,0.008126847445964813,-0.00048422813415527344,0.0,0.42078685760498047,0.0,-0.421755313873291,0.0,21.0,0.46563405940045616
trial_04,1.3687829310000001,1.0,450.0,565.0,0.890426754951477,0.2371426522731781,0.9252893328666687,0.003595051821321249,-0.0002767890691757202,0.0,0.4217475652694702,0.0,-0.42230114340782166,0.0,21.0,0.2059812964925273
trial_04,1.621511799,1.0,544.0,477.0,0.8787640929222107,0.23638460040092468,0.9346851110458374,0.0051962039433419704,-0.0010966211557388306,0.0,0.4213954210281372,0.0,-0.42358866333961487,0.0,21.0,0.29772055544273046
trial_04,1.911965431,1.0,442.0,580.0,0.8841519355773926,0.23624688386917114,0.9254117012023926,0.001397068495862186,-0.0008466541767120361,0.0,0.42219609022140503,0.0,-0.4238893985748291,0.0,19.0,0.08004612850359337
trial_04,2.167104531,1.0,528.0,487.0,0.8925144672393799,0.23605480790138245,0.9266268610954285,0.0035477166529744864,-0.00012114644050598145,0.0,0.42174506187438965,0.0,-0.4219873547554016,0.0,20.0,0.20326919112371655
trial_04,2.4614902080000003,1.0,448.0,571.0,0.8838012218475342,0.236874520778656,0.9336168169975281,0.005160702392458916,0.00019180774688720703,0.0,0.42279887199401855,0.0,-0.42241525650024414,0.0,20.0,0.29568646641096247
trial_04,2.7869103980000003,1.0,551.0,462.0,0.8785532712936401,0.23672333359718323,0.9372069239616394,0.006370441988110542,0.0005286186933517456,0.0,0.42234790325164795,0.0,-0.42129066586494446,0.0,21.0,0.3649994395516634
trial_04,3.135403821,1.0,441.0,565.0,0.8621068000793457,0.1899866759777069,0.9238421320915222,0.007277745753526688,-0.00039267539978027344,0.0,0.42123663425445557,0.0,-0.4220219850540161,0.0,21.0,0.4169841160463363
trial_04,3.407173337,1.0,550.0,474.0,0.8907874822616577,0.23631355166435242,0.9253103137016296,0.00795858446508646,-0.0003677457571029663,0.0,0.4209426939487457,0.0,-0.42167818546295166,0.0,21.0,0.45599330074783606
trial_04,3.6556814130000004,1.0,459.0,563.0,0.8833276629447937,0.23364078998565674,0.930997371673584,0.00846943724900484,-0.0008893013000488281,0.0,0.42101991176605225,0.0,-0.4227985143661499,0.0,20.0,0.4852630092188679
trial_04,3.918858525,1.0,554.0,465.0,0.8835356831550598,0.2351990044116974,0.9330108165740967,0.003851889632642269,-0.0012499988079071045,0.0,0.4208321273326874,0.0,-0.4233321249485016,0.0,21.0,0.2206970191005991
trial_04,4.166581818,1.0,427.0,531.0,0.8825766444206238,0.223878413438797,0.9157993793487549,0.005388766527175903,-0.0016163438558578491,0.0,0.42024558782577515,0.0,-0.42347827553749084,0.0,21.0,0.3087535787885489
trial_04,4.419761276,1.0,490.0,376.0,0.8672224879264832,0.21988779306411743,0.9185242652893066,0.0015418700641021132,-0.000561937689781189,0.0,0.41951194405555725,0.0,-0.42063581943511963,0.0,21.0,0.08834264723061679
trial_04,4.679154474000001,1.0,381.0,436.0,0.8759344816207886,0.23900797963142395,0.916411280632019,-0.0013428262900561094,0.001632601022720337,0.0,0.4208396077156067,0.0,-0.417574405670166,0.0,19.0,-0.07693827903942517
trial_04,4.942957179,1.0,483.0,330.0,0.8725625872612,0.24654081463813782,0.9167889952659607,-0.0035026574041694403,0.003356263041496277,0.0,0.4214138388633728,0.0,-0.41470131278038025,0.0,20.0,-0.20068748633915753
trial_04,5.195197551000001,1.0,379.0,433.0,0.8639037609100342,0.243173748254776,0.9458262920379639,-0.005136716179549694,0.005628630518913269,0.0,0.4239821135997772,0.0,-0.4127248525619507,0.0,21.0,-0.2943121576447619
trial_04,5.453486273,1.0,492.0,357.0,0.873405933380127,0.24264273047447205,0.9374322295188904,-0.006412542890757322,0.007654741406440735,0.0,0.4259266257286072,0.0,-0.4106171429157257,0.0,21.0,-0.36741164358701506
trial_04,5.709977347000001,1.0,409.0,436.0,0.8394629955291748,0.18362590670585632,0.9359999895095825,-0.007486758287996054,0.007619902491569519,0.0,0.42626461386680603,0.0,-0.411024808883667,0.0,21.0,-0.42895965213676357
trial_04,5.9815924240000005,1.0,513.0,340.0,0.8641573786735535,0.2399008572101593,0.9252951741218567,-0.003382763359695673,0.006255984306335449,0.0,0.4267047047615051,0.0,-0.41419273614883423,0.0,19.0,-0.19381806360205686
trial_04,6.223152484000001,1.0,427.0,406.0,0.8598710894584656,0.19498401880264282,0.923822283744812,-0.005621778778731823,0.006490647792816162,0.0,0.42939430475234985,0.0,-0.41641300916671753,0.0,20.0,-0.32210419737754376
trial_04,6.486077503000001,1.0,506.0,306.0,0.8788183927536011,0.2342730462551117,0.9288959503173828,-0.007028953172266483,0.004492312669754028,0.0,0.42876166105270386,0.0,-0.4197770357131958,0.0,21.0,-0.402729351165961
trial_04,6.729483933,1.0,425.0,411.0,0.8822489976882935,0.24067553877830505,0.9307988286018372,-0.003306674538180232,0.004076272249221802,0.0,0.4295138120651245,0.0,-0.4213612675666809,0.0,21.0,-0.1894584952610979
trial_04,6.988169529,1.0,516.0,378.0,0.8809809684753418,0.23952209949493408,0.9334340691566467,-0.005397168453782797,0.003119349479675293,0.0,0.43046993017196655,0.0,-0.42423123121261597,0.0,21.0,-0.3092349737229026
trial_04,7.242144953,1.0,404.0,473.0,0.8764256238937378,0.20701095461845398,0.9213653802871704,-0.007013303227722645,0.002906501293182373,0.0,0.4314694404602051,0.0,-0.42565643787384033,0.0,21.0,-0.40183267539398526
trial_04,7.486115777,1.0,528.0,368.0,0.8883993029594421,0.2385949194431305,0.9330487847328186,-0.0033106200862675905,0.0031109899282455444,0.0,0.43277767300605774,0.0,-0.42655569314956665,0.0,21.0,-0.18968455851436944
trial_04,7.732945196,1.0,404.0,482.0,0.8714329600334167,0.2221190631389618,0.9350548982620239,-0.0006367134628817439,0.00214424729347229,0.0,0.43205422163009644,0.0,-0.42776572704315186,0.0,21.0,-0.036480994182283524
trial_04,7.997822995000001,1.0,534.0,422.0,0.8764849901199341,0.23667305707931519,0.9438731670379639,0.0013041242491453886,0.0011269748210906982,0.0,0.4310019612312317,0.0,-0.4287480115890503,0.0,21.0,0.07472081543669823
trial_04,8.247693219,1.0,427.0,553.0,0.87391197681427,0.23448452353477478,0.9380714893341064,-0.00233102822676301,0.0010570287704467773,0.0,0.43067431449890137,0.0,-0.4285602569580078,0.0,20.0,-0.13355807931938468
trial_04,8.504604103,1.0,529.0,419.0,0.8812044262886047,0.23792988061904907,0.9356016516685486,-0.005172024480998516,0.002007022500038147,0.0,0.4311186969280243,0.0,-0.427104651927948,0.0,21.0,-0.296335174299555
trial_04,8.756389856,1.0,433.0,479.0,0.8783864378929138,0.2171715497970581,0.9291598200798035,-0.0074036624282598495,0.002146482467651367,0.0,0.430834025144577,0.0,-0.4265410602092743,0.0,21.0,-0.424198610078868
trial_04,9.005214313,1.0,553.0,308.0,0.8749175071716309,0.2421042025089264,0.9248275756835938,-0.004163563251495361,0.003062695264816284,0.0,0.43078696727752686,0.0,-0.4246615767478943,0.0,21.0,-0.23855460204645035
trial_04,9.273758706,1.0,470.0,476.0,0.872900664806366,0.20128914713859558,0.9214791059494019,-0.0018601405899971724,0.002966076135635376,0.0,0.4308507442474365,0.0,-0.42491859197616577,0.0,21.0,-0.10657820510781285
trial_04,9.523182926,1.0,558.0,319.0,0.8596846461296082,0.23381462693214417,0.936601996421814,-0.0003155982121825218,0.0038873106241226196,0.0,0.42945486307144165,0.0,-0.4216802418231964,0.0,21.0,-0.018082445579932743
trial_04,9.781728679,1.0,432.0,420.0,0.8642174005508423,0.1929418444633484,0.937455415725708,0.0006101108156144619,0.003943488001823425,0.0,0.42897507548332214,0.0,-0.4210880994796753,0.0,20.0,0.03495677476999303
trial_04,10.050453392000001,1.0,515.0,348.0,0.8656430840492249,0.23818477988243103,0.937841534614563,-0.004242292605340481,0.005131542682647705,0.0,0.42966270446777344,0.0,-0.419399619102478,0.0,21.0,-0.24306546174556776
trial_04,10.30932299,1.0,428.0,433.0,0.8811406493186951,0.25158199667930603,0.9317578077316284,-0.0033062624279409647,0.00530223548412323,0.0,0.4300452172756195,0.0,-0.41944074630737305,0.0,21.0,-0.18943488308369374
trial_04,10.577393051000001,1.0,525.0,396.0,0.8933506011962891,0.2486010193824768,0.9338871836662292,-0.0024893274530768394,0.0034930258989334106,0.0,0.43003514409065247,0.0,-0.42304909229278564,0.0,21.0,-0.14262795688735339
trial_04,10.839041437,1.0,459.0,427.0,0.8802693486213684,0.2486640214920044,0.9357495903968811,-0.0022153006866574287,0.0033887773752212524,0.0,0.4297892153263092,0.0,-0.4230116605758667,0.0,21.0,-0.1269273796979039
trial_04,11.160861589000001,1.0,523.0,321.0,0.8834797739982605,0.24674496054649353,0.9409592151641846,-0.0026522791013121605,0.0023311078548431396,0.0,0.42991089820861816,0.0,-0.4252486824989319,0.0,20.0,-0.1519643985959377
trial_04,11.415925909,1.0,440.0,416.0,0.8595386743545532,0.1530139446258545,0.9193366169929504,-0.0032406840473413467,0.001623108983039856,0.0,0.43016567826271057,0.0,-0.42691946029663086,0.0,21.0,-0.18567751864803303
trial_04,11.676499473000002,1.0,515.0,336.0,0.8705315589904785,0.2430552840232849,0.936550498008728,-0.004134722985327244,0.0008803009986877441,0.0,0.4297918975353241,0.0,-0.4280312955379486,0.0,20.0,-0.23690217651498327
trial_04,11.949669228000001,1.0,418.0,495.0,0.8754279613494873,0.24438002705574036,0.9351720213890076,-0.00994456373155117,-0.0003930032253265381,0.0,0.4292939603328705,0.0,-0.43007996678352356,0.0,21.0,-0.569781530916751
trial_04,12.210619926000001,1.0,538.0,414.0,0.8870012164115906,0.23869559168815613,0.9375061988830566,-0.009810782968997955,-0.0010494142770767212,0.0,0.4297124445438385,0.0,-0.43181127309799194,0.0,21.0,-0.56211645784241
trial_04,12.474855887,1.0,415.0,515.0,0.8862807750701904,0.2364744246006012,0.9405671954154968,-0.009879779070615768,-0.0014131367206573486,0.0,0.4301406145095825,0.0,-0.4329668879508972,0.0,20.0,-0.5660696432679665
trial_04,12.744252584000002,1.0,499.0,420.0,0.8925514221191406,0.24373897910118103,0.9363046288490295,-0.00981510616838932,-0.0012470334768295288,0.0,0.4300117492675781,0.0,-0.4325058162212372,0.0,21.0,-0.5623641589215288
trial_04,13.013028545000001,1.0,416.0,528.0,0.883742094039917,0.249696284532547,0.9408324956893921,-0.010252782143652439,-0.0018200874328613281,0.0,0.42957139015197754,0.0,-0.4332115650177002,0.0,20.0,-0.5874411450983776
trial_04,13.288405704,1.0,589.0,452.0,0.8846465349197388,0.25084036588668823,0.9442228674888611,-0.010383689776062965,-0.001385614275932312,0.0,0.42987582087516785,0.0,-0.43264704942703247,0.0,21.0,-0.5949415999415508
trial_04,13.579232922000001,1.0,453.0,531.0,0.8817160725593567,0.24920901656150818,0.9423965215682983,-0.011292561888694763,-0.0018987953662872314,0.0,0.42890673875808716,0.0,-0.4327043294906616,0.0,21.0,-0.6470161361124916
trial_04,13.856296085,1.0,577.0,402.0,0.8797987103462219,0.24680206179618835,0.9337111711502075,-0.011470315977931023,-0.00299873948097229,0.0,0.42743119597435,0.0,-0.43342867493629456,0.0,21.0,-0.6572006952169211
trial_04,14.124902348,1.0,426.0,431.0,0.8777372241020203,0.21986538171768188,0.9299463629722595,-0.011962920427322388,-0.0030671656131744385,0.0,0.42561402916908264,0.0,-0.4317483603954315,0.0,21.0,-0.685424851136412
trial_04,14.395479718,1.0,513.0,360.0,0.8796622157096863,0.25267359614372253,0.931423008441925,-0.012279994785785675,-0.002784714102745056,0.0,0.4243791699409485,0.0,-0.4299485981464386,0.0,21.0,-0.7035918736681767
trial_04,14.742740986000001,1.0,418.0,429.0,0.883638858795166,0.2534328103065491,0.922235369682312,-0.012611165642738342,-0.0028923451900482178,0.0,0.423367440700531,0.0,-0.42915213108062744,0.0,21.0,-0.7225665660692951
trial_04,15.041336532,1.0,492.0,325.0,0.8762384057044983,0.24091851711273193,0.9260186553001404,-0.012681026011705399,-0.002847522497177124,0.0,0.42236459255218506,0.0,-0.4280596375465393,0.0,21.0,-0.7265692703663342
trial_04,15.400841299000001,1.0,407.0,416.0,0.8774821162223816,0.2217194139957428,0.9173188209533691,-0.012919597327709198,-0.0032193511724472046,0.0,0.4213919937610626,0.0,-0.42783069610595703,0.0,21.0,-0.7402383998862337
trial_04,15.756014567000001,1.0,500.0,329.0,0.8568453788757324,0.185307115316391,0.9339160919189453,-0.013557037338614464,-0.0032176971435546875,0.0,0.4201500415802002,0.0,-0.42658543586730957,0.0,20.0,-0.7767610222038787
trial_04,16.091698186000002,1.0,396.0,415.0,0.8722622990608215,0.252512663602829,0.9436419606208801,-0.013832850381731987,-0.003967359662055969,0.0,0.4182088077068329,0.0,-0.4261435270309448,0.0,21.0,-0.7925639455091725
trial_04,16.387873675,1.0,497.0,345.0,0.8590880632400513,0.17225652933120728,0.928177535533905,-0.013038493692874908,-0.0033855438232421875,0.0,0.4193323254585266,0.0,-0.426103413105011,0.0,20.0,-0.7470506598096752
trial_04,16.673761459,1.0,417.0,428.0,0.8640273809432983,0.195291668176651,0.9373065233230591,-0.013810640200972557,-0.0029440373182296753,0.0,0.42046603560447693,0.0,-0.4263541102409363,0.0,21.0,-0.7912913958894345
trial_04,16.935906901000003,1.0,517.0,343.0,0.8814270496368408,0.2503982484340668,0.9427710771560669,-0.010021939873695374,-0.0030525177717208862,0.0,0.4212194085121155,0.0,-0.42732444405555725,0.0,19.0,-0.5742148572966183
trial_04,17.189397952,1.0,413.0,434.0,0.871920645236969,0.21243542432785034,0.9408093690872192,-0.010681277140974998,-0.002900943160057068,0.0,0.4229087829589844,0.0,-0.4287106692790985,0.0,20.0,-0.6119920999874299
trial_04,17.471692555,1.0,499.0,315.0,0.8807147741317749,0.24948221445083618,0.9377942085266113,-0.011452794075012207,-0.00260847806930542,0.0,0.42372429370880127,0.0,-0.4289412498474121,0.0,21.0,-0.656196764130635
trial_04,17.720509887000002,1.0,399.0,409.0,0.8580441474914551,0.19863662123680115,0.9336063861846924,-0.011980254203081131,-0.0036247968673706055,0.0,0.4248254895210266,0.0,-0.4320750832557678,0.0,20.0,-0.6864180033304143
trial_04,17.990915034,1.0,487.0,339.0,0.8650604486465454,0.24612975120544434,0.9360262751579285,-0.012019943445920944,-0.0037338733673095703,0.0,0.4248708188533783,0.0,-0.43233856558799744,0.0,21.0,-0.6886920294372054
trial_04,18.238663554000002,1.0,389.0,420.0,0.8532040119171143,0.1880718171596527,0.9359349012374878,-0.007797418162226677,-0.005503296852111816,0.0,0.42392027378082275,0.0,-0.4349268674850464,0.0,21.0,-0.44675915179424325
trial_04,18.498030229,1.0,494.0,329.0,0.8642496466636658,0.22348740696907043,0.9228609204292297,-0.007412307895720005,-0.006777405738830566,0.0,0.423424631357193,0.0,-0.4369794428348541,0.0,21.0,-0.4246939588762526
trial_04,18.758273064,1.0,393.0,397.0,0.8625167608261108,0.19355908036231995,0.9216946363449097,-0.003440127708017826,-0.007204025983810425,0.0,0.42418599128723145,0.0,-0.4385940432548523,0.0,20.0,-0.1971047986554346
trial_04,19.014133285,1.0,467.0,376.0,0.8902026414871216,0.24360904097557068,0.9203298687934875,0.007922684773802757,-0.009222924709320068,0.0,0.42373478412628174,0.0,-0.4421806335449219,0.0,21.0,0.4539363999514573
trial_04,19.269437433,1.0,414.0,475.0,0.8829190135002136,0.24694481492042542,0.9384751319885254,0.009445630013942719,-0.009009376168251038,0.0,0.4243379831314087,0.0,-0.44235673546791077,0.0,21.0,0.5411947346410148
trial_04,19.516766045,1.0,470.0,368.0,0.8783014416694641,0.19741865992546082,0.9388110041618347,0.006000983994454145,-0.009655848145484924,0.0,0.4246077835559845,0.0,-0.44391947984695435,0.0,20.0,0.3438310558077807
trial_04,19.762927807,1.0,387.0,480.0,0.8941405415534973,0.24692943692207336,0.9336475133895874,0.0035907623823732138,-0.008787482976913452,0.0,0.42589232325553894,0.0,-0.44346728920936584,0.0,21.0,0.20573552974432585
trial_04,20.020579972,1.0,467.0,371.0,0.8819655179977417,0.24883988499641418,0.9429895281791687,0.004930838942527771,-0.007957994937896729,0.0,0.4266510605812073,0.0,-0.44256705045700073,0.0,19.0,0.2825162608655912
trial_04,20.26407631,1.0,355.0,482.0,0.8855124115943909,0.2470206916332245,0.9358279705047607,0.004116008523851633,-0.007642030715942383,0.0,0.4264863133430481,0.0,-0.44177037477493286,0.0,20.0,0.23582991685657062
trial_04,20.528647431,1.0,494.0,391.0,0.8810921907424927,0.2414831519126892,0.9429197907447815,0.004344291985034943,-0.006220564246177673,0.0,0.42734336853027344,0.0,-0.4397844970226288,0.0,21.0,0.2489095957150128
trial_04,20.797615022000002,1.0,435.0,500.0,0.864077627658844,0.20947107672691345,0.9402937293052673,0.005034030415117741,-0.005616739392280579,0.0,0.4270092844963074,0.0,-0.43824276328086853,0.0,21.0,0.2884286967267363
trial_04,21.064599894,1.0,508.0,433.0,0.8887307047843933,0.25112125277519226,0.9389143586158752,0.006041099317371845,-0.005037471652030945,0.0,0.427301824092865,0.0,-0.4373767673969269,0.0,21.0,0.3461294945047694
trial_04,21.327476776,1.0,397.0,557.0,0.8853673338890076,0.22880113124847412,0.9358631372451782,0.007418246939778328,-0.0038706213235855103,0.0,0.42778241634368896,0.0,-0.43552365899086,0.0,20.0,0.42503424103513676
trial_04,21.610413715,1.0,449.0,454.0,0.8805872797966003,0.22028133273124695,0.9397515654563904,0.00908570270985365,-0.0028508007526397705,0.0,0.4281739294528961,0.0,-0.43387553095817566,0.0,21.0,0.5205724191851893
trial_04,21.8975151,1.0,365.0,496.0,0.8843296766281128,0.2620576322078705,0.930403470993042,0.005988513119518757,0.00025472044944763184,0.0,0.43168535828590393,0.0,-0.43117591738700867,0.0,21.0,0.3431165273071475
trial_04,22.165234818000002,1.0,472.0,299.0,0.8742880821228027,0.20094794034957886,0.9217758178710938,0.009407313540577888,0.002413839101791382,0.0,0.43277639150619507,0.0,-0.4279487133026123,0.0,20.0,0.5389993624313845
trial_04,22.423343401,1.0,354.0,475.0,0.8686116337776184,0.18044203519821167,0.923478901386261,0.011713610030710697,0.002987802028656006,0.0,0.4336116313934326,0.0,-0.4276360273361206,0.0,21.0,0.6711404176218295
trial_04,22.687604889000003,1.0,483.0,329.0,0.8662016987800598,0.25202715396881104,0.9441570043563843,0.013193096034228802,0.00536210834980011,0.0,0.43420645594596863,0.0,-0.4234822392463684,0.0,20.0,0.7559087214720942
trial_04,22.974175342000002,1.0,403.0,499.0,0.878690242767334,0.24723544716835022,0.9368184208869934,0.013935047201812267,0.00565144419670105,0.0,0.4355385899543762,0.0,-0.4242357015609741,0.0,21.0,0.7984193919794305
trial_04,23.232130905,1.0,490.0,408.0,0.8779142498970032,0.2540649473667145,0.9429792761802673,0.010766012594103813,0.005771532654762268,0.0,0.43469545245170593,0.0,-0.4231523871421814,0.0,21.0,0.6168470838268395
trial_04,23.511765920000002,1.0,370.0,426.0,0.8541029095649719,0.19617536664009094,0.9282656908035278,3.2100826501846313e-05,0.006633147597312927,0.0,0.43406784534454346,0.0,-0.4208015501499176,0.0,21.0,0.001839241877437496
trial_04,23.773204019,1.0,486.0,335.0,0.8726836442947388,0.2293037474155426,0.9434129595756531,0.0008852137252688408,0.007056012749671936,0.0,0.43315181136131287,0.0,-0.419039785861969,0.0,21.0,0.05071901042495773
trial_04,24.045732107000003,1.0,362.0,448.0,0.8742913007736206,0.24023208022117615,0.9364593029022217,0.0012941565364599228,0.006218120455741882,0.0,0.43015697598457336,0.0,-0.4177207350730896,0.0,21.0,0.07414970756842203
trial_04,24.316499865,1.0,500.0,308.0,0.8776727318763733,0.24869057536125183,0.9428433775901794,0.0020508412271738052,0.007677644491195679,0.0,0.4305835962295532,0.0,-0.41522830724716187,0.0,19.0,0.11750454676848952
trial_04,24.565762245000002,1.0,403.0,427.0,0.872012734413147,0.24554327130317688,0.9464038014411926,0.0025135427713394165,0.008221417665481567,0.0,0.4308202862739563,0.0,-0.41437745094299316,0.0,21.0,0.1440153924233651
trial_04,24.841001966,1.0,498.0,355.0,0.8429921269416809,0.19539818167686462,0.9266176819801331,0.002951132133603096,0.009352028369903564,0.0,0.4322320222854614,0.0,-0.4135279655456543,0.0,21.0,0.1690874160408952
trial_04,25.113568889000003,1.0,393.0,407.0,0.8670836687088013,0.19102725386619568,0.9269360303878784,0.0027267811819911003,0.009612753987312317,0.0,0.4337744414806366,0.0,-0.41454893350601196,0.0,20.0,0.1562330533837841
trial_04,25.518648462,1.0,476.0,332.0,0.864631175994873,0.22988077998161316,0.9275914430618286,0.0016260398551821709,0.009489387273788452,0.0,0.4350331425666809,0.0,-0.416054368019104,0.0,20.0,0.09316522102200198
trial_04,25.791448177000003,1.0,435.0,480.0,0.8661840558052063,0.19417941570281982,0.9216693639755249,-0.005546228028833866,0.008527904748916626,0.0,0.4363466501235962,0.0,-0.41929084062576294,0.0,20.0,-0.3177754582693424
trial_04,26.045871314000003,1.0,501.0,334.0,0.8588957190513611,0.16451147198677063,0.9282010197639465,-0.006676655262708664,0.00803472101688385,0.0,0.436326265335083,0.0,-0.4202568233013153,0.0,21.0,-0.38254416781701633
trial_04,26.294733304,1.0,411.0,473.0,0.8738386034965515,0.19798457622528076,0.9297494292259216,-0.0076452926732599735,0.007582381367683411,0.0,0.43751561641693115,0.0,-0.42235085368156433,0.0,21.0,-0.43804300332008717
trial_04,26.550811315,1.0,487.0,331.0,0.8710835576057434,0.23898130655288696,0.9354856610298157,-0.003364660544320941,0.0071851760149002075,0.0,0.43685999512672424,0.0,-0.42248964309692383,0.0,21.0,-0.19278084868378018
trial_04,26.811963223000003,1.0,396.0,487.0,0.8746788501739502,0.24072209000587463,0.928097128868103,-0.006363071035593748,0.006009265780448914,0.0,0.43607574701309204,0.0,-0.4240572154521942,0.0,21.0,-0.3645771150814598
trial_04,27.065125391000002,1.0,487.0,339.0,0.876541018486023,0.24843451380729675,0.9384268522262573,-0.0025953599251806736,0.005901500582695007,0.0,0.43590879440307617,0.0,-0.42410579323768616,0.0,20.0,-0.14870317003024172
trial_04,27.324965341000002,1.0,384.0,478.0,0.872202455997467,0.2447880208492279,0.9390652179718018,-0.0049779899418354034,0.004675120115280151,0.0,0.4347234070301056,0.0,-0.4253731667995453,0.0,21.0,-0.28521781412574276
trial_04,27.590091965000003,1.0,502.0,420.0,0.8731226921081543,0.24235650897026062,0.9423518180847168,-0.006779983639717102,0.0038790851831436157,0.0,0.4340040981769562,0.0,-0.42624592781066895,0.0,21.0,-0.38846444772353644
trial_04,27.846361458,1.0,400.0,506.0,0.894438624382019,0.24133095145225525,0.9269686341285706,-0.013252330012619495,0.004887193441390991,0.0,0.4352821111679077,0.0,-0.42550772428512573,0.0,21.0,-0.75930257843765
trial_04,28.104031893000002,1.0,523.0,415.0,0.8960334062576294,0.24058139324188232,0.9282819628715515,-0.0082129817456007,0.0035748928785324097,0.0,0.43411779403686523,0.0,-0.4269680082798004,0.0,21.0,-0.4705691912409077
trial_04,28.357199634,1.0,476.0,568.0,0.8854489922523499,0.2498224675655365,0.9428718090057373,-0.004567648749798536,0.003811195492744446,0.0,0.43372949957847595,0.0,-0.42610710859298706,0.0,21.0,-0.26170699566166306
trial_04,28.597980621,1.0,543.0,443.0,0.875152587890625,0.22256740927696228,0.9416548609733582,-0.0019197307992726564,0.003165110945701599,0.0,0.4322078824043274,0.0,-0.4258776605129242,0.0,21.0,-0.10999247259959942
trial_04,28.862687205,1.0,396.0,476.0,0.8686233758926392,0.21329757571220398,0.9294344782829285,-0.00510435039177537,0.003239378333091736,0.0,0.4321470260620117,0.0,-0.42566826939582825,0.0,20.0,-0.29245773460467694
trial_04,29.122177490000002,1.0,510.0,313.0,0.8806516528129578,0.25157272815704346,0.9235999584197998,-0.002969176508486271,0.0043926239013671875,0.0,0.43157094717025757,0.0,-0.4227856993675232,0.0,18.0,-0.17012128256565298
trial_04,29.377295066000002,1.0,392.0,416.0,0.8664606213569641,0.21550804376602173,0.9426251649856567,-0.006333366502076387,0.0055368393659591675,0.0,0.4318320155143738,0.0,-0.42075833678245544,0.0,19.0,-0.3628751706785101
trial_04,29.632742262,1.0,495.0,356.0,0.871446967124939,0.2331518828868866,0.9383388757705688,-0.003992380574345589,0.006393954157829285,0.0,0.43245115876197815,0.0,-0.4196632504463196,0.0,21.0,-0.22874655712001782
trial_04,29.886015699,1.0,415.0,434.0,0.8616321086883545,0.19703611731529236,0.9327623248100281,-0.002456533955410123,0.006524428725242615,0.0,0.43179649114608765,0.0,-0.4187476336956024,0.0,21.0,-0.14074902787557841
trial_04,30.140855689000002,1.0,518.0,324.0,0.8763582110404968,0.2473265826702118,0.9421141743659973,-0.0022117155604064465,0.006632283329963684,0.0,0.4306071698665619,0.0,-0.4173426032066345,0.0,20.0,-0.12672196709470107
trial_04,30.393274151000004,1.0,420.0,430.0,0.8830510377883911,0.2471872866153717,0.9326815009117126,-0.00705223623663187,0.007065430283546448,0.0,0.4317754805088043,0.0,-0.4176446199417114,0.0,21.0,-0.4040633724882291
trial_04,30.651211853000003,1.0,495.0,323.0,0.8822940587997437,0.24562975764274597,0.9396809935569763,-0.005925155710428953,0.007333740592002869,0.0,0.43246641755104065,0.0,-0.4177989363670349,0.0,21.0,-0.33948641516541794
trial_04,30.919019307000003,1.0,393.0,413.0,0.8623525500297546,0.18687555193901062,0.9264571070671082,-0.005742889363318682,0.005701109766960144,0.0,0.43266505002975464,0.0,-0.42126283049583435,0.0,19.0,-0.32904332272873293
trial_04,31.175093937000003,1.0,494.0,329.0,0.867967426776886,0.24315360188484192,0.9394461512565613,-0.006486157886683941,0.004940047860145569,0.0,0.4329673647880554,0.0,-0.4230872690677643,0.0,21.0,-0.3716294721624831
trial_04,31.419988413000002,1.0,402.0,412.0,0.8564034700393677,0.2343960404396057,0.9250400066375732,-0.0069996570236980915,0.003261551260948181,0.0,0.43216362595558167,0.0,-0.4256405234336853,0.0,21.0,-0.4010508054970039
trial_04,31.668328092000003,1.0,495.0,375.0,0.8795754313468933,0.24252918362617493,0.9281764030456543,-0.007901454344391823,0.0009447634220123291,0.0,0.43203574419021606,0.0,-0.4301462173461914,0.0,21.0,-0.45271998594896035
trial_04,31.936429661000002,1.0,411.0,479.0,0.8861737251281738,0.24326738715171814,0.9356597065925598,-0.008665824308991432,-0.0006071776151657104,0.0,0.4318157136440277,0.0,-0.43303006887435913,0.0,21.0,-0.4965151589070821
trial_04,32.187596442,1.0,499.0,405.0,0.8895806670188904,0.24026724696159363,0.9374092817306519,-0.00989037286490202,-0.0028364956378936768,0.0,0.4304443597793579,0.0,-0.43611735105514526,0.0,21.0,-0.5666766229695984
trial_04,32.430164645000005,1.0,425.0,494.0,0.8843779563903809,0.24246945977210999,0.945583164691925,-0.010901805944740772,-0.0031194090843200684,0.0,0.43072229623794556,0.0,-0.4369611144065857,0.0,19.0,-0.6246274697042774
trial_04,32.671944691,1.0,509.0,418.0,0.8933811187744141,0.2487807273864746,0.9380415081977844,-0.02118101343512535,-0.002180829644203186,0.0,0.43160495162010193,0.0,-0.4359666109085083,0.0,20.0,-1.2135826756425765
trial_04,32.941236331,1.0,454.0,550.0,0.8916420936584473,0.25044044852256775,0.9431861639022827,-0.018932271748781204,-0.0016012787818908691,0.0,0.4323529601097107,0.0,-0.43555551767349243,0.0,21.0,-1.0847392677999255
trial_04,33.197718294000005,1.0,569.0,448.0,0.8910530805587769,0.24902495741844177,0.9410585761070251,-0.011503041721880436,-0.0019476711750030518,0.0,0.4309954047203064,0.0,-0.4348907470703125,0.0,21.0,-0.6590757422266483
trial_04,33.443960071,1.0,436.0,539.0,0.8792281150817871,0.2489621341228485,0.9404618144035339,-0.011071824468672276,-0.002510949969291687,0.0,0.42980197072029114,0.0,-0.4348238706588745,0.0,21.0,-0.6343688135645965
trial_04,33.697538473,1.0,521.0,425.0,0.8868779540061951,0.24428817629814148,0.9371220469474792,-0.01061253435909748,-0.0034924447536468506,0.0,0.4289807081222534,0.0,-0.4359655976295471,0.0,21.0,-0.6080534287138597
trial_04,33.951594609000004,1.0,389.0,468.0,0.901360034942627,0.23500707745552063,0.9182341694831848,-0.01522902213037014,-0.003142058849334717,0.0,0.42887842655181885,0.0,-0.4351625442504883,0.0,21.0,-0.8725586941815388
trial_04,34.201054734,1.0,471.0,323.0,0.8803022503852844,0.25137248635292053,0.9276515245437622,-0.012871850281953812,-0.0029931068420410156,0.0,0.42763859033584595,0.0,-0.433624804019928,0.0,21.0,-0.7375026956802321
trial_04,34.452110382,1.0,381.0,413.0,0.8786177635192871,0.2581709921360016,0.9300903081893921,-0.00818584207445383,-0.002613842487335205,0.0,0.42704203724861145,0.0,-0.43226972222328186,0.0,20.0,-0.4690142026268191
trial_04,34.703295803,1.0,477.0,320.0,0.8834388256072998,0.25686410069465637,0.9284745454788208,-0.007762415334582329,-0.0027316510677337646,0.0,0.42529165744781494,0.0,-0.43075495958328247,0.0,21.0,-0.4447536374991983
trial_04,34.973479504000004,1.0,387.0,418.0,0.8818413615226746,0.2562812864780426,0.938978910446167,-0.0076842885464429855,-0.0031800121068954468,0.0,0.42410916090011597,0.0,-0.43046918511390686,0.0,19.0,-0.44027730227190115
trial_04,35.231721066,1.0,498.0,324.0,0.859812319278717,0.2255081832408905,0.9404872059822083,-0.007710613310337067,-0.0035992711782455444,0.0,0.42236006259918213,0.0,-0.4295586049556732,0.0,20.0,-0.44178560013971035
trial_04,35.486598923,1.0,406.0,415.0,0.876854419708252,0.25572463870048523,0.9478096961975098,-0.007798212580382824,-0.0034583359956741333,0.0,0.42252999544143677,0.0,-0.42944666743278503,0.0,21.0,-0.44680466860175905
trial_04,35.743268791000006,1.0,529.0,387.0,0.8916672468185425,0.255399614572525,0.9302466511726379,-0.007941746152937412,-0.004622116684913635,0.0,0.4210579991340637,0.0,-0.430302232503891,0.0,21.0,-0.45502853652757175
trial_04,35.996708645000005,1.0,398.0,431.0,0.8737777471542358,0.2511439621448517,0.945895254611969,-0.007455544546246529,-0.005180671811103821,0.0,0.41908764839172363,0.0,-0.4294489920139313,0.0,21.0,-0.4271712364717045
trial_04,36.263439936000005,1.0,497.0,326.0,0.8828052282333374,0.2524254620075226,0.9420458674430847,-0.007463620975613594,-0.005461767315864563,0.0,0.4181576371192932,0.0,-0.42908117175102234,0.0,21.0,-0.42763398178797285
trial_04,36.515887803000005,1.0,410.0,421.0,0.8519021272659302,0.19367706775665283,0.933881402015686,-0.003716675564646721,-0.005938276648521423,0.0,0.4168415665626526,0.0,-0.42871811985969543,0.0,19.0,-0.21294982367365928
trial_04,36.760308902000006,1.0,506.0,333.0,0.8712069392204285,0.24851688742637634,0.936310887336731,-0.009617912583053112,-0.00470578670501709,0.0,0.4168931841850281,0.0,-0.42630475759506226,0.0,19.0,-0.5510657987347112
trial_04,37.022571745,1.0,380.0,412.0,0.862779974937439,0.2492348551750183,0.9380666017532349,-0.002057081088423729,-0.006151303648948669,0.0,0.4151066243648529,0.0,-0.42740923166275024,0.0,19.0,-0.11786206448285738
trial_04,37.293949226,1.0,507.0,345.0,0.8590010404586792,0.23889917135238647,0.9297274351119995,0.004466232843697071,-0.005665645003318787,0.0,0.41583454608917236,0.0,-0.42716583609580994,0.0,21.0,0.255896292266554
trial_04,37.558391274,1.0,429.0,420.0,0.8697074055671692,0.2479974329471588,0.9276381134986877,0.006036337930709124,-0.006357476115226746,0.0,0.4166644811630249,0.0,-0.4293794333934784,0.0,21.0,0.34585668714436557
trial_04,37.823767566,1.0,500.0,397.0,0.8828194737434387,0.24750325083732605,0.9257227778434753,0.0014337929897010326,-0.00848899781703949,0.0,0.4178463816642761,0.0,-0.4348243772983551,0.0,20.0,0.08215028700531347
trial_04,38.090628372000005,1.0,405.0,437.0,0.8779929876327515,0.2478395402431488,0.9378296732902527,0.0030266426037997007,-0.00792020559310913,0.0,0.4197959303855896,0.0,-0.43563634157180786,0.0,20.0,0.17341384729220904
trial_04,38.335071927,1.0,501.0,377.0,0.8849455714225769,0.24317625164985657,0.926990807056427,-0.00012399919796735048,-0.00927075743675232,0.0,0.4207339286804199,0.0,-0.43927544355392456,0.0,21.0,-0.007104630706536359
trial_04,38.584785285,1.0,388.0,472.0,0.8782716393470764,0.23997905850410461,0.9282370209693909,0.001629840349778533,-0.009683191776275635,0.0,0.42061424255371094,0.0,-0.4399806261062622,0.0,20.0,0.0933829733224358
trial_04,38.84731945,1.0,501.0,383.0,0.8796570301055908,0.24258777499198914,0.9327129125595093,0.007588820066303015,-0.010299429297447205,0.0,0.42084142565727234,0.0,-0.44144028425216675,0.0,21.0,0.4348073612833523
trial_04,39.100159995000006,1.0,407.0,511.0,0.8751860857009888,0.24557968974113464,0.9321441650390625,0.00365402246825397,-0.010303318500518799,0.0,0.42047327756881714,0.0,-0.44107991456985474,0.0,21.0,0.20936006567692833
trial_04,39.352698792000005,1.0,527.0,397.0,0.8749496936798096,0.22982457280158997,0.9293802976608276,0.007462955545634031,-0.010100185871124268,0.0,0.4205291271209717,0.0,-0.4407294988632202,0.0,21.0,0.4275958554585824
trial_04,39.605360170000004,1.0,419.0,491.0,0.8854725360870361,0.2471502721309662,0.9338607788085938,0.003301727119833231,-0.009291082620620728,0.0,0.42147859930992126,0.0,-0.4400607645511627,0.0,21.0,0.18917502907032913
trial_04,39.870286223,1.0,497.0,407.0,0.8834644556045532,0.2431287169456482,0.9372426271438599,0.003674807958304882,-0.009491518139839172,0.0,0.4220344126224518,0.0,-0.4410174489021301,0.0,21.0,0.21055098653195675
trial_04,40.116607528,1.0,402.0,523.0,0.8892161846160889,0.25016793608665466,0.942795991897583,0.004398046992719173,-0.008086442947387695,0.0,0.4230037331581116,0.0,-0.43917661905288696,0.0,20.0,0.25198953078301256
trial_04,40.364358259,1.0,507.0,433.0,0.8958715796470642,0.250965416431427,0.933684229850769,0.004724834114313126,-0.0068770647048950195,0.0,0.42369428277015686,0.0,-0.4374484121799469,0.0,21.0,0.27071305364957443
trial_04,40.618973302,1.0,453.0,560.0,0.8800449371337891,0.2156561315059662,0.9375270009040833,0.006025226786732674,-0.004141584038734436,0.0,0.42727288603782654,0.0,-0.4355560541152954,0.0,21.0,0.34522006548895273
trial_04,40.887147984,1.0,541.0,383.0,0.8785289525985718,0.24692949652671814,0.9412915110588074,0.007391253486275673,-0.0027196258306503296,0.0,0.42750462889671326,0.0,-0.4329438805580139,0.0,20.0,0.423487630074952
trial_04,41.153243103,1.0,387.0,547.0,0.8672979474067688,0.1940094232559204,0.9357613921165466,0.008984889835119247,-0.002615883946418762,0.0,0.426520437002182,0.0,-0.43175220489501953,0.0,20.0,0.5147962669423269
trial_04,41.409798197,1.0,505.0,391.0,0.8915584087371826,0.2582923173904419,0.9290142059326172,0.01097390241920948,-0.0017466843128204346,0.0,0.4272092282772064,0.0,-0.4307025969028473,0.0,21.0,0.628758293409107
trial_04,41.663371183,1.0,402.0,488.0,0.8906571269035339,0.25740277767181396,0.9287939667701721,0.012206138111650944,-0.0005143284797668457,0.0,0.42987316846847534,0.0,-0.43090182542800903,0.0,21.0,0.6993601979513835
trial_04,41.925987151,1.0,479.0,418.0,0.8674389719963074,0.19186529517173767,0.9419911503791809,0.01873452216386795,-0.0012057572603225708,0.0,0.4278978407382965,0.0,-0.43030935525894165,0.0,21.0,1.073409051183932
trial_04,42.186958517,1.0,400.0,515.0,0.8653069734573364,0.20991992950439453,0.9257667064666748,0.018839973956346512,-0.0020712167024612427,0.0,0.42566806077957153,0.0,-0.429810494184494,0.0,20.0,1.079450993835043
trial_04,42.431109374,1.0,497.0,327.0,0.8685696721076965,0.21074557304382324,0.9349020719528198,0.01889011077582836,-0.00025069713592529297,0.0,0.42607414722442627,0.0,-0.42657554149627686,0.0,21.0,1.0823236219895622
trial_04,42.683808564,1.0,412.0,435.0,0.8482953310012817,0.18924608826637268,0.9334346055984497,0.019884929060935974,-0.00022622942924499512,0.0,0.42379993200302124,0.0,-0.42425239086151123,0.0,19.0,1.1393225111086707
trial_04,42.964057674,1.0,503.0,329.0,0.8686003684997559,0.24286288022994995,0.9388091564178467,0.01992628164589405,0.0026079267263412476,0.0,0.42632296681404114,0.0,-0.42110711336135864,0.0,21.0,1.1416918396987246
trial_04,43.21933053,1.0,421.0,499.0,0.8826203942298889,0.24633559584617615,0.9419016242027283,0.013739559799432755,0.0030249357223510742,0.0,0.4290134906768799,0.0,-0.42296361923217773,0.0,21.0,0.7872187888751087
trial_04,43.478578431,1.0,492.0,352.0,0.8505427837371826,0.18207722902297974,0.9339608550071716,0.006769199855625629,0.006051376461982727,0.0,0.4320155382156372,0.0,-0.41991278529167175,0.0,21.0,0.38784658240791475
trial_04,43.736759814,1.0,412.0,434.0,0.8760964274406433,0.24427175521850586,0.9313380718231201,0.007186855189502239,0.007266312837600708,0.0,0.43344366550445557,0.0,-0.41891103982925415,0.0,21.0,0.4117764703301718
trial_04,44.000851084000004,1.0,510.0,388.0,0.8661664128303528,0.23246270418167114,0.926978588104248,0.002896535210311413,0.006787210702896118,0.0,0.43486911058425903,0.0,-0.4212946891784668,0.0,21.0,0.16595924276188223
trial_04,44.255469925,1.0,416.0,482.0,0.8689947724342346,0.20681962370872498,0.9208683967590332,0.0018682889640331268,0.0071211159229278564,0.0,0.4377771019935608,0.0,-0.4235348701477051,0.0,21.0,0.10704507254996702
trial_04,44.500802967000006,1.0,499.0,328.0,0.8761476874351501,0.2426924705505371,0.9385648369789124,0.002199607901275158,0.007019907236099243,0.0,0.4374772310256958,0.0,-0.4234374165534973,0.0,20.0,0.1260282493266952
trial_04,44.748538754,1.0,412.0,422.0,0.8785353899002075,0.24372002482414246,0.9404453039169312,0.002724609337747097,0.007945284247398376,0.0,0.4396495223045349,0.0,-0.42375895380973816,0.0,20.0,0.15610861587484293
trial_04,45.006370794000006,1.0,496.0,320.0,0.8766385316848755,0.24110397696495056,0.932833194732666,0.0027296999469399452,0.008293792605400085,0.0,0.4398529529571533,0.0,-0.42326536774635315,0.0,20.0,0.15640028629674363
trial_04,45.260100979,1.0,386.0,489.0,0.8795868158340454,0.2051631212234497,0.925428569316864,0.0030854810029268265,0.007769361138343811,0.0,0.4401950538158417,0.0,-0.42465633153915405,0.0,21.0,0.17678503923549957
trial_04,45.508738107000006,1.0,502.0,391.0,0.8916877508163452,0.24561354517936707,0.9244328737258911,0.003270568326115608,0.007237613201141357,0.0,0.44061189889907837,0.0,-0.42613667249679565,0.0,20.0,0.1873897616955906
trial_04,45.755475447,1.0,383.0,488.0,0.8736889958381653,0.2440895140171051,0.9385039210319519,0.008064400404691696,0.005481928586959839,0.0,0.4385230541229248,0.0,-0.4275591969490051,0.0,21.0,0.46205610749242726
trial_04,46.012080260000005,1.0,491.0,423.0,0.8888400793075562,0.247317373752594,0.9395743608474731,0.007781250402331352,0.003913372755050659,0.0,0.4367344379425049,0.0,-0.42890769243240356,0.0,20.0,0.44583280738806025
trial_04,46.270845886000004,1.0,433.0,514.0,0.8898440003395081,0.24607083201408386,0.9414870738983154,0.0018326863646507263,0.00495205819606781,0.0,0.438067764043808,0.0,-0.42816364765167236,0.0,21.0,0.1050051938656604
trial_04,46.533914064,1.0,529.0,362.0,0.8842281103134155,0.2346648871898651,0.9409464001655579,0.003343484364449978,0.006226703524589539,0.0,0.4382394552230835,0.0,-0.4257860481739044,0.0,21.0,0.19156754295096412
trial_04,46.78187177,1.0,438.0,553.0,0.8905479907989502,0.2480984330177307,0.9422380328178406,0.004585821181535721,0.007783561944961548,0.0,0.44060420989990234,0.0,-0.42503708600997925,0.0,19.0,0.2627481993036933
trial_04,47.049358664,1.0,523.0,485.0,0.8773999810218811,0.2471502721309662,0.9443551898002625,0.005128745920956135,0.007399961352348328,0.0,0.4388328790664673,0.0,-0.42403295636177063,0.0,21.0,0.29385549546572304
trial_04,47.310381340000006,1.0,396.0,608.0,0.8833422660827637,0.2439255714416504,0.9427613019943237,0.004872189834713936,0.00785432755947113,0.0,0.43865475058555603,0.0,-0.42294609546661377,0.0,20.0,0.2791559145156507
trial_04,47.575142164000006,1.0,479.0,446.0,0.876482367515564,0.2376079261302948,0.9283025860786438,-0.0015806714072823524,0.007757276296615601,0.0,0.43722790479660034,0.0,-0.42171335220336914,0.0,21.0,-0.09056580043428321
trial_04,47.832059488000006,1.0,362.0,542.0,0.875264048576355,0.19457152485847473,0.9365502595901489,-0.000547533854842186,0.0076379477977752686,0.0,0.43600112199783325,0.0,-0.4207252264022827,0.0,21.0,-0.03137137902298591
trial_04,48.092412374000006,1.0,480.0,401.0,0.8879273533821106,0.25314632058143616,0.9344289898872375,-0.0004313541576266289,0.00755000114440918,0.0,0.4356776475906372,0.0,-0.42057764530181885,0.0,20.0,-0.024714772707426686
trial_04,48.354754253,1.0,366.0,517.0,0.8857644200325012,0.18425214290618896,0.917449951171875,-0.0029425485990941525,0.007317528128623962,0.0,0.43534374237060547,0.0,-0.42070868611335754,0.0,21.0,-0.16859561574022783
trial_04,48.651051484,1.0,458.0,373.0,0.8812114000320435,0.2594398558139801,0.929660439491272,0.0027502402663230896,0.0062958598136901855,0.0,0.43439608812332153,0.0,-0.42180436849594116,0.0,20.0,0.15757715990724855
trial_04,48.908078645,1.0,373.0,422.0,0.8684016466140747,0.19008636474609375,0.926825225353241,-0.0013159767258912325,0.007168397307395935,0.0,0.43476206064224243,0.0,-0.42042526602745056,0.0,21.0,-0.07539991233101204
trial_04,49.168515863,1.0,480.0,324.0,0.8778910636901855,0.2510046660900116,0.9264248609542847,-0.009409609250724316,0.007588580250740051,0.0,0.4338015019893646,0.0,-0.4186243414878845,0.0,20.0,-0.5391308969337602
trial_04,49.411052472,1.0,399.0,429.0,0.8781293034553528,0.2448728084564209,0.9254263043403625,-0.006438469979912043,0.008893728256225586,0.0,0.43491899967193604,0.0,-0.41713154315948486,0.0,21.0,-0.36889715637063997
trial_04,49.663692976,1.0,496.0,323.0,0.8564360737800598,0.18062269687652588,0.9322294592857361,-0.004378644749522209,0.009653106331825256,0.0,0.43470439314842224,0.0,-0.41539818048477173,0.0,21.0,-0.25087786413474006
trial_04,49.926950949,1.0,407.0,497.0,0.8799776434898376,0.253501832485199,0.9463120698928833,-0.008311029523611069,0.007837355136871338,0.0,0.4337504506111145,0.0,-0.4180757403373718,0.0,20.0,-0.47618691511153743
trial_04,50.187210176,1.0,503.0,372.0,0.8442779779434204,0.19345226883888245,0.9331035614013672,-0.0071887485682964325,0.008061125874519348,0.0,0.4327356219291687,0.0,-0.41661337018013,0.0,21.0,-0.4118849529440986
trial_04,50.432816759000005,1.0,402.0,446.0,0.8627423048019409,0.2014305293560028,0.9310968518257141,-0.0058966949582099915,0.007817432284355164,0.0,0.4317948818206787,0.0,-0.4161600172519684,0.0,21.0,-0.33785573418150383
trial_04,50.693373008,1.0,530.0,312.0,0.8740236163139343,0.25070294737815857,0.9457176923751831,-0.00558104831725359,0.0069597214460372925,0.0,0.4307056665420532,0.0,-0.41678622364997864,0.0,21.0,-0.31977051383722077
trial_04,50.952523929,1.0,394.0,439.0,0.8649515509605408,0.19788193702697754,0.9308003783226013,-0.010433449409902096,0.005124196410179138,0.0,0.42735740542411804,0.0,-0.41710901260375977,0.0,21.0,-0.5977926169506493
trial_04,51.199496184000004,1.0,502.0,329.0,0.8584414124488831,0.10438704490661621,0.9356144666671753,-0.009879425168037415,0.005028218030929565,0.0,0.4275926947593689,0.0,-0.41753625869750977,0.0,20.0,-0.566049366143868
trial_04,51.441680429,1.0,400.0,436.0,0.8820271492004395,0.24656900763511658,0.9405838847160339,-0.015337088145315647,0.003749072551727295,0.0,0.4284447431564331,0.0,-0.4209465980529785,0.0,21.0,-0.8787504207467141
trial_04,51.694040391,1.0,502.0,335.0,0.865324854850769,0.22941020131111145,0.937533438205719,-0.014395104721188545,0.0036303848028182983,0.0,0.4299619197845459,0.0,-0.4227011501789093,0.0,20.0,-0.8247787461729492
trial_04,51.957239867000006,1.0,390.0,417.0,0.8678075671195984,0.24495729804039001,0.9351094365119934,-0.01425419095903635,0.0021548718214035034,0.0,0.4299564063549042,0.0,-0.42564666271209717,0.0,20.0,-0.8167049823263182
trial_04,52.205071552,1.0,495.0,319.0,0.858687698841095,0.23299375176429749,0.9202834367752075,-0.014629307202994823,0.0011594444513320923,0.0,0.43021538853645325,0.0,-0.42789649963378906,0.0,19.0,-0.8381975599319385
trial_04,52.463413993,1.0,398.0,492.0,0.8793511986732483,0.24501153826713562,0.9297663569450378,-0.01468427199870348,0.00010728836059570312,0.0,0.4307457208633423,0.0,-0.4305311441421509,0.0,21.0,-0.8413468107478432
trial_04,52.711950477,1.0,499.0,398.0,0.8835574388504028,0.24326059222221375,0.9356057047843933,-0.014859809540212154,-0.002759799361228943,0.0,0.4292972981929779,0.0,-0.4348168969154358,0.0,21.0,-0.8514043710223929
trial_04,52.985760580000004,1.0,418.0,488.0,0.8825820684432983,0.242359459400177,0.944861650466919,-0.01495641004294157,-0.0029069185256958008,0.0,0.4305756390094757,0.0,-0.4363894760608673,0.0,19.0,-0.8569391721276304
trial_04,53.233766434,1.0,486.0,371.0,0.8754857182502747,0.20027506351470947,0.9303022027015686,-0.024984456598758698,-0.002720445394515991,0.0,0.43092668056488037,0.0,-0.43636757135391235,0.0,19.0,-1.431503916536653
trial_04,53.501867069000006,1.0,386.0,505.0,0.8582071661949158,0.19112521409988403,0.9311290979385376,-0.023862920701503754,-0.0029127299785614014,0.0,0.42967379093170166,0.0,-0.43549925088882446,0.0,20.0,-1.3672446430515268
trial_04,53.757889498000004,1.0,500.0,402.0,0.8743449449539185,0.24129793047904968,0.9507696032524109,-0.009658446535468102,-0.0026012659072875977,0.0,0.42948275804519653,0.0,-0.43468528985977173,0.0,20.0,-0.5533882231350742
trial_04,54.006849981,1.0,395.0,544.0,0.8815784454345703,0.25152266025543213,0.9448474645614624,-0.007405225187540054,-0.003446906805038452,0.0,0.42778003215789795,0.0,-0.43467384576797485,0.0,21.0,-0.42428814959001865
trial_04,54.260402713000005,1.0,534.0,449.0,0.892598032951355,0.24791941046714783,0.9392511248588562,-0.00622647674754262,-0.003928035497665405,0.0,0.4277517795562744,0.0,-0.4356078505516052,0.0,21.0,-0.3567508388705359
trial_04,54.509360048000005,1.0,464.0,548.0,0.8907331824302673,0.24946078658103943,0.9416153430938721,-0.005237190518528223,-0.00319865345954895,0.0,0.42867669463157654,0.0,-0.43507400155067444,0.0,20.0,-0.3000689132175984
trial_04,54.758270709,1.0,548.0,410.0,0.8788504004478455,0.2503223717212677,0.9424136281013489,-0.005037854891270399,-0.00400272011756897,0.0,0.4268890917301178,0.0,-0.43489453196525574,0.0,21.0,-0.2886478230691321
trial_04,55.02146616500001,1.0,410.0,470.0,0.868350088596344,0.20794418454170227,0.9340497255325317,-0.004859582986682653,-0.005332872271537781,0.0,0.4254469573497772,0.0,-0.4361127018928528,0.0,20.0,-0.2784335953304954
trial_04,55.272168551,1.0,506.0,322.0,0.8770797252655029,0.24524357914924622,0.9375813007354736,-0.004826381802558899,-0.005634143948554993,0.0,0.4235106110572815,0.0,-0.4347788989543915,0.0,19.0,-0.2765313076053675
trial_04,55.530326599000006,1.0,389.0,418.0,0.8716902732849121,0.22275149822235107,0.9437585473060608,-0.004575678147375584,-0.006110817193984985,0.0,0.4216787815093994,0.0,-0.4339004158973694,0.0,19.0,-0.2621670462548604
trial_04,55.778654361,1.0,492.0,315.0,0.8766531348228455,0.25364530086517334,0.9339697957038879,-0.00447581522166729,-0.00585898756980896,0.0,0.4206536114215851,0.0,-0.432371586561203,0.0,21.0,-0.2564453220819467
trial_04,56.03342903,1.0,405.0,412.0,0.863785445690155,0.22277557849884033,0.9386328458786011,-0.004753406159579754,-0.006322532892227173,0.0,0.4187849760055542,0.0,-0.43143004179000854,0.0,21.0,-0.272350111255409
trial_04,56.294782877,1.0,480.0,396.0,0.8810383677482605,0.21994009613990784,0.9303656220436096,-0.004175169393420219,-0.006630197167396545,0.0,0.4189556837081909,0.0,-0.432216078042984,0.0,21.0,-0.23921958499517457
trial_04,56.552726192,1.0,395.0,427.0,0.8738704919815063,0.25549569725990295,0.9234752655029297,-0.005103451199829578,-0.00790436565876007,0.0,0.4155215620994568,0.0,-0.43133029341697693,0.0,20.0,-0.292406214701211
trial_04,56.809250177,1.0,492.0,316.0,0.8763560056686401,0.23309281468391418,0.9288286566734314,0.001073845662176609,-0.008411824703216553,0.0,0.41475796699523926,0.0,-0.43158161640167236,0.0,21.0,0.061526824291150875
trial_04,57.072505109000005,1.0,407.0,406.0,0.8639642596244812,0.21376407146453857,0.9367081522941589,0.001794743351638317,-0.008551955223083496,0.0,0.41342949867248535,0.0,-0.43053340911865234,0.0,21.0,0.10283121935803939
trial_04,57.36051968300001,1.0,495.0,330.0,0.8689082264900208,0.24913236498832703,0.9320817589759827,0.0015298966318368912,-0.007605761289596558,0.0,0.413862407207489,0.0,-0.42907392978668213,0.0,20.0,0.0876566200955338
trial_04,57.609520229000005,1.0,409.0,406.0,0.8729720115661621,0.24921217560768127,0.9451355934143066,0.0013446006923913956,-0.007820680737495422,0.0,0.4126679599285126,0.0,-0.4283093214035034,0.0,18.0,0.07703994480439523
trial_04,57.868823804,1.0,497.0,359.0,0.8552077412605286,0.22070720791816711,0.9354355931282043,0.001314377412199974,-0.006808489561080933,0.0,0.4143516719341278,0.0,-0.4279686510562897,0.0,18.0,0.07530827840638543
trial_04,58.124265133,1.0,410.0,421.0,0.8683743476867676,0.17179489135742188,0.9287400245666504,0.0008514411747455597,-0.005357980728149414,0.0,0.4169784188270569,0.0,-0.4276943802833557,0.0,21.0,0.04878398581658139
trial_04,58.385244191000005,1.0,496.0,406.0,0.8787775635719299,0.2334655523300171,0.9306103587150574,0.0004024552181363106,-0.007052406668663025,0.0,0.4182076156139374,0.0,-0.4323124289512634,0.0,21.0,0.023058985442227502
trial_04,58.635505111,1.0,388.0,428.0,0.8843808174133301,0.24899500608444214,0.9261221885681152,0.0004504220560193062,-0.005720540881156921,0.0,0.42109817266464233,0.0,-0.4325392544269562,0.0,20.0,0.025807282809511382
trial_04,58.896994566000004,1.0,485.0,316.0,0.8831750154495239,0.2433706820011139,0.938974916934967,0.0027121088933199644,-0.00515216588973999,0.0,0.421728253364563,0.0,-0.43203258514404297,0.0,20.0,0.15539239316713038
trial_04,59.165588992,1.0,382.0,434.0,0.859604001045227,0.19948884844779968,0.9307622313499451,0.0037385367322713137,-0.005234524607658386,0.0,0.42274487018585205,0.0,-0.4332139194011688,0.0,20.0,0.21420237631377648
trial_04,59.42181999300001,1.0,500.0,347.0,0.8779827356338501,0.24175015091896057,0.9435702562332153,0.004550562705844641,-0.005549237132072449,0.0,0.42278778553009033,0.0,-0.43388625979423523,0.0,21.0,0.2607280374545298
trial_04,59.675489117000005,1.0,387.0,432.0,0.8688653111457825,0.24540629982948303,0.9283823370933533,0.005295170471072197,-0.00695587694644928,0.0,0.42087113857269287,0.0,-0.43478289246559143,0.0,21.0,0.30339091979473687
trial_04,59.931760354000005,1.0,484.0,409.0,0.888977587223053,0.24825242161750793,0.9127150177955627,0.005570488516241312,-0.00883619487285614,0.0,0.420672744512558,0.0,-0.43834513425827026,0.0,21.0,0.31916548180671933
trial_04,60.184831184000004,1.0,407.0,502.0,0.8732206225395203,0.23560890555381775,0.9189155101776123,-0.004045926965773106,-0.008585453033447266,0.0,0.42200350761413574,0.0,-0.4391744136810303,0.0,19.0,-0.23181453935697002
trial_04,60.432324247000004,1.0,483.0,394.0,0.8879992961883545,0.24698379635810852,0.9279263615608215,-0.000916553195565939,-0.009161204099655151,0.0,0.4220616817474365,0.0,-0.4403840899467468,0.0,21.0,-0.05251462980515706
trial_04,60.68566890500001,1.0,391.0,519.0,0.8727418780326843,0.22213351726531982,0.9352037310600281,0.0037385670002549887,-0.00790618360042572,0.0,0.4236556887626648,0.0,-0.43946805596351624,0.0,21.0,0.2142041105414954
trial_04,60.949108029,1.0,500.0,393.0,0.900711715221405,0.24161389470100403,0.9319208264350891,0.0020022119861096144,-0.007953077554702759,0.0,0.4243053197860718,0.0,-0.4402114748954773,0.0,21.0,0.1147182964945871
trial_04,61.21711598900001,1.0,451.0,514.0,0.8821867108345032,0.24043166637420654,0.9415118098258972,0.0062101599760353565,-0.00725845992565155,0.0,0.4246068000793457,0.0,-0.4391237199306488,0.0,21.0,0.3558159567278904
trial_04,61.474517167,1.0,545.0,426.0,0.8817944526672363,0.24900951981544495,0.9436049461364746,0.004365270957350731,-0.006063014268875122,0.0,0.4252493381500244,0.0,-0.43737536668777466,0.0,21.0,0.2501116022872293
trial_04,61.72005671,1.0,408.0,549.0,0.8833446502685547,0.25090399384498596,0.9440647959709167,0.008366439491510391,-0.005764856934547424,0.0,0.4251290261745453,0.0,-0.43665874004364014,0.0,21.0,0.47936167241512395
trial_04,61.976171528,1.0,495.0,495.0,0.8900232911109924,0.2418411374092102,0.9360371828079224,0.011915144510567188,-0.0063804686069488525,0.0,0.4235047698020935,0.0,-0.4362657070159912,0.0,21.0,0.6826874927439708
trial_04,62.231659173000004,1.0,373.0,539.0,0.8787665367126465,0.19707825779914856,0.9312175512313843,0.009430237114429474,-0.0062132328748703,0.0,0.4235336482524872,0.0,-0.4359601140022278,0.0,21.0,0.5403127864644368
trial_04,62.496679201000006,1.0,473.0,424.0,0.8887103796005249,0.2586844861507416,0.9327932000160217,0.008988570421934128,-0.00474897027015686,0.0,0.4244779944419861,0.0,-0.4339759349822998,0.0,20.0,0.5150071490329511
trial_04,62.753116249,1.0,356.0,437.0,0.8641277551651001,0.23923709988594055,0.9263179302215576,0.0083305137231946,-0.0037274956703186035,0.0,0.423328697681427,0.0,-0.4307836890220642,0.0,20.0,0.47730327751486423
trial_04,63.016804091000004,1.0,461.0,305.0,0.863095760345459,0.17572641372680664,0.9265923500061035,0.008175786584615707,-0.002434864640235901,0.0,0.4223951995372772,0.0,-0.427264928817749,0.0,21.0,0.4684380654981579
trial_04,63.273149675000006,1.0,370.0,419.0,0.8695387840270996,0.2507585287094116,0.9266990423202515,0.008973094634711742,-0.000736236572265625,0.0,0.4230714440345764,0.0,-0.42454391717910767,0.0,19.0,0.514120451740466
trial_04,63.533654500000004,1.0,484.0,394.0,0.8899685144424438,0.25282877683639526,0.9229915142059326,0.009895622730255127,-0.0006196796894073486,0.0,0.4242141842842102,0.0,-0.4254535436630249,0.0,20.0,0.5669774180973435
trial_04,63.783537492,1.0,402.0,436.0,0.8747727274894714,0.24783959984779358,0.935309112071991,0.011005120351910591,0.0012793242931365967,0.0,0.4258403480052948,0.0,-0.4232816994190216,0.0,19.0,0.6305469491980041
trial_04,64.047973076,1.0,495.0,362.0,0.8579491376876831,0.20830875635147095,0.9305716753005981,0.012075943872332573,0.0028453320264816284,0.0,0.426974892616272,0.0,-0.4212842285633087,0.0,20.0,0.6919006175215247
trial_04,64.30102283000001,1.0,408.0,414.0,0.8574990630149841,0.19357624650001526,0.9324382543563843,0.012988323345780373,0.0012610405683517456,0.0,0.4257734715938568,0.0,-0.4232513904571533,0.0,21.0,0.7441761106644519
trial_04,64.555041499,1.0,478.0,322.0,0.8730835914611816,0.24556031823158264,0.9344054460525513,0.013447610661387444,0.0005512535572052002,0.0,0.4265604615211487,0.0,-0.4254579544067383,0.0,20.0,0.7704913354326302
trial_04,64.812616379,1.0,423.0,420.0,0.8628925085067749,0.20297101140022278,0.9271355867385864,0.013982879929244518,0.0012073516845703125,0.0,0.4279775619506836,0.0,-0.42556285858154297,0.0,21.0,0.8011600053838981
trial_04,65.07210763500001,1.0,512.0,363.0,0.8817238807678223,0.23567399382591248,0.9368626475334167,0.010253249667584896,0.0012331455945968628,0.0,0.4300186038017273,0.0,-0.42755231261253357,0.0,20.0,0.5874679322465288
trial_04,65.31847113100001,1.0,395.0,405.0,0.8657785058021545,0.19896593689918518,0.9324722290039062,0.012489303015172482,0.0028135478496551514,0.0,0.4315337538719177,0.0,-0.4259066581726074,0.0,21.0,0.7155843518293967
trial_04,65.578350904,1.0,503.0,366.0,0.8766774535179138,0.2401426136493683,0.9316136240959167,0.009452242404222488,0.004256129264831543,0.0,0.4337801933288574,0.0,-0.42526793479919434,0.0,21.0,0.5415735966965388
trial_04,65.83319598,1.0,399.0,422.0,0.8656483888626099,0.23875007033348083,0.9298003911972046,0.007408937439322472,0.006159156560897827,0.0,0.4350311756134033,0.0,-0.42271286249160767,0.0,21.0,0.42450084594964105
trial_04,66.09428525,1.0,516.0,333.0,0.869805097579956,0.22721770405769348,0.9261904358863831,0.005172330886125565,0.008236736059188843,0.0,0.43662118911743164,0.0,-0.42014771699905396,0.0,21.0,0.29635273002015605
trial_04,66.34715604200001,1.0,413.0,421.0,0.8715090751647949,0.2413555085659027,0.941168487071991,0.009250888600945473,0.009473055601119995,0.0,0.4378499686717987,0.0,-0.4189038574695587,0.0,20.0,0.5300368735798584
trial_04,66.603840356,1.0,517.0,341.0,0.8723654747009277,0.23919382691383362,0.9411596655845642,0.010512741282582283,0.009611055254936218,0.0,0.43768638372421265,0.0,-0.4184642732143402,0.0,21.0,0.6023357066049128
trial_04,66.85770359300001,1.0,411.0,533.0,0.8838940858840942,0.24520069360733032,0.9435490965843201,-0.010994503274559975,0.01030781865119934,0.0,0.4388631582260132,0.0,-0.4182475209236145,0.0,21.0,-0.6299386354750499
trial_04,67.118128553,1.0,488.0,440.0,0.8886536955833435,0.24589118361473083,0.9371026158332825,-0.002858600579202175,0.009390443563461304,0.0,0.4390099048614502,0.0,-0.4202290177345276,0.0,21.0,-0.16378574850193725
trial_04,67.37695227500001,1.0,387.0,567.0,0.8911417126655579,0.2441824972629547,0.9354227185249329,-0.0016962718218564987,0.009251892566680908,0.0,0.4383597671985626,0.0,-0.4198559820652008,0.0,21.0,-0.0971892162993444
trial_04,67.63052312900001,1.0,516.0,440.0,0.8805659413337708,0.2216263711452484,0.9354111552238464,-0.0008760774508118629,0.008329838514328003,0.0,0.4363231658935547,0.0,-0.4196634888648987,0.0,21.0,-0.05019554045809972
trial_04,67.89174904000001,1.0,445.0,512.0,0.8734037280082703,0.20116275548934937,0.9402801990509033,-0.005321161821484566,0.009517982602119446,0.0,0.43719443678855896,0.0,-0.41815847158432007,0.0,20.0,-0.3048801144772112
trial_04,68.14668755000001,1.0,558.0,399.0,0.8819422721862793,0.2390528917312622,0.9380125403404236,-0.003326971083879471,0.010165989398956299,0.0,0.43813955783843994,0.0,-0.41780757904052734,0.0,21.0,-0.19062140166835867
trial_04,68.400685674,1.0,452.0,416.0,0.8649271726608276,0.24466314911842346,0.9415873289108276,-0.0016970373690128326,0.010392427444458008,0.0,0.43649598956108093,0.0,-0.4157111346721649,0.0,21.0,-0.09723307892042059
trial_04,68.654781983,1.0,537.0,308.0,0.8600642681121826,0.20798227190971375,0.9394175410270691,-0.0004217466339468956,0.010855510830879211,0.0,0.4360692501068115,0.0,-0.4143582284450531,0.0,21.0,-0.02416430214900597
trial_04,68.923581356,1.0,430.0,468.0,0.8812608122825623,0.223725825548172,0.9198152422904968,0.001102725975215435,0.009619519114494324,0.0,0.4350334107875824,0.0,-0.41579437255859375,0.0,21.0,0.06318154433929225
trial_04,69.186393236,1.0,481.0,363.0,0.8851009607315063,0.2560468018054962,0.9195233583450317,0.004148675128817558,0.0093994140625,0.0,0.4358856678009033,0.0,-0.4170868396759033,0.0,21.0,0.2377015754521392
trial_04,69.44497175000001,1.0,396.0,424.0,0.8809933662414551,0.2513016164302826,0.9220808744430542,0.0006015246035531163,0.008820205926895142,0.0,0.4346291422843933,0.0,-0.416988730430603,0.0,19.0,0.03446482105687361
trial_04,69.699774616,1.0,487.0,317.0,0.8802567720413208,0.2510560154914856,0.9168438911437988,-0.002018972532823682,0.009195521473884583,0.0,0.4341774582862854,0.0,-0.41578641533851624,0.0,21.0,-0.11567860508363503
trial_04,69.965269918,1.0,390.0,490.0,0.8777859807014465,0.2423126995563507,0.9244738221168518,0.0009082024917006493,0.008052274584770203,0.0,0.43430307507514954,0.0,-0.41819852590560913,0.0,21.0,0.052036169717712376
trial_04,70.220994794,1.0,486.0,327.0,0.8727527856826782,0.24888071417808533,0.930199384689331,-0.0018426298629492521,0.010356500744819641,0.0,0.43585067987442017,0.0,-0.4151376783847809,0.0,21.0,-0.10557491435176145
trial_04,70.476362549,1.0,418.0,420.0,0.8761882781982422,0.24998578429222107,0.9469038844108582,-0.0045222025364637375,0.010355889797210693,0.0,0.4348406195640564,0.0,-0.414128839969635,0.0,21.0,-0.2591031194427279
trial_04,70.734319428,1.0,489.0,358.0,0.8762453198432922,0.2437542974948883,0.9329240918159485,-0.0035621984861791134,0.010942593216896057,0.0,0.43492642045021057,0.0,-0.41304123401641846,0.0,21.0,-0.2040989390459541
trial_04,71.003960585,1.0,399.0,416.0,0.8774688243865967,0.24944719672203064,0.9381145238876343,-0.006562079768627882,0.011890679597854614,0.0,0.43641066551208496,0.0,-0.41262930631637573,0.0,21.0,-0.3759794755705614
trial_04,71.26048014700001,1.0,524.0,378.0,0.9011473655700684,0.24478676915168762,0.9173972010612488,-0.00371466763317585,0.009751304984092712,0.0,0.4359397292137146,0.0,-0.4164371192455292,0.0,19.0,-0.21283477767482686
trial_04,71.521791371,1.0,423.0,417.0,0.8689973950386047,0.23867037892341614,0.936803936958313,-0.0019856677390635014,0.00952330231666565,0.0,0.4345182776451111,0.0,-0.4154716730117798,0.0,21.0,-0.11377038096362306
trial_04,71.77170847100001,1.0,491.0,316.0,0.8789849877357483,0.2460079789161682,0.9411532282829285,-0.0008053192868828773,0.010321468114852905,0.0,0.43497753143310547,0.0,-0.41433459520339966,0.0,21.0,-0.04614139629887403
trial_04,72.039744256,1.0,403.0,429.0,0.881902813911438,0.243647962808609,0.932135820388794,-0.0017352169379591942,0.008713960647583008,0.0,0.4348791837692261,0.0,-0.41745126247406006,0.0,21.0,-0.09942060708467584
trial_04,72.29850826,1.0,496.0,353.0,0.8804364800453186,0.24482309818267822,0.9338879585266113,-0.0020189909264445305,0.007777959108352661,0.0,0.43539977073669434,0.0,-0.419843852519989,0.0,21.0,-0.11567965896047963
trial_04,72.547116555,1.0,406.0,420.0,0.8617669939994812,0.22813847661018372,0.9304620623588562,-0.0024958504363894463,0.005911633372306824,0.0,0.4345291256904602,0.0,-0.42270585894584656,0.0,21.0,-0.14300169630100001
trial_04,72.794752442,1.0,502.0,345.0,0.8697490692138672,0.23022279143333435,0.9174723029136658,-0.003418736159801483,0.004473358392715454,0.0,0.4338575601577759,0.0,-0.42491084337234497,0.0,20.0,-0.19587915322538754
trial_04,73.058414998,1.0,416.0,460.0,0.8773897886276245,0.24214932322502136,0.918149471282959,-0.014559924602508545,0.004330635070800781,0.0,0.43524670600891113,0.0,-0.42658543586730957,0.0,20.0,-0.8342222297524323
trial_04,73.32265471800001,1.0,511.0,382.0,0.8874251842498779,0.24340015649795532,0.9131045341491699,-0.01330586988478899,0.0026542991399765015,0.0,0.4348945915699005,0.0,-0.4295859932899475,0.0,21.0,-0.762370187148632
trial_04,73.586654889,1.0,409.0,505.0,0.8851911425590515,0.24271559715270996,0.9361778497695923,-0.01266898401081562,0.002692103385925293,0.0,0.43515968322753906,0.0,-0.4297754764556885,0.0,21.0,-0.7258793145384571
trial_04,73.841166742,1.0,505.0,397.0,0.9052119255065918,0.2467259168624878,0.9297654032707214,-0.012606963515281677,0.0020149797201156616,0.0,0.434721976518631,0.0,-0.43069201707839966,0.0,21.0,-0.7223258019010522
trial_04,74.098025777,1.0,433.0,539.0,0.8860565423965454,0.2141425609588623,0.9318094849586487,-0.012907924130558968,0.002009958028793335,0.0,0.43459373712539673,0.0,-0.43057382106781006,0.0,20.0,-0.7395695749561014
trial_04,74.35069914900001,1.0,553.0,463.0,0.9010239839553833,0.24762901663780212,0.931926429271698,-0.01403731107711792,0.0017573386430740356,0.0,0.4333265721797943,0.0,-0.42981189489364624,0.0,21.0,-0.8042786804310965
trial_04,74.608880181,1.0,401.0,515.0,0.8852507472038269,0.24405565857887268,0.942779004573822,-0.014972863718867302,0.0015588551759719849,0.0,0.4322980046272278,0.0,-0.4291802942752838,0.0,21.0,-0.8578818983156508
trial_04,74.866882698,1.0,496.0,382.0,0.8900128602981567,0.23747339844703674,0.9275479316711426,-0.016136907041072845,7.051229476928711e-05,0.0,0.4309779405593872,0.0,-0.43083691596984863,0.0,21.0,-0.9245766678484154
trial_04,75.13182262800001,1.0,374.0,472.0,0.8934144377708435,0.25585049390792847,0.9316776990890503,-0.02175157144665718,-0.0001847594976425171,0.0,0.4306394159793854,0.0,-0.4310089349746704,0.0,21.0,-1.246273241670727
trial_04,75.383383171,1.0,452.0,318.0,0.879230797290802,0.25647619366645813,0.927242636680603,-0.02098008058965206,-0.00018832087516784668,0.0,0.42801910638809204,0.0,-0.42839574813842773,0.0,21.0,-1.2020700716314028
trial_04,75.640408463,1.0,358.0,420.0,0.8834975957870483,0.25580355525016785,0.9245156645774841,-0.019930502399802208,-0.000314369797706604,0.0,0.4269396960735321,0.0,-0.4275684356689453,0.0,21.0,-1.1419336710840253
trial_04,75.89928408200001,1.0,491.0,375.0,0.8976784944534302,0.25492945313453674,0.9201095104217529,-0.019368581473827362,-0.0024339258670806885,0.0,0.42535400390625,0.0,-0.4302218556404114,0.0,21.0,-1.1097379736055837
trial_04,76.160656289,1.0,397.0,480.0,0.8749544024467468,0.23426946997642517,0.9297304749488831,-0.019019048660993576,-0.004240825772285461,0.0,0.4243677854537964,0.0,-0.4328494369983673,0.0,21.0,-1.0897112186288715
trial_04,76.415900933,1.0,500.0,343.0,0.8559387922286987,0.219167560338974,0.927191436290741,-0.017045997083187103,-0.003370627760887146,0.0,0.42330801486968994,0.0,-0.43004927039146423,0.0,20.0,-0.9766636904589326
trial_04,76.685804406,1.0,390.0,410.0,0.8725129961967468,0.16391190886497498,0.9272605180740356,-0.006816123612225056,-0.0031318366527557373,0.0,0.4222811460494995,0.0,-0.428544819355011,0.0,21.0,-0.390535115619961
trial_04,76.95750773900001,1.0,508.0,384.0,0.896149218082428,0.2538969814777374,0.9333295226097107,-0.007047826424241066,-0.006248831748962402,0.0,0.42051470279693604,0.0,-0.43301236629486084,0.0,19.0,-0.40381070884979153
trial_04,77.21576710000001,1.0,389.0,423.0,0.8795939683914185,0.23954400420188904,0.9288428425788879,-0.006962545216083527,-0.006151363253593445,0.0,0.41924402117729187,0.0,-0.43154674768447876,0.0,21.0,-0.39892445555058786
trial_04,77.475855677,1.0,503.0,319.0,0.8742155432701111,0.212751567363739,0.9318915009498596,-0.0009855357930064201,-0.005724027752876282,0.0,0.4186212420463562,0.0,-0.43006929755210876,0.0,20.0,-0.05646704149834659
trial_04,77.72500359200001,1.0,405.0,426.0,0.8792257905006409,0.21105298399925232,0.9333878755569458,0.00030490756034851074,-0.006172537803649902,0.0,0.4183877110481262,0.0,-0.430732786655426,0.0,21.0,0.017469916349600115
trial_04,77.993675436,1.0,507.0,327.0,0.8741475343704224,0.2458110749721527,0.92584627866745,-0.004977060481905937,-0.005185112357139587,0.0,0.41893270611763,0.0,-0.4293029308319092,0.0,20.0,-0.2851645599945578
trial_04,78.242156787,1.0,385.0,425.0,0.8701437711715698,0.24686899781227112,0.9403894543647766,-0.008940416388213634,-0.0073279887437820435,0.0,0.4175037145614624,0.0,-0.4321596920490265,0.0,21.0,-0.5122481261342362
trial_04,78.497311314,1.0,500.0,324.0,0.8696790337562561,0.23623207211494446,0.9225178956985474,-0.012003866955637932,-0.007262691855430603,0.0,0.41980308294296265,0.0,-0.43432846665382385,0.0,21.0,-0.6877709143946057
trial_04,78.750812084,1.0,424.0,461.0,0.8995645642280579,0.24617695808410645,0.9121731519699097,-0.006111757829785347,-0.00661197304725647,0.0,0.42309847474098206,0.0,-0.436322420835495,0.0,21.0,-0.35017792905273576
trial_04,79.00390887600001,1.0,498.0,324.0,0.8883658051490784,0.248471200466156,0.9281293749809265,-0.00536884181201458,-0.005553871393203735,0.0,0.4254571199417114,0.0,-0.4365648627281189,0.0,20.0,-0.30761197670180473
trial_04,79.26504313400001,1.0,417.0,410.0,0.8812179565429688,0.24803504347801208,0.940443217754364,-0.0034692208282649517,-0.003502771258354187,0.0,0.4281160831451416,0.0,-0.43512162566185,0.0,21.0,-0.1987717116584615
trial_04,79.51555236600001,1.0,496.0,381.0,0.8839278221130371,0.24217191338539124,0.9320275187492371,-0.008053597994148731,-0.003415912389755249,0.0,0.42995139956474304,0.0,-0.43678322434425354,0.0,21.0,-0.4614371749597478
trial_04,79.767105899,1.0,394.0,414.0,0.8748871088027954,0.23910221457481384,0.9311240315437317,-0.010761072859168053,-0.0013066083192825317,0.0,0.4314954876899719,0.0,-0.434108704328537,0.0,21.0,-0.6165640578631071
trial_04,80.02879564,1.0,502.0,317.0,0.8796943426132202,0.23904705047607422,0.9273823499679565,-0.008160888217389584,0.00047044456005096436,0.0,0.4328330159187317,0.0,-0.43189212679862976,0.0,20.0,-0.467584451934465
trial_04,80.279848235,1.0,414.0,495.0,0.8855370283126831,0.23806199431419373,0.9405718445777893,-0.0054297009482979774,-5.24669885635376e-05,0.0,0.431710809469223,0.0,-0.4318157434463501,0.0,21.0,-0.31109894835565494
trial_04,80.538651664,1.0,514.0,445.0,0.8923202753067017,0.24831631779670715,0.9326905012130737,-0.003246007487177849,-0.0006199628114700317,0.0,0.43169039487838745,0.0,-0.4329303205013275,0.0,21.0,-0.18598252928315642
trial_04,80.801777838,1.0,410.0,545.0,0.8945580720901489,0.2484719455242157,0.9354082942008972,-0.006032370962202549,-8.031725883483887e-06,0.0,0.4318515360355377,0.0,-0.4318675994873047,0.0,21.0,-0.3456293965914775
trial_04,81.07570784800001,1.0,562.0,439.0,0.9049577116966248,0.25349748134613037,0.9289370179176331,-0.0025542424991726875,0.0007140636444091797,0.0,0.43205535411834717,0.0,-0.4306272268295288,0.0,19.0,-0.14634731505554266
trial_04,81.339639739,1.0,472.0,475.0,0.8929029107093811,0.2542678415775299,0.9332665801048279,0.0005187559872865677,0.0016487985849380493,0.0,0.4334891736507416,0.0,-0.4301915764808655,0.0,20.0,0.02972252866866252
trial_04,81.586056392,1.0,507.0,314.0,0.8807002305984497,0.24153205752372742,0.9181343913078308,0.0034759696573019028,0.0021532773971557617,0.0,0.432750403881073,0.0,-0.4284438490867615,0.0,21.0,0.19915839107893415
trial_04,81.85345242000001,1.0,390.0,394.0,0.887335479259491,0.25548020005226135,0.9193891882896423,0.00589679554104805,0.0034202635288238525,0.0,0.43365997076034546,0.0,-0.42681944370269775,0.0,21.0,0.3378614971536161
trial_04,82.151171109,1.0,471.0,337.0,0.8761990666389465,0.19333049654960632,0.9151957631111145,0.0078553082421422,0.004194200038909912,0.0,0.43383029103279114,0.0,-0.4254418909549713,0.0,20.0,0.4500760090490778
trial_04,82.415742959,1.0,363.0,419.0,0.8721005320549011,0.1959439516067505,0.9386910200119019,0.009157832711935043,0.004985809326171875,0.0,0.4342646598815918,0.0,-0.42429304122924805,0.0,21.0,0.524705163880723
trial_04,82.67013691400001,1.0,510.0,331.0,0.8490633368492126,0.1855241060256958,0.9255011677742004,0.009091459214687347,0.0057593584060668945,0.0,0.4329861104488373,0.0,-0.4214673936367035,0.0,21.0,0.5209022426169069
trial_04,82.93024979100001,1.0,409.0,499.0,0.8932938575744629,0.25485938787460327,0.9379506707191467,0.0001394161954522133,0.006614387035369873,0.0,0.43594586849212646,0.0,-0.4227170944213867,0.0,21.0,0.007987959595182803
trial_04,83.18791358200001,1.0,513.0,401.0,0.8856984376907349,0.2559218108654022,0.9422158598899841,-0.0009006615728139877,0.006019875407218933,0.0,0.4346070885658264,0.0,-0.42256733775138855,0.0,21.0,-0.05160410689185618
trial_04,83.441010739,1.0,417.0,497.0,0.8743223547935486,0.21068525314331055,0.9343995451927185,-4.168972373008728e-05,0.004556134343147278,0.0,0.43280988931655884,0.0,-0.4236976206302643,0.0,20.0,-0.0023886452188003966
trial_04,83.693617517,1.0,510.0,311.0,0.877841055393219,0.2118965983390808,0.9399124383926392,0.000850379467010498,0.0049978941679000854,0.0,0.4322049915790558,0.0,-0.4222092032432556,0.0,21.0,0.04872315444428596
trial_04,83.971465253,1.0,394.0,414.0,0.8629972338676453,0.1868690550327301,0.9310911297798157,0.0012620734050869942,0.004238337278366089,0.0,0.42918479442596436,0.0,-0.4207081198692322,0.0,21.0,0.07231147954718944
trial_04,84.21644356200001,1.0,516.0,343.0,0.8826410174369812,0.24800607562065125,0.9330511689186096,0.0022210069000720978,0.006249785423278809,0.0,0.43155986070632935,0.0,-0.41906028985977173,0.0,21.0,0.12725432164356537
trial_04,84.476784796,1.0,403.0,427.0,0.8803499341011047,0.24293985962867737,0.9359151124954224,0.0024724258109927177,0.007078886032104492,0.0,0.4333791732788086,0.0,-0.4192214012145996,0.0,21.0,0.1416595641290925
trial_04,84.725063793,1.0,501.0,358.0,0.8669891357421875,0.210691899061203,0.9209679961204529,0.002914639189839363,0.007387995719909668,0.0,0.4353426992893219,0.0,-0.42056670784950256,0.0,21.0,0.16699652438122503
trial_04,84.99658695400001,1.0,403.0,433.0,0.8679105639457703,0.2462731897830963,0.9278023838996887,0.003264492377638817,0.007235333323478699,0.0,0.43642371892929077,0.0,-0.4219530522823334,0.0,21.0,0.18704163549133151
trial_04,85.245402487,1.0,486.0,377.0,0.8796243071556091,0.24155119061470032,0.9252995848655701,0.003347017802298069,0.006081819534301758,0.0,0.43742918968200684,0.0,-0.4252655506134033,0.0,21.0,0.1917699940268315
trial_04,85.50553867,1.0,419.0,423.0,0.8851823210716248,0.2455618679523468,0.9384366273880005,0.0020322464406490326,0.006862208247184753,0.0,0.43881306052207947,0.0,-0.42508864402770996,0.0,19.0,0.11643914397967331
trial_04,85.78344722700001,1.0,496.0,325.0,0.8856188654899597,0.24056139588356018,0.9213275909423828,0.0029452741146087646,0.007089287042617798,0.0,0.43965452909469604,0.0,-0.42547595500946045,0.0,21.0,0.16875177627621255
trial_04,86.065800001,1.0,411.0,483.0,0.897166907787323,0.24536588788032532,0.927078366279602,0.0023421533405780792,0.007105425000190735,0.0,0.44100701808929443,0.0,-0.42679616808891296,0.0,21.0,0.13419550138759084
trial_04,86.31586751200001,1.0,500.0,379.0,0.889207661151886,0.24457821249961853,0.9346237182617188,-0.0027145156636834145,0.00741538405418396,0.0,0.4420017600059509,0.0,-0.427170991897583,0.0,21.0,-0.15553029095121323
trial_04,86.58371079700001,1.0,401.0,489.0,0.8838824033737183,0.20365944504737854,0.9260008931159973,-0.005429115146398544,0.007673606276512146,0.0,0.44170188903808594,0.0,-0.42635467648506165,0.0,21.0,-0.3110653843791866
trial_04,86.84453258900001,1.0,502.0,414.0,0.910325288772583,0.24409076571464539,0.9108768701553345,-0.007949457503855228,0.009044632315635681,0.0,0.44389578700065613,0.0,-0.42580652236938477,0.0,21.0,-0.45547036438950694
trial_04,87.12672623600001,1.0,411.0,437.0,0.872952401638031,0.21342676877975464,0.9310434460639954,-0.004379430785775185,0.010190248489379883,0.0,0.4439695477485657,0.0,-0.4235890507698059,0.0,20.0,-0.25092290069457984
trial_04,87.397495167,1.0,534.0,416.0,0.906875491142273,0.24559029936790466,0.9249625205993652,-0.0017225397750735283,0.00942353904247284,0.0,0.44268473982810974,0.0,-0.42383766174316406,0.0,20.0,-0.09869425915512729
trial_04,87.697760263,1.0,470.0,552.0,0.8898419737815857,0.23987606167793274,0.9328606724739075,0.0006126211956143379,0.009269729256629944,0.0,0.44304949045181274,0.0,-0.42451003193855286,0.0,19.0,0.03510060894895998
trial_04,87.988106146,1.0,525.0,428.0,0.892812192440033,0.24989786744117737,0.9413021802902222,-0.0013224775902926922,0.008372887969017029,0.0,0.44244763255119324,0.0,-0.4257018566131592,0.0,21.0,-0.07577238442440251
trial_04,88.232732654,1.0,440.0,563.0,0.9007367491722107,0.2485101819038391,0.9337595701217651,-0.0013037561438977718,0.007848739624023438,0.0,0.4423827826976776,0.0,-0.42668530344963074,0.0,21.0,-0.07469972455959316
trial_04,88.48515127,1.0,509.0,479.0,0.8794088959693909,0.23001036047935486,0.9421178698539734,-0.002796484623104334,0.006654635071754456,0.0,0.44031766057014465,0.0,-0.42700839042663574,0.0,21.0,-0.16022676637711103
trial_04,88.74208592900001,1.0,394.0,525.0,0.8722155690193176,0.2064298689365387,0.9290142059326172,-0.0037041865289211273,0.006364971399307251,0.0,0.43930983543395996,0.0,-0.42657989263534546,0.0,21.0,-0.21223425463639464
trial_04,89.01217750500001,1.0,483.0,388.0,0.8891825079917908,0.24080273509025574,0.9253684282302856,-0.004342096857726574,0.006209671497344971,0.0,0.4382939636707306,0.0,-0.42587462067604065,0.0,20.0,-0.24878382418474937
trial_04,89.27291342100001,1.0,373.0,431.0,0.873460590839386,0.24134686589241028,0.9403253197669983,-0.004808105528354645,0.007073149085044861,0.0,0.4380703270435333,0.0,-0.4239240288734436,0.0,18.0,-0.2754841542282399
trial_04,89.530537811,1.0,481.0,362.0,0.8790444731712341,0.25058242678642273,0.9409013390541077,-0.00505252368748188,0.0088043212890625,0.0,0.43927088379859924,0.0,-0.42166224122047424,0.0,18.0,-0.28948828318258746
trial_04,89.78220298800001,1.0,382.0,435.0,0.8789121508598328,0.23430120944976807,0.9331181645393372,-0.00018537230789661407,0.00789041817188263,0.0,0.4364217221736908,0.0,-0.42064088582992554,0.0,21.0,-0.01062105088107561
trial_04,90.047653968,1.0,482.0,314.0,0.8765257000923157,0.22533485293388367,0.9310011267662048,0.003305518999695778,0.007424533367156982,0.0,0.4358736574649811,0.0,-0.4210245907306671,0.0,21.0,0.18939228778287373
trial_04,90.30735031200001,1.0,378.0,428.0,0.8749620318412781,0.19365724921226501,0.9146959185600281,0.0009136451408267021,0.0068130940198898315,0.0,0.4338586926460266,0.0,-0.42023250460624695,0.0,21.0,0.052348010542005774
trial_04,90.56768246700001,1.0,504.0,318.0,0.880616307258606,0.22493639588356018,0.9273009300231934,-0.004381489008665085,0.007745996117591858,0.0,0.4342077970504761,0.0,-0.41871580481529236,0.0,21.0,-0.2510408281794683
trial_04,90.831589381,1.0,419.0,431.0,0.8727425932884216,0.22021439671516418,0.9389275312423706,-0.000920118996873498,0.00795641541481018,0.0,0.43432748317718506,0.0,-0.4184146523475647,0.0,21.0,-0.05271893517066242
trial_04,91.08038623600001,1.0,506.0,360.0,0.8768844604492188,0.2515536844730377,0.9381470680236816,-0.003111631143838167,0.00953248143196106,0.0,0.4355601966381073,0.0,-0.4164952337741852,0.0,21.0,-0.17828333194339177
trial_04,91.342991873,1.0,407.0,397.0,0.8583718538284302,0.18026629090309143,0.9274706244468689,-0.005969478748738766,0.00808677077293396,0.0,0.4340543746948242,0.0,-0.4178808331489563,0.0,20.0,-0.3420259381957669
trial_04,91.597814676,1.0,508.0,350.0,0.8704726696014404,0.23289838433265686,0.9282471537590027,-0.0038620890118181705,0.007939308881759644,0.0,0.4347691535949707,0.0,-0.4188905358314514,0.0,20.0,-0.2212814004810319
trial_04,91.857278338,1.0,425.0,411.0,0.885918140411377,0.2503608763217926,0.9283526539802551,-0.005988336633890867,0.006425052881240845,0.0,0.4347166121006012,0.0,-0.4218665063381195,0.0,21.0,-0.3431064154255247
trial_04,92.11440282400001,1.0,499.0,315.0,0.8903859257698059,0.24965566396713257,0.9394840002059937,-0.008021187037229538,0.003123670816421509,0.0,0.43411728739738464,0.0,-0.4278699457645416,0.0,21.0,-0.45958016391829765
trial_04,92.372099092,1.0,428.0,420.0,0.8882449865341187,0.24992623925209045,0.9354434013366699,-0.008159765973687172,0.0015050917863845825,0.0,0.43530187010765076,0.0,-0.4322916865348816,0.0,20.0,-0.4675201521067317
trial_04,92.62924094600001,1.0,502.0,316.0,0.886898398399353,0.24662581086158752,0.9367913603782654,-0.01357971504330635,0.0006116032600402832,0.0,0.4362146556377411,0.0,-0.4349914491176605,0.0,21.0,-0.7780603589717678
trial_04,92.890140126,1.0,384.0,471.0,0.8827207684516907,0.23935499787330627,0.9336295127868652,-0.023209983482956886,0.0004731118679046631,0.0,0.43729764223098755,0.0,-0.4363514184951782,0.0,20.0,-1.3298340961417803
trial_04,93.146884184,1.0,499.0,327.0,0.8741331696510315,0.23674365878105164,0.9353369474411011,-0.02530139870941639,0.0021627843379974365,0.0,0.43847769498825073,0.0,-0.43415212631225586,0.0,21.0,-1.4496633618273072
trial_04,93.406197698,1.0,409.0,413.0,0.8817586302757263,0.2427995502948761,0.9501183032989502,-0.02127314731478691,0.0014163851737976074,0.0,0.4379848837852478,0.0,-0.4351521134376526,0.0,19.0,-1.21886155809735
trial_04,93.67047124300001,1.0,517.0,393.0,0.8829203844070435,0.23713251948356628,0.9459958076477051,-0.01872330904006958,-4.7326087951660156e-05,0.0,0.437261700630188,0.0,-0.4373563528060913,0.0,21.0,-1.0727665865151277
trial_04,93.9496766,1.0,428.0,500.0,0.8884124755859375,0.2400820553302765,0.9410062432289124,-0.02705548331141472,-0.0004090219736099243,0.0,0.4370103180408478,0.0,-0.4378283619880676,0.0,21.0,-1.5501650064306962
trial_04,94.20618444,1.0,512.0,433.0,0.8912870287895203,0.2511758506298065,0.9419543147087097,-0.023394720628857613,-0.001571744680404663,0.0,0.4360537827014923,0.0,-0.43919727206230164,0.0,21.0,-1.3404187549211843
trial_04,94.45018234300001,1.0,414.0,547.0,0.8970076441764832,0.2525688409805298,0.9452946186065674,-0.015402581542730331,-0.0021411478519439697,0.0,0.4355242848396301,0.0,-0.43980658054351807,0.0,20.0,-0.8825029160045484
trial_04,94.709442052,1.0,540.0,416.0,0.9021196961402893,0.256160706281662,0.9313001036643982,-0.013654304668307304,-0.003007560968399048,0.0,0.43442779779434204,0.0,-0.44044291973114014,0.0,21.0,-0.7823340296797859
trial_04,94.97792063600001,1.0,463.0,529.0,0.8915363550186157,0.25511977076530457,0.9461333751678467,-0.012199055403470993,-0.0033264607191085815,0.0,0.4340860843658447,0.0,-0.4407390058040619,0.0,20.0,-0.6989543886651496
trial_04,95.23537575200001,1.0,567.0,384.0,0.9028974175453186,0.2463013231754303,0.9354357123374939,-0.011171821504831314,-0.004579991102218628,0.0,0.43257462978363037,0.0,-0.4417346119880676,0.0,21.0,-0.6400982217003265
trial_04,95.50184431400001,1.0,443.0,467.0,0.8686875104904175,0.1993241012096405,0.9396122694015503,-0.010681437328457832,-0.005956739187240601,0.0,0.4305875301361084,0.0,-0.4425010085105896,0.0,20.0,-0.6120012780541271
trial_04,95.76510985200001,1.0,524.0,332.0,0.8746398687362671,0.25405845046043396,0.9368874430656433,-0.009244258515536785,-0.0065476298332214355,0.0,0.4285336136817932,0.0,-0.4416288733482361,0.0,20.0,-0.5296569976681293
trial_04,96.033440903,1.0,413.0,411.0,0.885894238948822,0.24924656748771667,0.9283580780029297,0.0011910912580788136,-0.00686296820640564,0.0,0.42790669202804565,0.0,-0.44163262844085693,0.0,21.0,0.06824450210284354
trial_04,96.28711338000001,1.0,486.0,306.0,0.8730756044387817,0.2312181293964386,0.921284019947052,0.0008920347318053246,-0.007333040237426758,0.0,0.42629581689834595,0.0,-0.44096189737319946,0.0,21.0,0.0511098253115294
trial_04,96.55004252200001,1.0,396.0,409.0,0.8844027519226074,0.26631078124046326,0.9276835918426514,0.001123945228755474,-0.007874220609664917,0.0,0.4252164363861084,0.0,-0.44096487760543823,0.0,21.0,0.06439731801155452
trial_04,96.806721558,1.0,491.0,325.0,0.881725013256073,0.25614166259765625,0.9293075799942017,0.0010263845324516296,-0.00796826183795929,0.0,0.42394670844078064,0.0,-0.4398832321166992,0.0,21.0,0.05880750186698666
trial_04,97.063254977,1.0,408.0,429.0,0.8662936091423035,0.1860964298248291,0.9366903901100159,0.0003769826143980026,-0.008821874856948853,0.0,0.42216208577156067,0.0,-0.4398058354854584,0.0,21.0,0.021599512754813293
trial_04,97.324140247,1.0,500.0,319.0,0.856598436832428,0.16998618841171265,0.9347469806671143,0.0005578603595495224,-0.008234947919845581,0.0,0.4217272400856018,0.0,-0.43819713592529297,0.0,20.0,0.031963044159838264
trial_04,97.579919793,1.0,414.0,432.0,0.8661742210388184,0.19682177901268005,0.9380765557289124,-0.0007169852033257484,-0.007063969969749451,0.0,0.4232325255870819,0.0,-0.4373604655265808,0.0,21.0,-0.04108022612389458
trial_04,97.84540746100001,1.0,520.0,396.0,0.8867392539978027,0.2538726031780243,0.9426793456077576,-0.003342069685459137,-0.007680848240852356,0.0,0.42277973890304565,0.0,-0.43814143538475037,0.0,21.0,-0.1914864878154231
trial_04,98.101997592,1.0,407.0,420.0,0.8744145631790161,0.2527802884578705,0.9232847094535828,0.0042656660079956055,-0.007804170250892639,0.0,0.4206599295139313,0.0,-0.43626827001571655,0.0,21.0,0.24440465907056627
trial_04,98.358369717,1.0,501.0,328.0,0.892469048500061,0.2623498737812042,0.9418487548828125,0.008226383477449417,-0.006689727306365967,0.0,0.4222227931022644,0.0,-0.43560224771499634,0.0,21.0,0.4713370539140052
trial_04,98.62707398100001,1.0,431.0,426.0,0.8815751075744629,0.25671303272247314,0.9405024647712708,0.011596930213272572,-0.006930872797966003,0.0,0.42074230313301086,0.0,-0.43460404872894287,0.0,21.0,0.664455156528268
trial_04,98.88552357100001,1.0,520.0,334.0,0.8750927448272705,0.23049938678741455,0.940795361995697,0.009595406241714954,-0.004875168204307556,0.0,0.4227201044559479,0.0,-0.432470440864563,0.0,21.0,0.5497762803637539
trial_04,99.139913725,1.0,423.0,422.0,0.8753317594528198,0.2534913420677185,0.9440776109695435,0.00859249196946621,-0.0035541951656341553,0.0,0.4244226813316345,0.0,-0.43153107166290283,0.0,20.0,0.4923135253504664
trial_04,99.391660563,1.0,512.0,356.0,0.86931312084198,0.19654378294944763,0.9312861561775208,0.008356603793799877,-0.002077758312225342,0.0,0.427040696144104,0.0,-0.4311962127685547,0.0,20.0,0.478798128447745
trial_04,99.646262813,1.0,417.0,437.0,0.8721625804901123,0.1839868724346161,0.9345786571502686,0.00858732033520937,1.2695789337158203e-05,0.0,0.43049052357673645,0.0,-0.43046513199806213,0.0,20.0,0.4920172125343642
trial_04,99.90885381000001,1.0,502.0,392.0,0.9019681215286255,0.25035127997398376,0.9256255626678467,0.008966791443526745,-0.001169741153717041,0.0,0.4307905435562134,0.0,-0.43313002586364746,0.0,21.0,0.5137593054881016
trial_04,100.174879395,1.0,409.0,485.0,0.8910000324249268,0.2550412118434906,0.9361993670463562,0.014007845893502235,-0.000913470983505249,0.0,0.43184569478034973,0.0,-0.43367263674736023,0.0,21.0,0.8025904497673397
trial_04,100.424440632,1.0,512.0,315.0,0.8871087431907654,0.2511041462421417,0.9369521141052246,0.013576781377196312,-0.00029431283473968506,0.0,0.4321839511394501,0.0,-0.43277257680892944,0.0,20.0,0.777892272285162
trial_04,100.68250552500001,1.0,414.0,500.0,0.8841665387153625,0.24545130133628845,0.9342830181121826,0.013790346682071686,0.00027139484882354736,0.0,0.4335407316684723,0.0,-0.4329979419708252,0.0,21.0,0.7901286629049457
trial_04,100.943826946,1.0,513.0,360.0,0.8655775785446167,0.20175981521606445,0.9469672441482544,0.013814739882946014,0.002062767744064331,0.0,0.434067964553833,0.0,-0.42994242906570435,0.0,21.0,0.7915262903638596
trial_04,101.203342668,1.0,396.0,507.0,0.8862935304641724,0.24622467160224915,0.9373915791511536,0.01347162202000618,0.0025591999292373657,0.0,0.4349232316017151,0.0,-0.42980483174324036,0.0,20.0,0.7718670849418587
trial_04,101.464155089,1.0,540.0,398.0,0.8877007365226746,0.2510741055011749,0.9305003881454468,0.01338697038590908,0.002757549285888672,0.0,0.4351877272129059,0.0,-0.42967262864112854,0.0,19.0,0.7670169035792093
trial_04,101.714547357,1.0,462.0,517.0,0.8946651220321655,0.2573830187320709,0.9393010139465332,0.013569322414696217,0.0025843679904937744,0.0,0.43404772877693176,0.0,-0.4288789927959442,0.0,21.0,0.7774649052143603
trial_04,101.980099229,1.0,527.0,375.0,0.8741157054901123,0.24571186304092407,0.9343563318252563,0.0132678197696805,0.004136204719543457,0.0,0.43461334705352783,0.0,-0.4263409376144409,0.0,19.0,0.7601900761429287
trial_04,102.23599374000001,1.0,436.0,573.0,0.8658348917961121,0.19991269707679749,0.9337742924690247,0.013317370787262917,0.005207747220993042,0.0,0.4355047941207886,0.0,-0.4250892996788025,0.0,21.0,0.7630291403209796
trial_04,102.49142402300001,1.0,507.0,454.0,0.8674792051315308,0.1707482635974884,0.9352322816848755,0.01044902577996254,0.006343066692352295,0.0,0.4358177185058594,0.0,-0.4231315851211548,0.0,19.0,0.5986850772152468
trial_04,102.743897931,1.0,402.0,560.0,0.8894311785697937,0.24523761868476868,0.9270858764648438,0.0037097977474331856,0.007000669836997986,0.0,0.4365028738975525,0.0,-0.4225015342235565,0.0,19.0,0.21255575377506125
trial_04,103.00212002500001,1.0,491.0,441.0,0.890227198600769,0.2510996162891388,0.9282647371292114,0.004028216935694218,0.00782899558544159,0.0,0.4362582564353943,0.0,-0.4206002652645111,0.0,19.0,0.23079982937840002
trial_04,103.25360060000001,1.0,371.0,531.0,0.8903622627258301,0.258504182100296,0.9394644498825073,0.003699204884469509,0.008791565895080566,0.0,0.43760621547698975,0.0,-0.4200230836868286,0.0,19.0,0.21194882743428217
trial_04,103.52342518600001,1.0,496.0,411.0,0.8992621302604675,0.2574271261692047,0.9244030714035034,-0.003738194704055786,0.00855971872806549,0.0,0.43707147240638733,0.0,-0.41995203495025635,0.0,20.0,-0.21418277954055234
trial_04,103.77931071600001,1.0,394.0,432.0,0.8784931898117065,0.25477102398872375,0.9462984800338745,-0.011033454909920692,0.010989263653755188,0.0,0.43965229392051697,0.0,-0.4176737666130066,0.0,20.0,-0.6321703997863516
trial_04,104.040424403,1.0,482.0,343.0,0.8807209730148315,0.25598597526550293,0.938999354839325,-0.005937142763286829,0.011715143918991089,0.0,0.4398009181022644,0.0,-0.4163706302642822,0.0,19.0,-0.34017322270297445
trial_04,104.29221639000001,1.0,400.0,443.0,0.855209469795227,0.19514676928520203,0.9237120747566223,-0.0025965478271245956,0.010734990239143372,0.0,0.4366203844547272,0.0,-0.41515040397644043,0.0,21.0,-0.14877123179810384
trial_04,104.559676733,1.0,505.0,303.0,0.8808637261390686,0.2537921965122223,0.9346306920051575,-0.004017133265733719,0.010715186595916748,0.0,0.43578439950942993,0.0,-0.41435402631759644,0.0,21.0,-0.23016478186814748
trial_04,104.819486542,1.0,407.0,493.0,0.8789055943489075,0.19950515031814575,0.9255234003067017,-0.015561239793896675,0.008648350834846497,0.0,0.4345192313194275,0.0,-0.4172225296497345,0.0,21.0,-0.8915933641813065
trial_04,105.068198933,1.0,504.0,392.0,0.901077926158905,0.2524028718471527,0.9174445867538452,-0.013574186712503433,0.006814330816268921,0.0,0.4347575902938843,0.0,-0.42112892866134644,0.0,21.0,-0.7777436089490085
trial_04,105.316945804,1.0,429.0,418.0,0.876467764377594,0.24939584732055664,0.9407215118408203,-0.012819631956517696,0.007437944412231445,0.0,0.4340125322341919,0.0,-0.419136643409729,0.0,20.0,-0.7345108060195021
trial_04,105.583946557,1.0,524.0,406.0,0.8828810453414917,0.24956345558166504,0.9325131177902222,-0.012975186109542847,0.006572127342224121,0.0,0.4331977069377899,0.0,-0.4200534522533417,0.0,21.0,-0.7434234024735754
trial_04,105.85201905100001,1.0,416.0,460.0,0.8707968592643738,0.21011731028556824,0.912577211856842,-0.01410969253629446,0.003489255905151367,0.0,0.4310852885246277,0.0,-0.42410677671432495,0.0,21.0,-0.8084258325569107
trial_04,106.115794668,1.0,505.0,328.0,0.8769156336784363,0.24587735533714294,0.9316107630729675,-0.015861965715885162,0.0017098188400268555,0.0,0.431077778339386,0.0,-0.4276581406593323,0.0,21.0,-0.9088236903014273
trial_04,106.37166354,1.0,426.0,401.0,0.8767379522323608,0.24510332942008972,0.9332870244979858,-0.016520677134394646,0.0014041364192962646,0.0,0.43244659900665283,0.0,-0.4296383261680603,0.0,21.0,-0.9465650744990963
trial_04,106.64365747400001,1.0,500.0,348.0,0.8780804872512817,0.23912540078163147,0.9353963732719421,-0.02835438773036003,0.0007719844579696655,0.0,0.43404126167297363,0.0,-0.4324972927570343,0.0,21.0,-1.6245867476271552
trial_04,106.90789158700001,1.0,425.0,461.0,0.8789107799530029,0.2168193757534027,0.9271773099899292,-0.03629609942436218,0.0019211173057556152,0.0,0.4362344741821289,0.0,-0.4323922395706177,0.0,21.0,-2.07961330980317
trial_04,107.157937997,1.0,506.0,359.0,0.8768143653869629,0.2430950105190277,0.9326233863830566,-0.03987546265125275,0.0038157254457473755,0.0,0.4376804232597351,0.0,-0.43004897236824036,0.0,20.0,-2.2846957160483266
trial_04,107.41048452800001,1.0,415.0,466.0,0.8785127997398376,0.24256300926208496,0.9442377686500549,-0.03514431416988373,0.004948273301124573,0.0,0.43829604983329773,0.0,-0.4283995032310486,0.0,20.0,-2.013620875816153
trial_04,107.67227251300001,1.0,525.0,362.0,0.880527138710022,0.2377203404903412,0.9410292506217957,-0.01802857220172882,0.004970848560333252,0.0,0.43832939863204956,0.0,-0.42838770151138306,0.0,20.0,-1.0329610978059396
trial_04,107.951978991,1.0,419.0,401.0,0.8632326722145081,0.2342950999736786,0.9404234290122986,-0.018398083746433258,0.005663678050041199,0.0,0.4379420578479767,0.0,-0.4266147017478943,0.0,20.0,-1.0541325497988636
trial_04,108.200066351,1.0,506.0,415.0,0.88322514295578,0.24638590216636658,0.9415385127067566,-0.024110205471515656,0.005290508270263672,0.0,0.4373832941055298,0.0,-0.42680227756500244,0.0,19.0,-1.381413016711072
trial_04,108.47857589600001,1.0,451.0,527.0,0.889098048210144,0.25000372529029846,0.9354950785636902,-0.02878849394619465,0.0060729533433914185,0.0,0.43750348687171936,0.0,-0.4253575801849365,0.0,21.0,-1.649459201654874
trial_04,108.733774838,1.0,585.0,434.0,0.9011831879615784,0.25216004252433777,0.9333673119544983,-0.022019091993570328,0.0054374635219573975,0.0,0.43644148111343384,0.0,-0.42556655406951904,0.0,21.0,-1.2616010399418818
trial_04,108.99702032500001,1.0,469.0,517.0,0.8830342292785645,0.2540343701839447,0.9390328526496887,-0.017198963090777397,0.004839047789573669,0.0,0.4351297914981842,0.0,-0.42545169591903687,0.0,21.0,-0.9854279971028226
trial_04,109.25154287000001,1.0,506.0,360.0,0.8792433142662048,0.2475968897342682,0.9274246692657471,-0.01431235484778881,0.0035291463136672974,0.0,0.4328663945198059,0.0,-0.4258081018924713,0.0,20.0,-0.8200375276719026
trial_04,109.50847399800001,1.0,373.0,388.0,0.8765528798103333,0.2584209442138672,0.9282710552215576,-0.012389147654175758,0.0018974989652633667,0.0,0.4297155439853668,0.0,-0.4259205460548401,0.0,21.0,-0.7098458723486754
trial_04,109.77457260800001,1.0,495.0,317.0,0.8809531331062317,0.2550630271434784,0.925857424736023,-0.011091165244579315,0.0017469227313995361,0.0,0.4288318157196045,0.0,-0.4253379702568054,0.0,21.0,-0.6354769583965783
trial_04,110.069955793,1.0,406.0,407.0,0.8588069081306458,0.17563113570213318,0.9401408433914185,-0.01604422926902771,0.0007792562246322632,0.0,0.4262750446796417,0.0,-0.4247165322303772,0.0,21.0,-0.9192666226555536
trial_04,110.351289549,1.0,502.0,326.0,0.876072108745575,0.2516510486602783,0.941307544708252,-0.014579451642930508,7.092952728271484e-05,0.0,0.42475372552871704,0.0,-0.4246118664741516,0.0,20.0,-0.8353410467549922
trial_04,110.605391756,1.0,401.0,441.0,0.8717465996742249,0.19171857833862305,0.9385254383087158,-0.013542530126869678,0.0004904121160507202,0.0,0.4258253276348114,0.0,-0.42484450340270996,0.0,20.0,-0.7759298201983998
trial_04,110.919748494,1.0,519.0,373.0,0.8904301524162292,0.25287747383117676,0.9303253889083862,-0.012840756215155125,-0.0022906213998794556,0.0,0.4234132766723633,0.0,-0.4279945194721222,0.0,19.0,-0.7357211368847695
trial_04,111.215048084,1.0,437.0,413.0,0.8832730650901794,0.2491290271282196,0.933377742767334,-0.008153153583407402,-0.0018358677625656128,0.0,0.42328178882598877,0.0,-0.42695352435112,0.0,20.0,-0.4671412900512076
trial_04,111.50234127,1.0,525.0,316.0,0.8769423365592957,0.24925082921981812,0.9377312660217285,-0.006571514531970024,-0.00208243727684021,0.0,0.42215415835380554,0.0,-0.42631903290748596,0.0,20.0,-0.37652004769077085
trial_04,111.78594023100001,1.0,404.0,427.0,0.8702622652053833,0.1973302662372589,0.9316990375518799,-0.006954780779778957,-0.0027027428150177,0.0,0.4216773509979248,0.0,-0.4270828366279602,0.0,21.0,-0.39847958612003787
trial_04,112.150590926,1.0,523.0,338.0,0.8831320405006409,0.2473134994506836,0.9315716624259949,-0.007347529754042625,-0.0016570836305618286,0.0,0.4224120080471039,0.0,-0.42572617530822754,0.0,21.0,-0.42098244475343827
trial_04,112.392241768,1.0,418.0,485.0,0.8702756762504578,0.20262977480888367,0.9224583506584167,-0.007156888954341412,-0.004434987902641296,0.0,0.42148706316947937,0.0,-0.43035703897476196,0.0,21.0,-0.4100595315275598
trial_04,112.645251064,1.0,510.0,392.0,0.8758683800697327,0.2471076250076294,0.9207676649093628,-0.002977116033434868,-0.006538555026054382,0.0,0.4209337830543518,0.0,-0.43401089310646057,0.0,21.0,-0.1705761838365464
trial_04,112.90703362100001,1.0,424.0,482.0,0.8777455687522888,0.245414137840271,0.9162429571151733,-0.0043474528938531876,-0.008161097764968872,0.0,0.42113494873046875,0.0,-0.4374571442604065,0.0,20.0,-0.24909070244972392
trial_04,113.16362264000001,1.0,504.0,387.0,0.86578768491745,0.21321910619735718,0.9213709235191345,-0.004999649710953236,-0.011623218655586243,0.0,0.4202609956264496,0.0,-0.44350743293762207,0.0,21.0,-0.2864588274814224
trial_04,113.42342321400001,1.0,423.0,435.0,0.8839295506477356,0.24268290400505066,0.92961186170578,0.0008314140141010284,-0.010680153965950012,0.0,0.42165833711624146,0.0,-0.4430186450481415,0.0,21.0,0.04763651403601924
trial_04,113.68268839900001,1.0,523.0,328.0,0.8875073790550232,0.2430420219898224,0.9330549836158752,0.008664073422551155,-0.010398581624031067,0.0,0.421588659286499,0.0,-0.44238582253456116,0.0,21.0,0.49641484050364754
trial_04,113.955287698,1.0,443.0,438.0,0.883572518825531,0.24627012014389038,0.9374797344207764,0.004794387146830559,-0.00897035002708435,0.0,0.42317134141921997,0.0,-0.44111204147338867,0.0,21.0,0.27469814886515953
trial_04,114.207674017,1.0,517.0,390.0,0.9093468189239502,0.24545502662658691,0.9188092350959778,0.002000979846343398,-0.009066253900527954,0.0,0.4235790967941284,0.0,-0.4417116045951843,0.0,21.0,0.11464770008621268
trial_04,114.46128880600001,1.0,401.0,479.0,0.8856472969055176,0.24433621764183044,0.9325124025344849,0.005146618466824293,-0.009432226419448853,0.0,0.423762708902359,0.0,-0.4426271617412567,0.0,20.0,0.2948795169131225
trial_04,114.705222448,1.0,528.0,395.0,0.8808529376983643,0.24475380778312683,0.9256579279899597,0.002459538634866476,-0.009820789098739624,0.0,0.42349493503570557,0.0,-0.4431365132331848,0.0,21.0,0.1409211833272171
trial_04,114.97154592300001,1.0,439.0,490.0,0.8680667877197266,0.19421061873435974,0.9201302528381348,-0.003756224177777767,-0.009314224123954773,0.0,0.42328837513923645,0.0,-0.441916823387146,0.0,20.0,-0.21521579229166388
trial_04,115.221827301,1.0,549.0,389.0,0.9020943641662598,0.24222829937934875,0.9149865508079529,-0.003534693270921707,-0.008700981736183167,0.0,0.4241682291030884,0.0,-0.4415701925754547,0.0,21.0,-0.2025230062971059
trial_04,115.47079807300001,1.0,485.0,508.0,0.8794252276420593,0.18544331192970276,0.9058961272239685,-0.0016791215166449547,-0.007542312145233154,0.0,0.42454081773757935,0.0,-0.43962544202804565,0.0,21.0,-0.09620657619336172
trial_04,115.726664474,1.0,568.0,399.0,0.8755203485488892,0.21777158975601196,0.9253852367401123,-0.0013457052409648895,-0.006495669484138489,0.0,0.42445558309555054,0.0,-0.4374469220638275,0.0,21.0,-0.07710323077592363
trial_04,116.00154977300001,1.0,458.0,524.0,0.8884885907173157,0.24893894791603088,0.914679765701294,-0.0011396221816539764,-0.00460381805896759,0.0,0.4263837933540344,0.0,-0.4355914294719696,0.0,21.0,-0.06529554124826409
trial_04,116.26140764300001,1.0,539.0,370.0,0.8635087609291077,0.22942516207695007,0.9054839611053467,-0.0005921954289078712,-0.0031742751598358154,0.0,0.4262225031852722,0.0,-0.43257105350494385,0.0,20.0,-0.033930298723360605
trial_04,116.519576091,1.0,420.0,536.0,0.8804600834846497,0.23734208941459656,0.9135931730270386,0.005179035477340221,-0.0036479681730270386,0.0,0.4249565005302429,0.0,-0.432252436876297,0.0,21.0,0.2967368748001164
trial_04,116.767662392,1.0,507.0,461.0,0.8759985566139221,0.18353226780891418,0.915411651134491,0.00497835036367178,-0.0030280649662017822,0.0,0.42552775144577026,0.0,-0.43158388137817383,0.0,21.0,0.2852384647758115
trial_04,117.02306028800001,1.0,373.0,497.0,0.8629979491233826,0.1852748692035675,0.9070467948913574,0.0002978704869747162,-0.0026499181985855103,0.0,0.425228476524353,0.0,-0.43052831292152405,0.0,21.0,0.0170667217451578
trial_04,117.27482138600001,1.0,508.0,309.0,0.8701725006103516,0.2461603283882141,0.9210890531539917,0.0022620661184191704,-0.0013522505760192871,0.0,0.424446702003479,0.0,-0.4271512031555176,0.0,20.0,0.12960684156495875
trial_04,117.53772570400001,1.0,395.0,482.0,0.869249165058136,0.19063839316368103,0.8935719728469849,0.0036772750318050385,-0.0009537190198898315,0.0,0.4257015883922577,0.0,-0.42760902643203735,0.0,21.0,0.21069233943126428
trial_04,117.782994431,1.0,520.0,383.0,0.8866195678710938,0.2553713917732239,0.9027941823005676,0.005304895341396332,-0.0013276487588882446,0.0,0.42530593276023865,0.0,-0.42796123027801514,0.0,19.0,0.3039481138206218
trial_04,118.04406655300001,1.0,411.0,387.0,0.8623952269554138,0.2369208037853241,0.9189087152481079,0.006734265014529228,-0.0005571246147155762,0.0,0.4244653582572937,0.0,-0.42557960748672485,0.0,21.0,0.3858449634551308
trial_04,118.299624323,1.0,552.0,331.0,0.8593474626541138,0.21624445915222168,0.9039649963378906,0.008686628192663193,0.0007150024175643921,0.0,0.42502647638320923,0.0,-0.42359647154808044,0.0,21.0,0.4977071336389551
trial_04,118.556006624,1.0,435.0,396.0,0.8680825233459473,0.2341655194759369,0.8924830555915833,0.010478036478161812,0.0015146732330322266,0.0,0.42515748739242554,0.0,-0.4221281409263611,0.0,21.0,0.6003472677827928
trial_04,118.806432533,1.0,507.0,317.0,0.8750783801078796,0.2466152310371399,0.8987823724746704,0.011749962344765663,0.0026144981384277344,0.0,0.42593032121658325,0.0,-0.4207013249397278,0.0,20.0,0.6732232517927133
trial_04,119.062176718,1.0,445.0,410.0,0.8664876818656921,0.22063693404197693,0.9092920422554016,0.01262950710952282,0.002784639596939087,0.0,0.4268016219139099,0.0,-0.42123234272003174,0.0,20.0,0.7236174547061252
trial_04,119.31576603100001,1.0,527.0,357.0,0.8810001611709595,0.24552148580551147,0.9089369773864746,0.013423120602965355,0.0011740177869796753,0.0,0.42779916524887085,0.0,-0.4254511296749115,0.0,21.0,0.7690881584450157
trial_04,119.572357084,1.0,433.0,396.0,0.8722113370895386,0.2401028871536255,0.914351761341095,0.014194335788488388,0.0008434206247329712,0.0,0.42825692892074585,0.0,-0.4265700876712799,0.0,21.0,0.8132755336718842
trial_04,119.829847044,1.0,500.0,289.0,0.8697496056556702,0.24090778827667236,0.9046252369880676,0.01466820016503334,0.0018977075815200806,0.0,0.4288860857486725,0.0,-0.4250906705856323,0.0,21.0,0.840425962509508
trial_04,120.09318640100001,1.0,433.0,373.0,0.8686665892601013,0.2419436275959015,0.904426097869873,0.015677768737077713,0.0017663240432739258,0.0,0.4286995530128479,0.0,-0.42516690492630005,0.0,20.0,0.8982699808166997
trial_04,120.346481221,1.0,535.0,337.0,0.8741089701652527,0.24458059668540955,0.907406747341156,0.021352436393499374,-0.00021651387214660645,0.0,0.4278284013271332,0.0,-0.4282614290714264,0.0,21.0,1.2234044876690549
trial_04,120.60131567100001,1.0,427.0,440.0,0.8742639422416687,0.23300668597221375,0.9044346809387207,0.019880592823028564,3.822147846221924e-05,0.0,0.42896807193756104,0.0,-0.4288916289806366,0.0,21.0,1.1390740629776115
trial_04,120.86517451600001,1.0,531.0,338.0,0.8712968230247498,0.19675955176353455,0.9026031494140625,0.02534867450594902,-0.0019240379333496094,0.0,0.4275810122489929,0.0,-0.43142908811569214,0.0,21.0,1.452372065441746
trial_04,121.118362223,1.0,416.0,450.0,0.8763751983642578,0.246763676404953,0.9049396514892578,0.028560545295476913,-0.0022420138120651245,0.0,0.4273831844329834,0.0,-0.43186721205711365,0.0,20.0,1.6363987060230458
trial_04,121.372436167,1.0,530.0,337.0,0.8651124238967896,0.19541701674461365,0.8915289640426636,0.01521997805684805,-0.0013081282377243042,0.0,0.4275014400482178,0.0,-0.4301176965236664,0.0,20.0,0.8720405069391169
trial_04,121.63104091900001,1.0,451.0,456.0,0.8819236755371094,0.2514266073703766,0.8943089246749878,0.01459021307528019,0.0006594210863113403,0.0,0.43025827407836914,0.0,-0.42893943190574646,0.0,21.0,0.8359576314101446
trial_04,121.891205455,1.0,544.0,368.0,0.8756220936775208,0.25349298119544983,0.8959484100341797,0.014748485758900642,0.0016594082117080688,0.0,0.43100395798683167,0.0,-0.4276851415634155,0.0,21.0,0.8450259881938058
trial_04,122.148140209,1.0,479.0,491.0,0.8609696626663208,0.1902824342250824,0.9065598249435425,0.0056002940982580185,0.0019519180059432983,0.0,0.4298213720321655,0.0,-0.42591753602027893,0.0,19.0,0.32087321586220763
trial_04,122.40202518800001,1.0,571.0,408.0,0.874434232711792,0.24904128909111023,0.9117240905761719,0.00638350285589695,0.0019774436950683594,0.0,0.42955613136291504,0.0,-0.4256012439727783,0.0,20.0,0.36574777215260296
trial_04,122.659661705,1.0,464.0,508.0,0.8735127449035645,0.24455735087394714,0.9083628058433533,0.006379934959113598,0.002574235200881958,0.0,0.4300439953804016,0.0,-0.4248955249786377,0.0,21.0,0.3655433467251786
trial_04,122.92891689000001,1.0,529.0,386.0,0.8722026348114014,0.24489355087280273,0.9030562043190002,0.006740916520357132,0.0035452693700790405,0.0,0.4302593469619751,0.0,-0.423168808221817,0.0,21.0,0.38622606666647635
trial_04,123.192665652,1.0,436.0,479.0,0.869612991809845,0.18720975518226624,0.8854116797447205,0.007331745699048042,0.0037022829055786133,0.0,0.42956089973449707,0.0,-0.42215633392333984,0.0,21.0,0.42007808501864624
trial_04,123.44286631300001,1.0,494.0,344.0,0.8518000245094299,0.17932608723640442,0.8790208697319031,0.007726989686489105,0.005377784371376038,0.0,0.43077245354652405,0.0,-0.420016884803772,0.0,20.0,0.4427238973769409
trial_04,123.70585320400001,1.0,416.0,417.0,0.8809998631477356,0.2544020414352417,0.9001051783561707,0.005463337525725365,0.0064719319343566895,0.0,0.4317172169685364,0.0,-0.418773353099823,0.0,20.0,0.31302618227950924
trial_04,123.96843704300001,1.0,499.0,277.0,0.8700944185256958,0.24133694171905518,0.9110606908798218,-9.063351899385452e-05,0.008651390671730042,0.0,0.4345785677433014,0.0,-0.4172757863998413,0.0,21.0,-0.005192918120766648
trial_04,124.22535795900001,1.0,383.0,355.0,0.8700101971626282,0.25126054883003235,0.8953849077224731,0.005351756699383259,0.008020922541618347,0.0,0.4325244128704071,0.0,-0.4164825677871704,0.0,21.0,0.3066330718555244
trial_04,124.476190911,1.0,485.0,267.0,0.8558505773544312,0.22402331233024597,0.9023826122283936,0.0016657980158925056,0.00900132954120636,0.0,0.43289247155189514,0.0,-0.4148898124694824,0.0,20.0,0.09544319583190701
trial_04,124.728341102,1.0,427.0,363.0,0.8592249751091003,0.17366668581962585,0.8888267278671265,-0.00787187647074461,0.01054200530052185,0.0,0.4344291687011719,0.0,-0.4133451581001282,0.0,21.0,-0.4510252986220038
trial_04,124.98638124000001,1.0,476.0,286.0,0.8674929738044739,0.24937257170677185,0.9005825519561768,-0.0035080392844974995,0.01172935962677002,0.0,0.4357905983924866,0.0,-0.41233187913894653,0.0,21.0,-0.2009958453677998
trial_04,125.249117517,1.0,424.0,380.0,0.8479923009872437,0.19490599632263184,0.9033090472221375,-0.007844772189855576,0.012096896767616272,0.0,0.43648695945739746,0.0,-0.4122931659221649,0.0,19.0,-0.449472337720325
trial_04,125.49973851600001,1.0,492.0,273.0,0.8618894219398499,0.2429312765598297,0.8883194923400879,-0.02168906293809414,0.01249358057975769,0.0,0.4372575879096985,0.0,-0.4122704267501831,0.0,21.0,-1.2426917679464073
trial_04,125.76505695600001,1.0,419.0,376.0,0.8635625243186951,0.24559199810028076,0.9124443531036377,-0.02273217774927616,0.012058630585670471,0.0,0.4371989965438843,0.0,-0.41308173537254333,0.0,19.0,-1.302457844174723
trial_04,126.01684033500001,1.0,507.0,273.0,0.8631942272186279,0.24701252579689026,0.911862313747406,-0.02312977984547615,0.01318126916885376,0.0,0.4374963641166687,0.0,-0.4111338257789612,0.0,21.0,-1.325238766212537
trial_04,126.28318809700001,1.0,422.0,356.0,0.8574317693710327,0.23180639743804932,0.9031385779380798,-0.019933031871914864,0.012132823467254639,0.0,0.4363332986831665,0.0,-0.4120676517486572,0.0,21.0,-1.1420785991604767
trial_04,126.543019888,1.0,496.0,277.0,0.8610747456550598,0.24779972434043884,0.9173906445503235,-0.024313220754265785,0.01180332899093628,0.0,0.4360353350639343,0.0,-0.41242867708206177,0.0,20.0,-1.3930449355893095
trial_04,126.797863104,1.0,417.0,372.0,0.8614494800567627,0.24006566405296326,0.916361391544342,-0.028958790004253387,0.011321678757667542,0.0,0.4355609118938446,0.0,-0.4129175543785095,0.0,21.0,-1.6592164470493544
trial_04,127.061258412,1.0,468.0,295.0,0.8630232214927673,0.24693968892097473,0.9191727638244629,-0.03373701125383377,0.009783044457435608,0.0,0.4344784915447235,0.0,-0.4149124026298523,0.0,21.0,-1.9329883582300367
trial_04,127.32817942800001,1.0,379.0,373.0,0.8664710521697998,0.2458658516407013,0.9217458367347717,-0.03725661337375641,0.008688569068908691,0.0,0.4341101050376892,0.0,-0.4167329668998718,0.0,20.0,-2.1346467052669014
trial_04,127.579988708,1.0,490.0,334.0,0.870803952217102,0.25027966499328613,0.9018498659133911,-0.03919368237257004,0.004473522305488586,0.0,0.4322001338005066,0.0,-0.4232530891895294,0.0,21.0,-2.245632583524554
trial_04,127.84121021000001,1.0,427.0,407.0,0.87677001953125,0.2511920630931854,0.9120228886604309,-0.045344844460487366,0.003110051155090332,0.0,0.43257957696914673,0.0,-0.42635947465896606,0.0,21.0,-2.5980682102630963
trial_04,128.0962088,1.0,542.0,263.0,0.8625248670578003,0.2411898672580719,0.9124962091445923,-0.027252057567238808,0.0009090304374694824,0.0,0.43032872676849365,0.0,-0.4285106658935547,0.0,21.0,-1.5614278816503413
trial_04,128.358012803,1.0,434.0,422.0,0.8596749305725098,0.22169122099876404,0.9114696979522705,-0.022540321573615074,-0.0009445548057556152,0.0,0.4289875626564026,0.0,-0.4308766722679138,0.0,20.0,-1.291465295035822
trial_04,128.61907208300002,1.0,516.0,297.0,0.8706264495849609,0.24684518575668335,0.9100224375724792,-0.022053617984056473,-0.001936301589012146,0.0,0.42793551087379456,0.0,-0.43180811405181885,0.0,21.0,-1.2635792334802467
trial_04,128.882197932,1.0,426.0,409.0,0.8650736212730408,0.2253381907939911,0.8949750065803528,-0.013895424082875252,-0.004064768552780151,0.0,0.4256224036216736,0.0,-0.4337519407272339,0.0,21.0,-0.7961491544931946
trial_04,129.13341117500002,1.0,505.0,329.0,0.8701144456863403,0.24600115418434143,0.9086882472038269,-0.008232403546571732,-0.006068706512451172,0.0,0.42379990220069885,0.0,-0.4359373152256012,0.0,21.0,-0.47168197846709087
trial_04,129.405250139,1.0,381.0,426.0,0.8771589994430542,0.22338750958442688,0.8856654167175293,-0.005487633869051933,-0.006595969200134277,0.0,0.4233275353908539,0.0,-0.43651947379112244,0.0,21.0,-0.31441826020972247
trial_04,129.662364131,1.0,429.0,328.0,0.8726387023925781,0.24664348363876343,0.879676342010498,-0.006194490008056164,-0.007916450500488281,0.0,0.4219457507133484,0.0,-0.43777865171432495,0.0,20.0,-0.3549181336975775
trial_04,129.92432566000002,1.0,351.0,414.0,0.8648800849914551,0.20452117919921875,0.9135341644287109,-0.00946324598044157,-0.007064551115036011,0.0,0.4226822853088379,0.0,-0.4368113875389099,0.0,21.0,-0.5422040551734427
trial_04,130.178372126,1.0,438.0,345.0,0.858139157295227,0.16632488369941711,0.8953105211257935,-0.008902844041585922,-0.006150662899017334,0.0,0.42315879464149475,0.0,-0.4354601204395294,0.0,21.0,-0.5100953892460657
trial_04,130.43170023500002,1.0,339.0,367.0,0.876115620136261,0.2506074607372284,0.9093526005744934,-0.010262113064527512,-0.003465205430984497,0.0,0.4257756471633911,0.0,-0.4327060580253601,0.0,20.0,-0.5879757674834899
trial_04,130.69112936000002,1.0,470.0,375.0,0.8544708490371704,0.17931216955184937,0.8910737037658691,-0.0030545268673449755,-0.0032136738300323486,0.0,0.42534366250038147,0.0,-0.43177101016044617,0.0,20.0,-0.17501149790818377
trial_04,130.96068165900002,1.0,340.0,448.0,0.8854597210884094,0.18329820036888123,0.9039015769958496,-0.004567677620798349,-0.0025390684604644775,0.0,0.42552709579467773,0.0,-0.4306052327156067,0.0,21.0,-0.26170864984810266
trial_04,131.220018242,1.0,474.0,370.0,0.8854141235351562,0.2553371489048004,0.9121968150138855,-0.005622354801744223,-0.0019583851099014282,0.0,0.42600497603416443,0.0,-0.4299217462539673,0.0,21.0,-0.32213720106505667
trial_04,131.47128032400002,1.0,366.0,436.0,0.8735125660896301,0.1818576455116272,0.8806489109992981,-0.006426642648875713,-0.0015862584114074707,0.0,0.4264271855354309,0.0,-0.42959970235824585,0.0,21.0,-0.36821950021935423
trial_04,131.721891319,1.0,493.0,392.0,0.8882409930229187,0.2581770718097687,0.8948371410369873,-0.006982574705034494,-0.0009575337171554565,0.0,0.4275040626525879,0.0,-0.4294191300868988,0.0,21.0,-0.4000720607332822
trial_04,131.988907622,1.0,379.0,426.0,0.8698930144309998,0.20463547110557556,0.9046598076820374,-0.006964265368878841,-0.0008480101823806763,0.0,0.4263273775577545,0.0,-0.42802339792251587,0.0,21.0,-0.399023013045877
trial_04,132.236517055,1.0,496.0,336.0,0.8671371936798096,0.21019497513771057,0.9094692468643188,-0.007179836742579937,-0.0009613633155822754,0.0,0.4258480668067932,0.0,-0.42777079343795776,0.0,21.0,-0.4113743429427873
trial_04,132.494990761,1.0,400.0,361.0,0.8955065608024597,0.2547917366027832,0.9073572754859924,-0.0023076538927853107,-0.0010630041360855103,0.0,0.42605966329574585,0.0,-0.42818567156791687,0.0,21.0,-0.1322188286335333
trial_04,132.740294056,1.0,493.0,242.0,0.8715142011642456,0.23616257309913635,0.9184743165969849,-0.0035518493968993425,-0.0004848688840866089,0.0,0.4251055121421814,0.0,-0.4260752499103546,0.0,20.0,-0.20350597990841915
trial_04,133.00314574700002,1.0,398.0,362.0,0.8728786706924438,0.25194934010505676,0.9240515828132629,-0.004354448989033699,-0.0011268556118011475,0.0,0.42355528473854065,0.0,-0.42580899596214294,0.0,21.0,-0.24949154917663904
trial_04,133.25088296,1.0,530.0,316.0,0.883599579334259,0.25112292170524597,0.9162141680717468,4.3392181396484375e-05,-0.0012415647506713867,0.0,0.4237266778945923,0.0,-0.42620980739593506,0.0,21.0,0.002486188857884641
trial_04,133.499677122,1.0,425.0,337.0,0.8839669823646545,0.19021210074424744,0.9072360992431641,-0.0014470522291958332,-0.0018202364444732666,0.0,0.4248037338256836,0.0,-0.4284442067146301,0.0,20.0,-0.08290998546791872
trial_04,133.75832888300002,1.0,532.0,291.0,0.8662192821502686,0.21050474047660828,0.9132914543151855,-0.0025027296505868435,-0.0032973438501358032,0.0,0.426200270652771,0.0,-0.4327949583530426,0.0,21.0,-0.14339584624087734
trial_04,134.02050376300002,1.0,435.0,293.0,0.8717211484909058,0.22784021496772766,0.9134647846221924,0.0018380084075033665,-0.0056281983852386475,0.0,0.4278525710105896,0.0,-0.4391089677810669,0.0,21.0,0.10531012445950445
trial_04,134.289131144,1.0,515.0,210.0,0.8698898553848267,0.21115323901176453,0.9079987406730652,0.005391879938542843,-0.007813066244125366,0.0,0.4274207353591919,0.0,-0.4430468678474426,0.0,19.0,0.3089319641197626
trial_04,134.53994104900002,1.0,428.0,273.0,0.8875611424446106,0.18478617072105408,0.8916671276092529,0.003085993928834796,-0.010691702365875244,0.0,0.4272363781929016,0.0,-0.4486197829246521,0.0,21.0,0.17681442772522912
trial_04,134.79308072400002,1.0,512.0,205.0,0.8772867918014526,0.24071869254112244,0.8915868401527405,0.002021866152063012,-0.010698676109313965,0.0,0.4272004961967468,0.0,-0.44859784841537476,0.0,18.0,0.11584439725356652
trial_04,135.059331829,1.0,412.0,279.0,0.8759453892707825,0.20479395985603333,0.9137930274009705,0.005271565169095993,-0.012463882565498352,0.0,0.4268871545791626,0.0,-0.4518149197101593,0.0,21.0,0.30203843561736854
trial_04,135.317546351,1.0,544.0,255.0,0.8968967199325562,0.24421089887619019,0.8925318121910095,0.003104991279542446,-0.013169810175895691,0.0,0.42691752314567566,0.0,-0.45325714349746704,0.0,20.0,0.17790289574270735
trial_04,135.571311108,1.0,406.0,269.0,0.861179530620575,0.20391008257865906,0.9203017354011536,0.015617191791534424,-0.013468563556671143,0.0,0.427054762840271,0.0,-0.4539918899536133,0.0,21.0,0.8947991775012755
trial_04,135.836002349,1.0,502.0,252.0,0.8782936930656433,0.20127266645431519,0.9023930430412292,0.02020743116736412,-0.013757675886154175,0.0,0.4270761013031006,0.0,-0.45459145307540894,0.0,21.0,1.1578005206910824
trial_04,136.087352747,1.0,439.0,268.0,0.8857678771018982,0.22020551562309265,0.9042242765426636,0.018897905945777893,-0.013275146484375,0.0,0.42735379934310913,0.0,-0.45390409231185913,0.0,19.0,1.0827702523282576
trial_04,136.352099512,1.0,547.0,52.0,0.8234915137290955,0.15537336468696594,0.7902927398681641,0.018897905945777893,-0.013275146484375,0.0,0.42735379934310913,0.0,-0.45390409231185913,1.0,19.0,1.0827702523282576
trial_04,136.614354765,1.0,431.0,299.0,0.8943116068840027,0.24212852120399475,0.9154682159423828,0.028664518147706985,-0.011117950081825256,0.0,0.4299784004688263,0.0,-0.4522143006324768,0.0,21.0,1.6423559116397664
trial_04,136.886589181,1.0,500.0,294.0,0.884091854095459,0.20777902007102966,0.9081971049308777,0.03470972180366516,-0.009419605135917664,0.0,0.43049126863479614,0.0,-0.44933047890663147,0.0,21.0,1.9887205674232251
trial_04,137.131213156,1.0,400.0,304.0,0.8863928914070129,0.23821458220481873,0.921349287033081,0.04028094559907913,-0.00884905457496643,0.0,0.4301830530166626,0.0,-0.44788116216659546,0.0,21.0,2.307928177623302
trial_04,137.396772696,1.0,511.0,277.0,0.8798537254333496,0.19632527232170105,0.9097983837127686,0.042136553674936295,-0.008170723915100098,0.0,0.43038129806518555,0.0,-0.44672274589538574,0.0,21.0,2.4142466888003087
trial_04,137.648182251,1.0,387.0,249.0,0.8623318672180176,0.17839574813842773,0.909108579158783,0.038814645260572433,-0.007246628403663635,0.0,0.430268794298172,0.0,-0.44476205110549927,0.0,19.0,2.223915356728264
trial_04,137.929159379,1.0,512.0,208.0,0.8936774730682373,0.23085030913352966,0.9078677892684937,0.040833428502082825,-0.005195334553718567,0.0,0.43259501457214355,0.0,-0.4429856836795807,0.0,21.0,2.3395831162185488
trial_04,138.18509152800002,1.0,410.0,211.0,0.8872091174125671,0.2690834403038025,0.9239997863769531,0.042311135679483414,-0.004714161157608032,0.0,0.432989239692688,0.0,-0.44241756200790405,0.0,21.0,2.4242495008397924
trial_04,138.44461361100002,1.0,525.0,186.0,0.8874882459640503,0.24711856245994568,0.9144316911697388,0.035037752240896225,-0.004288420081138611,0.0,0.43329209089279175,0.0,-0.44186893105506897,0.0,20.0,2.007515327028396
trial_04,138.697649694,1.0,433.0,187.0,0.8803542852401733,0.25129881501197815,0.9214210510253906,0.026379499584436417,-0.0038486868143081665,0.0,0.43360811471939087,0.0,-0.4413054883480072,0.0,19.0,1.5114339918553157
trial_04,138.968777955,1.0,537.0,186.0,0.9041172862052917,0.2699211537837982,0.9158845543861389,0.034287527203559875,-0.0037197768688201904,0.0,0.4348584711551666,0.0,-0.442298024892807,0.0,21.0,1.9645305987039787
trial_04,139.216301931,1.0,454.0,192.0,0.9056933522224426,0.2688862979412079,0.9168034791946411,0.03407146409153938,-0.0031874775886535645,0.0,0.43692469596862793,0.0,-0.44329965114593506,0.0,20.0,1.9521510942767422
trial_04,139.479991735,1.0,520.0,168.0,0.8975056409835815,0.26767775416374207,0.9240901470184326,0.033479392528533936,-0.0028159022331237793,0.0,0.43724679946899414,0.0,-0.4428786039352417,0.0,20.0,1.9182278925468161
trial_04,139.73236203500002,1.0,429.0,193.0,0.8711285591125488,0.20355001091957092,0.9117228984832764,0.031776949763298035,-0.0026637613773345947,0.0,0.4373958706855774,0.0,-0.4427233934402466,0.0,21.0,1.8206851072362178
trial_04,139.994070627,1.0,536.0,156.0,0.8775549530982971,0.23248717188835144,0.9165651202201843,0.032088927924633026,-0.002694264054298401,0.0,0.436720073223114,0.0,-0.4421086013317108,0.0,20.0,1.8385601391809643
trial_04,140.243457052,1.0,408.0,181.0,0.8436377644538879,0.18081486225128174,0.8993775248527527,0.021966110914945602,-0.0008796453475952148,0.0,0.43798384070396423,0.0,-0.43974313139915466,0.0,21.0,1.2585654477426342
trial_04,140.500095206,1.0,533.0,124.0,0.8822002410888672,0.26601991057395935,0.9118561744689941,0.01916007325053215,0.004652783274650574,0.0,0.4419082701206207,0.0,-0.4326027035713196,0.0,20.0,1.0977913324169966
trial_04,140.757786084,1.0,447.0,177.0,0.8766872882843018,0.17113474011421204,0.9010589122772217,0.007067354395985603,0.009033232927322388,0.0,0.44593775272369385,0.0,-0.4278712868690491,0.0,21.0,0.4049295792132042
trial_04,141.012450253,1.0,557.0,128.0,0.8760138154029846,0.2573559582233429,0.9108232855796814,-0.0056502968072891235,0.012587681412696838,0.0,0.44819846749305725,0.0,-0.4230231046676636,0.0,21.0,-0.3237381600539106
trial_04,141.25829789000002,1.0,441.0,178.0,0.8718088865280151,0.2488114833831787,0.9173426628112793,-0.008947420865297318,0.014408797025680542,0.0,0.4501599073410034,0.0,-0.42134231328964233,0.0,21.0,-0.5126494531088274
trial_04,141.512886864,1.0,521.0,134.0,0.8563908934593201,0.1967269480228424,0.906417965888977,-0.007565406151115894,0.015411794185638428,0.0,0.45084840059280396,0.0,-0.4200248122215271,0.0,21.0,-0.43346584276125305
trial_04,141.76052198300002,1.0,447.0,168.0,0.8844507932662964,0.24919763207435608,0.9178784489631653,-0.010648485273122787,0.015469953417778015,0.0,0.4519609808921814,0.0,-0.42102107405662537,0.0,21.0,-0.6101132643571474
trial_04,142.019954246,1.0,523.0,142.0,0.8698945641517639,0.22447004914283752,0.9205524921417236,-0.011887084692716599,0.014671802520751953,0.0,0.4508916139602661,0.0,-0.4215480089187622,0.0,21.0,-0.6810797836072262
trial_04,142.26804122500002,1.0,431.0,176.0,0.869277834892273,0.20305609703063965,0.9258760809898376,-0.023332340642809868,0.014579370617866516,0.0,0.4520599842071533,0.0,-0.4229012429714203,0.0,21.0,-1.3368446449945637
trial_04,142.526536103,1.0,535.0,118.0,0.8675018548965454,0.24875715374946594,0.9283328056335449,-0.019155167043209076,0.013789311051368713,0.0,0.4501313865184784,0.0,-0.42255276441574097,0.0,20.0,-1.0975102274439683
trial_04,142.781075965,1.0,413.0,185.0,0.8749960660934448,0.2583526372909546,0.9324639439582825,-0.0220309067517519,0.01220083236694336,0.0,0.44894954562187195,0.0,-0.42454788088798523,0.0,21.0,-1.2622779757216536
trial_04,143.03539704000002,1.0,567.0,162.0,0.8686283826828003,0.2351997196674347,0.9108737111091614,-0.019675303250551224,0.00901767611503601,0.0,0.44622981548309326,0.0,-0.42819446325302124,0.0,21.0,-1.1273118368966148
trial_04,143.288240693,1.0,428.0,201.0,0.8764878511428833,0.24645450711250305,0.9298882484436035,-0.018418172374367714,0.0065499842166900635,0.0,0.4445960521697998,0.0,-0.4314960837364197,0.0,21.0,-1.0552835433957164
trial_04,143.544218647,1.0,583.0,152.0,0.8843889832496643,0.2521413266658783,0.9188759326934814,-0.02337639592587948,0.0054654330015182495,0.0,0.44370368123054504,0.0,-0.43277281522750854,0.0,20.0,-1.3393688267797066
trial_04,143.808831582,1.0,496.0,235.0,0.8757506608963013,0.205552339553833,0.9130777716636658,-0.022479407489299774,0.0036025047302246094,0.0,0.44261255860328674,0.0,-0.4354075491428375,0.0,20.0,-1.2879751750916513
trial_04,144.065791885,1.0,601.0,129.0,0.8613064289093018,0.20360252261161804,0.9214634895324707,-0.021612342447042465,0.002613469958305359,0.0,0.44003885984420776,0.0,-0.43481191992759705,0.0,20.0,-1.2382960076069751
trial_04,144.33093605800002,1.0,461.0,242.0,0.8742016553878784,0.2473101019859314,0.9263834357261658,-0.020690035074949265,0.0008655935525894165,0.0,0.4380679130554199,0.0,-0.4363367259502411,0.0,21.0,-1.1854516877722328
trial_04,144.622988848,1.0,545.0,170.0,0.8695326447486877,0.24593567848205566,0.9154742956161499,-0.005178404971957207,-0.002970784902572632,0.0,0.43430769443511963,0.0,-0.4402492642402649,0.0,21.0,-0.29670074950270936
trial_04,144.893157354,1.0,435.0,251.0,0.8843054175376892,0.2487148642539978,0.9183122515678406,0.006250845268368721,-0.008346110582351685,0.0,0.4291582703590393,0.0,-0.4458504915237427,0.0,21.0,0.3581470522668481
trial_04,145.15503740600002,1.0,541.0,174.0,0.8793690800666809,0.20616483688354492,0.9030114412307739,0.01467037945985794,-0.013527631759643555,0.0,0.4237699508666992,0.0,-0.45082521438598633,0.0,21.0,0.8405508269052723
trial_04,145.414429547,1.0,441.0,276.0,0.8687546253204346,0.23456627130508423,0.9257993102073669,0.005686795338988304,-0.016223683953285217,0.0,0.4203302264213562,0.0,-0.45277759432792664,0.0,21.0,0.3258293718786981
trial_04,145.682976907,1.0,574.0,199.0,0.8780062794685364,0.2415483295917511,0.9265977144241333,9.196065366268158e-05,-0.017373979091644287,0.0,0.4187672734260559,0.0,-0.4535152316093445,0.0,20.0,0.00526895733613593
trial_04,145.964162965,1.0,460.0,294.0,0.8690394163131714,0.24268382787704468,0.914758563041687,0.03571967035531998,-0.02133643627166748,0.0,0.41487687826156616,0.0,-0.4575497508049011,0.0,20.0,2.046586356958396
trial_04,146.225252711,1.0,548.0,200.0,0.8681678771972656,0.21624580025672913,0.9156594276428223,0.03539114445447922,-0.023088455200195312,0.0,0.41366565227508545,0.0,-0.4598425626754761,0.0,21.0,2.0277632093794873
trial_04,146.483764626,1.0,445.0,285.0,0.860948383808136,0.21026727557182312,0.9136266112327576,0.03033485636115074,-0.022688239812850952,0.0,0.41248589754104614,0.0,-0.45786237716674805,0.0,20.0,1.7380592416295157
trial_04,146.743293391,1.0,563.0,177.0,0.8652051091194153,0.2353019416332245,0.9154796600341797,0.04203972965478897,-0.022093787789344788,0.0,0.4108237028121948,0.0,-0.4550112783908844,0.0,21.0,2.4086990810903774
trial_04,147.014958318,1.0,440.0,313.0,0.874512791633606,0.2354159653186798,0.9151982069015503,0.05484378710389137,-0.025537967681884766,0.0,0.4075241684913635,0.0,-0.45860010385513306,0.0,21.0,3.1423175335669877
trial_04,147.282096032,1.0,584.0,221.0,0.8676960468292236,0.21426358819007874,0.9098799824714661,0.06201029568910599,-0.02770601212978363,0.0,0.4049852788448334,0.0,-0.46039730310440063,0.0,21.0,3.552928229344056
trial_04,147.55285271,1.0,464.0,329.0,0.8747937083244324,0.2394440472126007,0.9134030342102051,0.06788501143455505,-0.029847577214241028,0.0,0.40218132734298706,0.0,-0.4618764817714691,0.0,20.0,3.8895246473973386
trial_04,147.81280587100002,1.0,565.0,260.0,0.8637502789497375,0.20001351833343506,0.9061161279678345,0.07277926057577133,-0.033079713582992554,0.0,0.3997422456741333,0.0,-0.4659016728401184,0.0,21.0,4.169944467074559
trial_04,148.079154383,1.0,445.0,377.0,0.8518874645233154,0.14251211285591125,0.8945503234863281,0.08253239095211029,-0.0344049334526062,0.0,0.3966764807701111,0.0,-0.4654863476753235,0.0,21.0,4.728757674679621
trial_04,148.34519062,1.0,563.0,261.0,0.8625313639640808,0.22426888346672058,0.9192662835121155,0.06526859104633331,-0.032166987657547,0.0,0.39792633056640625,0.0,-0.46226030588150024,0.0,19.0,3.7396148017202524
trial_04,148.61446240200002,1.0,461.0,398.0,0.8759528398513794,0.2344985008239746,0.932790219783783,0.05288548022508621,-0.027859479188919067,0.0,0.40133142471313477,0.0,-0.4570503830909729,0.0,19.0,3.0301148144200147
trial_04,148.888169455,1.0,551.0,305.0,0.893279492855072,0.24589410424232483,0.9299689531326294,0.04406429082155228,-0.023092538118362427,0.0,0.4059900641441345,0.0,-0.4521751403808594,0.0,20.0,2.5246978913119964
trial_04,149.14880166100002,1.0,477.0,431.0,0.8649737238883972,0.22972065210342407,0.9397367835044861,0.03387756645679474,-0.016757264733314514,0.0,0.4122142493724823,0.0,-0.44572877883911133,0.0,21.0,1.9410415781483048
trial_04,149.41180361600001,1.0,582.0,277.0,0.8461934328079224,0.19911262392997742,0.934322714805603,0.04210256040096283,-0.01155957579612732,0.0,0.415188729763031,0.0,-0.43830788135528564,0.0,21.0,2.412299017669797
trial_04,149.67044739000002,1.0,471.0,458.0,0.8776318430900574,0.22810718417167664,0.9316659569740295,0.04455042630434036,-0.008737623691558838,0.0,0.4177922010421753,0.0,-0.43526744842529297,0.0,21.0,2.552551402747308
trial_04,149.954371407,1.0,556.0,341.0,0.8755804896354675,0.24898943305015564,0.9422017335891724,0.03665466606616974,-0.00470280647277832,0.0,0.4214942455291748,0.0,-0.43089985847473145,0.0,21.0,2.100157665052922
trial_04,150.22008362300002,1.0,443.0,503.0,0.8760500550270081,0.24482116103172302,0.9412429332733154,0.05494976043701172,-0.003611937165260315,0.0,0.42257606983184814,0.0,-0.4297999441623688,0.0,20.0,3.1483893582957174
trial_04,150.482934668,1.0,539.0,368.0,0.881851851940155,0.2516832947731018,0.943264365196228,0.03395184502005577,-0.0006963014602661133,0.0,0.4266097843647003,0.0,-0.42800238728523254,0.0,21.0,1.9452974263314575
trial_04,150.739684414,1.0,443.0,527.0,0.8653866648674011,0.21139219403266907,0.9296302795410156,0.03211408108472824,0.0013194233179092407,0.0,0.4280000627040863,0.0,-0.4253612160682678,0.0,21.0,1.840001309095837
trial_04,151.007638136,1.0,538.0,342.0,0.8562657237052917,0.24382740259170532,0.9338453412055969,0.030094511806964874,0.004618018865585327,0.0,0.42915886640548706,0.0,-0.4199228286743164,0.0,20.0,1.7242885130457122
trial_04,151.273586794,1.0,433.0,536.0,0.8336528539657593,0.18141865730285645,0.9145287871360779,0.022116806358098984,0.0040219128131866455,0.0,0.42708373069763184,0.0,-0.41903990507125854,0.0,20.0,1.2671996606271767
trial_04,151.547245637,1.0,560.0,398.0,0.8761166930198669,0.24898797273635864,0.9316680431365967,0.012266631238162518,0.0056896209716796875,0.0,0.42923080921173096,0.0,-0.4178515672683716,0.0,20.0,0.7028261987900476
trial_04,151.814590554,1.0,459.0,539.0,0.844939112663269,0.182601660490036,0.9377641081809998,0.006247524172067642,0.0071486979722976685,0.0,0.43047547340393066,0.0,-0.4161780774593353,0.0,21.0,0.3579567674654398
trial_04,152.09953162600002,1.0,565.0,454.0,0.8570026159286499,0.1659563183784485,0.9312230944633484,0.005548660643398762,0.008472651243209839,0.0,0.43206214904785156,0.0,-0.4151168465614319,0.0,20.0,0.3179148368170929
trial_04,152.371675385,1.0,494.0,544.0,0.8525137901306152,0.17633545398712158,0.9269436597824097,0.0005595660768449306,0.009012609720230103,0.0,0.43299973011016846,0.0,-0.41497451066970825,0.0,20.0,0.032060774561907625
trial_04,152.635154731,1.0,565.0,428.0,0.8625954389572144,0.21377316117286682,0.9386531114578247,-0.008985325694084167,0.010707095265388489,0.0,0.43428221344947815,0.0,-0.41286802291870117,0.0,20.0,-0.5148212398214799
trial_04,152.90835935200002,1.0,462.0,536.0,0.8609854578971863,0.1684081256389618,0.9244711995124817,-0.01899208500981331,0.011583015322685242,0.0,0.43633201718330383,0.0,-0.41316598653793335,0.0,21.0,-1.0881663152159793
trial_04,153.17579690000002,1.0,556.0,356.0,0.8538655638694763,0.23701775074005127,0.9353362321853638,-0.020388107746839523,0.013082265853881836,0.0,0.4369046092033386,0.0,-0.41074007749557495,0.0,21.0,-1.168152526151883
trial_04,153.43576761600002,1.0,453.0,543.0,0.8634321093559265,0.20078137516975403,0.9353651404380798,-0.022464804351329803,0.01289297640323639,0.0,0.4379245340824127,0.0,-0.41213858127593994,0.0,21.0,-1.2871384769183247
trial_04,153.69878380900002,1.0,574.0,447.0,0.8501502275466919,0.19745495915412903,0.9389764666557312,-0.02526453323662281,0.012112081050872803,0.0,0.43812882900238037,0.0,-0.41390466690063477,0.0,21.0,-1.4475511258264806
trial_04,153.97774159000002,1.0,434.0,558.0,0.838447093963623,0.18960055708885193,0.9366891980171204,-0.028950748965144157,0.010360419750213623,0.0,0.4361991882324219,0.0,-0.41547834873199463,0.0,21.0,-1.6587557294454958
trial_04,154.24844483200002,1.0,561.0,445.0,0.8513306379318237,0.19974449276924133,0.9319497346878052,-0.032382670789957047,0.00960192084312439,0.0,0.4361840486526489,0.0,-0.41698020696640015,0.0,19.0,-1.8553903656261104
trial_04,154.50788867,1.0,462.0,568.0,0.8640096783638,0.235664963722229,0.9362478852272034,-0.03400906175374985,0.008924722671508789,0.0,0.43644410371780396,0.0,-0.4185946583747864,0.0,21.0,-1.948575703689652
trial_04,154.768190916,1.0,557.0,444.0,0.8764112591743469,0.2360478937625885,0.9444270133972168,-0.03498752415180206,0.007990643382072449,0.0,0.43550047278404236,0.0,-0.41951918601989746,0.0,20.0,-2.0046374695102935
trial_04,155.036964102,1.0,462.0,581.0,0.8561371564865112,0.19094732403755188,0.9426257610321045,-0.04187621921300888,0.008280828595161438,0.0,0.4357215464115143,0.0,-0.4191598892211914,0.0,21.0,-2.3993306228700586
trial_04,155.301246214,1.0,548.0,413.0,0.8605773448944092,0.22674620151519775,0.9465871453285217,-0.046044956892728806,0.009321838617324829,0.0,0.4362812638282776,0.0,-0.41763758659362793,0.0,20.0,-2.63818169781517
trial_04,155.570381145,1.0,469.0,580.0,0.8509435057640076,0.19203776121139526,0.9474377632141113,-0.04643311724066734,0.009655654430389404,0.0,0.43618279695510864,0.0,-0.41687148809432983,0.0,20.0,-2.6604216475263778
trial_04,155.84089675500002,1.0,566.0,452.0,0.8687328100204468,0.22424355149269104,0.9404643177986145,-0.04465467482805252,0.009852975606918335,0.0,0.43572455644607544,0.0,-0.41601860523223877,0.0,21.0,-2.5585244031764844
trial_04,156.119629204,1.0,488.0,591.0,0.8639271855354309,0.23766091465950012,0.9435303211212158,-0.04449627548456192,0.010021358728408813,0.0,0.4362388253211975,0.0,-0.4161961078643799,0.0,21.0,-2.54944878931683
trial_04,156.382733381,1.0,625.0,451.0,0.8664212226867676,0.22088947892189026,0.9371674656867981,-0.03787480667233467,0.009394347667694092,0.0,0.4356998801231384,0.0,-0.41691118478775024,0.0,21.0,-2.1700665721987065
trial_04,156.651550363,1.0,507.0,541.0,0.8692744374275208,0.23974421620368958,0.9406110644340515,-0.03187805414199829,0.009628087282180786,0.0,0.4355877637863159,0.0,-0.41633158922195435,0.0,21.0,-1.8264779614260347
trial_04,156.924266748,1.0,633.0,460.0,0.8700795769691467,0.23791423439979553,0.9434444904327393,-0.032498717308044434,0.007894203066825867,0.0,0.43262454867362976,0.0,-0.416836142539978,0.0,20.0,-1.862039341339706
trial_04,157.19635997,1.0,513.0,622.0,0.875552773475647,0.2532157003879547,0.9306682348251343,-0.029116645455360413,0.006216391921043396,0.0,0.431425541639328,0.0,-0.4189927577972412,0.0,21.0,-1.6682608981709206
trial_04,157.461197871,1.0,599.0,504.0,0.8654911518096924,0.251956969499588,0.9459502100944519,-0.02646196261048317,0.003894209861755371,0.0,0.42825162410736084,0.0,-0.4204632043838501,0.0,21.0,-1.516158775213672
trial_04,157.72037829500002,1.0,442.0,580.0,0.8471754789352417,0.19092953205108643,0.913211464881897,-0.02996731549501419,0.0015176087617874146,0.0,0.4252483546733856,0.0,-0.4222131371498108,0.0,21.0,-1.7170007012013084
trial_04,157.99899858,1.0,550.0,397.0,0.8700286149978638,0.2525087893009186,0.9359198212623596,-0.03239361196756363,0.002063259482383728,0.0,0.4243624210357666,0.0,-0.42023590207099915,0.0,20.0,-1.8560172489258706
trial_04,158.262643281,1.0,453.0,561.0,0.8717231750488281,0.20024359226226807,0.9293462038040161,-0.03404596820473671,-0.0006930828094482422,0.0,0.42192843556404114,0.0,-0.4233146011829376,0.0,20.0,-1.9506902875680057
trial_04,158.53154525800002,1.0,590.0,460.0,0.86326664686203,0.1629151701927185,0.9210802912712097,-0.013188022188842297,-0.0032164156436920166,0.0,0.4196712076663971,0.0,-0.42610403895378113,0.0,20.0,-0.7556180115455455
trial_04,158.793049798,1.0,472.0,576.0,0.8549103736877441,0.1671232283115387,0.9275023937225342,-0.007931381464004517,-0.004487916827201843,0.0,0.41932305693626404,0.0,-0.4282988905906677,0.0,21.0,-0.45443468359575084
trial_04,159.069058071,1.0,577.0,359.0,0.8518083691596985,0.2008296549320221,0.9423063397407532,-0.006046866998076439,-0.004631847143173218,0.0,0.4179651439189911,0.0,-0.4272288382053375,0.0,21.0,-0.34645995826672166
trial_04,159.340287929,1.0,461.0,569.0,0.8591845631599426,0.2063021957874298,0.9238919615745544,0.0023117540404200554,-0.006061628460884094,0.0,0.41753730177879333,0.0,-0.4296605587005615,0.0,21.0,0.1324537497883847
trial_04,159.620276157,1.0,587.0,458.0,0.8631625175476074,0.24472332000732422,0.9399067163467407,0.0016267960891127586,-0.0074143558740615845,0.0,0.4169310927391052,0.0,-0.4317598044872284,0.0,20.0,0.09320855003454924
trial_04,159.875921914,1.0,446.0,567.0,0.8546298742294312,0.19544371962547302,0.9347437620162964,-0.004020133055746555,-0.008017420768737793,0.0,0.41650789976119995,0.0,-0.43254274129867554,0.0,19.0,-0.23033665717530852
trial_04,160.155963546,1.0,598.0,465.0,0.8557340502738953,0.19040560722351074,0.9359028339385986,-0.0032591624185442924,-0.009306997060775757,0.0,0.41660547256469727,0.0,-0.4352194666862488,0.0,21.0,-0.1867362513302379
trial_04,160.423270645,1.0,486.0,570.0,0.851373553276062,0.19913139939308167,0.9372963905334473,-0.001295061782002449,-0.008425027132034302,0.0,0.4182916283607483,0.0,-0.4351416826248169,0.0,21.0,-0.07420157431743181
trial_04,160.688986316,1.0,583.0,442.0,0.8668602705001831,0.24627003073692322,0.9529945850372314,0.006056212820112705,-0.007993832230567932,0.0,0.4188385009765625,0.0,-0.43482616543769836,0.0,21.0,0.34699543442548003
trial_04,160.96662178900002,1.0,482.0,574.0,0.8719777464866638,0.24712076783180237,0.9398038983345032,0.0028067519888281822,-0.007001250982284546,0.0,0.4199848473072052,0.0,-0.4339873492717743,0.0,21.0,0.16081504309980482
trial_04,161.24046783,1.0,575.0,411.0,0.856537938117981,0.22359418869018555,0.9453114867210388,-0.004405795130878687,-0.004634350538253784,0.0,0.42249763011932373,0.0,-0.4317663311958313,0.0,20.0,-0.2524334663986369
trial_04,161.511882058,1.0,500.0,548.0,0.8825523853302002,0.24316522479057312,0.9413506388664246,-0.004729151725769043,-0.002535209059715271,0.0,0.42498448491096497,0.0,-0.4300549030303955,0.0,21.0,-0.2709604345635758
trial_04,161.76955625600002,1.0,601.0,456.0,0.88067626953125,0.19422557950019836,0.9320712089538574,-0.004635076969861984,-0.0018245726823806763,0.0,0.4253915846347809,0.0,-0.42904072999954224,0.0,21.0,-0.265570348091378
trial_04,162.038337961,1.0,464.0,559.0,0.8601586222648621,0.19552725553512573,0.9363455772399902,-0.004540754482150078,-0.0005689412355422974,0.0,0.4269714057445526,0.0,-0.4281092882156372,0.0,21.0,-0.26016606763231115
trial_04,162.30405568400002,1.0,600.0,456.0,0.8668211698532104,0.23864063620567322,0.9489591717720032,-0.003913565538823605,0.0006849914789199829,0.0,0.42769965529441833,0.0,-0.42632967233657837,0.0,21.0,-0.22423078822243447
trial_04,162.56709821200002,1.0,476.0,603.0,0.8644858598709106,0.20104461908340454,0.9338693022727966,-0.003734069410711527,0.002013862133026123,0.0,0.42929917573928833,0.0,-0.4252714514732361,0.0,20.0,-0.2139464176426729
trial_04,162.821662169,1.0,595.0,496.0,0.8604757189750671,0.208430677652359,0.9433810114860535,-0.003439011052250862,0.0023716092109680176,0.0,0.42865514755249023,0.0,-0.4239119291305542,0.0,20.0,-0.19704081899281864
trial_04,163.09152728400002,1.0,490.0,640.0,0.8730288147926331,0.24622711539268494,0.9389091730117798,-0.00283729936927557,0.0027666091918945312,0.0,0.4289063811302185,0.0,-0.42337316274642944,0.0,21.0,-0.1625652790746206
trial_04,163.35342292500002,1.0,639.0,494.0,0.8757608532905579,0.24826326966285706,0.9312726259231567,-0.0020539266988635063,0.002116292715072632,0.0,0.4286178946495056,0.0,-0.42438530921936035,0.0,19.0,-0.1176813312741165
trial_04,163.623647984,1.0,488.0,578.0,0.8381389379501343,0.18373921513557434,0.9143125414848328,-0.0010797306895256042,0.0024158209562301636,0.0,0.4280220866203308,0.0,-0.4231904447078705,0.0,21.0,-0.061864011520567364
trial_04,163.88707047,1.0,622.0,380.0,0.8515532612800598,0.20010992884635925,0.9163737297058105,-0.0003179628401994705,0.00459405779838562,0.0,0.42813366651535034,0.0,-0.4189455509185791,0.0,21.0,-0.01821792878542229
trial_04,164.16228837,1.0,477.0,491.0,0.8524662256240845,0.18593263626098633,0.9332655072212219,0.00037930533289909363,0.0048215389251708984,0.0,0.42652222514152527,0.0,-0.41687914729118347,0.0,21.0,0.02173259472192276
trial_04,164.42088018,1.0,608.0,396.0,0.8560794591903687,0.23536565899848938,0.9281818866729736,-0.0038300268352031708,0.0063713788986206055,0.0,0.4271373152732849,0.0,-0.4143945574760437,0.0,20.0,-0.21944437307898937
trial_04,164.689098153,1.0,488.0,565.0,0.8843172192573547,0.2386063039302826,0.9229495525360107,-0.0024683792144060135,0.006718665361404419,0.0,0.4280169606208801,0.0,-0.4145796298980713,0.0,21.0,-0.1414277112232823
trial_04,164.96514052400002,1.0,590.0,417.0,0.8447620868682861,0.1635473668575287,0.937519907951355,-0.005619389936327934,0.007828712463378906,0.0,0.42833995819091797,0.0,-0.41268253326416016,0.0,20.0,-0.32196732678987905
trial_04,165.22701803,1.0,488.0,579.0,0.8694390058517456,0.24609270691871643,0.9473997950553894,-0.003098676912486553,0.006986647844314575,0.0,0.42889711260795593,0.0,-0.4149238169193268,0.0,21.0,-0.17754110916010823
trial_04,165.49182896800002,1.0,605.0,365.0,0.8503969311714172,0.20680245757102966,0.9451302289962769,-0.0012614820152521133,0.007444128394126892,0.0,0.42948785424232483,0.0,-0.41459959745407104,0.0,21.0,-0.07227759540560384
trial_04,165.758973696,1.0,513.0,573.0,0.8632030487060547,0.1900143027305603,0.9383717775344849,0.000794634222984314,0.006907567381858826,0.0,0.43103474378585815,0.0,-0.4172196090221405,0.0,21.0,0.045529187233658744
trial_04,166.020900025,1.0,600.0,433.0,0.8877648711204529,0.24208232760429382,0.9358765482902527,0.00207699928432703,0.005937546491622925,0.0,0.43150457739830017,0.0,-0.4196294844150543,0.0,19.0,0.1190032930436313
trial_04,166.295047269,1.0,488.0,567.0,0.8662615418434143,0.1910746693611145,0.9253085851669312,0.0022352561354637146,0.005696982145309448,0.0,0.432205468416214,0.0,-0.4208115041255951,0.0,20.0,0.12807074269279348
trial_04,166.565610961,1.0,609.0,453.0,0.8659537434577942,0.2368481457233429,0.9380772113800049,-0.0014375122264027596,0.005386605858802795,0.0,0.43178999423980713,0.0,-0.42101678252220154,0.0,19.0,-0.08236338357133259
trial_04,166.83119939600002,1.0,492.0,550.0,0.8601252436637878,0.24138721823692322,0.9380497932434082,-0.0033099139109253883,0.005222976207733154,0.0,0.43191373348236084,0.0,-0.42146778106689453,0.0,21.0,-0.18964409764766504
trial_04,167.095324741,1.0,609.0,447.0,0.8618426322937012,0.22953906655311584,0.9473785161972046,-0.001199420541524887,0.004919260740280151,0.0,0.4319862127304077,0.0,-0.4221476912498474,0.0,21.0,-0.06872173489067174
trial_04,167.36437320200002,1.0,501.0,578.0,0.8734056353569031,0.2389267385005951,0.9399721026420593,0.0006166733801364899,0.0053904056549072266,0.0,0.43272918462753296,0.0,-0.4219483733177185,0.0,20.0,0.03533278201988752
trial_04,167.64113759100002,1.0,569.0,469.0,0.8497380018234253,0.2157265841960907,0.9322701692581177,-0.003067413344979286,0.005862191319465637,0.0,0.4327278733253479,0.0,-0.4210034906864166,0.0,20.0,-0.1757498386894195
trial_04,167.91673734900002,1.0,479.0,612.0,0.86053866147995,0.2099466621875763,0.930982768535614,-0.0002460358664393425,0.005662396550178528,0.0,0.4315146207809448,0.0,-0.42018982768058777,0.0,21.0,-0.014096816755818739
trial_04,168.195797634,1.0,619.0,526.0,0.869684100151062,0.24401435256004333,0.9297060370445251,0.0015821289271116257,0.006099507212638855,0.0,0.4312036335468292,0.0,-0.4190046191215515,0.0,21.0,0.0906493101690572
trial_04,168.468722477,1.0,557.0,646.0,0.860650897026062,0.1961338222026825,0.9288579225540161,0.0032685846090316772,0.006181105971336365,0.0,0.4308698773384094,0.0,-0.4185076653957367,0.0,21.0,0.18727610307893336
trial_04,168.732828954,1.0,657.0,518.0,0.8733907341957092,0.24350473284721375,0.9278419017791748,0.0044800955802202225,0.006893828511238098,0.0,0.43150433897972107,0.0,-0.4177166819572449,0.0,21.0,0.2566905685618325
trial_04,169.01645098,1.0,550.0,623.0,0.8692704439163208,0.2387951910495758,0.9431434869766235,0.004364436492323875,0.006059139966964722,0.0,0.4305250346660614,0.0,-0.41840675473213196,0.0,21.0,0.25006379096303916
trial_04,169.27437475000002,1.0,610.0,450.0,0.8606836199760437,0.222116619348526,0.9426990747451782,-0.006443536840379238,0.007362306118011475,0.0,0.4310153126716614,0.0,-0.4162907004356384,0.0,21.0,-0.36918746609079195
trial_04,169.54015577,1.0,499.0,584.0,0.8718128204345703,0.20527240633964539,0.9326926469802856,-0.005403698422014713,0.0073560625314712524,0.0,0.431630939245224,0.0,-0.4169188141822815,0.0,21.0,-0.3096091133429459
trial_04,169.800985478,1.0,590.0,450.0,0.8661889433860779,0.23043766617774963,0.9425080418586731,-0.004689128138124943,0.007307574152946472,0.0,0.4310603737831116,0.0,-0.41644522547721863,0.0,19.0,-0.2686672519105969
trial_04,170.08906689,1.0,465.0,600.0,0.8753436207771301,0.2498939335346222,0.9325159192085266,-0.004297072533518076,0.007091954350471497,0.0,0.4311627447605133,0.0,-0.4169788360595703,0.0,21.0,-0.24620412043217374
trial_04,170.355430496,1.0,589.0,372.0,0.8684884309768677,0.24923625588417053,0.9470487236976624,-0.0037907110527157784,0.008356690406799316,0.0,0.431723415851593,0.0,-0.4150100350379944,0.0,21.0,-0.21719174467420743
trial_04,170.61646579400002,1.0,455.0,573.0,0.8509451746940613,0.19554293155670166,0.9274439215660095,-0.0033355397172272205,0.00790359079837799,0.0,0.4322564899921417,0.0,-0.41644930839538574,0.0,21.0,-0.19111234819537978
trial_04,170.89267437200002,1.0,594.0,468.0,0.8612410426139832,0.2106206715106964,0.9313263893127441,0.0020064660347998142,0.006627529859542847,0.0,0.4327801465988159,0.0,-0.4195250868797302,0.0,21.0,0.11496203553037872
trial_04,171.15659943900002,1.0,485.0,493.0,0.8623664379119873,0.24428632855415344,0.9449294805526733,5.5767130106687546e-05,0.007078647613525391,0.0,0.43322861194610596,0.0,-0.4190713167190552,0.0,20.0,0.003195221190670145
trial_04,171.419800255,1.0,576.0,451.0,0.8685110211372375,0.23975157737731934,0.9338781237602234,-0.003594363806769252,0.006090104579925537,0.0,0.43346598744392395,0.0,-0.4212857782840729,0.0,21.0,-0.2059418761624543
trial_04,171.68530466,1.0,486.0,580.0,0.854505181312561,0.18290308117866516,0.9316142797470093,-0.005637563765048981,0.0065156519412994385,0.0,0.43470102548599243,0.0,-0.42166972160339355,0.0,21.0,-0.32300861047318863
trial_04,171.963995105,1.0,592.0,420.0,0.8732088208198547,0.24458420276641846,0.9412692785263062,-0.0023049754090607166,0.005403369665145874,0.0,0.4339372515678406,0.0,-0.42313051223754883,0.0,21.0,-0.13206536282061956
trial_04,172.241919776,1.0,505.0,577.0,0.8587096333503723,0.19536837935447693,0.9411577582359314,-0.0002752437721937895,0.004851177334785461,0.0,0.43273064494132996,0.0,-0.42302829027175903,0.0,21.0,-0.015770306483964422
trial_04,172.503134186,1.0,588.0,468.0,0.8666971921920776,0.204695463180542,0.936463475227356,-0.0035090295132249594,0.004307180643081665,0.0,0.43174779415130615,0.0,-0.4231334328651428,0.0,20.0,-0.20105258129463585
trial_04,172.76429035700002,1.0,483.0,601.0,0.8707068562507629,0.23929408192634583,0.939788281917572,-0.001329613383859396,0.004045218229293823,0.0,0.43087130784988403,0.0,-0.4227808713912964,0.0,21.0,-0.07618123527925125
trial_04,173.03766067200002,1.0,588.0,451.0,0.8640233874320984,0.2087550163269043,0.929153323173523,-0.004571822006255388,0.005242332816123962,0.0,0.43140479922294617,0.0,-0.42092013359069824,0.0,21.0,-0.2619461056434664
trial_04,173.302845996,1.0,450.0,629.0,0.8675252795219421,0.2204623520374298,0.9300901293754578,-0.007110876962542534,0.006022348999977112,0.0,0.4321739375591278,0.0,-0.4201292395591736,0.0,21.0,-0.40742323859049356
trial_04,173.569185572,1.0,605.0,514.0,0.8667630553245544,0.2477184236049652,0.938779354095459,-0.009163176640868187,0.006577983498573303,0.0,0.43223658204078674,0.0,-0.41908061504364014,0.0,21.0,-0.52501134845461
trial_04,173.83981550200002,1.0,505.0,638.0,0.8798327445983887,0.24439388513565063,0.9361950755119324,-0.010923413559794426,0.007983177900314331,0.0,0.43296313285827637,0.0,-0.4169967770576477,0.0,21.0,-0.6258654948521951
trial_04,174.099606929,1.0,590.0,460.0,0.8600997924804688,0.20729786157608032,0.9240013360977173,-0.0073970952071249485,0.00795622169971466,0.0,0.43167370557785034,0.0,-0.415761262178421,0.0,20.0,-0.4238223360247091
trial_04,174.36621396200002,1.0,472.0,577.0,0.8731067180633545,0.24523425102233887,0.9225283861160278,-0.005169968586415052,0.008364289999008179,0.0,0.4318082332611084,0.0,-0.41507965326309204,0.0,21.0,-0.2962173802167987
trial_04,174.632119503,1.0,558.0,394.0,0.8555020093917847,0.22790011763572693,0.937380850315094,-0.0037801284343004227,0.008829429745674133,0.0,0.43065115809440613,0.0,-0.41299229860305786,0.0,21.0,-0.21658540530281012
trial_04,174.90035351,1.0,424.0,587.0,0.8687663078308105,0.20517748594284058,0.9152551293373108,-0.003188840113580227,0.007316216826438904,0.0,0.4279478192329407,0.0,-0.41331538558006287,0.0,21.0,-0.18270708005016506
trial_04,175.164217463,1.0,584.0,450.0,0.8715637922286987,0.24255838990211487,0.9120108485221863,-0.0030205072835087776,0.007119536399841309,0.0,0.42746198177337646,0.0,-0.41322290897369385,0.0,20.0,-0.17306231933357816
trial_04,175.429503218,1.0,441.0,576.0,0.8572293519973755,0.19515693187713623,0.9084132313728333,-0.008366361260414124,0.005950793623924255,0.0,0.4253862202167511,0.0,-0.4134846329689026,0.0,21.0,-0.47935719010348116
trial_04,175.69319113100002,1.0,572.0,458.0,0.8530154228210449,0.2107391059398651,0.9049050211906433,-0.007914324291050434,0.0061891525983810425,0.0,0.42575255036354065,0.0,-0.41337424516677856,0.0,21.0,-0.4534573795750572
trial_04,175.96250107,1.0,501.0,574.0,0.875285804271698,0.24147161841392517,0.9192891120910645,-0.008456888608634472,0.005312755703926086,0.0,0.42609110474586487,0.0,-0.4154655933380127,0.0,21.0,-0.48454402508701827
trial_04,176.24251236700002,1.0,593.0,446.0,0.8720840215682983,0.2414042353630066,0.9134327173233032,-0.008858418092131615,0.003948777914047241,0.0,0.4261454939842224,0.0,-0.41824793815612793,0.0,20.0,-0.5075499698414724
trial_04,176.507253674,1.0,486.0,586.0,0.8597214221954346,0.19508105516433716,0.9283794164657593,-0.009815095923841,0.0028517693281173706,0.0,0.4256654977798462,0.0,-0.41996195912361145,0.0,21.0,-0.5623635719521469
trial_04,176.766752579,1.0,561.0,420.0,0.8718346953392029,0.23545819520950317,0.9318993091583252,-0.01636561006307602,0.0028936564922332764,0.0,0.42558273673057556,0.0,-0.419795423746109,0.0,21.0,-0.9376803857710849
trial_04,177.031612165,1.0,461.0,594.0,0.8583629131317139,0.23453739285469055,0.930115282535553,-0.021212559193372726,0.0027910172939300537,0.0,0.4257657825946808,0.0,-0.4201837480068207,0.0,21.0,-1.2153901144516912
trial_04,177.29905690500001,1.0,551.0,450.0,0.8692311644554138,0.23317065834999084,0.9383177161216736,-0.020434796810150146,0.00364898145198822,0.0,0.42587170004844666,0.0,-0.4185737371444702,0.0,19.0,-1.1708276124290007
trial_04,177.56569184300002,1.0,464.0,620.0,0.8622723817825317,0.23204708099365234,0.9288642406463623,-0.024944541975855827,0.0033934712409973145,0.0,0.426247775554657,0.0,-0.41946083307266235,0.0,20.0,-1.4292169771034624
trial_04,177.826218583,1.0,563.0,508.0,0.8795697093009949,0.23046818375587463,0.9300526976585388,-0.023320503532886505,0.0024035274982452393,0.0,0.42505359649658203,0.0,-0.42024654150009155,0.0,20.0,-1.3361664285543227
trial_04,178.091721938,1.0,481.0,657.0,0.8910655975341797,0.23983263969421387,0.9183754920959473,-0.027085663750767708,0.0028321444988250732,0.0,0.42608770728111267,0.0,-0.4204234182834625,0.0,21.0,-1.551894218229473
trial_04,178.361710101,1.0,658.0,494.0,0.8626043200492859,0.21095237135887146,0.932044506072998,-0.02534230425953865,0.002262622117996216,0.0,0.42471498250961304,0.0,-0.4201897382736206,0.0,21.0,-1.4520070772079734
trial_04,178.628806776,1.0,542.0,670.0,0.8891389966011047,0.24532541632652283,0.918867290019989,-0.023925915360450745,0.0012905001640319824,0.0,0.42474251985549927,0.0,-0.4221615195274353,0.0,20.0,-1.3708539711410554
trial_04,178.890965099,1.0,637.0,447.0,0.8409765362739563,0.200942724943161,0.9156104326248169,-0.0228787399828434,0.0014950931072235107,0.0,0.42227086424827576,0.0,-0.41928067803382874,0.0,21.0,-1.3108552415941361
trial_04,179.15853765600002,1.0,504.0,612.0,0.8710519075393677,0.19877788424491882,0.917734682559967,-0.02226238138973713,-0.001379460096359253,0.0,0.4202083945274353,0.0,-0.4229673147201538,0.0,20.0,-1.2755404955425258
trial_04,179.421873804,1.0,587.0,420.0,0.8628150224685669,0.2250397503376007,0.9190611839294434,-0.022229934111237526,-0.0014245212078094482,0.0,0.41959160566329956,0.0,-0.42244064807891846,0.0,21.0,-1.273681403427813
trial_04,179.689625382,1.0,462.0,524.0,0.8466200828552246,0.22067835927009583,0.927001416683197,-0.015499379485845566,-0.003978639841079712,0.0,0.414814829826355,0.0,-0.4227721095085144,0.0,21.0,-0.8880490296105988
trial_04,179.96546094800001,1.0,578.0,510.0,0.8795717358589172,0.2501342296600342,0.9261878728866577,-0.013296877034008503,-0.0064185261726379395,0.0,0.414750337600708,0.0,-0.4275873899459839,0.0,20.0,-0.7618549347531193
trial_04,180.24292415000002,1.0,449.0,596.0,0.891067624092102,0.24941501021385193,0.9291664361953735,-0.004462750628590584,-0.008502960205078125,0.0,0.41462093591690063,0.0,-0.4316268563270569,0.0,21.0,-0.2556967760375956
trial_04,180.495581791,1.0,540.0,399.0,0.8799682855606079,0.24681296944618225,0.935156524181366,-0.00482096616178751,-0.010098665952682495,0.0,0.41370415687561035,0.0,-0.43390148878097534,0.0,21.0,-0.2762210142458079
trial_04,180.756479774,1.0,438.0,595.0,0.8835333585739136,0.24343839287757874,0.9180766344070435,0.0034663607366383076,-0.0118216872215271,0.0,0.4131110608577728,0.0,-0.436754435300827,0.0,21.0,0.1986078404792341
trial_04,181.02117603000002,1.0,563.0,462.0,0.8813595771789551,0.248406320810318,0.9346883893013,0.0013263493310660124,-0.011988028883934021,0.0,0.4140510559082031,0.0,-0.43802711367607117,0.0,19.0,0.07599421883008248
trial_04,181.29015136200002,1.0,453.0,595.0,0.8522501587867737,0.1952814757823944,0.929688036441803,0.005805660504847765,-0.012312278151512146,0.0,0.4129027724266052,0.0,-0.4375273287296295,0.0,21.0,0.33263984421356774
trial_04,181.553028388,1.0,566.0,453.0,0.8720409870147705,0.22099003195762634,0.9273626208305359,0.005501685664057732,-0.011368006467819214,0.0,0.4138108491897583,0.0,-0.43654686212539673,0.0,21.0,0.31522336875813767
trial_04,181.814712699,1.0,449.0,585.0,0.8625441789627075,0.19203805923461914,0.9201921820640564,0.008683856576681137,-0.009937971830368042,0.0,0.4157450199127197,0.0,-0.4356209635734558,0.0,21.0,0.4975483317407523
trial_04,182.084411609,1.0,572.0,435.0,0.8625226616859436,0.20458725094795227,0.9326028227806091,0.010011080652475357,-0.00872628390789032,0.0,0.41730165481567383,0.0,-0.43475422263145447,0.0,21.0,0.5735926697519124
trial_04,182.36101893400001,1.0,474.0,606.0,0.8778553009033203,0.2455519139766693,0.9409180879592896,0.011316293850541115,-0.00726725161075592,0.0,0.4191296100616455,0.0,-0.43366411328315735,0.0,21.0,0.6483758773658531
trial_04,182.632108732,1.0,561.0,429.0,0.8759779930114746,0.24601340293884277,0.9405876398086548,0.012192443013191223,-0.005792483687400818,0.0,0.4201921820640564,0.0,-0.43177714943885803,0.0,21.0,0.6985755266096254
trial_04,182.918564691,1.0,476.0,612.0,0.8709033131599426,0.2244906723499298,0.9396746754646301,0.01411054190248251,-0.004372537136077881,0.0,0.4221794307231903,0.0,-0.43092450499534607,0.0,21.0,0.808474497654747
trial_04,183.178159967,1.0,559.0,492.0,0.8666726350784302,0.24456331133842468,0.937741219997406,0.016190294176340103,-0.003017604351043701,0.0,0.42254191637039185,0.0,-0.42857712507247925,0.0,21.0,0.9276355253795233
trial_04,183.44561204000001,1.0,467.0,667.0,0.8755229115486145,0.24450942873954773,0.929641604423523,0.0182701013982296,-0.0026759952306747437,0.0,0.42245686054229736,0.0,-0.42780885100364685,0.0,21.0,1.0467997013946202
trial_04,183.70467012,1.0,541.0,538.0,0.8837805986404419,0.24431255459785461,0.9283325672149658,0.019842959940433502,-0.0017609596252441406,0.0,0.42313361167907715,0.0,-0.42665553092956543,0.0,20.0,1.136917857634003
trial_04,183.98740618300002,1.0,466.0,652.0,0.8726324439048767,0.24731582403182983,0.9273766279220581,0.02120983600616455,-0.0015899837017059326,0.0,0.42267268896102905,0.0,-0.4258526563644409,0.0,21.0,1.2152340873178387
trial_04,184.248029397,1.0,585.0,513.0,0.8758338689804077,0.24870231747627258,0.9409410357475281,0.022095534950494766,-0.0015014559030532837,0.0,0.42282530665397644,0.0,-0.425828218460083,0.0,19.0,1.2659808987471524
trial_04,184.507619602,1.0,492.0,611.0,0.8811644315719604,0.2505597770214081,0.9223105311393738,0.022717725485563278,-0.0008333921432495117,0.0,0.4235498905181885,0.0,-0.4252166748046875,0.0,21.0,1.3016297904595646
trial_04,184.76667819600002,1.0,559.0,437.0,0.8838547468185425,0.2518097758293152,0.937698483467102,0.018340937793254852,0.00013719499111175537,0.0,0.4238695204257965,0.0,-0.423595130443573,0.0,20.0,1.0508583278654886
trial_04,185.038521424,1.0,432.0,592.0,0.8758260011672974,0.2226165533065796,0.9329771399497986,0.020068906247615814,0.0005111992359161377,0.0,0.4239061176776886,0.0,-0.4228837192058563,0.0,20.0,1.149863627432116
trial_04,185.30236078200002,1.0,543.0,380.0,0.865233302116394,0.21082064509391785,0.9208949208259583,0.02024783194065094,0.0012846291065216064,0.0,0.4230554699897766,0.0,-0.4204862117767334,0.0,21.0,1.160115314489482
trial_04,185.571007748,1.0,393.0,499.0,0.8730959296226501,0.2474556863307953,0.9437476396560669,0.021870587021112442,0.0015649497509002686,0.0,0.42260098457336426,0.0,-0.4194710850715637,0.0,21.0,1.2530923317833385
trial_04,185.829845887,1.0,519.0,478.0,0.8661166429519653,0.23097869753837585,0.9379149675369263,0.01992088556289673,0.0012237578630447388,0.0,0.4236908257007599,0.0,-0.4212433099746704,0.0,21.0,1.141382666917076
trial_04,186.098584488,1.0,422.0,570.0,0.8653508424758911,0.17292019724845886,0.9310852289199829,0.020458564162254333,-9.970366954803467e-05,0.0,0.4230344593524933,0.0,-0.42323386669158936,0.0,21.0,1.1721893813947721
trial_04,186.372687831,1.0,487.0,474.0,0.8777188658714294,0.22506079077720642,0.9323278069496155,0.02187521383166313,-0.0006527453660964966,0.0,0.42407533526420593,0.0,-0.4253808259963989,0.0,21.0,1.2533574285004996
trial_04,186.639765089,1.0,431.0,556.0,0.8851543664932251,0.2459702491760254,0.9265733361244202,0.01800050586462021,0.0003748387098312378,0.0,0.4256154000759125,0.0,-0.42486572265625,0.0,20.0,1.0313530151432249
trial_04,186.902098171,1.0,503.0,381.0,0.877404510974884,0.24738386273384094,0.9301559925079346,0.01479940116405487,0.0027700960636138916,0.0,0.4279131293296814,0.0,-0.4223729372024536,0.0,20.0,0.8479432260213418
trial_04,187.177058891,1.0,446.0,509.0,0.8652318120002747,0.24702301621437073,0.9351260662078857,0.011890383437275887,0.005923822522163391,0.0,0.430732786655426,0.0,-0.41888514161109924,0.0,21.0,0.6812687877481651
trial_04,187.432258222,1.0,507.0,404.0,0.8579141497612,0.1916845440864563,0.9330697655677795,0.013427060097455978,0.007658466696739197,0.0,0.43297189474105835,0.0,-0.41765496134757996,0.0,21.0,0.7693138748527434
trial_04,187.698967457,1.0,426.0,563.0,0.8645709753036499,0.19355741143226624,0.9359197020530701,0.004940386861562729,0.007727622985839844,0.0,0.43343546986579895,0.0,-0.41798022389411926,0.0,21.0,0.2830633163294269
trial_04,187.96467122800001,1.0,518.0,452.0,0.8536518812179565,0.2010602056980133,0.931621253490448,-0.006765485741198063,0.008760973811149597,0.0,0.43444472551345825,0.0,-0.41692277789115906,0.0,19.0,-0.38763377932658655
trial_04,188.233758174,1.0,443.0,577.0,0.8695938587188721,0.23234832286834717,0.9358241558074951,-0.00692738126963377,0.009603768587112427,0.0,0.43643444776535034,0.0,-0.4172269105911255,0.0,18.0,-0.3969097098279928
trial_04,188.494297941,1.0,504.0,460.0,0.8719985485076904,0.23779717087745667,0.9399816393852234,-0.000399791169911623,0.008569881319999695,0.0,0.435542494058609,0.0,-0.4184027314186096,0.0,21.0,-0.022906346722533583
trial_04,188.75380910200002,1.0,426.0,600.0,0.8676832914352417,0.23694464564323425,0.9219604730606079,0.003888471517711878,0.0071395039558410645,0.0,0.4342726469039917,0.0,-0.41999363899230957,0.0,21.0,0.22279300672172034
trial_04,189.017763231,1.0,491.0,481.0,0.8701804280281067,0.23696476221084595,0.9339859485626221,-0.0005210759118199348,0.006124064326286316,0.0,0.4330575168132782,0.0,-0.42080938816070557,0.0,21.0,-0.029855450553213314
trial_04,189.289015645,1.0,435.0,639.0,0.8790236711502075,0.24421921372413635,0.9280015230178833,-0.0012589567340910435,0.005491852760314941,0.0,0.43225598335266113,0.0,-0.42127227783203125,0.0,21.0,-0.07213290745299064
trial_04,189.553148821,1.0,467.0,532.0,0.8749266266822815,0.2467970848083496,0.9302763938903809,0.0030265389941632748,0.00596734881401062,0.0,0.43149858713150024,0.0,-0.419563889503479,0.0,20.0,0.17340791089732494
trial_04,189.812850891,1.0,388.0,636.0,0.8792122602462769,0.24883952736854553,0.9317992329597473,0.0013291789218783379,0.005857884883880615,0.0,0.43102264404296875,0.0,-0.4193068742752075,0.0,21.0,0.07615634244137771
trial_04,190.084611222,1.0,513.0,517.0,0.8647471070289612,0.20013108849525452,0.9176778197288513,0.00014133984223008156,0.006044104695320129,0.0,0.4309457838535309,0.0,-0.4188575744628906,0.0,21.0,0.008098176436828594
trial_04,190.368546904,1.0,452.0,519.0,0.8649296760559082,0.246180921792984,0.9385112524032593,-0.0006806701421737671,0.006854936480522156,0.0,0.4300450384616852,0.0,-0.41633516550064087,0.0,19.0,-0.03899952638712656
trial_04,190.62213761700002,1.0,516.0,424.0,0.8710455894470215,0.24322441220283508,0.9408904314041138,-0.001434273086488247,0.007613584399223328,0.0,0.42980173230171204,0.0,-0.4145745635032654,0.0,21.0,-0.08217779452497864
trial_04,190.890462934,1.0,446.0,492.0,0.8785493969917297,0.2484087347984314,0.9425366520881653,0.002034563571214676,0.008133679628372192,0.0,0.43014031648635864,0.0,-0.41387295722961426,0.0,19.0,0.11657190578166543
trial_04,191.158471136,1.0,474.0,436.0,0.8832975029945374,0.22172865271568298,0.9319220185279846,0.0006418037228286266,0.006616935133934021,0.0,0.4293324947357178,0.0,-0.41609862446784973,0.0,19.0,0.03677264459386439
trial_04,191.432267015,1.0,383.0,502.0,0.8763854503631592,0.24476435780525208,0.9403024315834045,-0.0013948518317192793,0.0066741108894348145,0.0,0.42868179082870483,0.0,-0.4153335690498352,0.0,19.0,-0.07991912300360683
trial_04,191.69930783400002,1.0,443.0,377.0,0.8756304383277893,0.25184908509254456,0.9371239542961121,0.0012670716969296336,0.007005020976066589,0.0,0.4284698963165283,0.0,-0.41445985436439514,0.0,21.0,0.07259786057454735
trial_04,191.99616824900002,1.0,386.0,547.0,0.8802672028541565,0.25218266248703003,0.9362510442733765,0.0033244334626942873,0.003182142972946167,0.0,0.42494767904281616,0.0,-0.41858339309692383,0.0,21.0,0.19047600668444467
trial_04,192.25852826800002,1.0,426.0,405.0,0.8781920075416565,0.25037407875061035,0.9371353387832642,-0.0002695093862712383,0.002858668565750122,0.0,0.42590034008026123,0.0,-0.420183002948761,0.0,21.0,-0.015441750372503006
trial_04,192.55036011500002,1.0,374.0,491.0,0.8532297015190125,0.22780516743659973,0.9363062977790833,0.002099198754876852,0.001957535743713379,0.0,0.42505064606666565,0.0,-0.4211355745792389,0.0,19.0,0.12027522901356107
trial_04,192.806492649,1.0,415.0,457.0,0.8798684477806091,0.24932363629341125,0.9408852458000183,-0.001164765446446836,0.0027426481246948242,0.0,0.42868638038635254,0.0,-0.4232010841369629,0.0,21.0,-0.06673614420407481
trial_04,193.073446547,1.0,374.0,557.0,0.8874226808547974,0.2488819658756256,0.9330974817276001,0.0013736882247030735,0.0043549686670303345,0.0,0.43306198716163635,0.0,-0.4243520498275757,0.0,19.0,0.07870653764230479
trial_04,193.32777866,1.0,408.0,424.0,0.8798819780349731,0.24645110964775085,0.9405910968780518,0.003246779553592205,0.005412474274635315,0.0,0.43679285049438477,0.0,-0.42596790194511414,0.0,20.0,0.18602676543020283
trial_04,193.59101688,1.0,372.0,563.0,0.8797024488449097,0.24088674783706665,0.9267696142196655,0.004310594405978918,0.006507247686386108,0.0,0.43919116258621216,0.0,-0.42617666721343994,0.0,19.0,0.24697886665529417
trial_04,193.84881756200002,1.0,420.0,445.0,0.8969313502311707,0.24220046401023865,0.916460394859314,0.005057115573436022,0.006613403558731079,0.0,0.4405543804168701,0.0,-0.42732757329940796,0.0,19.0,0.2897513788677652
trial_04,194.11151070800003,1.0,336.0,574.0,0.8774644732475281,0.2413792908191681,0.9312651753425598,0.0010851281695067883,0.006651252508163452,0.0,0.44113391637802124,0.0,-0.42783141136169434,0.0,20.0,0.06217326434349556
trial_04,194.375599776,1.0,408.0,493.0,0.8596247434616089,0.19981786608695984,0.9336943030357361,-0.003102382645010948,0.00730443000793457,0.0,0.44196659326553345,0.0,-0.4273577332496643,0.0,19.0,-0.17775343199376042
trial_04,194.64077458100002,1.0,324.0,586.0,0.87559574842453,0.24856513738632202,0.9400209784507751,-0.002419454976916313,0.007918909192085266,0.0,0.44219595193862915,0.0,-0.4263581335544586,0.0,21.0,-0.13862455889922676
trial_04,194.912886251,1.0,374.0,498.0,0.8635612726211548,0.17842239141464233,0.9361142516136169,-0.005838930606842041,0.007990226149559021,0.0,0.44247305393218994,0.0,-0.4264926016330719,0.0,21.0,-0.3345460806418096
trial_04,195.18010964500002,1.0,315.0,627.0,0.8567028045654297,0.19485515356063843,0.9295973777770996,-0.00753729697316885,0.007987335324287415,0.0,0.4419812560081482,0.0,-0.42600658535957336,0.0,20.0,-0.4318553054993052
trial_04,195.440051261,1.0,392.0,491.0,0.8715300559997559,0.1977863609790802,0.9391354322433472,-0.011034440249204636,0.007445767521858215,0.0,0.4421156346797943,0.0,-0.4272240996360779,0.0,20.0,-0.63222685556871
trial_04,195.70330732500003,1.0,333.0,604.0,0.8802648186683655,0.24750375747680664,0.9347519874572754,-0.012090478092432022,0.0071637630462646484,0.0,0.4415212571620941,0.0,-0.4271937310695648,0.0,21.0,-0.6927333669917373
trial_04,195.973487935,1.0,423.0,467.0,0.8927462697029114,0.24667704105377197,0.9371302723884583,-0.013485096395015717,0.006661415100097656,0.0,0.44058650732040405,0.0,-0.42726367712020874,0.0,21.0,-0.7726391097614818
trial_04,196.23963242500002,1.0,383.0,577.0,0.878942608833313,0.21495747566223145,0.9399086833000183,-0.014911428093910217,0.006106823682785034,0.0,0.44049566984176636,0.0,-0.4282820224761963,0.0,21.0,-0.8543618962938612
trial_04,196.509382265,1.0,420.0,380.0,0.8706136345863342,0.25459742546081543,0.9294315576553345,-0.017429720610380173,0.007490918040275574,0.0,0.43947991728782654,0.0,-0.4244980812072754,0.0,21.0,-0.9986494290669691
trial_04,196.76577031800002,1.0,302.0,563.0,0.8767917156219482,0.2545892894268036,0.9378172755241394,-0.015727324411273003,0.0049105435609817505,0.0,0.4372568726539612,0.0,-0.4274357855319977,0.0,19.0,-0.9011093117990152
trial_04,197.03017250300002,1.0,364.0,390.0,0.878349781036377,0.2589065730571747,0.9302628636360168,-0.015527576208114624,0.004739314317703247,0.0,0.43532028794288635,0.0,-0.42584165930747986,0.0,20.0,-0.8896645827927184
trial_04,197.292821854,1.0,278.0,552.0,0.8957123756408691,0.2605666518211365,0.926574170589447,-0.015799477696418762,0.0016589909791946411,0.0,0.4339655339717865,0.0,-0.4306475520133972,0.0,21.0,-0.9052433905158712
trial_04,197.554610593,1.0,338.0,434.0,0.8763164281845093,0.24401816725730896,0.9431290626525879,-0.02264351397752762,-0.0016490817070007324,0.0,0.4319222569465637,0.0,-0.4352204203605652,0.0,21.0,-1.2973777842578202
trial_04,197.81297294200002,1.0,273.0,562.0,0.8788532018661499,0.19435718655586243,0.937780499458313,-0.027129460126161575,-0.0027021169662475586,0.0,0.4321550130844116,0.0,-0.43755924701690674,0.0,21.0,-1.5544035656975121
trial_04,198.07608810800002,1.0,348.0,400.0,0.8820554614067078,0.2503742277622223,0.9461302161216736,-0.025877662003040314,-0.003996551036834717,0.0,0.4316723942756653,0.0,-0.4396654963493347,0.0,19.0,-1.482680816440266
trial_04,198.341215315,1.0,268.0,544.0,0.8700622320175171,0.18927130103111267,0.9374204277992249,-0.015985164791345596,-0.004159599542617798,0.0,0.43148073554039,0.0,-0.4397999346256256,0.0,20.0,-0.9158824773652239
trial_04,198.61116452800002,1.0,361.0,446.0,0.8805781006813049,0.247892826795578,0.9428650140762329,-0.00557510182261467,-0.004966706037521362,0.0,0.43052423000335693,0.0,-0.44045764207839966,0.0,21.0,-0.3194298047915135
trial_04,198.89119729400002,1.0,259.0,553.0,0.8696519136428833,0.24471792578697205,0.9483115673065186,-0.00861758179962635,-0.006094425916671753,0.0,0.4289664626121521,0.0,-0.4411553144454956,0.0,19.0,-0.49375106672734254
trial_04,199.171052621,1.0,389.0,439.0,0.8774639964103699,0.23079881072044373,0.9445287585258484,-0.011598249897360802,-0.007125690579414368,0.0,0.42653796076774597,0.0,-0.4407893419265747,0.0,20.0,-0.6645307688568142
trial_04,199.42993706000001,1.0,286.0,591.0,0.8720197081565857,0.25374189019203186,0.9512230753898621,-0.010844038799405098,-0.0075388103723526,0.0,0.4252976179122925,0.0,-0.4403752386569977,0.0,21.0,-0.6213176560820245
trial_04,199.68705008,1.0,371.0,455.0,0.8707769513130188,0.22165003418922424,0.94532710313797,-0.006448781117796898,-0.008625775575637817,0.0,0.424666166305542,0.0,-0.4419177174568176,0.0,21.0,-0.36948794105341964
trial_04,199.963104367,1.0,280.0,593.0,0.8678996562957764,0.16954264044761658,0.9327128529548645,-0.006682680919766426,-0.00792810320854187,0.0,0.4242066740989685,0.0,-0.44006288051605225,0.0,21.0,-0.38288941253521935
trial_04,200.22413469100002,1.0,374.0,481.0,0.8723418116569519,0.19870007038116455,0.9352186322212219,-0.0010852310806512833,-0.009308084845542908,0.0,0.42208975553512573,0.0,-0.44070592522621155,0.0,20.0,-0.06217916071773998
trial_04,200.499865779,1.0,288.0,624.0,0.8849685192108154,0.2610023021697998,0.9260941743850708,-0.003036772832274437,-0.009117260575294495,0.0,0.42176681756973267,0.0,-0.44000133872032166,0.0,19.0,-0.17399426662931466
trial_04,200.77063411,1.0,389.0,513.0,0.879381537437439,0.258807510137558,0.9301098585128784,-0.00950787402689457,-0.008173689246177673,0.0,0.4220985174179077,0.0,-0.43844589591026306,0.0,20.0,-0.5447610538831134
trial_04,201.03517527300002,1.0,288.0,652.0,0.879967451095581,0.2572762668132782,0.9331356287002563,-0.00943337194621563,-0.007760137319564819,0.0,0.4212842583656311,0.0,-0.43680453300476074,0.0,21.0,-0.540492399095267
trial_04,201.29139423,1.0,415.0,507.0,0.8663426637649536,0.15921100974082947,0.9275491833686829,0.0020235595293343067,-0.007856801152229309,0.0,0.41977328062057495,0.0,-0.43548688292503357,0.0,18.0,0.11594142062433507
trial_04,201.557661493,1.0,322.0,627.0,0.870294451713562,0.17148345708847046,0.9186694622039795,-0.0034073786810040474,-0.005825504660606384,0.0,0.42234328389167786,0.0,-0.4339942932128906,0.0,20.0,-0.19522841762438517
trial_04,201.89413427800002,1.0,417.0,454.0,0.8545398712158203,0.19913193583488464,0.9240397214889526,-0.00696000037714839,-0.0053797513246536255,0.0,0.42155715823173523,0.0,-0.4323166608810425,0.0,21.0,-0.39877864702006394
trial_04,202.26377348800003,1.0,303.0,600.0,0.8746391534805298,0.22027787566184998,0.9280483722686768,-0.008004024624824524,-0.003953427076339722,0.0,0.4228430390357971,0.0,-0.43074989318847656,0.0,19.0,-0.4585968301212274
trial_04,202.622498081,1.0,430.0,425.0,0.8638465404510498,0.17959502339363098,0.9162531495094299,-0.0030306726694107056,-0.0037044882774353027,0.0,0.42221325635910034,0.0,-0.42962223291397095,0.0,20.0,-0.1736447530428804
trial_04,203.00197286600002,1.0,317.0,577.0,0.8692331910133362,0.24468961358070374,0.947738766670227,-0.004455783870071173,-0.0021582096815109253,0.0,0.42485955357551575,0.0,-0.4291759729385376,0.0,21.0,-0.25529761017754654
trial_04,203.355974768,1.0,428.0,428.0,0.8558716773986816,0.1809048354625702,0.924744725227356,-0.005489144939929247,-0.0008144676685333252,0.0,0.42574602365493774,0.0,-0.4273749589920044,0.0,21.0,-0.31450483819353764
trial_04,203.70042336100002,1.0,346.0,607.0,0.862131655216217,0.18927446007728577,0.935086727142334,-0.006256513297557831,0.000545009970664978,0.0,0.42757299542427063,0.0,-0.4264829754829407,0.0,20.0,-0.3584718064175411
trial_04,204.052340754,1.0,464.0,452.0,0.8794169425964355,0.25458410382270813,0.942840576171875,-0.006807416677474976,0.0013442933559417725,0.0,0.428289532661438,0.0,-0.42560094594955444,0.0,21.0,-0.39003624500628564
trial_04,204.33971299400002,1.0,349.0,593.0,0.8483797907829285,0.17496433854103088,0.917786180973053,-0.0021960351150482893,0.0002517998218536377,0.0,0.426723837852478,0.0,-0.42622023820877075,0.0,20.0,-0.12582354375479315
trial_04,204.814666433,1.0,467.0,383.0,0.8656397461891174,0.20667585730552673,0.937057614326477,-0.0036803223192691803,0.001363128423690796,0.0,0.4262893795967102,0.0,-0.4235631227493286,0.0,21.0,-0.21086693614192273
trial_04,205.03610707,1.0,374.0,607.0,0.8883741497993469,0.2502833902835846,0.9374122619628906,-0.004772297106683254,-0.0007093995809555054,0.0,0.42277419567108154,0.0,-0.42419299483299255,0.0,21.0,-0.27343248279544446
trial_04,205.369200917,1.0,474.0,473.0,0.8845648169517517,0.2474859356880188,0.9354526996612549,-0.005515486467629671,8.662045001983643e-05,0.0,0.4244399964809418,0.0,-0.4242667555809021,0.0,19.0,-0.3160140965566989
trial_04,205.675601032,1.0,375.0,590.0,0.8650351166725159,0.23312869668006897,0.925296425819397,-0.005977249704301357,-0.00048092007637023926,0.0,0.4250536561012268,0.0,-0.4260154962539673,0.0,21.0,-0.3424711811522871
trial_04,206.107259233,1.0,493.0,422.0,0.8666831254959106,0.23124068975448608,0.9056463837623596,-0.006205996032804251,0.0004807710647583008,0.0,0.4267650246620178,0.0,-0.4258034825325012,0.0,20.0,-0.35557738035461595
trial_04,206.44812954300002,1.0,389.0,601.0,0.8712202906608582,0.2298329770565033,0.9081193208694458,-0.0013126472476869822,-8.937716484069824e-05,0.0,0.4273802638053894,0.0,-0.4275590181350708,0.0,21.0,-0.0752091472819277
trial_04,206.742014713,1.0,493.0,451.0,0.8587355017662048,0.22296962141990662,0.9046365022659302,-0.002550629200413823,0.0004209578037261963,0.0,0.42791855335235596,0.0,-0.42707663774490356,0.0,19.0,-0.14614028828653988
trial_04,207.071954792,1.0,404.0,563.0,0.8733847737312317,0.23022940754890442,0.9158716797828674,-0.0034713055938482285,0.0011825114488601685,0.0,0.42815667390823364,0.0,-0.4257916510105133,0.0,20.0,-0.1988911599276574
trial_04,207.33498842400002,1.0,497.0,453.0,0.8649054765701294,0.23513051867485046,0.9026912450790405,-0.008971436880528927,0.002865508198738098,0.0,0.42838042974472046,0.0,-0.42264941334724426,0.0,21.0,-0.5140254694223205
trial_04,207.617291955,1.0,406.0,590.0,0.8594555854797363,0.17823344469070435,0.8934109807014465,-0.012944667600095272,0.004187136888504028,0.0,0.4294601082801819,0.0,-0.42108583450317383,0.0,20.0,-0.7416748206851992
trial_04,207.915637115,1.0,568.0,450.0,0.8708454966545105,0.24320173263549805,0.8927772045135498,-0.010756785050034523,0.005119726061820984,0.0,0.4296782314777374,0.0,-0.41943877935409546,0.0,21.0,-0.6163183844963982
trial_04,208.19796449100002,1.0,434.0,564.0,0.8668613433837891,0.24082770943641663,0.882947564125061,-0.009032830595970154,0.005590647459030151,0.0,0.4298675060272217,0.0,-0.4186862111091614,0.0,21.0,-0.51754307020573
trial_04,208.526521572,1.0,500.0,484.0,0.8700721263885498,0.2535121738910675,0.87995845079422,-0.0026841056533157825,0.0034643858671188354,0.0,0.42857518792152405,0.0,-0.4216464161872864,0.0,21.0,-0.15378792570219885
trial_05,5.7641000000000006e-05,1.0,441.0,565.0,0.8621068000793457,0.1899866759777069,0.9238421320915222,0.007277745753526688,-0.0003925114870071411,0.0,0.42123687267303467,0.0,-0.42202189564704895,0.0,21.0,0.4169841160463363
trial_05,0.251713116,1.0,546.0,472.0,0.8904528021812439,0.23582080006599426,0.92540043592453,0.00795822311192751,-0.0006318390369415283,0.0,0.4204741418361664,0.0,-0.42173781991004944,0.0,21.0,0.4559725967369144
trial_05,0.586713816,1.0,442.0,561.0,0.8788105249404907,0.23581528663635254,0.9346572160720825,0.008468582294881344,-0.0010994672775268555,0.0,0.4203253984451294,0.0,-0.4225243330001831,0.0,20.0,0.4852140239559142
trial_05,0.9244047700000001,1.0,541.0,485.0,0.8802688121795654,0.23683497309684753,0.9324951171875,0.008851351216435432,-0.00233343243598938,0.0,0.419819176197052,0.0,-0.42448604106903076,0.0,20.0,0.5071450676897375
trial_05,1.188493148,1.0,441.0,579.0,0.8835802674293518,0.2364603579044342,0.9258310198783875,0.004138427320867777,-0.002123013138771057,0.0,0.42006921768188477,0.0,-0.4243152439594269,0.0,21.0,0.23711441930735613
trial_05,1.435381374,1.0,527.0,492.0,0.8943834900856018,0.23649945855140686,0.9250550270080566,0.005603734403848648,-0.0014802217483520508,0.0,0.4198741912841797,0.0,-0.4228346347808838,0.0,20.0,0.32107033085278597
trial_05,1.677598276,1.0,459.0,562.0,0.882005512714386,0.23745056986808777,0.9346915483474731,0.00670271459966898,-0.0010473579168319702,0.0,0.4210355281829834,0.0,-0.42313024401664734,0.0,20.0,0.3840372578417517
trial_05,1.9951058510000002,1.0,547.0,467.0,0.8796858191490173,0.23690685629844666,0.9341128468513489,0.007526949048042297,-0.0012435168027877808,0.0,0.4207012355327606,0.0,-0.4231882691383362,0.0,21.0,0.43126241306283636
trial_05,2.244378523,1.0,438.0,572.0,0.8636986017227173,0.19884273409843445,0.9222357869148254,0.008145124651491642,-0.0013069957494735718,0.0,0.42112794518470764,0.0,-0.4237419366836548,0.0,20.0,0.46668126613843663
trial_05,2.5754517210000003,1.0,545.0,470.0,0.8809972405433655,0.23564091324806213,0.9278327226638794,0.008608757518231869,-0.000904768705368042,0.0,0.42113196849823,0.0,-0.42294150590896606,0.0,20.0,0.49324547264620294
trial_05,2.9003527470000003,1.0,452.0,560.0,0.8812174201011658,0.23629161715507507,0.9329554438591003,0.003958150744438171,-0.0001255422830581665,0.0,0.4215911626815796,0.0,-0.4218422472476959,0.0,21.0,0.22678533233287212
trial_05,3.171673467,1.0,547.0,473.0,0.8803279399871826,0.2360399067401886,0.9360596537590027,0.0054686046205461025,-0.0015194118022918701,0.0,0.42072516679763794,0.0,-0.4237639904022217,0.0,21.0,0.3133279645830327
trial_05,3.417164699,1.0,449.0,564.0,0.8905407190322876,0.23437103629112244,0.9175788164138794,0.006600443739444017,-0.0017040520906448364,0.0,0.42060714960098267,0.0,-0.42401525378227234,0.0,21.0,0.378177569183689
trial_05,3.656554233,1.0,538.0,447.0,0.8747456073760986,0.234370619058609,0.9334267377853394,0.002449961146339774,-0.0010628700256347656,0.0,0.42104947566986084,0.0,-0.42317521572113037,0.0,21.0,0.14037243365630211
trial_05,3.8957261400000003,1.0,398.0,500.0,0.8861789703369141,0.22027692198753357,0.913242518901825,0.004337987396866083,-0.001748397946357727,0.0,0.4202030897140503,0.0,-0.42369988560676575,0.0,20.0,0.24854836942136904
trial_05,4.145933094,1.0,470.0,319.0,0.872897744178772,0.24081933498382568,0.9172298908233643,0.0007542906096205115,0.00015664100646972656,0.0,0.4203627109527588,0.0,-0.42004942893981934,0.0,21.0,0.04321766845760528
trial_05,4.383927534000001,1.0,368.0,433.0,0.8703129291534424,0.23850888013839722,0.9265400767326355,-0.0019331624498590827,0.0028103142976760864,0.0,0.42309319972991943,0.0,-0.41747257113456726,0.0,21.0,-0.11076204949009606
trial_05,4.622601185000001,1.0,488.0,338.0,0.8444363474845886,0.23806160688400269,0.9423653483390808,-0.003967893775552511,0.004891455173492432,0.0,0.42391085624694824,0.0,-0.4141279458999634,0.0,21.0,-0.22734356689538843
trial_05,4.862336646,1.0,373.0,410.0,0.8625179529190063,0.19312304258346558,0.9383465051651001,-0.005704114213585854,0.006293371319770813,0.0,0.42516830563545227,0.0,-0.41258156299591064,0.0,21.0,-0.326821670299054
trial_05,5.099366455,1.0,494.0,346.0,0.8659921288490295,0.24223029613494873,0.9276924133300781,-0.007048182655125856,0.007512614130973816,0.0,0.4266550540924072,0.0,-0.4116298258304596,0.0,20.0,-0.40383111937602223
trial_05,5.360594831,1.0,422.0,416.0,0.8747304081916809,0.24020031094551086,0.9218002557754517,-0.0034296696539968252,0.0070994943380355835,0.0,0.4284461736679077,0.0,-0.41424718499183655,0.0,20.0,-0.19650559629811143
trial_05,5.6015966520000005,1.0,515.0,314.0,0.873324990272522,0.2394772469997406,0.9364058971405029,-0.00541825033724308,0.00553564727306366,0.0,0.4293985068798065,0.0,-0.4183272123336792,0.0,21.0,-0.31044287666936343
trial_05,5.857043578000001,1.0,400.0,415.0,0.8790127635002136,0.241190105676651,0.9306567907333374,-0.006939095910638571,0.006075143814086914,0.0,0.4318463206291199,0.0,-0.41969603300094604,0.0,21.0,-0.39758090931607876
trial_05,6.0978162440000006,1.0,520.0,312.0,0.8775796294212341,0.2314886748790741,0.9363519549369812,-0.0030820253305137157,0.005581498146057129,0.0,0.4320111572742462,0.0,-0.42084816098213196,0.0,21.0,-0.17658704379084852
trial_05,6.349113023,1.0,391.0,465.0,0.8753649592399597,0.23961836099624634,0.9213782548904419,-0.010355857200920582,0.005156129598617554,0.0,0.4326968789100647,0.0,-0.4223846197128296,0.0,21.0,-0.5933469108529115
trial_05,6.590551697,1.0,523.0,364.0,0.8821313977241516,0.23993149399757385,0.9380984306335449,-0.01108891237527132,0.005419313907623291,0.0,0.4342835545539856,0.0,-0.423444926738739,0.0,21.0,-0.6353478784934355
trial_05,6.847310865000001,1.0,398.0,474.0,0.8687291145324707,0.22512224316596985,0.9366148114204407,-0.011522898450493813,0.005151614546775818,0.0,0.4340706169605255,0.0,-0.4237673878669739,0.0,21.0,-0.6602134489711314
trial_05,7.090292821,1.0,541.0,423.0,0.8732733130455017,0.23479175567626953,0.9430287480354309,-0.007028118707239628,0.004967719316482544,0.0,0.4345088005065918,0.0,-0.4245733618736267,0.0,21.0,-0.4026815398417709
trial_05,7.3510867300000005,1.0,435.0,526.0,0.8832891583442688,0.23648646473884583,0.9352084398269653,-0.013672775588929653,0.005190342664718628,0.0,0.43463441729545593,0.0,-0.4242537319660187,0.0,21.0,-0.7833923354751677
trial_05,7.595718056000001,1.0,536.0,419.0,0.8875613212585449,0.23783868551254272,0.9317030310630798,-0.008775139227509499,0.005016297101974487,0.0,0.43454188108444214,0.0,-0.42450928688049316,0.0,21.0,-0.5027784423759838
trial_05,7.843829414000001,1.0,440.0,423.0,0.8679795861244202,0.21524828672409058,0.9270248413085938,-0.010239959694445133,0.005442455410957336,0.0,0.4335627555847168,0.0,-0.4226778447628021,0.0,21.0,-0.5867064728757782
trial_05,8.081232804,1.0,572.0,300.0,0.8722641468048096,0.24035024642944336,0.9250821471214294,-0.011473361402750015,0.006041362881660461,0.0,0.4333188235759735,0.0,-0.4212360978126526,0.0,21.0,-0.6573751852058738
trial_05,8.334137128,1.0,474.0,474.0,0.873063325881958,0.20494383573532104,0.9192529320716858,-0.007909388281404972,0.005956530570983887,0.0,0.4335070848464966,0.0,-0.4215940237045288,0.0,20.0,-0.4531745670547364
trial_05,8.578146964,1.0,550.0,314.0,0.8546444773674011,0.21651092171669006,0.9299975037574768,-0.00523102842271328,0.00609038770198822,0.0,0.432223379611969,0.0,-0.42004260420799255,0.0,21.0,-0.2997158511344469
trial_05,8.825107684,1.0,423.0,418.0,0.8434643745422363,0.18520677089691162,0.9230669140815735,-0.0036435925867408514,0.005505651235580444,0.0,0.43047308921813965,0.0,-0.41946178674697876,0.0,21.0,-0.2087624774854051
trial_05,9.072154142,1.0,551.0,335.0,0.8698472380638123,0.24281686544418335,0.9370949864387512,-0.0028211623430252075,0.0058082640171051025,0.0,0.4290357232093811,0.0,-0.4174191951751709,0.0,21.0,-0.161640695576583
trial_05,9.322764995,1.0,401.0,413.0,0.8683003783226013,0.19354316592216492,0.9263275861740112,-0.0026589399203658104,0.0046014487743377686,0.0,0.4274076521396637,0.0,-0.41820475459098816,0.0,20.0,-0.15234603541581215
trial_05,9.565674298000001,1.0,525.0,320.0,0.8794580101966858,0.25130510330200195,0.9356562495231628,-0.002703314647078514,0.005083262920379639,0.0,0.4273304343223572,0.0,-0.4171639084815979,0.0,20.0,-0.1548885199734965
trial_05,9.808040842,1.0,413.0,415.0,0.8745817542076111,0.23246243596076965,0.9392211437225342,-0.0032125860452651978,0.004569828510284424,0.0,0.42732667922973633,0.0,-0.4181870222091675,0.0,21.0,-0.18406762171631988
trial_05,10.045662243,1.0,563.0,346.0,0.8693528175354004,0.24849605560302734,0.9438295960426331,-0.004267243668437004,0.0048713237047195435,0.0,0.4274819493293762,0.0,-0.41773930191993713,0.0,18.0,-0.24449505235536315
trial_05,10.304030536,1.0,425.0,495.0,0.8706358671188354,0.1890326738357544,0.9217593669891357,-0.00492384098470211,0.001645207405090332,0.0,0.42679545283317566,0.0,-0.423505038022995,0.0,20.0,-0.2821153074169703
trial_05,10.556552695,1.0,543.0,351.0,0.8654237389564514,0.23209527134895325,0.9228954315185547,-0.006622325628995895,-9.010732173919678e-05,0.0,0.4274994134902954,0.0,-0.4276796281337738,0.0,21.0,-0.37943130910278305
trial_05,10.792083176,1.0,443.0,423.0,0.8745384216308594,0.24644288420677185,0.9212554693222046,-0.00837627798318863,-0.00019085407257080078,0.0,0.42916131019592285,0.0,-0.42954301834106445,0.0,21.0,-0.47992537646506156
trial_05,11.041784459,1.0,517.0,381.0,0.8843796253204346,0.24317970871925354,0.9132996797561646,-0.01996738836169243,-0.0007480382919311523,0.0,0.4295651912689209,0.0,-0.4310612678527832,0.0,20.0,-1.1440470810236154
trial_05,11.297056188,1.0,421.0,506.0,0.8857407569885254,0.2476452887058258,0.934461772441864,-0.018697885796427727,-0.0002487301826477051,0.0,0.4313308000564575,0.0,-0.43182826042175293,0.0,21.0,-1.0713099419529166
trial_05,11.540384399,1.0,520.0,378.0,0.8818728923797607,0.2459743320941925,0.9458163976669312,-0.01624644175171852,-0.001656845211982727,0.0,0.4306252598762512,0.0,-0.4339389503002167,0.0,21.0,-0.9308525444785993
trial_05,11.77935015,1.0,416.0,502.0,0.8649854063987732,0.19142282009124756,0.9283841252326965,-0.016087539494037628,-0.003230348229408264,0.0,0.42920294404029846,0.0,-0.435663640499115,0.0,21.0,-0.9217481157583839
trial_05,12.024232382000001,1.0,509.0,360.0,0.8820661902427673,0.2377730906009674,0.9434802532196045,-0.015330159105360508,-0.0023853927850723267,0.0,0.42920929193496704,0.0,-0.4339800775051117,0.0,21.0,-0.878353416001207
trial_05,12.280362212,1.0,405.0,505.0,0.87767493724823,0.2400130331516266,0.9395630359649658,-0.009927647188305855,-0.003911763429641724,0.0,0.4273732304573059,0.0,-0.43519675731658936,0.0,21.0,-0.5688122843848439
trial_05,12.526353797,1.0,523.0,433.0,0.8869051933288574,0.24508234858512878,0.935627281665802,-0.011252802796661854,-0.00536230206489563,0.0,0.426210880279541,0.0,-0.4369354844093323,0.0,20.0,-0.6447381079417337
trial_05,12.769282512,1.0,418.0,527.0,0.8910415172576904,0.253702312707901,0.941010594367981,-0.011194845661520958,-0.0060165077447891235,0.0,0.4258913993835449,0.0,-0.43792441487312317,0.0,21.0,-0.641417408705491
trial_05,13.026577711000002,1.0,559.0,449.0,0.888841450214386,0.24884644150733948,0.9410001635551453,-0.008984154090285301,-0.00681518018245697,0.0,0.42532363533973694,0.0,-0.4389539957046509,0.0,20.0,-0.5147541118685434
trial_05,13.284327198000002,1.0,474.0,564.0,0.8910316228866577,0.24941468238830566,0.9405542016029358,-0.0001619989052414894,-0.007726430892944336,0.0,0.42350906133651733,0.0,-0.438961923122406,0.0,20.0,-0.009281853556077094
trial_05,13.528549887,1.0,564.0,458.0,0.8929680585861206,0.25052395462989807,0.9351423978805542,0.004704656079411507,-0.006818100810050964,0.0,0.424012690782547,0.0,-0.4376488924026489,0.0,21.0,0.269556937410844
trial_05,13.777568255,1.0,465.0,525.0,0.8696268200874329,0.11970743536949158,0.9342448115348816,0.004077206831425428,-0.006357297301292419,0.0,0.424811989068985,0.0,-0.4375265836715698,0.0,20.0,0.23360674364258435
trial_05,14.023957758000002,1.0,530.0,405.0,0.8831440806388855,0.22141936421394348,0.923961341381073,0.0035861311480402946,-0.0065194666385650635,0.0,0.42409464716911316,0.0,-0.4371335804462433,0.0,21.0,0.2054701795631135
trial_05,14.282594881000001,1.0,394.0,433.0,0.8845152258872986,0.2541404962539673,0.9305416345596313,0.0033527538180351257,-0.007103919982910156,0.0,0.42099273204803467,0.0,-0.435200572013855,0.0,21.0,0.1920986435197855
trial_05,14.537706473,1.0,517.0,319.0,0.8810263872146606,0.24770238995552063,0.929283857345581,0.0029130754992365837,-0.0062890201807022095,0.0,0.42078691720962524,0.0,-0.43336495757102966,0.0,21.0,0.1669069315092215
trial_05,14.777556268000001,1.0,406.0,426.0,0.8869264721870422,0.2573217451572418,0.9291834831237793,0.0022773221135139465,-0.0054391175508499146,0.0,0.42146992683410645,0.0,-0.4323481619358063,0.0,21.0,0.13048094569616173
trial_05,15.027844866,1.0,510.0,364.0,0.8678195476531982,0.18989810347557068,0.9397546648979187,0.0019226791337132454,-0.004929959774017334,0.0,0.4210277199745178,0.0,-0.4308876395225525,0.0,21.0,0.11016139971963823
trial_05,15.291910352,1.0,402.0,425.0,0.8619267344474792,0.20971855521202087,0.9264567494392395,0.0013975342735648155,-0.005724206566810608,0.0,0.418448269367218,0.0,-0.42989668250083923,0.0,19.0,0.08007281560014534
trial_05,15.535357782,1.0,505.0,315.0,0.867254376411438,0.21207743883132935,0.9375868439674377,0.001263713464140892,-0.004515543580055237,0.0,0.41953903436660767,0.0,-0.42857012152671814,0.0,21.0,0.07240544800913001
trial_05,15.782674703000001,1.0,428.0,418.0,0.8748635649681091,0.2484365999698639,0.9341326951980591,0.0013212282210588455,-0.004367858171463013,0.0,0.4201555848121643,0.0,-0.42889130115509033,0.0,19.0,0.0757008008402496
trial_05,16.025767615,1.0,476.0,327.0,0.8784615397453308,0.24921441078186035,0.9442949891090393,0.0006495853886008263,-0.0030023157596588135,0.0,0.421464741230011,0.0,-0.4274693727493286,0.0,21.0,0.03721850120019284
trial_05,16.282848103000003,1.0,412.0,480.0,0.8804930448532104,0.24603241682052612,0.9390494227409363,0.0002201460301876068,-0.005198493599891663,0.0,0.42199453711509705,0.0,-0.43239152431488037,0.0,20.0,0.012613438406309485
trial_05,16.530253690000002,1.0,494.0,332.0,0.8594481945037842,0.22902348637580872,0.919454038143158,-0.0006552645936608315,-0.005523994565010071,0.0,0.4232434034347534,0.0,-0.43429139256477356,0.0,20.0,-0.03754389568112048
trial_05,16.774610831,1.0,390.0,415.0,0.8781296610832214,0.24139395356178284,0.9322001338005066,-0.0008497312664985657,-0.005721092224121094,0.0,0.42436861991882324,0.0,-0.43581080436706543,0.0,21.0,-0.04868601529067401
trial_05,17.032256370000002,1.0,488.0,374.0,0.883223295211792,0.24859696626663208,0.930305004119873,-0.0015534143894910812,-0.007994413375854492,0.0,0.42401522397994995,0.0,-0.44000405073165894,0.0,21.0,-0.08900408835273038
trial_05,17.290235092,1.0,401.0,469.0,0.8861017823219299,0.2443017065525055,0.9347423315048218,-0.0017348425462841988,-0.008145704865455627,0.0,0.42515209317207336,0.0,-0.4414435029029846,0.0,21.0,-0.09939915602181376
trial_05,17.541898460000002,1.0,481.0,359.0,0.8780639171600342,0.20282432436943054,0.9225260615348816,-0.009732200764119625,-0.007816433906555176,0.0,0.4266664385795593,0.0,-0.4422993063926697,0.0,19.0,-0.5576140291580494
trial_05,17.78840946,1.0,389.0,462.0,0.8866317272186279,0.24818381667137146,0.9355210065841675,-0.005327211227267981,-0.007370695471763611,0.0,0.42785507440567017,0.0,-0.4425964653491974,0.0,20.0,-0.3052267198971629
trial_05,18.031088381,1.0,460.0,360.0,0.884836733341217,0.21953502297401428,0.932244062423706,-0.00039736111648380756,-0.007122725248336792,0.0,0.42770373821258545,0.0,-0.44194918870925903,0.0,21.0,-0.02276711491712846
trial_05,18.29597803,1.0,374.0,495.0,0.8823716044425964,0.24429979920387268,0.9426199793815613,0.002440395765006542,-0.007556483149528503,0.0,0.4268062710762024,0.0,-0.4419192373752594,0.0,21.0,0.1398243776764747
trial_05,18.545252793,1.0,505.0,385.0,0.8908094763755798,0.24419954419136047,0.9341290593147278,-0.0006505734054371715,-0.006765693426132202,0.0,0.42723411321640015,0.0,-0.44076550006866455,0.0,21.0,-0.03727511039500329
trial_05,18.787380861000003,1.0,438.0,487.0,0.8725195527076721,0.22719189524650574,0.9484766125679016,0.0021305789705365896,-0.007029503583908081,0.0,0.42659255862236023,0.0,-0.4406515657901764,0.0,20.0,0.12207318293107436
trial_05,19.038229608,1.0,540.0,446.0,0.8803603649139404,0.23105135560035706,0.9417818784713745,0.004355983808636665,-0.007910117506980896,0.0,0.4256289601325989,0.0,-0.44144919514656067,0.0,20.0,0.24957948786220296
trial_05,19.291849742,1.0,431.0,544.0,0.8891332745552063,0.24780389666557312,0.9418284296989441,0.0059775374829769135,-0.0074913352727890015,0.0,0.42514556646347046,0.0,-0.44012823700904846,0.0,20.0,0.34248766965583033
trial_05,19.547357261000002,1.0,476.0,439.0,0.8877261877059937,0.24567371606826782,0.9387933611869812,0.007223982829600573,-0.0076362937688827515,0.0,0.42381760478019714,0.0,-0.43909019231796265,0.0,21.0,0.41390372741108694
trial_05,19.793515005,1.0,369.0,550.0,0.8835362792015076,0.2137446105480194,0.935644268989563,0.0031623439863324165,-0.006771549582481384,0.0,0.4245595932006836,0.0,-0.43810269236564636,0.0,21.0,0.18118896378542396
trial_05,20.045771114,1.0,457.0,396.0,0.8769200444221497,0.2576393783092499,0.9339941740036011,-0.00485328771173954,-0.005799904465675354,0.0,0.42417386174201965,0.0,-0.43577367067337036,0.0,20.0,-0.27807290264538054
trial_05,20.305125179,1.0,350.0,416.0,0.8607924580574036,0.16350111365318298,0.9276001453399658,-0.005725868046283722,-0.003734081983566284,0.0,0.42534011602401733,0.0,-0.4328082799911499,0.0,21.0,-0.3280680731008756
trial_05,20.549884679,1.0,457.0,322.0,0.8770400285720825,0.257930189371109,0.9248127937316895,-0.006265509873628616,-0.0018330812454223633,0.0,0.4260431230068207,0.0,-0.4297092854976654,0.0,21.0,-0.3589872722564655
trial_05,20.796100506000002,1.0,374.0,397.0,0.8800152540206909,0.25815829634666443,0.9424446821212769,-0.0016396282007917762,-0.0008221417665481567,0.0,0.4271315038204193,0.0,-0.4287757873535156,0.0,20.0,-0.09394377587599748
trial_05,21.043735818000002,1.0,467.0,328.0,0.8575236201286316,0.17760100960731506,0.9284711480140686,-0.00322029460221529,-0.0006296932697296143,0.0,0.4265768527984619,0.0,-0.42783623933792114,0.0,21.0,-0.1845092894956964
trial_05,21.309421293,1.0,373.0,416.0,0.8651608228683472,0.19556382298469543,0.9428921937942505,0.0006597884930670261,-0.0010869801044464111,0.0,0.42536962032318115,0.0,-0.427543580532074,0.0,21.0,0.037803096024037176
trial_05,21.561792233000002,1.0,498.0,306.0,0.8776195049285889,0.24507007002830505,0.9423809051513672,0.0037569012492895126,-0.0016963034868240356,0.0,0.4239758551120758,0.0,-0.4273684620857239,0.0,20.0,0.21525458563171546
trial_05,21.810397186000003,1.0,389.0,421.0,0.8737553358078003,0.25432825088500977,0.933336615562439,0.0009712958708405495,-0.0016103088855743408,0.0,0.4232240319252014,0.0,-0.4264446496963501,0.0,21.0,0.05565115405764741
trial_05,22.061495601,1.0,492.0,305.0,0.874969482421875,0.2501494586467743,0.9478362798690796,-0.001041498500853777,-0.0003980398178100586,0.0,0.4230623245239258,0.0,-0.4238584041595459,0.0,21.0,-0.05967346846812378
trial_05,22.318249774,1.0,391.0,425.0,0.8704147338867188,0.25130489468574524,0.9466093182563782,-0.002360549056902528,-0.0006570667028427124,0.0,0.42185500264167786,0.0,-0.4231691360473633,0.0,21.0,-0.13524949829410166
trial_05,22.563351047,1.0,494.0,345.0,0.86871737241745,0.24385884404182434,0.9340102076530457,-0.0029680118896067142,0.0008486509323120117,0.0,0.4229634404182434,0.0,-0.4212661385536194,0.0,21.0,-0.17005455481911314
trial_05,22.810185269,1.0,408.0,425.0,0.8488032221794128,0.24378231167793274,0.9405722618103027,-0.003513089846819639,0.0015638470649719238,0.0,0.4250381290912628,0.0,-0.42191043496131897,0.0,21.0,-0.2012852212730262
trial_05,23.056164875,1.0,477.0,387.0,0.8710296154022217,0.2317226231098175,0.917789101600647,-0.0038714702241122723,0.00028765201568603516,0.0,0.4269738793373108,0.0,-0.4263985753059387,0.0,21.0,-0.22181890435220017
trial_05,23.308089449,1.0,386.0,419.0,0.8713246583938599,0.24718305468559265,0.9299902319908142,-0.003843909129500389,0.0018012523651123047,0.0,0.4296276569366455,0.0,-0.4260251522064209,0.0,21.0,-0.2202397699521785
trial_05,23.569945232000002,1.0,491.0,308.0,0.8744072914123535,0.24172398447990417,0.9264647364616394,-0.008686372078955173,0.002425074577331543,0.0,0.4301553964614868,0.0,-0.42530524730682373,0.0,21.0,-0.49769245940441015
trial_05,23.820130735000003,1.0,423.0,501.0,0.8852626085281372,0.24578812718391418,0.9415256977081299,-0.002067980356514454,0.0022848844528198242,0.0,0.4307117462158203,0.0,-0.42614197731018066,0.0,19.0,-0.11848654654423753
trial_05,24.063456074,1.0,482.0,397.0,0.8814073204994202,0.23783841729164124,0.9410728216171265,-0.006875447928905487,0.0025544315576553345,0.0,0.43112146854400635,0.0,-0.4260126054286957,0.0,20.0,-0.39393414858824727
trial_05,24.325982509000003,1.0,436.0,537.0,0.8810081481933594,0.2480020523071289,0.946081817150116,-0.005246834829449654,0.002621069550514221,0.0,0.43110692501068115,0.0,-0.4258647859096527,0.0,21.0,-0.30062149152970824
trial_05,24.571048027,1.0,557.0,458.0,0.8891068696975708,0.2477419674396515,0.938531756401062,-0.0036869626492261887,0.0025437474250793457,0.0,0.4305873513221741,0.0,-0.4254998564720154,0.0,21.0,-0.21124739902303358
trial_05,24.813187286,1.0,428.0,484.0,0.8684827089309692,0.23874691128730774,0.9412933588027954,-0.002230815589427948,0.003380805253982544,0.0,0.4303041696548462,0.0,-0.4235425591468811,0.0,20.0,-0.1278163181462105
trial_05,25.063687529000003,1.0,515.0,408.0,0.8936293721199036,0.24619290232658386,0.9322291016578674,-0.0008776206523180008,0.0031161904335021973,0.0,0.430178165435791,0.0,-0.4239457845687866,0.0,21.0,-0.05028395939133965
trial_05,25.326032308000002,1.0,386.0,428.0,0.8810232877731323,0.2525809109210968,0.9265813231468201,0.005731101613491774,0.003711879253387451,0.0,0.4298055171966553,0.0,-0.42238175868988037,0.0,19.0,0.328367934413695
trial_05,25.579587875,1.0,497.0,388.0,0.8674635291099548,0.19677481055259705,0.9355597496032715,0.005679089110344648,0.0030332207679748535,0.0,0.43059229850769043,0.0,-0.4245258569717407,0.0,21.0,0.32538783750145384
trial_05,25.824200079,1.0,397.0,443.0,0.8554496765136719,0.1892126202583313,0.9228465557098389,0.005603845231235027,0.0028693825006484985,0.0,0.4278852939605713,0.0,-0.4221465289592743,0.0,20.0,0.3210766807942799
trial_05,26.073326783000002,1.0,482.0,327.0,0.8625368475914001,0.1938815712928772,0.9398247003555298,0.005528696812689304,0.00460389256477356,0.0,0.4291900396347046,0.0,-0.41998225450515747,0.0,19.0,0.31677099357452737
trial_05,26.354485855,1.0,418.0,426.0,0.871964156627655,0.23640656471252441,0.9437545537948608,0.010064985603094101,0.00436827540397644,0.0,0.42784959077835083,0.0,-0.41911303997039795,0.0,21.0,0.5766811959172276
trial_05,26.580236685000003,1.0,519.0,339.0,0.8700529932975769,0.2464379072189331,0.9340637922286987,0.009125234559178352,0.0050598978996276855,0.0,0.42722344398498535,0.0,-0.41710364818573,0.0,20.0,0.5228374273078419
trial_05,26.830594932,1.0,396.0,503.0,0.8774222135543823,0.2505139112472534,0.9423137903213501,0.00540466932579875,0.0035692602396011353,0.0,0.42695626616477966,0.0,-0.4198177456855774,0.0,21.0,0.30966474203208444
trial_05,27.081323014000002,1.0,509.0,351.0,0.8650072813034058,0.23718276619911194,0.9257370829582214,0.005006532184779644,0.005533993244171143,0.0,0.42917144298553467,0.0,-0.4181034564971924,0.0,21.0,0.2868531641842848
trial_05,27.343710612000002,1.0,433.0,485.0,0.8710209131240845,0.24441766738891602,0.9284793138504028,0.005257340148091316,0.005722492933273315,0.0,0.43196505308151245,0.0,-0.4205200672149658,0.0,21.0,0.3012234019503156
trial_05,27.604854552000003,1.0,503.0,387.0,0.8832917213439941,0.24576500058174133,0.9363295435905457,0.005140436813235283,0.005510017275810242,0.0,0.43426746129989624,0.0,-0.42324742674827576,0.0,20.0,0.2945253342520603
trial_05,27.852786011000003,1.0,398.0,486.0,0.8903864622116089,0.24534180760383606,0.9370039105415344,0.005289998836815357,0.005865991115570068,0.0,0.43719714879989624,0.0,-0.4254651665687561,0.0,21.0,0.30309460697863466
trial_05,28.103642887000003,1.0,479.0,322.0,0.8806670308113098,0.23653766512870789,0.9402343034744263,0.005478133447468281,0.006599560379981995,0.0,0.43875470757484436,0.0,-0.42555558681488037,0.0,21.0,0.31387392614938414
trial_05,28.366009315000003,1.0,384.0,479.0,0.8780903816223145,0.23831215500831604,0.9358872771263123,0.005715765058994293,0.006552338600158691,0.0,0.4397604465484619,0.0,-0.42665576934814453,0.0,21.0,0.327489214568717
trial_05,28.619586853,1.0,499.0,324.0,0.8628312945365906,0.23955506086349487,0.9462971687316895,0.006057843565940857,0.007886677980422974,0.0,0.44009333848953247,0.0,-0.4243199825286865,0.0,21.0,0.3470888692788917
trial_05,28.865278267,1.0,399.0,406.0,0.8762930035591125,0.24258211255073547,0.9401439428329468,0.006126413121819496,0.008051112294197083,0.0,0.4403109550476074,0.0,-0.42420873045921326,0.0,19.0,0.3510176154338242
trial_05,29.110125500000002,1.0,511.0,336.0,0.8784472942352295,0.24280014634132385,0.9314401745796204,0.005214385688304901,0.00843597948551178,0.0,0.44114914536476135,0.0,-0.4242771863937378,0.0,21.0,0.29876229269328963
trial_05,29.364860340000003,1.0,414.0,483.0,0.8873213529586792,0.2451646327972412,0.936536967754364,0.005509787239134312,0.00825682282447815,0.0,0.4419068694114685,0.0,-0.4253932237625122,0.0,19.0,0.3156875548174341
trial_05,29.620922354,1.0,497.0,392.0,0.8781119585037231,0.23715391755104065,0.9387909770011902,-0.000119723379611969,0.008172571659088135,0.0,0.44171595573425293,0.0,-0.42537081241607666,0.0,21.0,-0.006859644360808431
trial_05,29.870664552,1.0,408.0,500.0,0.8812798261642456,0.24223768711090088,0.9465569257736206,-0.0024667317047715187,0.008619561791419983,0.0,0.44215691089630127,0.0,-0.4249177873134613,0.0,21.0,-0.1413333158745186
trial_05,30.121097106,1.0,516.0,399.0,0.8898398876190186,0.24561730027198792,0.9401229023933411,-0.0022531459107995033,0.00823734700679779,0.0,0.44164302945137024,0.0,-0.42516833543777466,0.0,21.0,-0.1290957513159714
trial_05,30.379904472000003,1.0,428.0,533.0,0.8836100697517395,0.2490827441215515,0.9464588165283203,-0.0012401072308421135,0.008162692189216614,0.0,0.44113126397132874,0.0,-0.4248058795928955,0.0,21.0,-0.07105291047090882
trial_05,30.637175104,1.0,557.0,457.0,0.886701762676239,0.24593666195869446,0.9386823773384094,-0.0007985150441527367,0.00782555341720581,0.0,0.4407925009727478,0.0,-0.4251413941383362,0.0,21.0,-0.045751541907654396
trial_05,30.881757266,1.0,419.0,580.0,0.8873797059059143,0.23984935879707336,0.9386853575706482,-0.00017373915761709213,0.007875293493270874,0.0,0.4401658773422241,0.0,-0.4244152903556824,0.0,20.0,-0.009954520467617568
trial_05,31.129129327,1.0,495.0,453.0,0.8950003385543823,0.2525130808353424,0.9341302514076233,0.0002882573753595352,0.007931113243103027,0.0,0.43990403413772583,0.0,-0.4240418076515198,0.0,21.0,0.01651593102161974
trial_05,31.391393313000002,1.0,390.0,523.0,0.8875681757926941,0.24573096632957458,0.9364199638366699,0.0006811385974287987,0.007910951972007751,0.0,0.4389231204986572,0.0,-0.4231012165546417,0.0,21.0,0.03902636689613059
trial_05,31.650940926,1.0,464.0,396.0,0.8904575109481812,0.2528611421585083,0.9256362915039062,0.0007216930389404297,0.008746668696403503,0.0,0.4392639398574829,0.0,-0.4217706024646759,0.0,21.0,0.04134996523525719
trial_05,31.906537249000003,1.0,373.0,470.0,0.9045567512512207,0.2619970738887787,0.922624409198761,0.001048840582370758,0.008962377905845642,0.0,0.43947136402130127,0.0,-0.42154660820961,0.0,21.0,0.060094138751887814
trial_05,32.152628545,1.0,468.0,327.0,0.8765360713005066,0.2544049322605133,0.9281328320503235,-0.0012514684349298477,0.009762793779373169,0.0,0.43810510635375977,0.0,-0.4185795187950134,0.0,21.0,-0.07170385951532277
trial_05,32.411995333,1.0,376.0,417.0,0.8796418309211731,0.25567004084587097,0.9472464323043823,-0.004874283913522959,0.011740610003471375,0.0,0.44034260511398315,0.0,-0.4168613851070404,0.0,20.0,-0.27927589639337547
trial_05,32.661787641000004,1.0,490.0,338.0,0.8579283952713013,0.22704890370368958,0.9353711009025574,-0.0012725922279059887,0.011283934116363525,0.0,0.43859532475471497,0.0,-0.4160274565219879,0.0,21.0,-0.07291416370016374
trial_05,32.914632259,1.0,382.0,419.0,0.8741723895072937,0.25199615955352783,0.9377392530441284,-0.005171538796275854,0.01100967824459076,0.0,0.43783944845199585,0.0,-0.41582009196281433,0.0,21.0,-0.2963073466147725
trial_05,33.161454679,1.0,493.0,345.0,0.8561023473739624,0.19053399562835693,0.9329950213432312,-0.007101392839103937,0.01090395450592041,0.0,0.4368591904640198,0.0,-0.41505128145217896,0.0,21.0,-0.4068798383450809
trial_05,33.415967428,1.0,390.0,420.0,0.8614140748977661,0.23152539134025574,0.9370869398117065,-0.006542412098497152,0.009873971343040466,0.0,0.4346384108066559,0.0,-0.41489046812057495,0.0,20.0,-0.3748526010792151
trial_05,33.676257384,1.0,496.0,329.0,0.8748582005500793,0.25435754656791687,0.9396161437034607,-0.0105364341288805,0.009634807705879211,0.0,0.4346370995044708,0.0,-0.4153674840927124,0.0,21.0,-0.6036932067024527
trial_05,33.928642611,1.0,402.0,431.0,0.8744393587112427,0.23200049996376038,0.9438613653182983,-0.015446066856384277,0.00904722511768341,0.0,0.4332878887653351,0.0,-0.41519343852996826,0.0,20.0,-0.8849944409477222
trial_05,34.179657989,1.0,522.0,333.0,0.8779706358909607,0.2517470419406891,0.9315294623374939,-0.015697624534368515,0.009840503334999084,0.0,0.4328964650630951,0.0,-0.4132154583930969,0.0,21.0,-0.89940763420033
trial_05,34.435709921000004,1.0,408.0,436.0,0.8717372417449951,0.24886620044708252,0.9450319409370422,-0.016496682539582253,0.009090051054954529,0.0,0.4321064352989197,0.0,-0.4139263331890106,0.0,20.0,-0.9451902854852197
trial_05,34.691085454,1.0,515.0,350.0,0.8479803800582886,0.2002861201763153,0.9244816303253174,-0.018246453255414963,0.008013039827346802,0.0,0.43090420961380005,0.0,-0.41487812995910645,0.0,21.0,-1.0454447626180188
trial_05,34.946110612000005,1.0,414.0,414.0,0.8626998066902161,0.18938347697257996,0.9255783557891846,-0.020531941205263138,0.006741523742675781,0.0,0.43270397186279297,0.0,-0.4192209243774414,0.0,19.0,-1.1763935762723265
trial_05,35.199419374,1.0,508.0,344.0,0.8698778748512268,0.22168061137199402,0.9211676716804504,-0.022957224398851395,0.004267334938049316,0.0,0.4314175248146057,0.0,-0.4228828549385071,0.0,21.0,-1.3153520673889434
trial_05,35.454898917,1.0,420.0,409.0,0.8729783892631531,0.2411370575428009,0.9353113770484924,-0.02483532577753067,0.003395065665245056,0.0,0.4312024414539337,0.0,-0.4244123101234436,0.0,21.0,-1.422959349884967
trial_05,35.711224877,1.0,489.0,384.0,0.8913601636886597,0.243515282869339,0.9283238649368286,-0.025569479912519455,0.00047744810581207275,0.0,0.42971357703208923,0.0,-0.4287586808204651,0.0,21.0,-1.4650232833319021
trial_05,35.954367132,1.0,408.0,500.0,0.8731970191001892,0.1976744830608368,0.9294756054878235,-0.0309230238199234,-0.0001475214958190918,0.0,0.42956840991973877,0.0,-0.42986345291137695,0.0,21.0,-1.7717587546641238
trial_05,36.211269137,1.0,506.0,388.0,0.8668385744094849,0.24172770977020264,0.9455134868621826,-0.03267461434006691,-0.00032967329025268555,0.0,0.429584264755249,0.0,-0.4302436113357544,0.0,21.0,-1.8721174989034715
trial_05,36.462911531,1.0,413.0,510.0,0.8643160462379456,0.2063024938106537,0.9282302856445312,-0.01745118573307991,-0.0019098371267318726,0.0,0.4276832938194275,0.0,-0.43150296807289124,0.0,19.0,-0.9998792900043945
trial_05,36.717389431,1.0,528.0,421.0,0.8779314756393433,0.2429259717464447,0.9433850049972534,-0.014647367410361767,-0.002931267023086548,0.0,0.4271989166736603,0.0,-0.4330614507198334,0.0,21.0,-0.8392323335911954
trial_05,36.974292412000004,1.0,398.0,508.0,0.8805975317955017,0.2359527051448822,0.9338787794113159,-0.019384630024433136,-0.00323311984539032,0.0,0.4270261228084564,0.0,-0.43349236249923706,0.0,21.0,-1.1106574878225965
trial_05,37.232061331000004,1.0,515.0,436.0,0.8936468958854675,0.2483302652835846,0.9369803667068481,-0.017103787511587143,-0.005004256963729858,0.0,0.4253586530685425,0.0,-0.4353671669960022,0.0,21.0,-0.979974838102508
trial_05,37.489533395,1.0,436.0,545.0,0.8932504057884216,0.2500602900981903,0.9379317164421082,-0.010442306287586689,-0.0048889219760894775,0.0,0.42579376697540283,0.0,-0.4355716109275818,0.0,19.0,-0.5983000786616401
trial_05,37.731250858,1.0,529.0,434.0,0.896450936794281,0.2493397295475006,0.9346746802330017,-0.0008542910218238831,-0.0062728822231292725,0.0,0.4239591360092163,0.0,-0.43650490045547485,0.0,21.0,-0.048947270026427
trial_05,37.98520559,1.0,481.0,565.0,0.8789066076278687,0.2174542248249054,0.9396846294403076,-0.0004540332593023777,-0.005242198705673218,0.0,0.42454248666763306,0.0,-0.4350268840789795,0.0,20.0,-0.026014189516595166
trial_05,38.239624238000005,1.0,557.0,433.0,0.8830748796463013,0.2503858506679535,0.9387835264205933,-0.0003604590892791748,-0.005541443824768066,0.0,0.42349690198898315,0.0,-0.4345797896385193,0.0,21.0,-0.020652784502826056
trial_05,38.493937149000004,1.0,420.0,502.0,0.8710699677467346,0.23730114102363586,0.9368117451667786,-0.00039782002568244934,-0.00637248158454895,0.0,0.4210105836391449,0.0,-0.4337555468082428,0.0,21.0,-0.022793408477390364
trial_05,38.738300035,1.0,518.0,385.0,0.8828504681587219,0.23798233270645142,0.9189560413360596,-4.399288445711136e-05,-0.006790637969970703,0.0,0.4197571873664856,0.0,-0.433338463306427,0.0,21.0,-0.0025206066079991587
trial_05,39.006850144000005,1.0,398.0,422.0,0.8800815343856812,0.2547326385974884,0.9354057312011719,-1.8279068171977997e-05,-0.006594926118850708,0.0,0.41967612504959106,0.0,-0.4328659772872925,0.0,21.0,-0.001047313459686252
trial_05,39.266781701,1.0,489.0,332.0,0.8714109063148499,0.22582846879959106,0.9403384327888489,-0.0004234984517097473,-0.006097450852394104,0.0,0.4193060100078583,0.0,-0.4315009117126465,0.0,20.0,-0.024264673913293424
trial_05,39.523579623,1.0,395.0,420.0,0.8783646821975708,0.25626280903816223,0.9388061761856079,-0.0008087595924735069,-0.005730926990509033,0.0,0.41866958141326904,0.0,-0.4301314353942871,0.0,21.0,-0.046338511289452364
trial_05,39.772134807,1.0,484.0,364.0,0.895497739315033,0.25377169251441956,0.9335246086120605,-0.0011535724624991417,-0.007916837930679321,0.0,0.4175463318824768,0.0,-0.43338000774383545,0.0,21.0,-0.06609483346371425
trial_05,40.027892372000004,1.0,406.0,448.0,0.856795072555542,0.16977235674858093,0.9204897880554199,-0.0012006964534521103,-0.008347392082214355,0.0,0.41529083251953125,0.0,-0.43198561668395996,0.0,21.0,-0.06879483925913202
trial_05,40.290182463,1.0,520.0,327.0,0.8633561134338379,0.19115272164344788,0.9313910603523254,-0.0009360052645206451,-0.006923109292984009,0.0,0.4163316786289215,0.0,-0.4301778972148895,0.0,21.0,-0.053629151259059184
trial_05,40.546099444,1.0,404.0,432.0,0.8606377840042114,0.24788808822631836,0.9500134587287903,0.002075682859867811,-0.006873533129692078,0.0,0.41518718004226685,0.0,-0.428934246301651,0.0,19.0,0.11892786747807026
trial_05,40.785569924,1.0,501.0,352.0,0.8450650572776794,0.17438730597496033,0.9239407777786255,-0.0006042805034667253,-0.004329085350036621,0.0,0.4176059365272522,0.0,-0.42626410722732544,0.0,20.0,-0.03462272249068388
trial_05,41.038996125000004,1.0,408.0,486.0,0.872812807559967,0.19277536869049072,0.9355191588401794,-0.0037335928063839674,-0.005424901843070984,0.0,0.4182983636856079,0.0,-0.4291481673717499,0.0,20.0,-0.21391911022620605
trial_05,41.298403602,1.0,499.0,401.0,0.8742232322692871,0.23498952388763428,0.9311617612838745,-0.005742502398788929,-0.003857433795928955,0.0,0.42145758867263794,0.0,-0.42917245626449585,0.0,20.0,-0.32902115129435683
trial_05,41.55586936,1.0,411.0,489.0,0.8870282173156738,0.24967631697654724,0.9271581768989563,0.0015080361627042294,-0.003177344799041748,0.0,0.42454978823661804,0.0,-0.43090447783470154,0.0,20.0,0.08640410747605627
trial_05,41.804649886,1.0,502.0,313.0,0.8790697455406189,0.24568089842796326,0.9406787157058716,0.0009224689565598965,-0.0012089908123016357,0.0,0.42620420455932617,0.0,-0.42862218618392944,0.0,21.0,0.05285357794271894
trial_05,42.062746063000006,1.0,405.0,440.0,0.8782479166984558,0.24523571133613586,0.9462424516677856,0.0056923069059848785,-0.0008141249418258667,0.0,0.42774730920791626,0.0,-0.429375559091568,0.0,21.0,0.32614516140610544
trial_05,42.318415454000004,1.0,481.0,331.0,0.8823642730712891,0.23691347241401672,0.9415980577468872,0.0047013708390295506,-0.0004147142171859741,0.0,0.4288611114025116,0.0,-0.42969053983688354,0.0,21.0,0.269368707002272
trial_05,42.565865292000005,1.0,366.0,427.0,0.8747164607048035,0.23693302273750305,0.9371405839920044,0.004340804181993008,-0.0005937069654464722,0.0,0.4294281005859375,0.0,-0.43061551451683044,0.0,20.0,0.24870975932093703
trial_05,42.818591071,1.0,511.0,340.0,0.8753495216369629,0.2437252700328827,0.9368231892585754,0.0045520244166255,-0.0004076957702636719,0.0,0.42996811866760254,0.0,-0.4307835102081299,0.0,21.0,0.2608117873131418
trial_05,43.060019100000005,1.0,384.0,497.0,0.8773406744003296,0.2446770966053009,0.9356479644775391,0.005147761665284634,-0.0012892037630081177,0.0,0.4298010468482971,0.0,-0.43237945437431335,0.0,20.0,0.29494501736004586
trial_05,43.322116223,1.0,492.0,409.0,0.8870691657066345,0.24271970987319946,0.9415744543075562,0.006066904403269291,-0.002105921506881714,0.0,0.4294913113117218,0.0,-0.43370315432548523,0.0,21.0,0.34760801701666555
trial_05,43.566031361,1.0,446.0,522.0,0.8930360674858093,0.24573293328285217,0.9327864646911621,0.007311245426535606,-0.0017802417278289795,0.0,0.429492324590683,0.0,-0.43305280804634094,0.0,21.0,0.4189035059248156
trial_05,43.817497652,1.0,517.0,458.0,0.8880577087402344,0.24984100461006165,0.9423145055770874,0.008811121806502342,-0.0018852055072784424,0.0,0.42930635809898376,0.0,-0.43307676911354065,0.0,21.0,0.5048400922882698
trial_05,44.067434112,1.0,390.0,560.0,0.8845282793045044,0.22030580043792725,0.9329655766487122,0.01061992533504963,-0.0004994422197341919,0.0,0.430226594209671,0.0,-0.4312254786491394,0.0,21.0,0.6084769004424004
trial_05,44.317830484000005,1.0,469.0,437.0,0.8746857643127441,0.23205670714378357,0.9388365149497986,0.007178678177297115,0.00031970441341400146,0.0,0.43038421869277954,0.0,-0.42974480986595154,0.0,21.0,0.4113079620417912
trial_05,44.567697659000004,1.0,358.0,496.0,0.8756115436553955,0.1954631209373474,0.9215865135192871,0.009383341297507286,0.0007745921611785889,0.0,0.43076932430267334,0.0,-0.42922013998031616,0.0,20.0,0.5376258540779772
trial_05,44.826004093,1.0,486.0,387.0,0.8966169953346252,0.25429192185401917,0.9223658442497253,0.01199040561914444,0.001246437430381775,0.0,0.4301855266094208,0.0,-0.4276926517486572,0.0,20.0,0.6869996366269232
trial_05,45.077794288,1.0,386.0,437.0,0.8817511200904846,0.25320714712142944,0.9384350776672363,0.013375597074627876,0.0025394558906555176,0.0,0.4300704300403595,0.0,-0.42499151825904846,0.0,21.0,0.7663652608437077
trial_05,45.331763377,1.0,489.0,355.0,0.8790795207023621,0.2521894872188568,0.9350733757019043,0.014573340304195881,0.0037497878074645996,0.0,0.4294297695159912,0.0,-0.421930193901062,0.0,20.0,0.8349908928383233
trial_05,45.58017169,1.0,382.0,444.0,0.8557664155960083,0.18413272500038147,0.9346286058425903,0.015324791893362999,0.005263760685920715,0.0,0.43052834272384644,0.0,-0.420000821352005,0.0,20.0,0.8780458974059978
trial_05,45.838836147,1.0,488.0,331.0,0.8619027137756348,0.1870293915271759,0.937326967716217,0.015503807924687862,0.005728915333747864,0.0,0.4300658702850342,0.0,-0.41860803961753845,0.0,19.0,0.8883027604660942
trial_05,46.100897408,1.0,382.0,436.0,0.866678774356842,0.24777007102966309,0.9378473162651062,0.007006951607763767,0.006444871425628662,0.0,0.4299502372741699,0.0,-0.4170604944229126,0.0,21.0,0.4014687543772705
trial_05,46.356726885,1.0,491.0,327.0,0.8684170246124268,0.2510967552661896,0.94603031873703,-0.00506947236135602,0.008000463247299194,0.0,0.4316045045852661,0.0,-0.4156035780906677,0.0,19.0,-0.2904593706639193
trial_05,46.618514144,1.0,397.0,432.0,0.8804888129234314,0.25003525614738464,0.942736029624939,-0.007718211971223354,0.008893191814422607,0.0,0.43192198872566223,0.0,-0.414135605096817,0.0,21.0,-0.4422209713384458
trial_05,46.866783951,1.0,502.0,349.0,0.8758024573326111,0.249590665102005,0.9357263445854187,-0.007376785855740309,0.010229140520095825,0.0,0.43224096298217773,0.0,-0.4117826819419861,0.0,21.0,-0.422658695905721
trial_05,47.125145029,1.0,397.0,413.0,0.8699273467063904,0.248358815908432,0.9410767555236816,-0.007166524417698383,0.010236576199531555,0.0,0.4328884482383728,0.0,-0.4124152958393097,0.0,21.0,-0.41061160291156723
trial_05,47.383909682,1.0,507.0,349.0,0.8754454851150513,0.24668052792549133,0.9253184795379639,-0.006777750328183174,0.010397449135780334,0.0,0.43389105796813965,0.0,-0.413096159696579,0.0,20.0,-0.3883364883983045
trial_05,47.642098243,1.0,432.0,485.0,0.8750579357147217,0.1887156367301941,0.9166006445884705,-0.0015587308444082737,0.007871881127357483,0.0,0.4344122111797333,0.0,-0.4186684489250183,0.0,21.0,-0.08930869878145707
trial_05,47.886908017,1.0,503.0,340.0,0.8790957927703857,0.24552097916603088,0.9365425109863281,-0.002597869373857975,0.006262451410293579,0.0,0.43446314334869385,0.0,-0.4219382405281067,0.0,20.0,-0.14884695084835575
trial_05,48.136084466,1.0,413.0,418.0,0.8657415509223938,0.20887205004692078,0.9334568977355957,0.0014683485496789217,0.005303442478179932,0.0,0.43476325273513794,0.0,-0.4241563677787781,0.0,20.0,0.08413017475075771
trial_05,48.390889508,1.0,497.0,351.0,0.8806946277618408,0.24453166127204895,0.9313908815383911,0.004807895515114069,0.002619311213493347,0.0,0.4338868260383606,0.0,-0.4286482036113739,0.0,21.0,0.27547212135591304
trial_05,48.647683923,1.0,412.0,470.0,0.8701905012130737,0.18826818466186523,0.924641489982605,0.002538466127589345,0.001543968915939331,0.0,0.4332837760448456,0.0,-0.4301958382129669,0.0,21.0,0.145443395547787
trial_05,48.897843519000006,1.0,496.0,379.0,0.8803339600563049,0.2468460500240326,0.9309123754501343,0.0006935996934771538,0.000870242714881897,0.0,0.43273141980171204,0.0,-0.43099093437194824,0.0,21.0,0.039740335107808486
trial_05,49.139676504,1.0,409.0,489.0,0.8783870935440063,0.24557247757911682,0.9334272742271423,0.003972537815570831,-4.6193599700927734e-06,0.0,0.4318464994430542,0.0,-0.4318557381629944,0.0,21.0,0.22760965078832804
trial_05,49.387573589000006,1.0,499.0,388.0,0.8769037127494812,0.23998317122459412,0.9399989247322083,0.007008307613432407,-0.0008713304996490479,0.0,0.4310497045516968,0.0,-0.4327923655509949,0.0,21.0,0.4015464477790794
trial_05,49.641328759000004,1.0,405.0,498.0,0.8853586912155151,0.24654808640480042,0.9444769024848938,0.004502659663558006,-0.00033476948738098145,0.0,0.4318978786468506,0.0,-0.43256741762161255,0.0,21.0,0.25798339530566894
trial_05,49.888118255,1.0,496.0,429.0,0.8932921290397644,0.24959856271743774,0.9314635396003723,0.002774459309875965,0.00025326013565063477,0.0,0.43199577927589417,0.0,-0.4314892590045929,0.0,21.0,0.15896480888667183
trial_05,50.138060299,1.0,446.0,565.0,0.8807932734489441,0.251736044883728,0.9422107934951782,0.001696007326245308,0.0007102787494659424,0.0,0.43167844414711,0.0,-0.4302578866481781,0.0,21.0,0.09717406181712344
trial_05,50.407466564,1.0,549.0,427.0,0.8838622570037842,0.24910083413124084,0.9380744099617004,0.0011555245146155357,0.0015338659286499023,0.0,0.4325122833251953,0.0,-0.4294445514678955,0.0,21.0,0.06620667781137321
trial_05,50.664247106000005,1.0,400.0,443.0,0.8709139227867126,0.23758044838905334,0.9425891041755676,0.0009886324405670166,0.00264681875705719,0.0,0.43181687593460083,0.0,-0.42652323842048645,0.0,21.0,0.05664446633420825
trial_05,50.906364139000004,1.0,482.0,302.0,0.8741118907928467,0.23691150546073914,0.9412177205085754,0.0010480303317308426,0.004228368401527405,0.0,0.43236497044563293,0.0,-0.4239082336425781,0.0,21.0,0.06004771480987288
trial_05,51.150754362,1.0,384.0,435.0,0.8776505589485168,0.23052361607551575,0.9295265674591064,0.005731772165745497,0.004057988524436951,0.0,0.4306824803352356,0.0,-0.4225665032863617,0.0,19.0,0.3284063542277763
trial_05,51.402043762000005,1.0,476.0,390.0,0.8850640058517456,0.2576216757297516,0.9341580271720886,-0.0004139728844165802,0.005023986101150513,0.0,0.43191438913345337,0.0,-0.42186641693115234,0.0,20.0,-0.023718899109927093
trial_05,51.65890564,1.0,388.0,420.0,0.8502939939498901,0.14278829097747803,0.921533465385437,0.00015509407967329025,0.005676686763763428,0.0,0.4306733012199402,0.0,-0.41931992769241333,0.0,20.0,0.008886236192745261
trial_05,51.907780796000004,1.0,469.0,329.0,0.851073682308197,0.19821643829345703,0.9366208910942078,0.0004628608003258705,0.007556110620498657,0.0,0.43248555064201355,0.0,-0.41737332940101624,0.0,20.0,0.0265199703607199
trial_05,52.150305267,1.0,414.0,431.0,0.8690130114555359,0.2521122694015503,0.9433631896972656,0.00020141247659921646,0.008145943284034729,0.0,0.4323699176311493,0.0,-0.41607803106307983,0.0,21.0,0.011540084850412559
trial_05,52.404394129,1.0,502.0,337.0,0.8754279613494873,0.2500174939632416,0.9303625822067261,-0.011572020128369331,0.010674148797988892,0.0,0.43447738885879517,0.0,-0.4131290912628174,0.0,21.0,-0.6630279137959998
trial_05,52.662889572000005,1.0,396.0,416.0,0.8750205039978027,0.2517528235912323,0.9486364722251892,-0.011881958693265915,0.010700598359107971,0.0,0.4339514672756195,0.0,-0.41255027055740356,0.0,21.0,-0.6807860854729156
trial_05,52.929402048,1.0,499.0,355.0,0.8643977046012878,0.2353161871433258,0.9295997619628906,-0.006694762967526913,0.011204645037651062,0.0,0.43437454104423523,0.0,-0.4119652509689331,0.0,19.0,-0.3835816628797707
trial_05,53.176974471,1.0,412.0,493.0,0.8807244300842285,0.24611929059028625,0.9319241642951965,-0.003070197068154812,0.009919732809066772,0.0,0.4352172613143921,0.0,-0.41537779569625854,0.0,20.0,-0.1759093342787099
trial_05,53.435756136,1.0,492.0,398.0,0.8855162262916565,0.2502153515815735,0.932253897190094,-0.0011872723698616028,0.008358776569366455,0.0,0.4353628158569336,0.0,-0.4186452627182007,0.0,21.0,-0.06802569592556512
trial_05,53.68228872,1.0,377.0,500.0,0.8850078582763672,0.24764612317085266,0.932915210723877,-0.004908452741801739,0.008748352527618408,0.0,0.43790292739868164,0.0,-0.4204062223434448,0.0,20.0,-0.2812336260446568
trial_05,53.934569243000006,1.0,496.0,315.0,0.8846277594566345,0.2459484338760376,0.941094696521759,-0.002464325400069356,0.009424194693565369,0.0,0.4380221366882324,0.0,-0.4191737473011017,0.0,21.0,-0.1411954447708622
trial_05,54.190874807,1.0,380.0,432.0,0.8661023378372192,0.19138315320014954,0.9307283759117126,-0.0003163497895002365,0.008022338151931763,0.0,0.43725666403770447,0.0,-0.42121198773384094,0.0,20.0,-0.018125507788215558
trial_05,54.447177586,1.0,498.0,346.0,0.8718034625053406,0.2462013065814972,0.9454607963562012,0.00048806285485625267,0.006589576601982117,0.0,0.43628042936325073,0.0,-0.4231012761592865,0.0,20.0,0.027963941720369354
trial_05,54.703930723000006,1.0,378.0,419.0,0.8723519444465637,0.24638476967811584,0.9327515363693237,-0.0009791739284992218,0.005164653062820435,0.0,0.434719443321228,0.0,-0.42439013719558716,0.0,21.0,-0.05610253351225005
trial_05,54.960417661,1.0,489.0,343.0,0.872551441192627,0.24555984139442444,0.9255936145782471,-0.00043669017031788826,0.0038948506116867065,0.0,0.4335491955280304,0.0,-0.425759494304657,0.0,20.0,-0.025020503714064092
trial_05,55.223407909,1.0,400.0,492.0,0.8749279975891113,0.24820521473884583,0.9106506109237671,-0.010659679770469666,0.0036397576332092285,0.0,0.4338796138763428,0.0,-0.4266000986099243,0.0,21.0,-0.6107546618088939
trial_05,55.47452362000001,1.0,485.0,396.0,0.8824337720870972,0.24646702408790588,0.9320982098579407,-0.008709253743290901,0.0023337751626968384,0.0,0.4332088232040405,0.0,-0.42854127287864685,0.0,21.0,-0.49900348219908236
trial_05,55.723121056000004,1.0,397.0,515.0,0.8935320973396301,0.2440386712551117,0.9383519291877747,-0.007559601217508316,0.002259552478790283,0.0,0.4336482286453247,0.0,-0.42912912368774414,0.0,20.0,-0.43313324456518515
trial_05,55.984420582000006,1.0,515.0,403.0,0.8826320171356201,0.24536201357841492,0.9409975409507751,-0.007330596912652254,0.0018191486597061157,0.0,0.4327094852924347,0.0,-0.42907118797302246,0.0,21.0,-0.42001226440660555
trial_05,56.241043139000006,1.0,432.0,565.0,0.8904271721839905,0.2516731321811676,0.9403907060623169,-0.007669081911444664,0.002104446291923523,0.0,0.4329480230808258,0.0,-0.42873913049697876,0.0,21.0,-0.4394060262659014
trial_05,56.501482498,1.0,478.0,439.0,0.8830512166023254,0.23986133933067322,0.936672568321228,-0.008371698670089245,0.001888185739517212,0.0,0.43176960945129395,0.0,-0.4279932379722595,0.0,20.0,-0.47966300115139787
trial_05,56.742560956000005,1.0,365.0,504.0,0.8647542595863342,0.19604673981666565,0.9347052574157715,-0.009539586491882801,0.00121288001537323,0.0,0.4309401512145996,0.0,-0.42851439118385315,0.0,20.0,-0.5465780442848954
trial_05,57.003284326000006,1.0,469.0,388.0,0.8809047937393188,0.2544836103916168,0.9257168769836426,-0.015858691185712814,0.0009119659662246704,0.0,0.4291885793209076,0.0,-0.42736464738845825,0.0,20.0,-0.9086360735426635
trial_05,57.25499374100001,1.0,379.0,426.0,0.8835030794143677,0.25335365533828735,0.9447354674339294,-0.015347735956311226,0.002434447407722473,0.0,0.4304969608783722,0.0,-0.42562806606292725,0.0,19.0,-0.8793604953778137
trial_05,57.510618509000004,1.0,488.0,352.0,0.8765851259231567,0.2508271634578705,0.9426316618919373,-0.015742767602205276,0.0030711591243743896,0.0,0.42941737174987793,0.0,-0.42327505350112915,0.0,20.0,-0.9019941414616492
trial_05,57.760833378,1.0,393.0,425.0,0.8659493327140808,0.18697404861450195,0.9344134330749512,-0.015924841165542603,0.0020989924669265747,0.0,0.42694565653800964,0.0,-0.4227476716041565,0.0,21.0,-0.9124261882017859
trial_05,58.006706129,1.0,513.0,316.0,0.8802054524421692,0.24997025728225708,0.9383666515350342,-0.017172370105981827,0.0015762895345687866,0.0,0.42484408617019653,0.0,-0.42169150710105896,0.0,21.0,-0.9839043313093808
trial_05,58.265481828000006,1.0,397.0,440.0,0.8708724975585938,0.2361631691455841,0.9362753033638,-0.017557293176651,-0.0010354965925216675,0.0,0.42052334547042847,0.0,-0.4225943386554718,0.0,21.0,-1.0059587986959404
trial_05,58.525334372,1.0,514.0,322.0,0.8721475005149841,0.24712923169136047,0.9400548338890076,-0.023502279072999954,-0.00010451674461364746,0.0,0.42114871740341187,0.0,-0.42135775089263916,0.0,21.0,-1.3465813998215341
trial_05,58.76068677400001,1.0,388.0,409.0,0.8693937659263611,0.2236991822719574,0.9408427476882935,-0.02747415378689766,-0.0009982287883758545,0.0,0.4217221736907959,0.0,-0.4237186312675476,0.0,21.0,-1.574153057682604
trial_05,59.024285475000006,1.0,522.0,325.0,0.8543369770050049,0.23929455876350403,0.9245636463165283,-0.02555404230952263,-0.002397105097770691,0.0,0.4217630624771118,0.0,-0.4265572726726532,0.0,20.0,-1.4641387738343856
trial_05,59.289010516000005,1.0,416.0,404.0,0.8525517582893372,0.18843552470207214,0.928756594657898,-0.01578635722398758,-0.003803625702857971,0.0,0.4217432737350464,0.0,-0.42935052514076233,0.0,20.0,-0.9044916428203467
trial_05,59.541764761,1.0,479.0,319.0,0.8803863525390625,0.24633610248565674,0.928107738494873,-0.011969697661697865,-0.005495131015777588,0.0,0.4215701222419739,0.0,-0.43256038427352905,0.0,20.0,-0.6858131580628979
trial_05,59.797067078000005,1.0,420.0,464.0,0.8805537223815918,0.24650314450263977,0.9322453737258911,-0.012475105002522469,-0.005730465054512024,0.0,0.423351526260376,0.0,-0.4348124563694,0.0,21.0,-0.7147708656270777
trial_05,60.049518087,1.0,500.0,339.0,0.8763344287872314,0.2237878143787384,0.9301392436027527,-0.01328845415264368,-0.006811797618865967,0.0,0.42419707775115967,0.0,-0.4378206729888916,0.0,21.0,-0.7613723391995755
trial_05,60.312606646000006,1.0,412.0,472.0,0.8717362284660339,0.2055761218070984,0.934918999671936,-0.007540976628661156,-0.0058829933404922485,0.0,0.42562946677207947,0.0,-0.43739545345306396,0.0,20.0,-0.43206613422907647
trial_05,60.571075687000004,1.0,498.0,310.0,0.8603343963623047,0.1922920048236847,0.9226190447807312,-0.009570125490427017,-0.002922162413597107,0.0,0.42759740352630615,0.0,-0.43344172835350037,0.0,21.0,-0.5483278000120352
trial_05,60.819297807000005,1.0,390.0,483.0,0.8847677111625671,0.23726657032966614,0.9291262626647949,-0.013253658078610897,-0.0010236501693725586,0.0,0.429328978061676,0.0,-0.43137627840042114,0.0,21.0,-0.7593786710138722
trial_05,61.072029595000004,1.0,505.0,378.0,0.8775721788406372,0.23844465613365173,0.9381802082061768,-0.00535339443013072,-0.0006559044122695923,0.0,0.4299987554550171,0.0,-0.4313105642795563,0.0,20.0,-0.3067269069153327
trial_05,61.32660895,1.0,407.0,423.0,0.874596357345581,0.2362886369228363,0.9426966309547424,-0.004621705040335655,-6.416440010070801e-05,0.0,0.4296358525753021,0.0,-0.42976418137550354,0.0,20.0,-0.26480419296557295
trial_05,61.580709828,1.0,521.0,430.0,0.8798382878303528,0.2261246144771576,0.9375416040420532,-0.008752379566431046,2.022087574005127e-05,0.0,0.429771363735199,0.0,-0.42973092198371887,0.0,19.0,-0.5014744098530403
trial_05,61.841742651000004,1.0,403.0,521.0,0.8934763669967651,0.2454410195350647,0.9339303374290466,-0.011513043195009232,0.00127410888671875,0.0,0.4309520125389099,0.0,-0.4284037947654724,0.0,21.0,-0.6596487844258417
trial_05,62.082691905000004,1.0,505.0,450.0,0.910933792591095,0.25011375546455383,0.920396089553833,-0.008636681362986565,0.0017708241939544678,0.0,0.4309767484664917,0.0,-0.42743510007858276,0.0,21.0,-0.4948453910984255
trial_05,62.338236087000006,1.0,460.0,511.0,0.8918380737304688,0.2440614402294159,0.9353852272033691,-0.0059189824387431145,0.0034545063972473145,0.0,0.4328674077987671,0.0,-0.42595839500427246,0.0,21.0,-0.3391327127520318
trial_05,62.589453128,1.0,551.0,319.0,0.8734279870986938,0.2483435571193695,0.94090336561203,-0.003557080402970314,0.004429429769515991,0.0,0.43261319398880005,0.0,-0.42375433444976807,0.0,21.0,-0.20380569447889313
trial_05,62.843586692,1.0,400.0,425.0,0.8830070495605469,0.24019435048103333,0.9203181266784668,0.003626123070716858,0.005021870136260986,0.0,0.4328572452068329,0.0,-0.4228135049343109,0.0,21.0,0.20776154794709412
trial_05,63.091855427000006,1.0,504.0,313.0,0.8705105781555176,0.2501526474952698,0.9250121116638184,0.003969287499785423,0.006062239408493042,0.0,0.4325634837150574,0.0,-0.4204390048980713,0.0,21.0,0.2274234214117394
trial_05,63.352045959,1.0,395.0,414.0,0.8656336665153503,0.20196712017059326,0.9310956001281738,0.004067862406373024,0.005713790655136108,0.0,0.43155479431152344,0.0,-0.4201272130012512,0.0,20.0,0.23307134752510528
trial_05,63.597940640000004,1.0,494.0,336.0,0.852600634098053,0.18433117866516113,0.9291877746582031,0.004061330109834671,0.006797879934310913,0.0,0.432140052318573,0.0,-0.41854429244995117,0.0,20.0,0.23269707450292973
trial_05,63.854218925000005,1.0,395.0,428.0,0.8572331666946411,0.19605469703674316,0.9311632513999939,0.0037124520167708397,0.00660879909992218,0.0,0.43117865920066833,0.0,-0.417961061000824,0.0,19.0,0.21270783220579983
trial_05,64.109437598,1.0,507.0,367.0,0.8708102703094482,0.1996011734008789,0.9301369786262512,-0.00025871675461530685,0.005308002233505249,0.0,0.43127715587615967,0.0,-0.42066115140914917,0.0,21.0,-0.014823378128778845
trial_05,64.359649829,1.0,403.0,436.0,0.8494032025337219,0.18918809294700623,0.9142855405807495,7.760804146528244e-05,0.004572078585624695,0.0,0.42797157168388367,0.0,-0.4188274145126343,0.0,21.0,0.004446613232236973
trial_05,64.602168907,1.0,501.0,324.0,0.8920584321022034,0.2484123408794403,0.9316371083259583,-8.191913366317749e-05,0.005656510591506958,0.0,0.42827415466308594,0.0,-0.416961133480072,0.0,21.0,-0.004693620620268137
trial_05,64.85479559400001,1.0,418.0,432.0,0.8848665952682495,0.2499726116657257,0.9390696287155151,-0.002181401476264,0.006841346621513367,0.0,0.42998120188713074,0.0,-0.416298508644104,0.0,20.0,-0.12498509801353443
trial_05,65.109400814,1.0,509.0,354.0,0.8778322339057922,0.24829033017158508,0.9370692372322083,-0.005524962209165096,0.008137732744216919,0.0,0.4302314519882202,0.0,-0.4139559864997864,0.0,19.0,-0.3165570165544356
trial_05,65.369070354,1.0,406.0,432.0,0.8437814116477966,0.1939658224582672,0.9287048578262329,-0.0006908723153173923,0.007555827498435974,0.0,0.4294700622558594,0.0,-0.4143584072589874,0.0,19.0,-0.039584067850118
trial_05,65.612690277,1.0,512.0,332.0,0.8550423979759216,0.1717858612537384,0.9154177308082581,-0.001568339765071869,0.008596658706665039,0.0,0.43171146512031555,0.0,-0.4145181477069855,0.0,20.0,-0.08985924938115714
trial_05,65.870284839,1.0,417.0,416.0,0.8809012174606323,0.24521955847740173,0.9263827800750732,0.0014367604162544012,0.008935123682022095,0.0,0.433418869972229,0.0,-0.4155486226081848,0.0,20.0,0.08232030802283655
trial_05,66.127460739,1.0,512.0,375.0,0.8894838690757751,0.24538135528564453,0.9232682585716248,-0.0029410875868052244,0.006996065378189087,0.0,0.4345414638519287,0.0,-0.42054933309555054,0.0,21.0,-0.1685119059022555
trial_05,66.39925740400001,1.0,394.0,424.0,0.8833976984024048,0.24504354596138,0.9351871013641357,-0.00445692939683795,0.007659286260604858,0.0,0.4375,0.0,-0.4221814274787903,0.0,21.0,-0.25536324402660215
trial_05,66.6526856,1.0,506.0,324.0,0.8893368244171143,0.24352121353149414,0.9373543858528137,-0.005481618456542492,0.007321715354919434,0.0,0.43807917833328247,0.0,-0.4234357476234436,0.0,21.0,-0.31407360246090127
trial_05,66.909228637,1.0,371.0,420.0,0.8677581548690796,0.19245150685310364,0.9310324788093567,-0.0013210673350840807,0.0063396841287612915,0.0,0.4377174377441406,0.0,-0.42503806948661804,0.0,19.0,-0.07569158275291273
trial_05,67.18203060900001,1.0,488.0,379.0,0.8878119587898254,0.24399030208587646,0.9291977882385254,-0.00810867641121149,0.0058540403842926025,0.0,0.4381290674209595,0.0,-0.42642098665237427,0.0,21.0,-0.46459293579970523
trial_05,67.469643551,1.0,369.0,478.0,0.8749755620956421,0.24248024821281433,0.9257175922393799,-0.0037888512015342712,0.004205033183097839,0.0,0.4370088279247284,0.0,-0.4285987615585327,0.0,20.0,-0.21708518305098465
trial_05,67.77546113400001,1.0,490.0,401.0,0.8811858296394348,0.24006792902946472,0.9219866394996643,0.000282412045635283,0.002115696668624878,0.0,0.43571773171424866,0.0,-0.4314863383769989,0.0,21.0,0.01618101829855772
trial_05,68.04870665300001,1.0,389.0,493.0,0.8862338066101074,0.24026688933372498,0.9248676300048828,-0.0018748188158497214,0.001876145601272583,0.0,0.4352695345878601,0.0,-0.43151724338531494,0.0,21.0,-0.10741920549990373
trial_05,68.327755659,1.0,494.0,383.0,0.8826302886009216,0.24105551838874817,0.9320730566978455,-0.0034543760120868683,0.0013753175735473633,0.0,0.43446290493011475,0.0,-0.43171226978302,0.0,21.0,-0.1979211663438098
trial_05,68.590541388,1.0,417.0,503.0,0.8960883617401123,0.24755564332008362,0.9353074431419373,0.0004986069398000836,0.0013912618160247803,0.0,0.4341815710067749,0.0,-0.43139904737472534,0.0,20.0,0.028568073286478302
trial_05,68.83702145800001,1.0,545.0,442.0,0.8871747851371765,0.24923500418663025,0.9392985105514526,0.003283587284386158,0.0015086978673934937,0.0,0.43271148204803467,0.0,-0.4296940863132477,0.0,20.0,0.18813569305815006
trial_05,69.0925484,1.0,429.0,557.0,0.8899728059768677,0.24091705679893494,0.9361116290092468,0.005400396417826414,0.0005960762500762939,0.0,0.4317395091056824,0.0,-0.4305473566055298,0.0,21.0,0.30941992243902183
trial_05,69.34750335700001,1.0,491.0,436.0,0.8705364465713501,0.1648259460926056,0.9303134083747864,0.0021963980980217457,0.00019630789756774902,0.0,0.4313771724700928,0.0,-0.4309845566749573,0.0,21.0,0.12584434114720733
trial_05,69.59695775600001,1.0,362.0,486.0,0.8690109252929688,0.21511393785476685,0.9326058626174927,-0.0003099367022514343,0.00030478835105895996,0.0,0.4311171770095825,0.0,-0.4305076003074646,0.0,21.0,-0.017758064955210026
trial_05,69.847951479,1.0,457.0,345.0,0.8722993731498718,0.24891898036003113,0.9297598004341125,-0.00218628509901464,0.0018735229969024658,0.0,0.43057531118392944,0.0,-0.4268282651901245,0.0,21.0,-0.12526490898588016
trial_05,70.094835673,1.0,377.0,416.0,0.8879761695861816,0.25656405091285706,0.9259993433952332,-0.0034566151443868876,0.0031333863735198975,0.0,0.4307965040206909,0.0,-0.4245297312736511,0.0,21.0,-0.19804945917437233
trial_05,70.35029110800001,1.0,490.0,323.0,0.8698215484619141,0.21033811569213867,0.9194883704185486,-0.004339956678450108,0.004857957363128662,0.0,0.43128710985183716,0.0,-0.42157119512557983,0.0,20.0,-0.24866120094480648
trial_05,70.599759733,1.0,385.0,433.0,0.8750636577606201,0.21612778306007385,0.926358699798584,3.3968361094594e-05,0.005958378314971924,0.0,0.4324749708175659,0.0,-0.42055821418762207,0.0,21.0,0.0019462437276966216
trial_05,70.862495677,1.0,487.0,338.0,0.8731152415275574,0.25299152731895447,0.9319374561309814,-0.001868766499683261,0.0073594748973846436,0.0,0.432062029838562,0.0,-0.4173430800437927,0.0,21.0,-0.10707243332728675
trial_05,71.113085974,1.0,386.0,423.0,0.8820206522941589,0.25104454159736633,0.9428296685218811,-0.003199521452188492,0.007188230752944946,0.0,0.4315846562385559,0.0,-0.417208194732666,0.0,21.0,-0.18331907567196878
trial_05,71.372458341,1.0,521.0,346.0,0.8768165111541748,0.2391504943370819,0.9319576025009155,-0.004076515324413776,0.007554948329925537,0.0,0.432668000459671,0.0,-0.41755810379981995,0.0,20.0,-0.233567123209313
trial_05,71.624577586,1.0,417.0,421.0,0.8782029747962952,0.2481323778629303,0.9345687031745911,-0.004700451157987118,0.007084354758262634,0.0,0.43251797556877136,0.0,-0.4183492660522461,0.0,21.0,-0.2693160131600424
trial_05,71.8782618,1.0,500.0,327.0,0.8869988322257996,0.24834367632865906,0.9379599690437317,-0.00014087441377341747,0.005008280277252197,0.0,0.43233561515808105,0.0,-0.42231905460357666,0.0,21.0,-0.008071509350596456
trial_05,72.13476371200001,1.0,405.0,477.0,0.8886987566947937,0.24832946062088013,0.9303206205368042,-0.0066561466082930565,0.0036679208278656006,0.0,0.4329260587692261,0.0,-0.4255902171134949,0.0,21.0,-0.3813691084755097
trial_05,72.391025361,1.0,511.0,354.0,0.9009014368057251,0.24588802456855774,0.9291749000549316,-0.0015093919355422258,0.001241445541381836,0.0,0.4332399368286133,0.0,-0.4307570457458496,0.0,20.0,-0.08648178753765194
trial_05,72.648618758,1.0,384.0,408.0,0.8735559582710266,0.20267680287361145,0.9363088011741638,-0.002355478471145034,0.0016322284936904907,0.0,0.43374451994895935,0.0,-0.43048006296157837,0.0,21.0,-0.1349589751305381
trial_05,72.901303368,1.0,507.0,361.0,0.8822964429855347,0.2484138309955597,0.9337165355682373,-0.002835026942193508,0.00199224054813385,0.0,0.43470776081085205,0.0,-0.43072327971458435,0.0,21.0,-0.16243507859356723
trial_05,73.147607417,1.0,383.0,468.0,0.8892958760261536,0.24641236662864685,0.9289475679397583,-0.0031433813273906708,0.0018654614686965942,0.0,0.4350855350494385,0.0,-0.4313546121120453,0.0,21.0,-0.1801024834597159
trial_05,73.397370518,1.0,505.0,387.0,0.8923315405845642,0.2431427538394928,0.9378972053527832,0.001911067869514227,0.0008346438407897949,0.0,0.434419184923172,0.0,-0.4327498972415924,0.0,21.0,0.10949612328622313
trial_05,73.653879625,1.0,427.0,513.0,0.8952120542526245,0.24787914752960205,0.9343762397766113,0.0005090511403977871,0.000644683837890625,0.0,0.4339722692966461,0.0,-0.43268290162086487,0.0,20.0,0.029166481901114722
trial_05,73.899109041,1.0,501.0,450.0,0.8846156001091003,0.24608579277992249,0.9383015632629395,-3.705127164721489e-05,0.0001398921012878418,0.0,0.4334000051021576,0.0,-0.4331202208995819,0.0,21.0,-0.0021228814909781428
trial_05,74.14838811700001,1.0,444.0,568.0,0.8912235498428345,0.2500265836715698,0.9410733580589294,-0.0003212415613234043,0.0007390677928924561,0.0,0.4333871603012085,0.0,-0.4319090247154236,0.0,21.0,-0.01840578566802409
trial_05,74.40708568800001,1.0,566.0,394.0,0.8833379149436951,0.2458549439907074,0.9355382323265076,-0.0005237283185124397,0.0017441362142562866,0.0,0.43279528617858887,0.0,-0.4293070137500763,0.0,20.0,-0.0300074222622461
trial_05,74.651024475,1.0,431.0,408.0,0.8781159520149231,0.17748385667800903,0.9184480309486389,0.00462447851896286,0.002395644783973694,0.0,0.4333847463130951,0.0,-0.4285934567451477,0.0,20.0,0.26496310158548153
trial_05,74.900899561,1.0,500.0,305.0,0.8851077556610107,0.23769548535346985,0.9203622937202454,0.0035615097731351852,0.0028079748153686523,0.0,0.43295520544052124,0.0,-0.42733925580978394,0.0,21.0,0.2040594786952414
trial_05,75.151802296,1.0,374.0,400.0,0.8798711895942688,0.2553630769252777,0.9308667182922363,0.0025347345508635044,0.0029257237911224365,0.0,0.4320973753929138,0.0,-0.42624592781066895,0.0,21.0,0.1452295919504671
trial_05,75.405992624,1.0,473.0,324.0,0.8731645941734314,0.2320583462715149,0.9402093291282654,0.00724414549767971,0.004329681396484375,0.0,0.43254101276397705,0.0,-0.4238816499710083,0.0,21.0,0.4150589631957447
trial_05,75.652936177,1.0,409.0,396.0,0.8758737444877625,0.23704740405082703,0.9373940825462341,0.00581719633191824,0.004978090524673462,0.0,0.4326980710029602,0.0,-0.4227418899536133,0.0,21.0,0.3333007984178987
trial_05,75.903127858,1.0,499.0,411.0,0.8710202574729919,0.19668760895729065,0.9270961284637451,-0.0006965138018131256,0.005323201417922974,0.0,0.43310225009918213,0.0,-0.4224558472633362,0.0,19.0,-0.039907301216503564
trial_05,76.15033103100001,1.0,389.0,430.0,0.8726699352264404,0.2032822072505951,0.9248589873313904,-0.0016141049563884735,0.005371451377868652,0.0,0.4318724274635315,0.0,-0.4211295247077942,0.0,21.0,-0.09248140169220734
trial_05,76.41605583900001,1.0,494.0,326.0,0.8882460594177246,0.25504329800605774,0.9369721412658691,-0.0011429712176322937,0.005470931529998779,0.0,0.43125852942466736,0.0,-0.4203166663646698,0.0,21.0,-0.06548742687525913
trial_05,76.659891169,1.0,409.0,416.0,0.8911685943603516,0.2520133852958679,0.9359890818595886,-0.0003660796210169792,0.006786942481994629,0.0,0.4318962097167969,0.0,-0.4183223247528076,0.0,21.0,-0.02097481725002158
trial_05,76.923182681,1.0,496.0,324.0,0.8787831664085388,0.2514719069004059,0.9404618144035339,-0.00029952265322208405,0.008435815572738647,0.0,0.4328823983669281,0.0,-0.4160107672214508,0.0,21.0,-0.017161383898185945
trial_05,77.19481730800001,1.0,417.0,489.0,0.8834558129310608,0.24819990992546082,0.9314447045326233,-0.00039007794111967087,0.006487295031547546,0.0,0.43205323815345764,0.0,-0.41907864809036255,0.0,21.0,-0.02234981970730977
trial_05,77.451247854,1.0,509.0,348.0,0.8788401484489441,0.24701163172721863,0.9328166246414185,-0.002270950935781002,0.008908897638320923,0.0,0.43492668867111206,0.0,-0.4171088933944702,0.0,21.0,-0.13011590410153626
trial_05,77.705608248,1.0,420.0,482.0,0.8776194453239441,0.19746240973472595,0.917630136013031,-0.003924883436411619,0.00858713686466217,0.0,0.43679553270339966,0.0,-0.4196212589740753,0.0,21.0,-0.224879255987189
trial_05,77.951592766,1.0,502.0,393.0,0.8971827626228333,0.2484171986579895,0.9146168231964111,-0.00938690546900034,0.00842219591140747,0.0,0.43821799755096436,0.0,-0.4213736057281494,0.0,20.0,-0.53783006606199
trial_05,78.20897518000001,1.0,429.0,431.0,0.8794697523117065,0.24718105792999268,0.9372187256813049,-0.009540023282170296,0.010463744401931763,0.0,0.4415034055709839,0.0,-0.42057591676712036,0.0,19.0,-0.5466030705249012
trial_05,78.45824165,1.0,499.0,309.0,0.8709133863449097,0.20127341151237488,0.9343950152397156,-0.009502561762928963,0.010539472103118896,0.0,0.4423753023147583,0.0,-0.4212963581085205,0.0,20.0,-0.5444566835782247
trial_05,78.716051096,1.0,397.0,496.0,0.8853201270103455,0.2392490804195404,0.932819664478302,-0.004450845532119274,0.009094417095184326,0.0,0.4425089657306671,0.0,-0.42432013154029846,0.0,21.0,-0.2550146642550935
trial_05,78.961764876,1.0,489.0,328.0,0.8825055956840515,0.24611148238182068,0.9368187189102173,-0.008740199729800224,0.00897456705570221,0.0,0.442403107881546,0.0,-0.4244539737701416,0.0,21.0,-0.5007765566189354
trial_05,79.220183772,1.0,390.0,472.0,0.8875094652175903,0.23894309997558594,0.9146441221237183,-0.0110709760338068,0.007611200213432312,0.0,0.4420008957386017,0.0,-0.42677849531173706,0.0,21.0,-0.6343202018276131
trial_05,79.466796091,1.0,487.0,401.0,0.8833335041999817,0.24610432982444763,0.910963773727417,-0.007051833439618349,0.006722688674926758,0.0,0.4419964551925659,0.0,-0.4285510778427124,0.0,19.0,-0.40404029391935387
trial_05,79.718926655,1.0,389.0,469.0,0.8817967772483826,0.24525770545005798,0.9344801902770996,-0.009277432225644588,0.005327075719833374,0.0,0.4406414031982422,0.0,-0.42998725175857544,0.0,20.0,-0.5315577112480969
trial_05,79.98478145700001,1.0,492.0,403.0,0.8875037431716919,0.243330180644989,0.9258934855461121,-0.011457722634077072,0.0037231743335723877,0.0,0.4390418231487274,0.0,-0.43159547448158264,0.0,21.0,-0.6564791497641327
trial_05,80.23360183700001,1.0,410.0,512.0,0.8932108283042908,0.24179747700691223,0.941561222076416,-0.00811764132231474,0.0037065893411636353,0.0,0.4390769898891449,0.0,-0.4316638112068176,0.0,21.0,-0.46510658736963134
trial_05,80.4917952,1.0,530.0,412.0,0.8974824547767639,0.24797186255455017,0.9369938373565674,-0.005819401238113642,0.0018977820873260498,0.0,0.43709999322891235,0.0,-0.43330442905426025,0.0,21.0,-0.3334271302371175
trial_05,80.736929528,1.0,443.0,571.0,0.8964897990226746,0.2479938566684723,0.9377062916755676,-0.004448782652616501,0.0019007474184036255,0.0,0.43679848313331604,0.0,-0.4329969882965088,0.0,21.0,-0.25489646996594056
trial_05,80.99507909600001,1.0,497.0,439.0,0.8786625862121582,0.21381506323814392,0.9354464411735535,-0.0037294751964509487,0.0014898180961608887,0.0,0.4349881410598755,0.0,-0.4320085048675537,0.0,19.0,-0.21368318855536295
trial_05,81.253386949,1.0,372.0,415.0,0.883259654045105,0.2477208971977234,0.9368073344230652,-0.008591696619987488,0.0017445236444473267,0.0,0.43391069769859314,0.0,-0.4304216504096985,0.0,20.0,-0.49226795518209776
trial_05,81.50310479000001,1.0,491.0,330.0,0.8817694783210754,0.2553769648075104,0.9266659617424011,-0.007813099771738052,0.0018155723810195923,0.0,0.432508260011673,0.0,-0.4288771152496338,0.0,21.0,-0.4476576418352173
trial_05,81.75016034000001,1.0,407.0,427.0,0.8696268796920776,0.19147717952728271,0.9369551539421082,-0.007556717377156019,0.002281501889228821,0.0,0.4328366816043854,0.0,-0.42827367782592773,0.0,20.0,-0.43296801268420904
trial_05,82.0157568,1.0,506.0,342.0,0.8773720264434814,0.23067358136177063,0.9365832209587097,-0.007823328487575054,0.002647414803504944,0.0,0.4322066307067871,0.0,-0.4269118010997772,0.0,21.0,-0.4482437040825161
trial_05,82.28529198400001,1.0,405.0,431.0,0.8719544410705566,0.1935003101825714,0.9343138337135315,-0.00842645950615406,0.0018784105777740479,0.0,0.43025702238082886,0.0,-0.42650020122528076,0.0,19.0,-0.4828005659405196
trial_05,82.527522894,1.0,505.0,302.0,0.8929681181907654,0.2524275481700897,0.9351323246955872,-0.009589455090463161,0.0009313970804214478,0.0,0.4288090765476227,0.0,-0.4269462823867798,0.0,21.0,-0.5494353045137822
trial_05,82.77643166,1.0,403.0,417.0,0.8698636889457703,0.1992243230342865,0.9380676746368408,-0.011195746250450611,-0.0011498630046844482,0.0,0.42680996656417847,0.0,-0.42910969257354736,0.0,21.0,-0.6414690086502364
trial_05,83.033539762,1.0,513.0,373.0,0.8974352478981018,0.250548779964447,0.9347290992736816,-0.012796307913959026,-0.00548909604549408,0.0,0.42627909779548645,0.0,-0.4372572898864746,0.0,21.0,-0.7331744368197067
trial_05,83.304829561,1.0,407.0,409.0,0.8683387041091919,0.19724199175834656,0.9395650029182434,-0.013719982467591763,-0.006768420338630676,0.0,0.42652544379234314,0.0,-0.4400622844696045,0.0,20.0,-0.7860970903864928
trial_05,83.55403098000001,1.0,507.0,322.0,0.87391597032547,0.23926123976707458,0.9295435547828674,-0.014007613994181156,-0.007321193814277649,0.0,0.42671751976013184,0.0,-0.44135990738868713,0.0,21.0,-0.8025771629149699
trial_05,83.80852183100001,1.0,416.0,446.0,0.8819403052330017,0.24921497702598572,0.9342079162597656,-0.010259723290801048,-0.00985381007194519,0.0,0.4259716868400574,0.0,-0.44567930698394775,0.0,20.0,-0.5878388435349723
trial_05,84.074436668,1.0,492.0,307.0,0.8658908009529114,0.2432822287082672,0.9298526048660278,-0.015183182433247566,-0.009412199258804321,0.0,0.4271547794342041,0.0,-0.44597917795181274,0.0,21.0,-0.8699322730022573
trial_05,84.33683185400001,1.0,399.0,461.0,0.8822945952415466,0.24972102046012878,0.92902010679245,-0.013766242191195488,-0.008189201354980469,0.0,0.42993950843811035,0.0,-0.4463179111480713,0.0,20.0,-0.788747577310428
trial_05,84.584315661,1.0,496.0,379.0,0.8847014904022217,0.2468474805355072,0.9344015717506409,-0.00687464838847518,-0.008426830172538757,0.0,0.4307922124862671,0.0,-0.4476458728313446,0.0,19.0,-0.3938883382960406
trial_05,84.846646678,1.0,405.0,467.0,0.8827826976776123,0.19718453288078308,0.9287186861038208,-0.006171334069222212,-0.006898611783981323,0.0,0.432877779006958,0.0,-0.44667500257492065,0.0,21.0,-0.35359139613172896
trial_05,85.09146187200001,1.0,507.0,377.0,0.8954470753669739,0.24296411871910095,0.9260327219963074,-0.005702035501599312,-0.005680069327354431,0.0,0.43396493792533875,0.0,-0.4453250765800476,0.0,21.0,-0.32670256887540194
trial_05,85.351083943,1.0,404.0,478.0,0.8948458433151245,0.24414727091789246,0.9425825476646423,0.0006021074950695038,-0.006047964096069336,0.0,0.43309324979782104,0.0,-0.4451891779899597,0.0,20.0,0.03449821828067659
trial_05,85.601812189,1.0,535.0,384.0,0.88404381275177,0.24031350016593933,0.942144513130188,0.005078937858343124,-0.006786957383155823,0.0,0.43211308121681213,0.0,-0.4456869959831238,0.0,19.0,0.2910017036922742
trial_05,85.849204674,1.0,412.0,505.0,0.8825359344482422,0.2509137690067291,0.9458684325218201,0.003677107859402895,-0.007629379630088806,0.0,0.4307017922401428,0.0,-0.44596055150032043,0.0,21.0,0.2106827611581704
trial_05,86.11708371900001,1.0,528.0,451.0,0.8927379846572876,0.2511800229549408,0.9457820057868958,0.007953399792313576,-0.008660972118377686,0.0,0.4291200637817383,0.0,-0.44644200801849365,0.0,21.0,0.4556962408797934
trial_05,86.37635928600001,1.0,465.0,553.0,0.8977994322776794,0.2553388476371765,0.9424578547477722,0.0065032709389925,-0.008498549461364746,0.0,0.42868661880493164,0.0,-0.44568371772766113,0.0,21.0,0.3726099778343501
trial_05,86.625633103,1.0,541.0,406.0,0.8949978947639465,0.2556707561016083,0.9409046173095703,0.006080471444875002,-0.00802522897720337,0.0,0.4284767508506775,0.0,-0.44452720880508423,0.0,21.0,0.3483853512411512
trial_05,86.87566357,1.0,419.0,480.0,0.8870493769645691,0.24599137902259827,0.9303800463676453,0.006028736010193825,-0.007151752710342407,0.0,0.42861121892929077,0.0,-0.4429147243499756,0.0,21.0,0.345421129182645
trial_05,87.12910146700001,1.0,486.0,308.0,0.8848288655281067,0.25529006123542786,0.9303181171417236,0.01164319645613432,-0.007053762674331665,0.0,0.42732223868370056,0.0,-0.4414297640323639,0.0,19.0,0.6671060169781734
trial_05,87.38784992100001,1.0,397.0,480.0,0.885202944278717,0.2628975808620453,0.9293053150177002,0.011315356008708477,-0.005951002240180969,0.0,0.4285302460193634,0.0,-0.44043225049972534,0.0,21.0,0.6483221429869921
trial_05,87.648450143,1.0,495.0,320.0,0.8670439124107361,0.1912175416946411,0.9282829761505127,0.010990521870553493,-0.004565998911857605,0.0,0.42821550369262695,0.0,-0.43734750151634216,0.0,21.0,0.629710517828942
trial_05,87.897510041,1.0,389.0,425.0,0.8740822672843933,0.21642854809761047,0.9396803975105286,0.011838806793093681,-0.003888756036758423,0.0,0.42701900005340576,0.0,-0.4347965121269226,0.0,19.0,0.6783136637150767
trial_05,88.16421049200001,1.0,505.0,342.0,0.8744714856147766,0.24299082159996033,0.9356868267059326,0.012691806070506573,-0.0012338459491729736,0.0,0.42927849292755127,0.0,-0.4317461848258972,0.0,21.0,0.7271869222385443
trial_05,88.41328057800001,1.0,422.0,443.0,0.8781521320343018,0.2334306240081787,0.9344987273216248,0.013711593113839626,0.0006261765956878662,0.0,0.430647611618042,0.0,-0.42939525842666626,0.0,20.0,0.7856164158236532
trial_05,88.67007149400001,1.0,496.0,396.0,0.898945689201355,0.258684903383255,0.9353325963020325,0.014106355607509613,0.0015144199132919312,0.0,0.4324071705341339,0.0,-0.42937833070755005,0.0,21.0,0.8082346406210033
trial_05,88.927885669,1.0,411.0,498.0,0.8880857825279236,0.25243520736694336,0.939653217792511,0.014212289825081825,0.0025246888399124146,0.0,0.43425121903419495,0.0,-0.4292018413543701,0.0,21.0,0.8143042241939116
trial_05,89.187424799,1.0,520.0,312.0,0.8832550048828125,0.25287917256355286,0.9422871470451355,0.014506084844470024,0.004836365580558777,0.0,0.4361008405685425,0.0,-0.4264281094074249,0.0,21.0,0.8311374388468196
trial_05,89.440255758,1.0,418.0,425.0,0.8846359252929688,0.2545935809612274,0.9450423121452332,0.005896999500691891,0.006168678402900696,0.0,0.4376167356967926,0.0,-0.4252793788909912,0.0,21.0,0.3378731831803991
trial_05,89.693340417,1.0,514.0,341.0,0.881280243396759,0.2545761168003082,0.9457642436027527,-0.007636099122464657,0.007268175482749939,0.0,0.43840035796165466,0.0,-0.4238640069961548,0.0,21.0,-0.4375162516607764
trial_05,89.933766296,1.0,412.0,475.0,0.8777163624763489,0.2502160966396332,0.9398233294487,-0.009383674710988998,0.005949065089225769,0.0,0.43772897124290466,0.0,-0.4258308410644531,0.0,20.0,-0.5376449572633122
trial_05,90.20341354600001,1.0,508.0,350.0,0.8722312450408936,0.23001030087471008,0.9391576647758484,-0.007639564108103514,0.00545908510684967,0.0,0.437794029712677,0.0,-0.42687585949897766,0.0,21.0,-0.4377147807139563
trial_05,90.464336555,1.0,421.0,495.0,0.8911024928092957,0.2529807388782501,0.9353674650192261,-0.00680162850767374,0.004804894328117371,0.0,0.4379243552684784,0.0,-0.42831456661224365,0.0,21.0,-0.3897046073055698
trial_05,90.718859486,1.0,534.0,367.0,0.8867862224578857,0.2524338662624359,0.9394922852516174,-0.006737798452377319,0.0024088025093078613,0.0,0.4361962676048279,0.0,-0.43137866258621216,0.0,21.0,-0.38604741453099817
trial_05,90.97648566800001,1.0,392.0,501.0,0.8736241459846497,0.2016373574733734,0.9419002532958984,-0.012050614692270756,0.0027612000703811646,0.0,0.43588218092918396,0.0,-0.43035978078842163,0.0,20.0,-0.6904493624054556
trial_05,91.23103745200001,1.0,520.0,367.0,0.8769694566726685,0.2446126639842987,0.9379265308380127,-0.011645648628473282,0.003034621477127075,0.0,0.4346359074115753,0.0,-0.42856666445732117,0.0,20.0,-0.6672465161038347
trial_05,91.488297759,1.0,439.0,531.0,0.8899784088134766,0.2592962086200714,0.9363008141517639,-0.011704686097800732,0.0021954476833343506,0.0,0.43340620398521423,0.0,-0.42901530861854553,0.0,21.0,-0.6706291139294306
trial_05,91.745369686,1.0,567.0,448.0,0.8716863989830017,0.2049700915813446,0.9300448894500732,-0.012391975149512291,-0.00042401254177093506,0.0,0.43149495124816895,0.0,-0.4323429763317108,0.0,21.0,-0.7100078758980516
trial_05,91.99662773700001,1.0,414.0,515.0,0.8708488941192627,0.21746599674224854,0.9306355714797974,-0.013325341045856476,-0.0015967488288879395,0.0,0.42884939908981323,0.0,-0.4320428967475891,0.0,21.0,-0.7634858025000184
trial_05,92.265151168,1.0,497.0,428.0,0.8916574120521545,0.2502155303955078,0.9387128949165344,-0.013498160056769848,-0.0014397799968719482,0.0,0.4280990958213806,0.0,-0.4309786558151245,0.0,21.0,-0.77338760244498
trial_05,92.512529877,1.0,383.0,412.0,0.8482365608215332,0.1703580915927887,0.9191604852676392,-0.014004945755004883,-0.0018039196729660034,0.0,0.4256157875061035,0.0,-0.4292236268520355,0.0,21.0,-0.802424284071438
trial_05,92.768327094,1.0,507.0,298.0,0.8702818751335144,0.2418847680091858,0.9339861869812012,-0.014676110818982124,-0.0015072673559188843,0.0,0.42375266551971436,0.0,-0.4267672002315521,0.0,21.0,-0.8408792095939618
trial_05,93.03586190700001,1.0,412.0,411.0,0.8593959808349609,0.18376752734184265,0.9314048290252686,-0.014472385868430138,-0.0008060485124588013,0.0,0.42340803146362305,0.0,-0.42502012848854065,0.0,20.0,-0.8292066297458216
trial_05,93.305056429,1.0,521.0,321.0,0.8766670227050781,0.25293222069740295,0.9408913850784302,-0.01511240191757679,-0.0001347362995147705,0.0,0.42355242371559143,0.0,-0.42382189631462097,0.0,19.0,-0.8658768481825623
trial_05,93.561274876,1.0,418.0,482.0,0.8860774040222168,0.2528529465198517,0.9261583685874939,-0.0204659141600132,-0.0020216703414916992,0.0,0.42270156741142273,0.0,-0.42674490809440613,0.0,21.0,-1.1726105052457856
trial_05,93.813418369,1.0,507.0,350.0,0.8683124780654907,0.24209079146385193,0.9371301531791687,-0.025387639179825783,4.322826862335205e-05,0.0,0.4235689640045166,0.0,-0.4234825074672699,0.0,21.0,-1.4546045768049882
trial_05,94.070911996,1.0,447.0,403.0,0.8803806304931641,0.25024038553237915,0.9282585382461548,-0.019942892715334892,0.0008833557367324829,0.0,0.4248659610748291,0.0,-0.42309924960136414,0.0,19.0,-1.1426435838708837
trial_05,94.32681645000001,1.0,524.0,327.0,0.879837155342102,0.2490786612033844,0.9361516833305359,-0.019194690510630608,0.0013461112976074219,0.0,0.4248276352882385,0.0,-0.4221354126930237,0.0,21.0,-1.0997747553189448
trial_05,94.57352197200001,1.0,439.0,416.0,0.8577568531036377,0.18824884295463562,0.9258142113685608,-0.01946951635181904,0.0005222558975219727,0.0,0.4243401885032654,0.0,-0.42329567670822144,0.0,21.0,-1.1155211161201746
trial_05,94.825644268,1.0,512.0,324.0,0.8818382024765015,0.24756065011024475,0.9362061619758606,-0.019174445420503616,-0.0017378926277160645,0.0,0.4245574474334717,0.0,-0.4280332326889038,0.0,21.0,-1.0986147970988063
trial_05,95.074533568,1.0,401.0,401.0,0.879692554473877,0.24663040041923523,0.9243084788322449,-0.012886240147054195,-0.004489123821258545,0.0,0.42303261160850525,0.0,-0.43201085925102234,0.0,21.0,-0.7383271742182467
trial_05,95.339038918,1.0,514.0,375.0,0.8730291724205017,0.19870498776435852,0.919419527053833,-0.011277730576694012,-0.005824193358421326,0.0,0.42404618859291077,0.0,-0.4356945753097534,0.0,21.0,-0.6461663645302068
trial_05,95.582514598,1.0,387.0,462.0,0.8788859248161316,0.2454904019832611,0.9318028688430786,-0.009870728477835655,-0.0077578723430633545,0.0,0.42349499464035034,0.0,-0.43901073932647705,0.0,19.0,-0.5655510824995744
trial_05,95.845485475,1.0,522.0,316.0,0.872829258441925,0.24149176478385925,0.919796347618103,0.000572331715375185,-0.008591458201408386,0.0,0.4237329959869385,0.0,-0.44091591238975525,0.0,21.0,0.032792191772480786
trial_05,96.09151435800001,1.0,377.0,396.0,0.8662782311439514,0.24030467867851257,0.9315964579582214,0.004500715062022209,-0.008196622133255005,0.0,0.42422938346862793,0.0,-0.44062262773513794,0.0,21.0,0.2578719778448331
trial_05,96.35870501100001,1.0,501.0,353.0,0.8848190307617188,0.23175421357154846,0.922858476638794,0.0016973225865513086,-0.009210124611854553,0.0,0.4244001805782318,0.0,-0.4428204298019409,0.0,19.0,0.09724942068161836
trial_05,96.613178616,1.0,411.0,455.0,0.8904696702957153,0.24568578600883484,0.9409098029136658,-0.0004480795469135046,-0.008266478776931763,0.0,0.42580753564834595,0.0,-0.4423404932022095,0.0,20.0,-0.025673066924277985
trial_05,96.860156458,1.0,513.0,373.0,0.8835753202438354,0.24176621437072754,0.9355992078781128,-0.0065238988026976585,-0.007462531328201294,0.0,0.4269762635231018,0.0,-0.4419013261795044,0.0,19.0,-0.3737918673650268
trial_05,97.12243577000001,1.0,412.0,464.0,0.8713967204093933,0.2021985948085785,0.9285633563995361,-0.00118860206566751,-0.006991133093833923,0.0,0.42753008008003235,0.0,-0.4415123462677002,0.0,21.0,-0.06810188188327986
trial_05,97.376199107,1.0,513.0,329.0,0.8695647120475769,0.23533353209495544,0.9377526044845581,-0.0018827649764716625,-0.0049477219581604,0.0,0.42829275131225586,0.0,-0.43818819522857666,0.0,21.0,-0.107874486966874
trial_05,97.63805100200001,1.0,380.0,501.0,0.8776677250862122,0.20494899153709412,0.935749888420105,-0.002368574496358633,-0.004838317632675171,0.0,0.42823338508605957,0.0,-0.4379100203514099,0.0,21.0,-0.13570932210367426
trial_05,97.882137974,1.0,538.0,427.0,0.8880050182342529,0.2497582733631134,0.9364948272705078,0.0024117412976920605,-0.00492115318775177,0.0,0.4278436303138733,0.0,-0.43768593668937683,0.0,21.0,0.13818259763515933
trial_05,98.143355684,1.0,479.0,535.0,0.8912488222122192,0.2485255002975464,0.9345180988311768,0.006402722559869289,-0.005571350455284119,0.0,0.4265263080596924,0.0,-0.4376690089702606,0.0,21.0,0.36684898007370886
trial_05,98.405099342,1.0,541.0,431.0,0.881058931350708,0.24290424585342407,0.9424307942390442,0.0044997804798185825,-0.005207687616348267,0.0,0.42610660195350647,0.0,-0.436521977186203,0.0,21.0,0.2578184302289573
trial_05,98.655844273,1.0,402.0,489.0,0.879794180393219,0.22551056742668152,0.9275649785995483,0.003332279622554779,-0.005307257175445557,0.0,0.42505180835723877,0.0,-0.4356663227081299,0.0,18.0,0.1909255585298358
trial_05,98.95612845000001,1.0,486.0,355.0,0.8884932994842529,0.25016042590141296,0.9218854308128357,0.003262085374444723,-0.004431053996086121,0.0,0.4249808192253113,0.0,-0.4338429272174835,0.0,21.0,0.18690372436703545
trial_05,99.2206812,1.0,379.0,399.0,0.8713940978050232,0.2019074261188507,0.9204804301261902,0.003243518527597189,-0.0031026750802993774,0.0,0.4253518879413605,0.0,-0.43155723810195923,0.0,21.0,0.18583992240380595
trial_05,99.470388301,1.0,488.0,310.0,0.8516911268234253,0.17640677094459534,0.9209703803062439,0.003498039674013853,-0.002227410674095154,0.0,0.42536264657974243,0.0,-0.42981746792793274,0.0,19.0,0.20042290989031208
trial_05,99.71963196300001,1.0,406.0,425.0,0.8732565641403198,0.24938544631004333,0.9519830346107483,0.004405628889799118,-0.00119878351688385,0.0,0.42492884397506714,0.0,-0.42732641100883484,0.0,19.0,0.2524239414863959
trial_05,99.97454719000001,1.0,517.0,326.0,0.8497418165206909,0.18518337607383728,0.924915611743927,0.005125458352267742,0.0012983083724975586,0.0,0.42629414796829224,0.0,-0.4236975312232971,0.0,21.0,0.2936671316550188
trial_05,100.23875786400001,1.0,427.0,417.0,0.8726767301559448,0.2512476146221161,0.9292633533477783,0.0062150368466973305,0.002065315842628479,0.0,0.4260610342025757,0.0,-0.4219304025173187,0.0,21.0,0.3560953808340527
trial_05,100.49231996500001,1.0,516.0,351.0,0.8712986707687378,0.2446674406528473,0.9319576025009155,0.011780152097344398,0.002942517399787903,0.0,0.4268169701099396,0.0,-0.42093193531036377,0.0,21.0,0.674952997200019
trial_05,100.739661388,1.0,435.0,425.0,0.8741967082023621,0.2482171654701233,0.9300377368927002,0.011014956049621105,0.004117399454116821,0.0,0.42828190326690674,0.0,-0.4200471043586731,0.0,20.0,0.6311104931653831
trial_05,100.999428437,1.0,508.0,314.0,0.8812951445579529,0.24867376685142517,0.9392825365066528,0.010397013276815414,0.005673602223396301,0.0,0.42998334765434265,0.0,-0.41863614320755005,0.0,21.0,0.5957049803030056
trial_05,101.268164587,1.0,434.0,438.0,0.885762631893158,0.24406108260154724,0.9374918341636658,0.004898367449641228,0.006982728838920593,0.0,0.43214917182922363,0.0,-0.41818371415138245,0.0,21.0,0.28065578136870317
trial_05,101.51378344800001,1.0,521.0,313.0,0.8818339109420776,0.24565467238426208,0.9406849145889282,0.00732737872749567,0.007532089948654175,0.0,0.43265944719314575,0.0,-0.4175952672958374,0.0,21.0,0.41982787597944166
trial_05,101.759242076,1.0,391.0,491.0,0.8608582019805908,0.2032809555530548,0.9090643525123596,0.004090729635208845,0.005806416273117065,0.0,0.4329797923564911,0.0,-0.42136695981025696,0.0,21.0,0.2343815432265577
trial_05,102.01706821200001,1.0,517.0,361.0,0.872626781463623,0.2278750240802765,0.9364343285560608,0.0038610738702118397,0.0047277361154556274,0.0,0.432598352432251,0.0,-0.4231428802013397,0.0,21.0,0.221223237151381
trial_05,102.28162950900001,1.0,419.0,430.0,0.8646160364151001,0.1830524206161499,0.9306514263153076,0.0019351989030838013,0.0037520676851272583,0.0,0.4322091042995453,0.0,-0.42470496892929077,0.0,21.0,0.11087872966504825
trial_05,102.532816381,1.0,514.0,383.0,0.889737069606781,0.2455790936946869,0.9327995777130127,0.0005818251520395279,0.0022377371788024902,0.0,0.4322575330734253,0.0,-0.4277820587158203,0.0,20.0,0.03333612562642239
trial_05,102.78020552800001,1.0,441.0,429.0,0.8822024464607239,0.24588146805763245,0.9322684407234192,0.004418819211423397,0.002056419849395752,0.0,0.43248116970062256,0.0,-0.42836833000183105,0.0,21.0,0.25317969124588724
trial_05,103.033184539,1.0,535.0,323.0,0.88499915599823,0.2415969967842102,0.9297835826873779,0.0027171620167791843,0.0021636784076690674,0.0,0.43215757608413696,0.0,-0.42783021926879883,0.0,20.0,0.15568191581470223
trial_05,103.296499365,1.0,417.0,497.0,0.8895189166069031,0.24163714051246643,0.9314501881599426,0.001671005506068468,0.0021779388189315796,0.0,0.43317273259162903,0.0,-0.42881685495376587,0.0,19.0,0.0957415630408455
trial_05,103.54095901400001,1.0,539.0,336.0,0.873823344707489,0.24267524480819702,0.9303682446479797,-0.00401264289394021,0.0037591904401779175,0.0,0.43300044536590576,0.0,-0.4254820644855499,0.0,21.0,-0.22990750251593486
trial_05,103.79619295100001,1.0,468.0,506.0,0.8828780651092529,0.24267181754112244,0.9282063245773315,-0.003015252761542797,0.0037242919206619263,0.0,0.43286633491516113,0.0,-0.4254177510738373,0.0,19.0,-0.1727612574015687
trial_05,104.05350035500001,1.0,559.0,417.0,0.886599600315094,0.24933317303657532,0.906657338142395,-0.002093675546348095,0.003655746579170227,0.0,0.4328368604183197,0.0,-0.42552536725997925,0.0,20.0,-0.11995877247549262
trial_05,104.33129894300001,1.0,408.0,471.0,0.8771149516105652,0.22344151139259338,0.9130812287330627,-0.0010596998035907745,0.0051366835832595825,0.0,0.4342668950557709,0.0,-0.4239935278892517,0.0,21.0,-0.06071632629659366
trial_05,104.57993546600001,1.0,499.0,457.0,0.890656054019928,0.25539371371269226,0.9119897484779358,-0.0003937575966119766,0.004740983247756958,0.0,0.433929979801178,0.0,-0.42444801330566406,0.0,21.0,-0.022560648437081023
trial_05,104.841552003,1.0,368.0,538.0,0.8475738763809204,0.19281983375549316,0.9083402752876282,-0.004613378085196018,0.005596667528152466,0.0,0.4338769316673279,0.0,-0.42268359661102295,0.0,20.0,-0.264327093579877
trial_05,105.09768960500001,1.0,490.0,404.0,0.8647704124450684,0.1891108751296997,0.9046040773391724,-0.007901398465037346,0.006013959646224976,0.0,0.4334566593170166,0.0,-0.42142874002456665,0.0,21.0,-0.4527167842977869
trial_05,105.35819991800001,1.0,380.0,482.0,0.8874712586402893,0.25302138924598694,0.9075019359588623,-0.005576794967055321,0.0059905946254730225,0.0,0.43306443095207214,0.0,-0.4210832417011261,0.0,19.0,-0.31952681482206885
trial_05,105.60594716300001,1.0,500.0,319.0,0.8741782903671265,0.24566206336021423,0.9187873601913452,-0.0035075899213552475,0.007247298955917358,0.0,0.43238162994384766,0.0,-0.41788703203201294,0.0,21.0,-0.20097009875628002
trial_05,105.85174869000001,1.0,394.0,405.0,0.8709290027618408,0.21758779883384705,0.9064499139785767,-0.0016823876649141312,0.008516103029251099,0.0,0.4331625699996948,0.0,-0.4161303639411926,0.0,21.0,-0.09639371270444948
trial_05,106.104541014,1.0,520.0,379.0,0.8768187761306763,0.24675628542900085,0.9097723364830017,-0.00039313361048698425,0.007638856768608093,0.0,0.43233656883239746,0.0,-0.4170588552951813,0.0,21.0,-0.022524896665644237
trial_05,106.371511884,1.0,413.0,474.0,0.8727385997772217,0.2535705864429474,0.9133855700492859,-0.0005470570176839828,0.006162315607070923,0.0,0.4312971234321594,0.0,-0.4189724922180176,0.0,19.0,-0.03134405826630586
trial_05,106.635552794,1.0,525.0,340.0,0.8635188341140747,0.22625330090522766,0.9058371186256409,0.00029323995113372803,0.007820352911949158,0.0,0.4320007264614105,0.0,-0.4163600206375122,0.0,21.0,0.016801411584585115
trial_05,106.88709504100001,1.0,449.0,413.0,0.8706538677215576,0.23505118489265442,0.8983433842658997,0.0015340959653258324,0.00867384672164917,0.0,0.4324759840965271,0.0,-0.41512829065322876,0.0,21.0,0.08789722418121808
trial_05,107.15022658100001,1.0,520.0,286.0,0.8758363127708435,0.24969646334648132,0.9082133769989014,0.0023369546979665756,0.009294301271438599,0.0,0.4317265748977661,0.0,-0.4131379723548889,0.0,21.0,0.1338976411067548
trial_05,107.41350193400001,1.0,439.0,416.0,0.8614757061004639,0.20136290788650513,0.9097808003425598,-0.0025142356753349304,0.009520724415779114,0.0,0.43166089057922363,0.0,-0.4126194417476654,0.0,21.0,-0.1440550928979158
trial_05,107.67167701700001,1.0,510.0,297.0,0.8766247034072876,0.24623826146125793,0.9079791307449341,-0.0015704771503806114,0.010566562414169312,0.0,0.4322092533111572,0.0,-0.4110761284828186,0.0,20.0,-0.08998171253854134
trial_05,107.916022944,1.0,412.0,402.0,0.8653135895729065,0.18607965111732483,0.8981844782829285,-0.006034336518496275,0.010061189532279968,0.0,0.43304479122161865,0.0,-0.4129224121570587,0.0,21.0,-0.3457420146715034
trial_05,108.173121447,1.0,537.0,326.0,0.859639585018158,0.24503228068351746,0.9052482843399048,-0.007326462306082249,0.011003345251083374,0.0,0.4344060719013214,0.0,-0.41239938139915466,0.0,21.0,-0.4197753689001972
trial_05,108.444925925,1.0,421.0,464.0,0.8702108263969421,0.23905035853385925,0.9100969433784485,-0.011861603707075119,0.009620562195777893,0.0,0.4354591369628906,0.0,-0.41621801257133484,0.0,21.0,-0.6796198306721359
trial_05,108.69170124300001,1.0,537.0,288.0,0.8757568597793579,0.23861178755760193,0.9074996113777161,-0.009040076285600662,0.00829288363456726,0.0,0.435994029045105,0.0,-0.41940826177597046,0.0,21.0,-0.5179582176412197
trial_05,108.947257354,1.0,430.0,417.0,0.8882977366447449,0.24394994974136353,0.89503014087677,-0.015788376331329346,0.007699757814407349,0.0,0.4365173578262329,0.0,-0.4211178421974182,0.0,21.0,-0.9046073291494138
trial_05,109.207902742,1.0,525.0,284.0,0.8753003478050232,0.24177667498588562,0.9143943786621094,-0.015843480825424194,0.0074165016412734985,0.0,0.43588587641716003,0.0,-0.42105287313461304,0.0,20.0,-0.9077645840932521
trial_05,109.46602736400001,1.0,415.0,434.0,0.8814687132835388,0.24529197812080383,0.9033375978469849,-0.011178165674209595,0.006539508700370789,0.0,0.4356330335140228,0.0,-0.42255401611328125,0.0,21.0,-0.6404617158302182
trial_05,109.71154433800001,1.0,527.0,333.0,0.8620167970657349,0.20202884078025818,0.9021273851394653,-0.01768340729176998,0.006789371371269226,0.0,0.43562060594558716,0.0,-0.4220418632030487,0.0,20.0,-1.013184605229285
trial_05,109.971244788,1.0,408.0,446.0,0.8675799369812012,0.2011844515800476,0.8950538635253906,-0.013214985840022564,0.006557032465934753,0.0,0.43518704175949097,0.0,-0.42207297682762146,0.0,21.0,-0.7571629149584378
trial_05,110.23572097700001,1.0,562.0,377.0,0.8664098381996155,0.23040950298309326,0.8987787961959839,-0.015204934403300285,0.00651627779006958,0.0,0.4345633089542389,0.0,-0.42153075337409973,0.0,20.0,-0.8711785690823731
trial_05,110.481537351,1.0,463.0,495.0,0.871992290019989,0.2511692941188812,0.9160841107368469,-0.011457995511591434,0.005004823207855225,0.0,0.4322315454483032,0.0,-0.4222218990325928,0.0,21.0,-0.6564947844940298
trial_05,110.73694015400001,1.0,553.0,372.0,0.8616902232170105,0.1914375126361847,0.9132382273674011,-0.00922701507806778,0.003428518772125244,0.0,0.43047600984573364,0.0,-0.42361897230148315,0.0,21.0,-0.5286690214768576
trial_05,110.985726076,1.0,423.0,361.0,0.8693918585777283,0.24517175555229187,0.9036612510681152,-0.008357647806406021,0.0025772899389266968,0.0,0.42755526304244995,0.0,-0.42240068316459656,0.0,20.0,-0.4788579459638355
trial_05,111.255707759,1.0,481.0,263.0,0.8426163792610168,0.16791653633117676,0.8803051710128784,-0.00767092639580369,0.002847239375114441,0.0,0.427857369184494,0.0,-0.42216289043426514,0.0,21.0,-0.43951170743505147
trial_05,111.50816345700001,1.0,408.0,368.0,0.8659642338752747,0.2505928575992584,0.9065037965774536,-0.007771232631057501,0.002695232629776001,0.0,0.42660629749298096,0.0,-0.42121583223342896,0.0,21.0,-0.4452588313739412
trial_05,111.76497145600001,1.0,482.0,286.0,0.8669430017471313,0.25051531195640564,0.9069274067878723,-0.008227386511862278,0.00406213104724884,0.0,0.42751917243003845,0.0,-0.41939491033554077,0.0,21.0,-0.47139452355256856
trial_05,112.01610242800001,1.0,421.0,364.0,0.8504921197891235,0.244816392660141,0.8927376866340637,-0.009309674613177776,0.004234477877616882,0.0,0.42760276794433594,0.0,-0.4191338121891022,0.0,21.0,-0.5334050639751738
trial_05,112.28090527200001,1.0,499.0,283.0,0.8645229339599609,0.24154534935951233,0.8990209698677063,-0.011029010638594627,0.0057884156703948975,0.0,0.42910951375961304,0.0,-0.41753268241882324,0.0,20.0,-0.631915761796357
trial_05,112.53122015400001,1.0,411.0,355.0,0.858581006526947,0.24753406643867493,0.8971226215362549,-0.012972471304237843,0.0066836923360824585,0.0,0.4308435618877411,0.0,-0.41747617721557617,0.0,21.0,-0.7432678555873989
trial_05,112.782632495,1.0,479.0,290.0,0.8652570843696594,0.24422726035118103,0.9033941626548767,-0.015280772931873798,0.006264343857765198,0.0,0.43040865659713745,0.0,-0.41787996888160706,0.0,21.0,-0.8755237966941177
trial_05,113.03967109700001,1.0,396.0,362.0,0.8487481474876404,0.16993793845176697,0.9000779986381531,-0.017925351858139038,0.005835056304931641,0.0,0.4312589764595032,0.0,-0.4195888638496399,0.0,19.0,-1.027047007758355
trial_05,113.31276024200001,1.0,491.0,313.0,0.8843916654586792,0.252559632062912,0.8915889263153076,-0.021035484969615936,0.0026997923851013184,0.0,0.43076807260513306,0.0,-0.4253684878349304,0.0,21.0,-1.205244508769872
trial_05,113.553116152,1.0,417.0,348.0,0.8564161658287048,0.20447567105293274,0.9157881140708923,-0.02348494343459606,0.001156136393547058,0.0,0.4295271039009094,0.0,-0.4272148311138153,0.0,20.0,-1.3455881409058263
trial_05,113.80816960300001,1.0,541.0,322.0,0.8729967474937439,0.2503056824207306,0.9091346263885498,-0.02448348142206669,-0.0013997703790664673,0.0,0.42759621143341064,0.0,-0.4303957521915436,0.0,20.0,-1.4028001532713803
trial_05,114.062393619,1.0,429.0,417.0,0.8756715059280396,0.2419596016407013,0.9099459052085876,-0.024723943322896957,-0.0032375454902648926,0.0,0.4260629117488861,0.0,-0.4325380027294159,0.0,21.0,-1.416577605322648
trial_05,114.33137449,1.0,520.0,346.0,0.8856433629989624,0.246506005525589,0.911438524723053,-0.014936491847038269,-0.005871295928955078,0.0,0.42354047298431396,0.0,-0.4352830648422241,0.0,21.0,-0.8557979435668563
trial_05,114.587197105,1.0,379.0,406.0,0.8772879838943481,0.23932495713233948,0.9045493006706238,-0.005340041592717171,-0.0078362375497818,0.0,0.42176496982574463,0.0,-0.4374374449253082,0.0,20.0,-0.30596184568701196
trial_05,114.83255213700001,1.0,459.0,342.0,0.8695969581604004,0.22786757349967957,0.9007466435432434,0.001330329105257988,-0.009582728147506714,0.0,0.42030832171440125,0.0,-0.4394737780094147,0.0,21.0,0.07622224309469776
trial_05,115.08578463100001,1.0,363.0,415.0,0.8514763712882996,0.16864877939224243,0.9007177948951721,-0.001147901639342308,-0.010493263602256775,0.0,0.41826963424682617,0.0,-0.4392561614513397,0.0,21.0,-0.06576991923046263
trial_05,115.34421766800001,1.0,445.0,331.0,0.880536675453186,0.259223073720932,0.89178067445755,-0.0024101007729768753,-0.010959804058074951,0.0,0.4176027476787567,0.0,-0.4395223557949066,0.0,21.0,-0.1380886024927923
trial_05,115.592356073,1.0,347.0,411.0,0.8794697523117065,0.250628262758255,0.9055914878845215,-0.002844001166522503,-0.010489732027053833,0.0,0.4184061884880066,0.0,-0.43938565254211426,0.0,20.0,-0.16294926377202226
trial_05,115.84490521000001,1.0,447.0,315.0,0.8768418431282043,0.2532104551792145,0.9023102521896362,0.0002285083755850792,-0.009019196033477783,0.0,0.41910868883132935,0.0,-0.4371470808982849,0.0,20.0,0.013092565504415302
trial_05,116.11420270800001,1.0,344.0,441.0,0.8799208402633667,0.2600131630897522,0.9286710023880005,0.0004724622704088688,-0.009514838457107544,0.0,0.41768878698349,0.0,-0.4367184638977051,0.0,20.0,0.027070094073596826
trial_05,116.39597834300001,1.0,462.0,329.0,0.8467217683792114,0.17166635394096375,0.9036273956298828,-0.004362497944384813,-0.0077841877937316895,0.0,0.41793256998062134,0.0,-0.4335009455680847,0.0,21.0,-0.24995272034774713
trial_05,116.65086661900001,1.0,373.0,436.0,0.8694144487380981,0.26018795371055603,0.9084515571594238,-0.0018911166116595268,-0.007922142744064331,0.0,0.41738206148147583,0.0,-0.4332263469696045,0.0,20.0,-0.10835300041517158
trial_05,116.908209326,1.0,477.0,384.0,0.8691317439079285,0.2403373420238495,0.9101064801216125,0.0016872299602255225,-0.007538601756095886,0.0,0.41738584637641907,0.0,-0.43246304988861084,0.0,21.0,0.0966711557889482
trial_05,117.168124828,1.0,395.0,409.0,0.8454697132110596,0.17274126410484314,0.8941346406936646,-0.0011330507695674896,-0.006802111864089966,0.0,0.41810142993927,0.0,-0.43170565366744995,0.0,21.0,-0.06491902707026713
trial_05,117.42943750900001,1.0,484.0,337.0,0.8841960430145264,0.2508174479007721,0.9033493995666504,-0.003225461347028613,-0.005429312586784363,0.0,0.42029818892478943,0.0,-0.43115681409835815,0.0,21.0,-0.18480532216732093
trial_05,117.691566937,1.0,390.0,312.0,0.8669819831848145,0.2218070924282074,0.918189525604248,-0.0047200825065374374,-0.004198327660560608,0.0,0.4203743636608124,0.0,-0.4287710189819336,0.0,21.0,-0.27044080657812597
trial_05,117.94773107300001,1.0,498.0,261.0,0.8664954900741577,0.19386348128318787,0.9160702228546143,-0.005843703169375658,-0.0027703046798706055,0.0,0.4207576513290405,0.0,-0.42629826068878174,0.0,21.0,-0.33481952833244805
trial_05,118.20732113000001,1.0,395.0,344.0,0.8716222047805786,0.2467009723186493,0.9091096520423889,-0.0066969930194318295,-0.002212122082710266,0.0,0.4220198392868042,0.0,-0.42644408345222473,0.0,19.0,-0.3837094354420175
trial_05,118.476482059,1.0,499.0,261.0,0.8732877373695374,0.25286033749580383,0.9121139049530029,-0.0019637583754956722,-0.0010066330432891846,0.0,0.4229281544685364,0.0,-0.42494142055511475,0.0,21.0,-0.11251506689936876
trial_05,118.74429317200001,1.0,411.0,361.0,0.861148476600647,0.19928938150405884,0.9089873433113098,0.0013784070033580065,-0.0029513686895370483,0.0,0.4207998216152191,0.0,-0.4267025589942932,0.0,19.0,0.07897690374368886
trial_05,119.014295926,1.0,497.0,328.0,0.8770438432693481,0.2500198185443878,0.8879576325416565,0.003944228868931532,-0.004299074411392212,0.0,0.4197314381599426,0.0,-0.42832958698272705,0.0,21.0,0.22598766762343514
trial_05,119.294620463,1.0,438.0,336.0,0.8840319514274597,0.2464076280593872,0.9206730723381042,0.005932268220931292,-0.004931360483169556,0.0,0.42000463604927063,0.0,-0.42986735701560974,0.0,19.0,0.3398939319989444
trial_05,119.558627869,1.0,518.0,231.0,0.8670098185539246,0.247257798910141,0.9171025156974792,0.002448383718729019,-0.0038119107484817505,0.0,0.4205760955810547,0.0,-0.4281999170780182,0.0,21.0,0.14028205371171845
trial_05,119.820477503,1.0,393.0,305.0,0.8611767292022705,0.18605628609657288,0.9093237519264221,-7.441488560289145e-05,-0.006653353571891785,0.0,0.42204275727272034,0.0,-0.4353494644165039,0.0,21.0,-0.004263658877994512
trial_05,120.07952233300001,1.0,497.0,224.0,0.8697570562362671,0.24222952127456665,0.9126091003417969,-0.0018858308903872967,-0.007921934127807617,0.0,0.4231290817260742,0.0,-0.43897294998168945,0.0,21.0,-0.10805015089459027
trial_05,120.349192606,1.0,408.0,241.0,0.8665103912353516,0.23327776789665222,0.9123175740242004,-0.002586394315585494,-0.00900055468082428,0.0,0.42328590154647827,0.0,-0.44128701090812683,0.0,19.0,-0.14818947843967592
trial_05,120.603274994,1.0,532.0,212.0,0.8653579950332642,0.24367663264274597,0.8970859050750732,-0.0027808009181171656,-0.00889541208744049,0.0,0.42448264360427856,0.0,-0.44227346777915955,0.0,21.0,-0.159328156274218
trial_05,120.861988249,1.0,446.0,257.0,0.879291832447052,0.2384493052959442,0.9170917272567749,-0.001048448495566845,-0.010238781571388245,0.0,0.4258364737033844,0.0,-0.4463140368461609,0.0,21.0,-0.06007167383282082
trial_05,121.123122953,1.0,535.0,256.0,0.876539945602417,0.24383941292762756,0.9208025336265564,0.0009426223114132881,-0.011630743741989136,0.0,0.42595207691192627,0.0,-0.44921356439590454,0.0,21.0,0.05400828011884778
trial_05,121.388390571,1.0,415.0,264.0,0.8631559014320374,0.20651209354400635,0.9124873280525208,0.00561582762748003,-0.013157293200492859,0.0,0.42531993985176086,0.0,-0.4516345262527466,0.0,21.0,0.32176322152757203
trial_05,121.645759025,1.0,529.0,251.0,0.8850032091140747,0.2154640257358551,0.9081557989120483,0.007654459215700626,-0.013616755604743958,0.0,0.4253966212272644,0.0,-0.4526301324367523,0.0,21.0,0.43856820751466413
trial_05,121.90366777800001,1.0,415.0,257.0,0.8670224547386169,0.20372223854064941,0.8985127806663513,0.006574809551239014,-0.012661933898925781,0.0,0.42701655626296997,0.0,-0.45234042406082153,0.0,19.0,0.3767088383882983
trial_05,122.169526875,1.0,558.0,264.0,0.8764405250549316,0.21207010746002197,0.9220374822616577,0.012673793360590935,-0.012393981218338013,0.0,0.42725732922554016,0.0,-0.4520452916622162,0.0,21.0,0.7261548699827849
trial_05,122.440112591,1.0,457.0,282.0,0.8949877619743347,0.2513704299926758,0.9226341247558594,0.018334519118070602,-0.012057274580001831,0.0,0.42750078439712524,0.0,-0.4516153335571289,0.0,21.0,1.0504905648673657
trial_05,122.70667583000001,1.0,541.0,281.0,0.8937766551971436,0.2399565875530243,0.8894094824790955,0.022700896486639977,-0.011730074882507324,0.0,0.42754030227661133,0.0,-0.451000452041626,0.0,20.0,1.3006655598478292
trial_05,122.989596464,1.0,412.0,309.0,0.8980313539505005,0.2439502775669098,0.901041567325592,0.027798499912023544,-0.011574313044548035,0.0,0.4283673167228699,0.0,-0.45151594281196594,0.0,20.0,1.5927367217537394
trial_05,123.26046707,1.0,503.0,265.0,0.8914980292320251,0.25998273491859436,0.917691707611084,0.03155864402651787,-0.010464593768119812,0.0,0.42892783880233765,0.0,-0.44985702633857727,0.0,21.0,1.8081771098752204
trial_05,123.53417361500001,1.0,415.0,237.0,0.8825119733810425,0.19801118969917297,0.9229141473770142,0.0360826775431633,-0.00951366126537323,0.0,0.4295106828212738,0.0,-0.44853800535202026,0.0,21.0,2.0673851367547313
trial_05,123.792678248,1.0,526.0,132.0,0.8765820860862732,0.2133101224899292,0.9142230153083801,0.034215472638607025,-0.007295459508895874,0.0,0.43066540360450745,0.0,-0.4452563226222992,0.0,20.0,1.9604021762375292
trial_05,124.053378918,1.0,409.0,206.0,0.8648601770401001,0.1755601167678833,0.9196305274963379,0.03649675101041794,-0.007262110710144043,0.0,0.4298727512359619,0.0,-0.44439697265625,0.0,21.0,2.091109798836771
trial_05,124.32544169,1.0,536.0,166.0,0.8906203508377075,0.27118080854415894,0.9173193573951721,0.035146333277225494,-0.0064393579959869385,0.0,0.4309210181236267,0.0,-0.4437997341156006,0.0,21.0,2.01373656214522
trial_05,124.580613338,1.0,428.0,185.0,0.8818130493164062,0.16266575455665588,0.9187219738960266,0.039032284170389175,-0.007492363452911377,0.0,0.4303083121776581,0.0,-0.44529303908348083,0.0,20.0,2.2363851477185914
trial_05,124.84187458900001,1.0,530.0,167.0,0.8932847380638123,0.27026090025901794,0.9206722974777222,0.029932541772723198,-0.006525471806526184,0.0,0.4316008388996124,0.0,-0.4446517825126648,0.0,19.0,1.7150083136760745
trial_05,125.101661261,1.0,458.0,186.0,0.8922390937805176,0.2670736014842987,0.9221718311309814,0.02581026405096054,-0.005534365773200989,0.0,0.4323047399520874,0.0,-0.4433734714984894,0.0,21.0,1.4788191982382701
trial_05,125.371242952,1.0,535.0,138.0,0.876550018787384,0.24812516570091248,0.9274061322212219,0.02896101586520672,-0.0033359527587890625,0.0,0.43323177099227905,0.0,-0.4399036765098572,0.0,19.0,1.6593439794877631
trial_05,125.63011511100001,1.0,460.0,190.0,0.8918202519416809,0.2666299045085907,0.9247410297393799,0.030916979536414146,-0.0023517906665802,0.0,0.435156911611557,0.0,-0.4398604929447174,0.0,20.0,1.7714124427288631
trial_05,125.89709115500001,1.0,534.0,134.0,0.8565165996551514,0.20161309838294983,0.9084454774856567,0.02835070714354515,-0.0004977583885192871,0.0,0.4360727071762085,0.0,-0.43706822395324707,0.0,20.0,1.624375865536531
trial_05,126.16218141300001,1.0,422.0,181.0,0.8868443369865417,0.2654273211956024,0.918059766292572,0.014104709029197693,0.0022060424089431763,0.0,0.4400845766067505,0.0,-0.43567249178886414,0.0,21.0,0.8081402986330924
trial_05,126.43129138900001,1.0,531.0,142.0,0.8778346180915833,0.26409390568733215,0.9003106951713562,0.011462826281785965,0.005427435040473938,0.0,0.44225677847862244,0.0,-0.43140190839767456,0.0,20.0,0.6567715672379739
trial_05,126.69599143200001,1.0,401.0,170.0,0.8628293871879578,0.19988057017326355,0.9020418524742126,0.008181208744645119,0.007229477167129517,0.0,0.44385862350463867,0.0,-0.42939966917037964,0.0,21.0,0.46874873238368775
trial_05,126.963363369,1.0,530.0,132.0,0.8797869682312012,0.25391945242881775,0.9125927686691284,0.001378251239657402,0.01001383364200592,0.0,0.4456694424152374,0.0,-0.4256417751312256,0.0,19.0,0.0789679791410429
trial_05,127.236597763,1.0,416.0,173.0,0.8680493235588074,0.2510588467121124,0.920612633228302,-0.0002557039260864258,0.011867612600326538,0.0,0.4473239779472351,0.0,-0.42358875274658203,0.0,20.0,-0.014650755769677351
trial_05,127.505945721,1.0,536.0,140.0,0.8520556092262268,0.1992308497428894,0.9058713316917419,-0.005681678652763367,0.014145493507385254,0.0,0.44830891489982605,0.0,-0.42001792788505554,0.0,21.0,-0.3255362073529165
trial_05,127.761283535,1.0,427.0,179.0,0.8530314564704895,0.1959080696105957,0.9256938099861145,-0.011790189892053604,0.014544099569320679,0.0,0.44895532727241516,0.0,-0.4198671281337738,0.0,21.0,-0.6755281204724751
trial_05,128.03058061000002,1.0,544.0,22.0,0.7750809192657471,0.2036106288433075,0.8480198383331299,-0.009471774101257324,0.03577977418899536,0.0,0.44818153977394104,0.0,-0.3766219913959503,0.0,21.0,-0.5426926805033632
trial_05,128.307132004,1.0,444.0,184.0,0.8607321381568909,0.1889936625957489,0.8981930017471313,-0.012913066893815994,0.029808759689331055,0.0,0.4478609561920166,0.0,-0.3882434368133545,0.0,20.0,-0.739864233585764
trial_05,128.585135912,1.0,537.0,117.0,0.8423182964324951,0.18421721458435059,0.9171043634414673,-0.02829405665397644,0.02577759325504303,0.0,0.44690683484077454,0.0,-0.3953516483306885,0.0,19.0,-1.621130031576894
trial_05,128.85723414,1.0,436.0,184.0,0.8820405602455139,0.25359997153282166,0.9229575395584106,-0.039395637810230255,0.023709729313850403,0.0,0.4497324228286743,0.0,-0.4023129642009735,0.0,20.0,-2.257203777752202
trial_05,129.12182572400002,1.0,555.0,133.0,0.8754657506942749,0.18972808122634888,0.9021746516227722,-0.03500860184431076,0.019748419523239136,0.0,0.4486665427684784,0.0,-0.4091697037220001,0.0,21.0,-2.0058451323329165
trial_05,129.388847008,1.0,419.0,188.0,0.8715503215789795,0.25375497341156006,0.9184727668762207,-0.03172901272773743,0.01570761203765869,0.0,0.446969211101532,0.0,-0.4155539870262146,0.0,21.0,-1.8179385174162264
trial_05,129.646943549,1.0,550.0,126.0,0.8659111857414246,0.239800363779068,0.9198377728462219,-0.034676164388656616,0.014138758182525635,0.0,0.44583430886268616,0.0,-0.4175567924976349,0.0,21.0,-1.9867978691718666
trial_05,129.907078098,1.0,446.0,197.0,0.8658968806266785,0.1965896487236023,0.9000153541564941,-0.017740290611982346,0.007730796933174133,0.0,0.44233301281929016,0.0,-0.4268714189529419,0.0,21.0,-1.0164437794021448
trial_05,130.17234480800002,1.0,588.0,144.0,0.8872122168540955,0.25383612513542175,0.9203459620475769,-0.02565697208046913,0.004233196377754211,0.0,0.44015902280807495,0.0,-0.43169263005256653,0.0,20.0,-1.4700362152958684
trial_05,130.440016737,1.0,513.0,218.0,0.8732669353485107,0.1951923370361328,0.9101718664169312,-0.026918720453977585,0.0006461143493652344,0.0,0.4386562705039978,0.0,-0.43736404180526733,0.0,20.0,-1.542329071905399
trial_05,130.704320372,1.0,608.0,136.0,0.8656604290008545,0.24114826321601868,0.9265516400337219,-0.027800556272268295,-0.0008037388324737549,0.0,0.43659061193466187,0.0,-0.4381980895996094,0.0,20.0,-1.592854542516922
trial_05,130.983140103,1.0,495.0,189.0,0.8701543211936951,0.22845396399497986,0.9289736151695251,-0.0239457655698061,-0.0019102394580841064,0.0,0.4352209270000458,0.0,-0.439041405916214,0.0,20.0,-1.3719913043595684
trial_05,131.254541897,1.0,612.0,176.0,0.8844088315963745,0.25244244933128357,0.9192387461662292,-0.007407600060105324,-0.006942629814147949,0.0,0.4316657781600952,0.0,-0.4455510377883911,0.0,20.0,-0.42442421976489
trial_05,131.52374501100002,1.0,452.0,241.0,0.8724532127380371,0.2283112108707428,0.9186486005783081,0.008364096283912659,-0.013401582837104797,0.0,0.4262547492980957,0.0,-0.4530579149723053,0.0,21.0,0.4792274165092509
trial_05,131.79129745900002,1.0,540.0,175.0,0.8697681427001953,0.22835266590118408,0.9180312156677246,0.01713767647743225,-0.01922878623008728,0.0,0.42085784673690796,0.0,-0.4593154191970825,0.0,21.0,0.9819165328174956
trial_05,132.049752837,1.0,423.0,258.0,0.8751471638679504,0.2429933249950409,0.9074601531028748,0.025333398953080177,-0.02486725151538849,0.0,0.41544151306152344,0.0,-0.4651760160923004,0.0,21.0,1.4514968407326323
trial_05,132.320580127,1.0,543.0,188.0,0.8764390349388123,0.24464485049247742,0.9119890928268433,0.039117924869060516,-0.031299084424972534,0.0,0.40979984402656555,0.0,-0.4723980128765106,0.0,21.0,2.241291998307011
trial_05,132.589276194,1.0,433.0,259.0,0.8743298649787903,0.19959354400634766,0.9033875465393066,0.05000300332903862,-0.03532612323760986,0.0,0.4053822159767151,0.0,-0.4760344624519348,0.0,21.0,2.864961053732518
trial_05,132.849323704,1.0,554.0,163.0,0.8802082538604736,0.23362788558006287,0.9082064628601074,0.06099097430706024,-0.03818608820438385,0.0,0.40089482069015503,0.0,-0.47726699709892273,0.0,21.0,3.4945254161853927
trial_05,133.114292662,1.0,458.0,286.0,0.86260986328125,0.18310034275054932,0.9096114039421082,0.055107295513153076,-0.03830975294113159,0.0,0.39969974756240845,0.0,-0.47631925344467163,0.0,21.0,3.1574154532838894
trial_05,133.387935142,1.0,553.0,178.0,0.8820312023162842,0.24486544728279114,0.925107479095459,0.0440104641020298,-0.03534138202667236,0.0,0.40181124210357666,0.0,-0.4724940061569214,0.0,21.0,2.521613847458324
trial_05,133.64850613800002,1.0,454.0,295.0,0.8591702580451965,0.19561421871185303,0.9157633781433105,0.06738702207803726,-0.03480280935764313,0.0,0.4021948277950287,0.0,-0.47180044651031494,0.0,20.0,3.8609919590264337
trial_05,133.910010301,1.0,537.0,178.0,0.8611187934875488,0.16672638058662415,0.9195464849472046,0.06899900734424591,-0.03259740769863129,0.0,0.40347012877464294,0.0,-0.4686649441719055,0.0,21.0,3.9533519114174616
trial_05,134.18084368,1.0,475.0,264.0,0.8630928993225098,0.20035779476165771,0.9235628843307495,0.06289954483509064,-0.028077974915504456,0.0,0.40673714876174927,0.0,-0.4628930985927582,0.0,20.0,3.6038784523445893
trial_05,134.443329774,1.0,546.0,202.0,0.8572396039962769,0.2296520173549652,0.9097622632980347,0.04927326738834381,-0.02157875895500183,0.0,0.41194838285446167,0.0,-0.45510590076446533,0.0,20.0,2.8231502641716966
trial_05,134.69943460800002,1.0,438.0,309.0,0.8612651824951172,0.21169129014015198,0.9057031273841858,0.07582296431064606,-0.020666509866714478,0.0,0.4131312370300293,0.0,-0.45446425676345825,0.0,21.0,4.344335845171086
trial_05,134.972611984,1.0,530.0,183.0,0.8627246618270874,0.22794964909553528,0.9267789125442505,0.09175607562065125,-0.01987174153327942,0.0,0.41306355595588684,0.0,-0.4528070390224457,0.0,19.0,5.257235877746542
trial_05,135.242964516,1.0,432.0,335.0,0.8612122535705566,0.22855988144874573,0.9332231879234314,0.07692237198352814,-0.017846927046775818,0.0,0.4149657189846039,0.0,-0.4506595730781555,0.0,21.0,4.407327264791529
trial_05,135.506655865,1.0,550.0,260.0,0.8754596710205078,0.23240914940834045,0.9062754511833191,0.08003456890583038,-0.017878279089927673,0.0,0.41484561562538147,0.0,-0.4506021738052368,0.0,21.0,4.585643013453052
trial_05,135.768319682,1.0,439.0,357.0,0.8639007806777954,0.14980220794677734,0.908415675163269,0.08927719295024872,-0.018625885248184204,0.0,0.41371986269950867,0.0,-0.4509716331958771,0.0,19.0,5.115206362824358
trial_05,136.03183987600002,1.0,557.0,260.0,0.8559495210647583,0.21586468815803528,0.927470326423645,0.052270181477069855,-0.0159853994846344,0.0,0.4157031178474426,0.0,-0.4476739168167114,0.0,21.0,2.994860793018994
trial_05,136.312975892,1.0,449.0,373.0,0.8566726446151733,0.19211050868034363,0.9242444038391113,0.04040112346410751,-0.012982770800590515,0.0,0.41789478063583374,0.0,-0.44386032223701477,0.0,21.0,2.314813862080321
trial_05,136.57539258900002,1.0,545.0,211.0,0.8565850853919983,0.22838285565376282,0.933760404586792,0.03918775916099548,-0.008899345993995667,0.0,0.4211738705635071,0.0,-0.4389725625514984,0.0,21.0,2.2452932085001693
trial_05,136.830581013,1.0,453.0,394.0,0.8805307745933533,0.2378542721271515,0.9275504350662231,0.05847356468439102,-0.00893084704875946,0.0,0.4206168055534363,0.0,-0.4384784996509552,0.0,21.0,3.3502884695008253
trial_05,137.105356019,1.0,554.0,284.0,0.8799140453338623,0.2449485957622528,0.9388660192489624,0.04777687042951584,-0.007345378398895264,0.0,0.42205238342285156,0.0,-0.4367431402206421,0.0,21.0,2.7374130339546423
trial_05,137.372304183,1.0,431.0,398.0,0.8730672001838684,0.23977884650230408,0.9384081959724426,0.028858205303549767,-0.005005747079849243,0.0,0.4246205687522888,0.0,-0.4346320629119873,0.0,20.0,1.6534533682154504
trial_05,137.639606597,1.0,549.0,253.0,0.8614547252655029,0.23476770520210266,0.9509528875350952,0.027846669778227806,-0.001478046178817749,0.0,0.42650890350341797,0.0,-0.42946499586105347,0.0,21.0,1.5954966517869533
trial_05,137.899573819,1.0,482.0,369.0,0.8680092692375183,0.2477821707725525,0.9425166845321655,0.022730574011802673,0.0023877322673797607,0.0,0.4299373924732208,0.0,-0.4251619279384613,0.0,21.0,1.302365956786045
trial_05,138.167096328,1.0,614.0,308.0,0.867778480052948,0.23378565907478333,0.9482008814811707,0.015131928957998753,0.004171773791313171,0.0,0.4313364028930664,0.0,-0.42299285531044006,0.0,20.0,0.866995665185122
trial_05,138.436453561,1.0,497.0,449.0,0.8656371831893921,0.23249873518943787,0.9430075287818909,0.0041947499848902225,0.00580887496471405,0.0,0.4328800141811371,0.0,-0.421262264251709,0.0,20.0,0.2403414702467756
trial_05,138.699111095,1.0,623.0,292.0,0.8663021326065063,0.23993781208992004,0.9468432068824768,0.005387624725699425,0.006313502788543701,0.0,0.43210017681121826,0.0,-0.41947317123413086,0.0,20.0,0.30868815838290486
trial_05,138.954510879,1.0,461.0,459.0,0.8578184247016907,0.19526153802871704,0.9390181303024292,0.018727950751781464,0.004723578691482544,0.0,0.4301011562347412,0.0,-0.4206539988517761,0.0,20.0,1.073032537005935
trial_05,139.223044378,1.0,598.0,355.0,0.8597098588943481,0.22358733415603638,0.9424836039543152,0.0272635817527771,0.0032809078693389893,0.0,0.42794477939605713,0.0,-0.42138296365737915,0.0,21.0,1.5620881688440111
trial_05,139.48370786,1.0,457.0,488.0,0.8734106421470642,0.2331615388393402,0.9293343424797058,0.016944630071520805,5.5149197578430176e-05,0.0,0.4240607023239136,0.0,-0.4239504039287567,0.0,21.0,0.9708557885086004
trial_05,139.74804068,1.0,560.0,368.0,0.8952838182449341,0.23734524846076965,0.9148253202438354,0.020356634631752968,-0.003074556589126587,0.0,0.42053091526031494,0.0,-0.4266800284385681,0.0,19.0,1.1663492494892937
trial_05,140.01688237800002,1.0,454.0,508.0,0.8705582618713379,0.24248647689819336,0.9287133812904358,0.007023625075817108,-0.004334986209869385,0.0,0.4190037250518799,0.0,-0.42767369747161865,0.0,21.0,0.40242407372657313
trial_05,140.298521818,1.0,545.0,439.0,0.8772014379501343,0.2518700659275055,0.9432058930397034,-0.004626311361789703,-0.004648938775062561,0.0,0.4183729290962219,0.0,-0.42767080664634705,0.0,20.0,-0.2650681157439705
trial_05,140.56115865200002,1.0,470.0,541.0,0.8765841126441956,0.252650648355484,0.9296087622642517,-0.013451199978590012,-0.0037161409854888916,0.0,0.41971832513809204,0.0,-0.4271506071090698,0.0,20.0,-0.7706969881596709
trial_05,140.82090925100002,1.0,555.0,404.0,0.8693346381187439,0.25000715255737305,0.9403447508811951,-0.013504432514309883,-0.0025676488876342773,0.0,0.42042067646980286,0.0,-0.4255559742450714,0.0,21.0,-0.773746987789199
trial_05,141.08895835,1.0,460.0,534.0,0.8746460676193237,0.24113494157791138,0.9231402277946472,-0.01879582554101944,-0.001492530107498169,0.0,0.42199641466140747,0.0,-0.4249814748764038,0.0,20.0,-1.076921475964611
trial_05,141.357266369,1.0,569.0,371.0,0.8534190058708191,0.2319519817829132,0.9306932091712952,-0.022412117570638657,0.0006150901317596436,0.0,0.42279303073883057,0.0,-0.4215628504753113,0.0,21.0,-1.2841197467485908
trial_05,141.612654386,1.0,434.0,551.0,0.8403783440589905,0.18070393800735474,0.9350683093070984,-0.025363903492689133,0.0009985566139221191,0.0,0.42359673976898193,0.0,-0.4215996265411377,0.0,19.0,-1.4532446221082151
trial_05,141.88125183100001,1.0,577.0,455.0,0.8792797923088074,0.24530062079429626,0.9425374269485474,-0.023097891360521317,0.0013552457094192505,0.0,0.42527106404304504,0.0,-0.42256057262420654,0.0,21.0,-1.3234116906095583
trial_05,142.144099418,1.0,474.0,546.0,0.8657013177871704,0.2400890588760376,0.945692777633667,-0.021613655611872673,0.00039677321910858154,0.0,0.425457626581192,0.0,-0.42466408014297485,0.0,20.0,-1.238371246409551
trial_05,142.411391145,1.0,578.0,475.0,0.8664867877960205,0.24030378460884094,0.9481523633003235,-0.02536611445248127,-0.0002487301826477051,0.0,0.42594069242477417,0.0,-0.4264381527900696,0.0,20.0,-1.4533713007729778
trial_05,142.68088363700002,1.0,464.0,565.0,0.8322552442550659,0.18775740265846252,0.9263249635696411,-0.030410032719373703,0.0001471489667892456,0.0,0.4264179468154907,0.0,-0.42612364888191223,0.0,19.0,-1.742366529674855
trial_05,142.94648301700002,1.0,562.0,379.0,0.8409312963485718,0.207871675491333,0.9466862678527832,-0.025267941877245903,0.0012251883745193481,0.0,0.42715874314308167,0.0,-0.42470836639404297,0.0,19.0,-1.4477464265480606
trial_05,143.21632214000002,1.0,463.0,573.0,0.8672693371772766,0.19863322377204895,0.9407430291175842,-0.017142117023468018,0.001541048288345337,0.0,0.4279842674732208,0.0,-0.42490217089653015,0.0,21.0,-0.9821709573640786
trial_05,143.486218107,1.0,570.0,395.0,0.8637576103210449,0.2410188615322113,0.9426212310791016,-0.018472399562597275,0.00172463059425354,0.0,0.42777109146118164,0.0,-0.42432183027267456,0.0,20.0,-1.0583905324161318
trial_05,143.748683884,1.0,451.0,565.0,0.8824455738067627,0.2401077151298523,0.9393099546432495,-0.01899440586566925,0.001848459243774414,0.0,0.42840081453323364,0.0,-0.4247038960456848,0.0,20.0,-1.0882992904613829
trial_05,144.010719515,1.0,578.0,457.0,0.868693470954895,0.2021864950656891,0.9390350580215454,-0.0203775055706501,0.0009972453117370605,0.0,0.4278404116630554,0.0,-0.4258459210395813,0.0,19.0,-1.167545066202575
trial_05,144.28169215900002,1.0,434.0,563.0,0.8792065978050232,0.21513092517852783,0.9328635334968567,-0.02146756276488304,0.0012378394603729248,0.0,0.42944514751434326,0.0,-0.4269694685935974,0.0,21.0,-1.2300007428599946
trial_05,144.547013181,1.0,558.0,446.0,0.8688271045684814,0.23271355032920837,0.9462286829948425,-0.022356487810611725,0.0010204017162322998,0.0,0.4289274215698242,0.0,-0.4268866181373596,0.0,21.0,-1.280932396283722
trial_05,144.80490252200002,1.0,478.0,571.0,0.8744972944259644,0.2350037693977356,0.943358302116394,-0.023170094937086105,0.0012931525707244873,0.0,0.42965584993362427,0.0,-0.4270695447921753,0.0,19.0,-1.3275486508124705
trial_05,145.070533318,1.0,632.0,473.0,0.8720876574516296,0.24400874972343445,0.9429466724395752,-0.023738745599985123,-0.0001611858606338501,0.0,0.42794010043144226,0.0,-0.42826247215270996,0.0,21.0,-1.3601299338139008
trial_05,145.34512721500002,1.0,536.0,540.0,0.8486469984054565,0.20824745297431946,0.9328745007514954,-0.0231306292116642,0.0007345080375671387,0.0,0.4277796745300293,0.0,-0.426310658454895,0.0,20.0,-1.325287431310373
trial_05,145.616298026,1.0,646.0,505.0,0.8657023310661316,0.22024530172348022,0.9415368437767029,-0.01572611927986145,-0.00047682225704193115,0.0,0.425158828496933,0.0,-0.42611247301101685,0.0,19.0,-0.9010402628553746
trial_05,145.86764086300002,1.0,517.0,653.0,0.8583605885505676,0.18283513188362122,0.9333633184432983,-0.017552193254232407,-0.002534434199333191,0.0,0.4226037263870239,0.0,-0.4276725947856903,0.0,21.0,-1.0056665946655108
trial_05,146.122661703,1.0,599.0,434.0,0.8666059374809265,0.24929210543632507,0.9379628300666809,-0.01945037953555584,-0.0016820728778839111,0.0,0.4219778776168823,0.0,-0.42534202337265015,0.0,21.0,-1.1144246573149759
trial_05,146.389879916,1.0,481.0,637.0,0.8574010133743286,0.20249953866004944,0.937394917011261,-0.017103152349591255,-0.0026522278785705566,0.0,0.42065760493278503,0.0,-0.42596206068992615,0.0,21.0,-0.9799384460008365
trial_05,146.65966275300002,1.0,572.0,488.0,0.872697114944458,0.25044289231300354,0.9313458204269409,-0.013463376089930534,-0.003667086362838745,0.0,0.4190320074558258,0.0,-0.4263661801815033,0.0,21.0,-0.7713946279503643
trial_05,146.9205542,1.0,458.0,593.0,0.8770599365234375,0.2552236020565033,0.9283461570739746,-0.011385126039385796,-0.005267739295959473,0.0,0.41820037364959717,0.0,-0.4287358522415161,0.0,21.0,-0.6523196712813008
trial_05,147.18673502800002,1.0,570.0,463.0,0.8803187608718872,0.25412440299987793,0.9384827613830566,-0.01748334802687168,-0.005866497755050659,0.0,0.4182097315788269,0.0,-0.4299427270889282,0.0,20.0,-1.0017220536981226
trial_05,147.45348202300002,1.0,447.0,494.0,0.873002290725708,0.25106143951416016,0.9402287602424622,-0.010558374226093292,-0.00517350435256958,0.0,0.41765403747558594,0.0,-0.4280010461807251,0.0,19.0,-0.6049502816748524
trial_05,147.72260778900002,1.0,569.0,380.0,0.8386542201042175,0.19096466898918152,0.9397562742233276,-0.008255640044808388,-0.004124954342842102,0.0,0.4174581468105316,0.0,-0.4257080554962158,0.0,21.0,-0.47301333174671445
trial_05,147.98085002800002,1.0,454.0,572.0,0.8580117225646973,0.20574429631233215,0.9245690703392029,-0.007612544111907482,-0.005251094698905945,0.0,0.4174251854419708,0.0,-0.4279273748397827,0.0,20.0,-0.43616664896946417
trial_05,148.25028636000002,1.0,581.0,403.0,0.8398765325546265,0.16502541303634644,0.9288859367370605,-0.0028455788269639015,-0.005291089415550232,0.0,0.417399138212204,0.0,-0.42798131704330444,0.0,20.0,-0.16303965705681914
trial_05,148.51404957,1.0,459.0,482.0,0.84333735704422,0.1667509377002716,0.9343339204788208,-0.007226074114441872,-0.005289047956466675,0.0,0.41725385189056396,0.0,-0.4278319478034973,0.0,20.0,-0.41402354920625306
trial_05,148.794600588,1.0,585.0,393.0,0.8524630665779114,0.20911288261413574,0.9426169395446777,-0.010012103244662285,-0.005205139517784119,0.0,0.4177107512950897,0.0,-0.42812103033065796,0.0,21.0,-0.5736512599683864
trial_05,149.056446085,1.0,490.0,554.0,0.8725838661193848,0.24856260418891907,0.9443121552467346,0.004518952686339617,-0.005650386214256287,0.0,0.4187338054180145,0.0,-0.4300345778465271,0.0,21.0,0.25891691674656575
trial_05,149.326897182,1.0,557.0,373.0,0.870984673500061,0.24641719460487366,0.9407891035079956,0.0018320272210985422,-0.0045730918645858765,0.0,0.4198935627937317,0.0,-0.42903974652290344,0.0,21.0,0.104967427722027
trial_05,149.584183206,1.0,485.0,496.0,0.8533843755722046,0.24633070826530457,0.9555329084396362,-0.00014217477291822433,-0.0030484795570373535,0.0,0.42115771770477295,0.0,-0.42725467681884766,0.0,21.0,-0.008146014441445129
trial_05,149.845691549,1.0,580.0,430.0,0.8694102168083191,0.24413970112800598,0.942499041557312,-0.0014786417596042156,-0.002647995948791504,0.0,0.4227350950241089,0.0,-0.4280310869216919,0.0,20.0,-0.08471993223711921
trial_05,150.10901833,1.0,490.0,563.0,0.8851864337921143,0.24072346091270447,0.9362105131149292,-0.0024991726968437433,-0.0017142891883850098,0.0,0.42427003383636475,0.0,-0.42769861221313477,0.0,21.0,-0.14319204780347444
trial_05,150.38263920900002,1.0,575.0,463.0,0.8780843019485474,0.24380847811698914,0.943926215171814,0.0022987541742622852,-0.001919373869895935,0.0,0.42437195777893066,0.0,-0.42821070551872253,0.0,21.0,0.1317089123233095
trial_05,150.644207064,1.0,467.0,600.0,0.8496489524841309,0.21456748247146606,0.9423075318336487,0.0009274231269955635,-0.0018388032913208008,0.0,0.4243880808353424,0.0,-0.428065687417984,0.0,21.0,0.05313743099967115
trial_05,150.904010468,1.0,605.0,503.0,0.8714615106582642,0.24646350741386414,0.9392877221107483,0.005068826489150524,-0.0022202730178833008,0.0,0.42404770851135254,0.0,-0.42848825454711914,0.0,19.0,0.2904223649124396
trial_05,151.165051505,1.0,509.0,647.0,0.8838223814964294,0.24830269813537598,0.9356460571289062,-0.001421704888343811,-0.0005756765604019165,0.0,0.42600926756858826,0.0,-0.4271606206893921,0.0,20.0,-0.08145768981521832
trial_05,151.43264818,1.0,642.0,505.0,0.8558507561683655,0.22518238425254822,0.9311922192573547,-0.001089904922991991,-0.0013179928064346313,0.0,0.42472517490386963,0.0,-0.4273611605167389,0.0,21.0,-0.06244695215797209
trial_05,151.691225889,1.0,519.0,579.0,0.8709600567817688,0.23670580983161926,0.9293497800827026,-0.0005117133259773254,0.0001342296600341797,0.0,0.4258984327316284,0.0,-0.42562997341156006,0.0,21.0,-0.02931901389910286
trial_05,151.95804361700002,1.0,586.0,374.0,0.8481221795082092,0.20415836572647095,0.9417372941970825,0.0002652900293469429,0.002154052257537842,0.0,0.42565882205963135,0.0,-0.42135071754455566,0.0,21.0,0.015199999028481579
trial_05,152.234755869,1.0,458.0,575.0,0.8801059722900391,0.1954154670238495,0.9279459714889526,0.00114478450268507,0.0011775046586990356,0.0,0.4236847460269928,0.0,-0.4213297367095947,0.0,21.0,0.06559132045583738
trial_05,152.501678743,1.0,590.0,387.0,0.8673444390296936,0.23451513051986694,0.9433368444442749,0.002225855365395546,0.0018699467182159424,0.0,0.4233875274658203,0.0,-0.4196476340293884,0.0,20.0,0.1275321182437145
trial_05,152.77447873100002,1.0,476.0,575.0,0.8357724547386169,0.19159570336341858,0.9298048615455627,0.0026745060458779335,0.0007846802473068237,0.0,0.42340192198753357,0.0,-0.4218325614929199,0.0,21.0,0.15323790871102771
trial_05,153.037263518,1.0,621.0,422.0,0.8661970496177673,0.23832139372825623,0.9457820057868958,0.003623693250119686,0.0007157027721405029,0.0,0.42467910051345825,0.0,-0.42324769496917725,0.0,21.0,0.2076223294819022
trial_05,153.310461686,1.0,524.0,558.0,0.8581109046936035,0.19413965940475464,0.9447766542434692,0.004204541444778442,0.001242414116859436,0.0,0.42652738094329834,0.0,-0.42404255270957947,0.0,21.0,0.24090247957364222
trial_05,153.568876837,1.0,595.0,416.0,0.8630772829055786,0.23725983500480652,0.9467452168464661,0.0003335149958729744,0.0016109049320220947,0.0,0.42759400606155396,0.0,-0.42437219619750977,0.0,21.0,0.019109001667844502
trial_05,153.832131742,1.0,499.0,555.0,0.8668528199195862,0.23867294192314148,0.9470585584640503,0.0021477583795785904,0.0021152496337890625,0.0,0.42856794595718384,0.0,-0.4243374466896057,0.0,20.0,0.12305749056370989
trial_05,154.103578513,1.0,600.0,457.0,0.8694194555282593,0.2221459150314331,0.9423743486404419,0.009567061439156532,0.001374080777168274,0.0,0.4276888072490692,0.0,-0.42494064569473267,0.0,20.0,0.5481522428060247
trial_05,154.378147191,1.0,484.0,564.0,0.859221875667572,0.21926680207252502,0.9431952238082886,0.010294085368514061,0.002126753330230713,0.0,0.42927032709121704,0.0,-0.4250168204307556,0.0,21.0,0.5898076455632284
trial_05,154.641914004,1.0,584.0,466.0,0.867523729801178,0.24178069829940796,0.9492932558059692,0.010737579315900803,0.0018947720527648926,0.0,0.42906415462493896,0.0,-0.4252746105194092,0.0,21.0,0.6152179769880857
trial_05,154.902699188,1.0,478.0,630.0,0.8794878125190735,0.24477243423461914,0.9363425374031067,0.011217722669243813,0.0027976632118225098,0.0,0.43058180809020996,0.0,-0.42498648166656494,0.0,19.0,0.6427281646958988
trial_05,155.18083476500001,1.0,612.0,531.0,0.8560196757316589,0.21497613191604614,0.9251833558082581,0.006921539083123207,0.0032456666231155396,0.0,0.42997080087661743,0.0,-0.42347946763038635,0.0,20.0,0.39657497719780926
trial_05,155.444457881,1.0,531.0,670.0,0.8768057823181152,0.2453150451183319,0.9300184845924377,0.00861906073987484,0.004464045166969299,0.0,0.4313659071922302,0.0,-0.4224378168582916,0.0,20.0,0.493835803761733
trial_05,155.715580872,1.0,655.0,519.0,0.8544194102287292,0.19223463535308838,0.9184765815734863,0.010503727942705154,0.004535108804702759,0.0,0.4306091070175171,0.0,-0.4215388894081116,0.0,21.0,0.6018192802706364
trial_05,155.971577997,1.0,486.0,640.0,0.8605684638023376,0.2317517101764679,0.9308136701583862,0.011643294245004654,0.004047393798828125,0.0,0.4289674162864685,0.0,-0.42087262868881226,0.0,19.0,0.6671116198677269
trial_05,156.249585088,1.0,599.0,402.0,0.8395361304283142,0.19313347339630127,0.9198875427246094,0.00691719725728035,0.005501851439476013,0.0,0.4284490644931793,0.0,-0.4174453616142273,0.0,21.0,0.39632620890163267
trial_05,156.51233892300002,1.0,487.0,596.0,0.8462618589401245,0.20963427424430847,0.9460301995277405,0.006259898655116558,0.005365625023841858,0.0,0.42850837111473083,0.0,-0.4177771210670471,0.0,21.0,0.35866577311779885
trial_05,156.783263758,1.0,608.0,485.0,0.8513026237487793,0.18566587567329407,0.9270694255828857,0.0013431897386908531,0.005609676241874695,0.0,0.42789116501808167,0.0,-0.4166718125343323,0.0,19.0,0.07695910311226578
trial_05,157.05157895300002,1.0,495.0,600.0,0.8676134943962097,0.2100217342376709,0.9422607421875,0.002193974331021309,0.005334317684173584,0.0,0.4279031753540039,0.0,-0.41723453998565674,0.0,21.0,0.1257054695275592
trial_05,157.33826840100002,1.0,572.0,473.0,0.8598707914352417,0.1939123570919037,0.9338345527648926,0.002488449215888977,0.005456015467643738,0.0,0.42826011776924133,0.0,-0.41734808683395386,0.0,21.0,0.14257763760307743
trial_05,157.59823236,1.0,491.0,571.0,0.8695248961448669,0.19608688354492188,0.9214449524879456,0.003166818991303444,0.005184382200241089,0.0,0.42756903171539307,0.0,-0.4172002673149109,0.0,21.0,0.1814453626835639
trial_05,157.858938188,1.0,591.0,386.0,0.8492891192436218,0.19743362069129944,0.9422877430915833,0.003454912453889847,0.006431058049201965,0.0,0.4279439449310303,0.0,-0.41508182883262634,0.0,20.0,0.19795190219507486
trial_05,158.12884971300002,1.0,471.0,571.0,0.8643243908882141,0.21525412797927856,0.9401688575744629,0.004782753065228462,0.006478264927864075,0.0,0.42953455448150635,0.0,-0.4165780246257782,0.0,21.0,0.2740315650908486
trial_05,158.404634106,1.0,615.0,445.0,0.8741602301597595,0.24540546536445618,0.9445598125457764,8.017569780349731e-05,0.006132006645202637,0.0,0.4309399425983429,0.0,-0.4186759293079376,0.0,21.0,0.004593729103656701
trial_05,158.665119346,1.0,449.0,585.0,0.8299307227134705,0.18873029947280884,0.9345887303352356,-0.00042711803689599037,0.005766063928604126,0.0,0.43086695671081543,0.0,-0.4193348288536072,0.0,21.0,-0.024472060868053223
trial_05,158.92979220400002,1.0,600.0,422.0,0.8402018547058105,0.20329394936561584,0.9335196614265442,-0.0005737487226724625,0.006835177540779114,0.0,0.43208396434783936,0.0,-0.41841360926628113,0.0,20.0,-0.03287338031015403
trial_05,159.192864517,1.0,491.0,485.0,0.8545331358909607,0.18377670645713806,0.936028003692627,-0.0013301228173077106,0.00899595022201538,0.0,0.4346705675125122,0.0,-0.41667866706848145,0.0,19.0,-0.07621042366578247
trial_05,159.457365688,1.0,581.0,449.0,0.8566412329673767,0.19530311226844788,0.9363597631454468,-0.0025889850221574306,0.0092792809009552,0.0,0.4360824227333069,0.0,-0.4175238609313965,0.0,19.0,-0.1483379149922047
trial_05,159.71872575900002,1.0,504.0,567.0,0.8534917235374451,0.1812269389629364,0.9252194762229919,-0.007652778644114733,0.009233281016349792,0.0,0.43593305349349976,0.0,-0.41746649146080017,0.0,21.0,-0.43847191785562284
trial_05,159.978907486,1.0,582.0,421.0,0.871050238609314,0.24393507838249207,0.9420284032821655,-0.0027953791432082653,0.008075147867202759,0.0,0.4355936050415039,0.0,-0.4194433093070984,0.0,21.0,-0.16016342704472974
trial_05,160.250369885,1.0,478.0,599.0,0.8536731004714966,0.19447550177574158,0.9404492378234863,-0.005547432694584131,0.008471623063087463,0.0,0.4355889856815338,0.0,-0.4186457395553589,0.0,20.0,-0.31784448053255654
trial_05,160.514832138,1.0,587.0,448.0,0.8641471862792969,0.19848886132240295,0.9374261498451233,-0.005504501983523369,0.0076377540826797485,0.0,0.4350624084472656,0.0,-0.41978690028190613,0.0,21.0,-0.31538473197727923
trial_05,160.784381243,1.0,454.0,585.0,0.8470528721809387,0.19422361254692078,0.9323512315750122,-0.00913651380687952,0.008666962385177612,0.0,0.43619102239608765,0.0,-0.4188570976257324,0.0,21.0,-0.5234836805972014
trial_05,161.06127597100001,1.0,607.0,446.0,0.8634012341499329,0.2362729012966156,0.9383789300918579,-0.007020311430096626,0.007298797369003296,0.0,0.4344053268432617,0.0,-0.4198077321052551,0.0,21.0,-0.4022342158119879
trial_05,161.33257377700002,1.0,457.0,584.0,0.8503082990646362,0.19425636529922485,0.9350972175598145,-0.004541880451142788,0.006363436579704285,0.0,0.4328603446483612,0.0,-0.42013347148895264,0.0,21.0,-0.260230580903456
trial_05,161.601326816,1.0,570.0,458.0,0.8677442669868469,0.23567050695419312,0.9373599290847778,-0.00812301505357027,0.0060861557722091675,0.0,0.43277424573898315,0.0,-0.4206019341945648,0.0,21.0,-0.46541447949081083
trial_05,161.86955957400002,1.0,470.0,617.0,0.8708428740501404,0.24624493718147278,0.9439651966094971,-0.006545668002218008,0.005938887596130371,0.0,0.43241456151008606,0.0,-0.4205367863178253,0.0,20.0,-0.375039150620921
trial_05,162.14264111100002,1.0,573.0,502.0,0.8587728142738342,0.20991870760917664,0.922546923160553,-0.01523124985396862,0.00674477219581604,0.0,0.4325869083404541,0.0,-0.419097363948822,0.0,20.0,-0.8726863333416534
trial_05,162.41354743800002,1.0,488.0,640.0,0.8486291170120239,0.1928185522556305,0.9204638600349426,-0.01723613776266575,0.00714738667011261,0.0,0.4316903352737427,0.0,-0.41739556193351746,0.0,21.0,-0.9875579489068088
trial_05,162.69727447600002,1.0,638.0,504.0,0.8595086336135864,0.24541327357292175,0.9278853535652161,-0.014243599027395248,0.00873248279094696,0.0,0.43225088715553284,0.0,-0.4147859215736389,0.0,20.0,-0.8160981093463919
trial_05,162.96155683,1.0,496.0,593.0,0.8528367280960083,0.19313040375709534,0.9235243201255798,-0.012437073513865471,0.008188903331756592,0.0,0.4310075640678406,0.0,-0.4146297574043274,0.0,20.0,-0.7125918218384321
trial_05,163.22780317000002,1.0,598.0,449.0,0.8878255486488342,0.24579453468322754,0.9165375828742981,-0.011553037911653519,0.00821065902709961,0.0,0.4299907088279724,0.0,-0.4135693907737732,0.0,20.0,-0.6619403128923811
trial_05,163.49114627,1.0,477.0,580.0,0.8704818487167358,0.2515060603618622,0.9179091453552246,-0.011983769945800304,0.007034733891487122,0.0,0.4285696744918823,0.0,-0.4145002067089081,0.0,20.0,-0.6866194405500767
trial_05,163.759432542,1.0,565.0,473.0,0.8747215270996094,0.21504461765289307,0.9188650250434875,-0.012292556464672089,0.0060161203145980835,0.0,0.42672866582870483,0.0,-0.41469642519950867,0.0,21.0,-0.7043116048519668
trial_05,164.028743278,1.0,475.0,593.0,0.8668311238288879,0.19709667563438416,0.907833456993103,-0.013468659482896328,0.005172908306121826,0.0,0.4249229431152344,0.0,-0.4145771265029907,0.0,20.0,-0.7716973440688134
trial_05,164.29811567200002,1.0,570.0,430.0,0.8744685649871826,0.24772927165031433,0.9296553730964661,-0.0152716264128685,0.003885209560394287,0.0,0.4233945608139038,0.0,-0.41562414169311523,0.0,19.0,-0.8749997397578779
trial_05,164.55510432100002,1.0,489.0,592.0,0.8764563798904419,0.24468916654586792,0.9315984845161438,-0.022015459835529327,0.0035094618797302246,0.0,0.4231378436088562,0.0,-0.41611891984939575,0.0,21.0,-1.261392932615608
trial_05,164.831186516,1.0,581.0,422.0,0.8785287141799927,0.24193713068962097,0.9234166145324707,-0.02250533550977707,0.003858208656311035,0.0,0.42426058650016785,0.0,-0.4165441691875458,0.0,21.0,-1.2894607412361292
trial_05,165.104201208,1.0,457.0,587.0,0.8742793202400208,0.2396623194217682,0.915022075176239,-0.022371934726834297,0.0034721195697784424,0.0,0.4249230623245239,0.0,-0.41797882318496704,0.0,20.0,-1.2818174393897674
trial_05,165.381500646,1.0,583.0,464.0,0.8622841835021973,0.23828867077827454,0.9229345917701721,-0.02781395986676216,0.0033421367406845093,0.0,0.42521142959594727,0.0,-0.41852715611457825,0.0,21.0,-1.5936225119117253
trial_05,165.65054870100002,1.0,445.0,581.0,0.859756350517273,0.1960156261920929,0.9152948260307312,-0.027176540344953537,0.00203782320022583,0.0,0.42557862401008606,0.0,-0.4215029776096344,0.0,21.0,-1.5571010635328442
trial_05,165.908131149,1.0,562.0,462.0,0.8686785101890564,0.22667479515075684,0.9311221241950989,-0.02638953924179077,0.0007796436548233032,0.0,0.42530688643455505,0.0,-0.42374759912490845,0.0,20.0,-1.5120092218494776
trial_05,166.176061392,1.0,433.0,614.0,0.8712350130081177,0.23477572202682495,0.9311274290084839,-0.01861591264605522,0.0004917830228805542,0.0,0.42573028802871704,0.0,-0.42474672198295593,0.0,21.0,-1.066613226403181
trial_05,166.444055697,1.0,567.0,434.0,0.8573117256164551,0.22970739006996155,0.9291616082191467,-0.01613585650920868,-0.00024034082889556885,0.0,0.42401671409606934,0.0,-0.4244973957538605,0.0,21.0,-0.9245164768063547
trial_05,166.710897713,1.0,465.0,609.0,0.8605454564094543,0.19749239087104797,0.9264981150627136,-0.02110099606215954,-0.0013861358165740967,0.0,0.42195385694503784,0.0,-0.42472612857818604,0.0,21.0,-1.2089980178839113
trial_05,166.979799195,1.0,562.0,481.0,0.8524014353752136,0.19237908720970154,0.927862286567688,-0.020078856498003006,-0.0019503086805343628,0.0,0.42123109102249146,0.0,-0.4251317083835602,0.0,20.0,-1.1504337347844005
trial_05,167.262106734,1.0,458.0,617.0,0.865692138671875,0.22733721137046814,0.9319649934768677,-0.020701272413134575,-0.002901732921600342,0.0,0.4205113351345062,0.0,-0.4263148009777069,0.0,19.0,-1.1860955398232123
trial_05,167.516255163,1.0,580.0,432.0,0.8700001239776611,0.2323586344718933,0.927409291267395,-0.009060217998921871,-0.0022345036268234253,0.0,0.4204038977622986,0.0,-0.42487290501594543,0.0,21.0,-0.5191122528066875
trial_05,167.77836474900002,1.0,482.0,644.0,0.8820137977600098,0.23548248410224915,0.9246588945388794,-0.010146575048565865,-0.0030804574489593506,0.0,0.41985470056533813,0.0,-0.42601561546325684,0.0,21.0,-0.5813559267955724
trial_05,168.05186132400001,1.0,631.0,569.0,0.8734827637672424,0.23972895741462708,0.9370110034942627,-0.0132599463686347,-0.002846747636795044,0.0,0.420072078704834,0.0,-0.4257655739784241,0.0,19.0,-0.7597389634925904
trial_05,168.31248314500002,1.0,527.0,682.0,0.8844563364982605,0.24376711249351501,0.9250845909118652,-0.010383972898125648,-0.0027351826429367065,0.0,0.4209367632865906,0.0,-0.426407128572464,0.0,21.0,-0.5949578216408296
trial_05,168.571797148,1.0,643.0,572.0,0.8789147138595581,0.24555394053459167,0.9230015277862549,-0.008474203757941723,-0.004594326019287109,0.0,0.4194110035896301,0.0,-0.42859965562820435,0.0,20.0,-0.4855361100639626
trial_05,168.831050556,1.0,496.0,638.0,0.8806535005569458,0.24406757950782776,0.9143235087394714,-0.007021736353635788,-0.0054560452699661255,0.0,0.4192405641078949,0.0,-0.43015265464782715,0.0,21.0,-0.40231585791691077
trial_05,169.103837825,1.0,581.0,493.0,0.873367428779602,0.24251309037208557,0.9263465404510498,-0.005991550162434578,-0.006931185722351074,0.0,0.4175550937652588,0.0,-0.43141746520996094,0.0,21.0,-0.34329053704842416
trial_05,169.38767665100002,1.0,446.0,625.0,0.8728949427604675,0.19902008771896362,0.9195568561553955,-0.005271483212709427,-0.008788853883743286,0.0,0.41574931144714355,0.0,-0.4333270192146301,0.0,21.0,-0.3020337398623142
trial_05,169.649084015,1.0,568.0,491.0,0.8576031923294067,0.19435212016105652,0.9324389100074768,-0.004252940881997347,-0.009484678506851196,0.0,0.41534966230392456,0.0,-0.43431901931762695,0.0,21.0,-0.24367556305709384
trial_05,169.91014538500002,1.0,426.0,527.0,0.851874053478241,0.19139942526817322,0.9271479249000549,0.004025152884423733,-0.010020077228546143,0.0,0.41358450055122375,0.0,-0.43362465500831604,0.0,19.0,0.23062427217238954
trial_05,170.178653153,1.0,556.0,425.0,0.85685795545578,0.17914220690727234,0.9268048405647278,0.0098189115524292,-0.010388672351837158,0.0,0.41253936290740967,0.0,-0.433316707611084,0.0,21.0,0.5625821913664403
trial_05,170.442866815,1.0,473.0,597.0,0.8647086024284363,0.18988299369812012,0.9248454570770264,0.011274783872067928,-0.010703057050704956,0.0,0.41272908449172974,0.0,-0.43413519859313965,0.0,21.0,0.6459975307916606
trial_05,170.70112774100002,1.0,567.0,483.0,0.859007716178894,0.18626603484153748,0.9292691349983215,0.010930541902780533,-0.011373922228813171,0.0,0.4122433066368103,0.0,-0.43499115109443665,0.0,21.0,0.6262739188202208
trial_05,170.975616015,1.0,450.0,608.0,0.8891851305961609,0.249543696641922,0.9292784333229065,0.010971169918775558,-0.010362327098846436,0.0,0.41379979252815247,0.0,-0.43452444672584534,0.0,21.0,0.6286017326667257
trial_05,171.233713208,1.0,547.0,393.0,0.8758688569068909,0.24592235684394836,0.9357485771179199,0.013904106803238392,-0.008877843618392944,0.0,0.41565507650375366,0.0,-0.43341076374053955,0.0,20.0,0.7966466377246948
trial_05,171.509227642,1.0,465.0,592.0,0.8860494494438171,0.24778196215629578,0.9389501214027405,0.016725024208426476,-0.007731243968009949,0.0,0.41731756925582886,0.0,-0.43278005719184875,0.0,20.0,0.9582732993969676
trial_05,171.766825288,1.0,577.0,485.0,0.8767443299293518,0.235325425863266,0.921658992767334,0.01968652755022049,-0.006946727633476257,0.0,0.4189024865627289,0.0,-0.4327959418296814,0.0,21.0,1.1279549418956538
trial_05,172.01852332500002,1.0,449.0,596.0,0.8478639721870422,0.20662936568260193,0.9309329986572266,0.01846124604344368,-0.0054045021533966064,0.0,0.42037278413772583,0.0,-0.43118178844451904,0.0,21.0,1.0577514828419126
trial_05,172.28240178500002,1.0,575.0,461.0,0.879608690738678,0.24316281080245972,0.9337589740753174,0.023517698049545288,-0.003955379128456116,0.0,0.4215022623538971,0.0,-0.4294130206108093,0.0,20.0,1.347464842101993
trial_05,172.54666677600002,1.0,450.0,612.0,0.8588822484016418,0.18684139847755432,0.925218939781189,0.026889240369200706,-0.0024356096982955933,0.0,0.423039048910141,0.0,-0.4279102683067322,0.0,21.0,1.540639987467996
trial_05,172.80599495200002,1.0,587.0,515.0,0.8804430365562439,0.24194175004959106,0.9328137636184692,0.03373796492815018,-0.0023841559886932373,0.0,0.42333877086639404,0.0,-0.4281070828437805,0.0,21.0,1.9330429997433969
trial_05,173.07652380000002,1.0,421.0,648.0,0.860096275806427,0.18969622254371643,0.914334774017334,0.03354526311159134,-0.0022573769092559814,0.0,0.4234203100204468,0.0,-0.42793506383895874,0.0,20.0,1.9220019989500712
trial_05,173.34862118400002,1.0,576.0,516.0,0.8866308331489563,0.24454006552696228,0.923088550567627,0.0253792405128479,-0.0021001994609832764,0.0,0.4241083860397339,0.0,-0.42830878496170044,0.0,20.0,1.4541233686336197
trial_05,173.616082225,1.0,464.0,659.0,0.8596622943878174,0.18476977944374084,0.9064173698425293,0.018431153148412704,-0.0010602325201034546,0.0,0.4251011610031128,0.0,-0.4272216260433197,0.0,21.0,1.0560272869633074
trial_05,173.883872704,1.0,549.0,537.0,0.8767344355583191,0.24501678347587585,0.9314535856246948,0.019455034285783768,0.0003511011600494385,0.0,0.4254915416240692,0.0,-0.42478933930397034,0.0,21.0,1.1146913548577237
trial_05,174.146334319,1.0,459.0,667.0,0.8786220550537109,0.2297975718975067,0.9382270574569702,0.01989225298166275,0.0009762793779373169,0.0,0.42596787214279175,0.0,-0.4240153133869171,0.0,20.0,1.1397421408558033
trial_05,174.41364769100002,1.0,572.0,536.0,0.8825875520706177,0.2457996904850006,0.9330313801765442,0.019756291061639786,0.0014818757772445679,0.0,0.4254654347896576,0.0,-0.42250168323516846,0.0,21.0,1.1319520966639922
trial_05,174.67068009000002,1.0,455.0,604.0,0.8789530396461487,0.25014790892601013,0.9289810657501221,0.015769274905323982,0.0023141950368881226,0.0,0.42561885714530945,0.0,-0.4209904670715332,0.0,21.0,0.903512898056625
trial_05,174.934644783,1.0,596.0,398.0,0.86262446641922,0.2453465759754181,0.939979076385498,0.010312370955944061,0.0042867958545684814,0.0,0.4256255030632019,0.0,-0.41705191135406494,0.0,21.0,0.5908553325488849
trial_05,175.202758579,1.0,482.0,576.0,0.85546875,0.19099244475364685,0.9253342747688293,0.011343365535140038,0.004430800676345825,0.0,0.42625072598457336,0.0,-0.4173891246318817,0.0,21.0,0.6499269706376807
trial_05,175.463581417,1.0,570.0,390.0,0.872434139251709,0.24376049637794495,0.9253093004226685,0.01022997498512268,0.005248844623565674,0.0,0.42586028575897217,0.0,-0.4153625965118408,0.0,20.0,0.5861343911719368
trial_05,175.72587220600002,1.0,452.0,576.0,0.8575394153594971,0.18311893939971924,0.9292444586753845,0.010482696816325188,0.005139678716659546,0.0,0.4270743727684021,0.0,-0.416795015335083,0.0,20.0,0.600614285490658
trial_05,176.00446653900002,1.0,537.0,504.0,0.8885517120361328,0.2484583556652069,0.928238034248352,0.007202986627817154,0.0047298818826675415,0.0,0.4273020923137665,0.0,-0.4178423285484314,0.0,19.0,0.412700733663092
trial_05,176.28922524,1.0,444.0,568.0,0.8798828125,0.23255577683448792,0.9246867895126343,0.002012474462389946,0.00403943657875061,0.0,0.42725059390068054,0.0,-0.4191717207431793,0.0,21.0,0.11530629307280323
trial_05,176.54499506000002,1.0,521.0,480.0,0.8894311189651489,0.2497754991054535,0.9363938570022583,0.0028965892270207405,0.0027000606060028076,0.0,0.4267789125442505,0.0,-0.4213787913322449,0.0,20.0,0.1659623376913499
trial_05,176.79712312200002,1.0,434.0,579.0,0.8849178552627563,0.25022390484809875,0.9284678101539612,-0.0010465225204825401,0.002831757068634033,0.0,0.4271544814109802,0.0,-0.42149096727371216,0.0,21.0,-0.0599613235890428
trial_05,177.06762796,1.0,513.0,369.0,0.8765056133270264,0.24908605217933655,0.9352602362632751,0.0013364097103476524,0.003943532705307007,0.0,0.4281752109527588,0.0,-0.4202881455421448,0.0,19.0,0.0765706361032213
trial_05,177.337052359,1.0,411.0,566.0,0.8763871788978577,0.24574750661849976,0.9307740330696106,-0.0018094312399625778,0.00576937198638916,0.0,0.4309321343898773,0.0,-0.419393390417099,0.0,21.0,-0.10367277336897901
trial_05,177.59330645600002,1.0,541.0,460.0,0.8825764656066895,0.24469700455665588,0.9352256059646606,0.0008161552250385284,0.006601884961128235,0.0,0.4331895411014557,0.0,-0.4199857711791992,0.0,21.0,0.04676224982225761
trial_05,177.856247919,1.0,428.0,566.0,0.8555589318275452,0.18712732195854187,0.942382276058197,0.003051553852856159,0.007287010550498962,0.0,0.434481680393219,0.0,-0.41990765929222107,0.0,20.0,0.17484115672554335
trial_05,178.114163805,1.0,518.0,443.0,0.8431577086448669,0.1320963203907013,0.9278286695480347,0.004417458549141884,0.00790354609489441,0.0,0.4352051019668579,0.0,-0.4193980097770691,0.0,21.0,0.2531017310398139
trial_05,178.381379384,1.0,448.0,583.0,0.8598747253417969,0.12042275071144104,0.9354982972145081,0.00037977471947669983,0.008696183562278748,0.0,0.4361580014228821,0.0,-0.4187656342983246,0.0,21.0,0.021759488591779685
trial_05,178.64095467700002,1.0,497.0,464.0,0.8758721351623535,0.2296755015850067,0.9320364594459534,-0.002434616908431053,0.00821647047996521,0.0,0.43540582060813904,0.0,-0.4189728796482086,0.0,21.0,-0.13949327358428776
trial_05,178.91797923800002,1.0,424.0,588.0,0.8790696263313293,0.24366414546966553,0.9228966236114502,-0.005567191168665886,0.007043197751045227,0.0,0.43407899141311646,0.0,-0.419992595911026,0.0,21.0,-0.3189765577070597
trial_05,179.16941785400002,1.0,490.0,485.0,0.8812087774276733,0.24523243308067322,0.9288099408149719,-0.002374760340899229,0.0059826672077178955,0.0,0.4331474304199219,0.0,-0.4211820960044861,0.0,21.0,-0.13606374488857445
trial_05,179.43840257000002,1.0,423.0,625.0,0.8780869841575623,0.20112672448158264,0.9202225208282471,-0.00028451206162571907,0.004967406392097473,0.0,0.4323149621486664,0.0,-0.42238014936447144,0.0,21.0,-0.01630134035171969
trial_05,179.706808856,1.0,493.0,528.0,0.8812742829322815,0.2473539412021637,0.9304778575897217,0.0011341546196490526,0.004611149430274963,0.0,0.43098270893096924,0.0,-0.4217604100704193,0.0,21.0,0.06498227302115586
trial_05,179.96601432900002,1.0,406.0,648.0,0.8795498609542847,0.24502864480018616,0.9324328303337097,-0.003278621705248952,0.0036509186029434204,0.0,0.43001723289489746,0.0,-0.4227153956890106,0.0,21.0,-0.18785118633074993
trial_05,180.225071831,1.0,504.0,480.0,0.8946172595024109,0.2437051236629486,0.9190266132354736,-0.006445922888815403,0.0037971138954162598,0.0,0.4298781752586365,0.0,-0.42228394746780396,0.0,21.0,-0.369324176595898
trial_05,180.49053895,1.0,454.0,563.0,0.8836682438850403,0.2505928874015808,0.9275838732719421,-0.004059923812747002,0.0027797073125839233,0.0,0.42953282594680786,0.0,-0.42397341132164,0.0,20.0,-0.23261649961506473
trial_05,180.75108251600003,1.0,498.0,424.0,0.8869243860244751,0.25230714678764343,0.9386436939239502,-0.002547635929659009,0.003278493881225586,0.0,0.4283495247364044,0.0,-0.42179253697395325,0.0,21.0,-0.14596878650534909
trial_05,181.016938954,1.0,397.0,507.0,0.8615185022354126,0.21820369362831116,0.9383697509765625,-0.0017809183336794376,0.0037859678268432617,0.0,0.4278866648674011,0.0,-0.4203147292137146,0.0,21.0,-0.10203910417730302
trial_05,181.279285504,1.0,402.0,371.0,0.8656397461891174,0.22092917561531067,0.9452634453773499,-0.0015783971175551414,0.004277274012565613,0.0,0.4281565248966217,0.0,-0.4196019768714905,0.0,21.0,-0.09043549323152407
trial_05,181.53669550100003,1.0,360.0,570.0,0.877439022064209,0.2495320737361908,0.9441110491752625,-0.001886279322206974,0.002138972282409668,0.0,0.42712193727493286,0.0,-0.4228439927101135,0.0,21.0,-0.10807584414525716
trial_05,181.79205655500002,1.0,432.0,427.0,0.8821659088134766,0.1934959888458252,0.9248669743537903,-0.0018894681707024574,0.0026823878288269043,0.0,0.43058377504348755,0.0,-0.42521899938583374,0.0,21.0,-0.108258551705555
trial_05,182.06661715200002,1.0,360.0,548.0,0.877028226852417,0.24661818146705627,0.9253253936767578,-0.0025580134242773056,0.0026144832372665405,0.0,0.43167904019355774,0.0,-0.42645007371902466,0.0,18.0,-0.1465633731488972
trial_05,182.33826260400002,1.0,433.0,452.0,0.8830979466438293,0.24072161316871643,0.9276112914085388,-0.0036096395924687386,0.0014303773641586304,0.0,0.43366536498069763,0.0,-0.43080461025238037,0.0,21.0,-0.20681711421178117
trial_05,182.598946342,1.0,381.0,566.0,0.8651865720748901,0.16862216591835022,0.9200678467750549,-0.004667281173169613,0.001893162727355957,0.0,0.4345863461494446,0.0,-0.43080002069473267,0.0,20.0,-0.2674155130234863
trial_05,182.855635252,1.0,387.0,480.0,0.8573752641677856,0.16812404990196228,0.9320375323295593,-0.006144452840089798,0.0021368563175201416,0.0,0.43550702929496765,0.0,-0.43123331665992737,0.0,20.0,-0.35205121515431753
trial_05,183.12273539,1.0,322.0,631.0,0.8569651246070862,0.17427131533622742,0.9333562254905701,-0.01750265061855316,0.004105553030967712,0.0,0.43731820583343506,0.0,-0.42910709977149963,0.0,21.0,-1.002828010735136
trial_05,183.39232195300002,1.0,383.0,515.0,0.8717724680900574,0.24815672636032104,0.9399287700653076,-0.016188764944672585,0.004981175065040588,0.0,0.4383878707885742,0.0,-0.42842552065849304,0.0,20.0,-0.9275479068590767
trial_05,183.65432650600002,1.0,350.0,609.0,0.8829416632652283,0.24648705124855042,0.9397669434547424,-0.01506030187010765,0.0057192593812942505,0.0,0.43910425901412964,0.0,-0.42766574025154114,0.0,20.0,-0.8628917353501493
trial_05,183.91655789100002,1.0,432.0,450.0,0.8855308294296265,0.2454577386379242,0.9383279085159302,-0.015120009891688824,0.006518274545669556,0.0,0.4396708607673645,0.0,-0.4266343116760254,0.0,20.0,-0.8663127529898266
trial_05,184.177414303,1.0,363.0,569.0,0.8729344606399536,0.2004973590373993,0.9433855414390564,-0.0161275677382946,0.005358844995498657,0.0,0.439033567905426,0.0,-0.4283158779144287,0.0,20.0,-0.9240415652156272
trial_05,184.437715518,1.0,414.0,437.0,0.8748082518577576,0.25422534346580505,0.9314950108528137,-0.012710709124803543,0.004860401153564453,0.0,0.4379521906375885,0.0,-0.4282313883304596,0.0,19.0,-0.7282699874696674
trial_05,184.697879636,1.0,298.0,579.0,0.8559074401855469,0.1903195083141327,0.9166103601455688,-0.016156811267137527,0.0035903751850128174,0.0,0.4372895061969757,0.0,-0.4301087558269501,0.0,21.0,-0.925717095996396
trial_05,184.96475124300002,1.0,347.0,410.0,0.8814142942428589,0.2565746605396271,0.9277271032333374,-0.014507358893752098,0.0029157549142837524,0.0,0.4356202185153961,0.0,-0.4297887086868286,0.0,21.0,-0.8312104364935741
trial_05,185.22927417800003,1.0,283.0,559.0,0.8918401002883911,0.25857195258140564,0.9400237202644348,-0.013452460989356041,6.67572021484375e-06,0.0,0.43422946333885193,0.0,-0.43421611189842224,0.0,20.0,-0.770769238754485
trial_05,185.47761881600002,1.0,341.0,367.0,0.8653505444526672,0.22798588871955872,0.939694344997406,-0.0185221079736948,-0.0019469410181045532,0.0,0.4312196373939514,0.0,-0.4351135194301605,0.0,20.0,-1.0612386145783212
trial_05,185.73251033000003,1.0,275.0,558.0,0.8822749853134155,0.1964235007762909,0.9361110925674438,-0.021637707948684692,-0.002619922161102295,0.0,0.4319174289703369,0.0,-0.4371572732925415,0.0,21.0,-1.239749343796307
trial_05,185.98960082800002,1.0,357.0,398.0,0.8887592554092407,0.260227769613266,0.9474146962165833,-0.021947544068098068,-0.004861027002334595,0.0,0.4310859739780426,0.0,-0.4408080279827118,0.0,21.0,-1.2575016457794048
trial_05,186.25489172500002,1.0,277.0,556.0,0.8768520355224609,0.19770118594169617,0.9427531957626343,-0.013540905900299549,-0.005217716097831726,0.0,0.43126359581947327,0.0,-0.4416990280151367,0.0,20.0,-0.7758367588709585
trial_05,186.51503992500002,1.0,374.0,444.0,0.8825605511665344,0.2321108877658844,0.9450054168701172,-0.005726994946599007,-0.005867406725883484,0.0,0.43047985434532166,0.0,-0.4422146677970886,0.0,19.0,-0.3281326397328734
trial_05,186.784607687,1.0,283.0,547.0,0.884424090385437,0.2562282085418701,0.9449705481529236,0.001547662541270256,-0.006982669234275818,0.0,0.42913007736206055,0.0,-0.4430954158306122,0.0,21.0,0.08867453172527726
trial_05,187.053429701,1.0,364.0,440.0,0.8829923272132874,0.24694737792015076,0.944034218788147,0.0016362015157938004,-0.007922887802124023,0.0,0.42818546295166016,0.0,-0.4440312385559082,0.0,21.0,0.09374744128789267
trial_05,187.323791153,1.0,279.0,561.0,0.8846405744552612,0.25688883662223816,0.9478917121887207,0.002652442082762718,-0.00812859833240509,0.0,0.4274444282054901,0.0,-0.4437016248703003,0.0,20.0,0.15197373674519354
trial_05,187.568915978,1.0,374.0,427.0,0.8764125108718872,0.23718005418777466,0.945027232170105,-0.00676561938598752,-0.007050901651382446,0.0,0.4281473755836487,0.0,-0.4422491788864136,0.0,21.0,-0.3876414366089764
trial_05,187.83797637700002,1.0,275.0,603.0,0.884376049041748,0.251033753156662,0.9416413307189941,-0.004718668293207884,-0.005629479885101318,0.0,0.42987844347953796,0.0,-0.4411374032497406,0.0,21.0,-0.27035977812301143
trial_05,188.101373805,1.0,372.0,464.0,0.86439049243927,0.2447662055492401,0.9430668354034424,-0.0016522468067705631,-0.005117326974868774,0.0,0.42892831563949585,0.0,-0.4391629695892334,0.0,20.0,-0.09466676874192052
trial_05,188.367375691,1.0,288.0,600.0,0.8598743677139282,0.19123882055282593,0.925477147102356,-0.0012477482669055462,-0.005099385976791382,0.0,0.4277832508087158,0.0,-0.4379820227622986,0.0,21.0,-0.07149070958845077
trial_05,188.62432364300003,1.0,403.0,500.0,0.8808486461639404,0.23263689875602722,0.9224897027015686,-0.005580867175012827,-0.004222288727760315,0.0,0.427652508020401,0.0,-0.43609708547592163,0.0,20.0,-0.31976013515133356
trial_05,188.888884507,1.0,292.0,649.0,0.8675031065940857,0.24484625458717346,0.9302443265914917,-0.0025497558526694775,-0.0037981420755386353,0.0,0.4268495440483093,0.0,-0.4344458281993866,0.0,19.0,-0.1460902491467416
trial_05,189.153447911,1.0,388.0,514.0,0.8852618336677551,0.2567942440509796,0.9278217554092407,-0.0018274607136845589,-0.004171028733253479,0.0,0.4258987605571747,0.0,-0.43424081802368164,0.0,21.0,-0.10470578612009054
trial_05,189.41208549,1.0,298.0,631.0,0.8500718474388123,0.17291462421417236,0.9282264709472656,-0.001350682694464922,-0.005049660801887512,0.0,0.42307257652282715,0.0,-0.4331718981266022,0.0,19.0,-0.0773884178541981
trial_05,189.67396130100002,1.0,415.0,493.0,0.8757182359695435,0.21513274312019348,0.9318375587463379,-0.0007409327663481236,-0.005817800760269165,0.0,0.42145323753356934,0.0,-0.43308883905410767,0.0,21.0,-0.04245232041470023
trial_05,189.928394574,1.0,325.0,573.0,0.8707187175750732,0.17314252257347107,0.9130250811576843,-0.0004095397889614105,-0.006849050521850586,0.0,0.4190381169319153,0.0,-0.43273621797561646,0.0,21.0,-0.023464901450167244
trial_05,190.187659778,1.0,438.0,392.0,0.8712592124938965,0.2478339970111847,0.9330960512161255,-0.00023003015667200089,-0.00599178671836853,0.0,0.4187219738960266,0.0,-0.43070554733276367,0.0,21.0,-0.013179757138038746
trial_05,190.44784136,1.0,350.0,571.0,0.8874812126159668,0.25571611523628235,0.9421853423118591,-0.005054646171629429,-0.004557579755783081,0.0,0.4208259880542755,0.0,-0.4299411475658417,0.0,21.0,-0.2896098925663254
trial_05,190.708550142,1.0,464.0,433.0,0.8665157556533813,0.17658308148384094,0.9162609577178955,-0.003983521834015846,-0.00417838990688324,0.0,0.4215187132358551,0.0,-0.4298754930496216,0.0,21.0,-0.22823898868732123
trial_05,190.96697225100002,1.0,355.0,578.0,0.8671138286590576,0.24303540587425232,0.9415486454963684,-0.0032718577422201633,-0.005771562457084656,0.0,0.4188174605369568,0.0,-0.4303605854511261,0.0,21.0,-0.1874636397964178
trial_05,191.22445672100002,1.0,460.0,448.0,0.8544684052467346,0.17841407656669617,0.9181690216064453,-0.007281727623194456,-0.004566162824630737,0.0,0.41891205310821533,0.0,-0.4280443787574768,0.0,21.0,-0.41721226037287057
trial_05,191.48806687,1.0,374.0,596.0,0.8762854337692261,0.20080533623695374,0.9200517535209656,-0.0027551730163395405,-0.003700941801071167,0.0,0.4209635555744171,0.0,-0.42836543917655945,0.0,21.0,-0.15785978566458428
trial_05,191.745404893,1.0,481.0,455.0,0.8846139311790466,0.2500332295894623,0.9364542961120605,0.0013718120753765106,-0.004154309630393982,0.0,0.42037931084632874,0.0,-0.4286879301071167,0.0,19.0,0.07859904220415642
trial_05,191.999557552,1.0,379.0,591.0,0.8727982044219971,0.1986437439918518,0.9315879344940186,0.0019766767509281635,-0.005416661500930786,0.0,0.4190228581428528,0.0,-0.42985618114471436,0.0,21.0,0.113255235289816
trial_05,192.27120976900002,1.0,481.0,401.0,0.8704882264137268,0.2288404405117035,0.9307442903518677,-0.0026536695659160614,-0.004618480801582336,0.0,0.41931167244911194,0.0,-0.4285486340522766,0.0,20.0,-0.15204406634930354
trial_05,192.537484016,1.0,358.0,544.0,0.8570770025253296,0.17278611660003662,0.9264478087425232,-0.0059529561549425125,-0.004301339387893677,0.0,0.41910848021507263,0.0,-0.42771115899086,0.0,20.0,-0.3410792633046325
trial_05,192.80075096200002,1.0,469.0,478.0,0.8808540105819702,0.2414962351322174,0.933130145072937,-0.008478773757815361,-0.004029497504234314,0.0,0.42060387134552,0.0,-0.42866286635398865,0.0,19.0,-0.4857979517690974
trial_05,193.065466312,1.0,376.0,588.0,0.8728623390197754,0.24557963013648987,0.9296190142631531,-0.013070394285023212,-0.0037477612495422363,0.0,0.4222215414047241,0.0,-0.4297170639038086,0.0,21.0,-0.7488784291037412
trial_05,193.342037728,1.0,491.0,452.0,0.8729896545410156,0.24131876230239868,0.9151883125305176,-0.010256604291498661,-0.002506062388420105,0.0,0.4247184097766876,0.0,-0.42973053455352783,0.0,20.0,-0.5876601380386413
trial_05,193.597544352,1.0,394.0,588.0,0.8713456392288208,0.24016073346138,0.9155776500701904,-0.0019730059430003166,-0.0018304288387298584,0.0,0.42666709423065186,0.0,-0.4303279519081116,0.0,21.0,-0.11304491348814721
trial_05,193.845573642,1.0,494.0,460.0,0.8755456805229187,0.2410748302936554,0.9136264324188232,-0.0011422941461205482,-0.0013652443885803223,0.0,0.42774927616119385,0.0,-0.4304797649383545,0.0,21.0,-0.06544863353520758
trial_05,194.104311601,1.0,410.0,620.0,0.8684924244880676,0.2378593385219574,0.9231705665588379,-0.00017550308257341385,-0.00021976232528686523,0.0,0.4299299120903015,0.0,-0.43036943674087524,0.0,20.0,-0.0100555859229926
trial_05,194.36346839200002,1.0,495.0,480.0,0.8905419707298279,0.23684820532798767,0.8997267484664917,0.0009681126102805138,-0.00010852515697479248,0.0,0.4299321472644806,0.0,-0.4301491975784302,0.0,21.0,0.05546876666246691
trial_05,194.622131706,1.0,413.0,629.0,0.8693640828132629,0.20488980412483215,0.900405764579773,0.002173054963350296,-6.537139415740967e-05,0.0,0.43004658818244934,0.0,-0.43017733097076416,0.0,21.0,0.12450687804992774
trial_05,194.887371196,1.0,508.0,461.0,0.865599513053894,0.2347969114780426,0.9033083319664001,-0.001574711874127388,0.0008958578109741211,0.0,0.42941367626190186,0.0,-0.4276219606399536,0.0,21.0,-0.09022434433663547
trial_05,195.163509387,1.0,413.0,609.0,0.8600755333900452,0.2032318115234375,0.8853495717048645,-0.0037631671875715256,0.0031069666147232056,0.0,0.4306250214576721,0.0,-0.4244110882282257,0.0,20.0,-0.21561359744996425
trial_05,195.430403976,1.0,556.0,575.0,0.8712995648384094,0.24771371483802795,0.8870537281036377,0.00018411874771118164,0.003453284502029419,0.0,0.43069785833358765,0.0,-0.4237912893295288,0.0,20.0,0.010549227173084694
trial_05,195.675410677,1.0,427.0,552.0,0.8665044903755188,0.2371613085269928,0.8892867565155029,0.002931392751634121,0.0038307160139083862,0.0,0.42998647689819336,0.0,-0.4223250448703766,0.0,21.0,0.16795643276387628
trial_05,195.929836974,1.0,492.0,399.0,0.8629287481307983,0.22462552785873413,0.881825864315033,0.005447570234537125,0.0039015114307403564,0.0,0.4295305013656616,0.0,-0.4217274785041809,0.0,21.0,0.31212278304006924
trial_05,196.18435616000002,1.0,378.0,577.0,0.8758566975593567,0.25843900442123413,0.8739521503448486,0.007369061931967735,0.0033373087644577026,0.0,0.42986324429512024,0.0,-0.42318862676620483,0.0,19.0,0.42221614767227184
trial_05,196.455858715,1.0,472.0,462.0,0.867169976234436,0.25664469599723816,0.8583604097366333,0.008794535882771015,0.00250793993473053,0.0,0.4295109510421753,0.0,-0.42449507117271423,0.0,21.0,0.5038897888591389
trial_05,196.707276828,1.0,367.0,565.0,0.877959132194519,0.2580798268318176,0.8593767881393433,0.010178950615227222,0.0014594495296478271,0.0,0.42834311723709106,0.0,-0.4254242181777954,0.0,21.0,0.5832109101246126
trial_05,196.96760162700002,1.0,484.0,438.0,0.8731076121330261,0.256224662065506,0.8474450707435608,0.011422602459788322,0.0025712549686431885,0.0,0.430402547121048,0.0,-0.4252600371837616,0.0,21.0,0.6544669120016235
trial_05,197.24452980400002,1.0,389.0,500.0,0.8613015413284302,0.2580433785915375,0.8518685698509216,0.007888060063123703,0.0036313533782958984,0.0,0.42963504791259766,0.0,-0.42237234115600586,0.0,20.0,0.45195255016268593
trial_05,197.502949255,1.0,484.0,409.0,0.8525415062904358,0.20642158389091492,0.8545336127281189,0.01028595119714737,0.004172101616859436,0.0,0.42873021960258484,0.0,-0.42038601636886597,0.0,21.0,0.5893415918740809
trial_05,197.766560547,1.0,394.0,587.0,0.8466745018959045,0.19963860511779785,0.8465234637260437,0.006549810990691185,0.004210829734802246,0.0,0.4282546043395996,0.0,-0.4198329448699951,0.0,20.0,0.3752765263750054
trial_05,198.02290567300003,1.0,482.0,460.0,0.8704721331596375,0.2521114945411682,0.8507582545280457,0.009287208318710327,0.004672452807426453,0.0,0.4293152093887329,0.0,-0.41997030377388,0.0,21.0,0.5321178401208909
trial_05,198.29088461400002,1.0,358.0,604.0,0.8511711359024048,0.25269654393196106,0.8462406396865845,0.0058220066130161285,0.0031717121601104736,0.0,0.4262434244155884,0.0,-0.41990000009536743,0.0,21.0,0.3335764072230793
trial_05,198.560448677,1.0,508.0,427.0,0.8355099558830261,0.20134511590003967,0.822995662689209,-0.0007451064884662628,0.005450323224067688,0.0,0.4273970425128937,0.0,-0.4164963960647583,0.0,20.0,-0.04269145707693001
trial_05,198.807217199,1.0,395.0,541.0,0.850789487361908,0.2385062873363495,0.846403956413269,0.002242511138319969,0.006596475839614868,0.0,0.42803633213043213,0.0,-0.4148433804512024,0.0,20.0,0.1284864237368122
trial_05,199.060510158,1.0,484.0,430.0,0.842409610748291,0.2276979684829712,0.8329540491104126,0.004420452751219273,0.008723258972167969,0.0,0.43079543113708496,0.0,-0.413348913192749,0.0,21.0,0.25327328618185757
trial_05,199.321710225,1.0,387.0,550.0,0.8424620628356934,0.19203847646713257,0.8222765326499939,0.005736137740314007,0.01065652072429657,0.0,0.4335961639881134,0.0,-0.41228312253952026,0.0,19.0,0.3286564832257016
trial_05,199.575163104,1.0,482.0,437.0,0.8555022478103638,0.2489972710609436,0.8287421464920044,-0.007968510501086712,0.01205722987651825,0.0,0.4351833462715149,0.0,-0.4110688865184784,0.0,21.0,-0.4565620207179454
trial_05,199.826172321,1.0,394.0,513.0,0.8452299237251282,0.2470632791519165,0.8255266547203064,-0.006766311824321747,0.014235496520996094,0.0,0.4376365542411804,0.0,-0.40916556119918823,0.0,21.0,-0.3876811104031006
trial_05,200.08427369600003,1.0,485.0,381.0,0.8440232872962952,0.2032535970211029,0.8240906000137329,-0.009901939891278744,0.01554378867149353,0.0,0.43809762597084045,0.0,-0.4070100486278534,0.0,20.0,-0.5673393647625012
trial_05,200.34020850000002,1.0,404.0,482.0,0.8438823223114014,0.1873660385608673,0.8208364844322205,-0.021739643067121506,0.016488686203956604,0.0,0.43862733244895935,0.0,-0.40564996004104614,0.0,21.0,-1.2455897958669024
trial_05,200.594231099,1.0,476.0,375.0,0.8420742750167847,0.21992960572242737,0.8118652105331421,-0.015447993762791157,0.016034871339797974,0.0,0.43741852045059204,0.0,-0.4053487777709961,0.0,20.0,-0.885104844552353
trial_05,200.84250046800003,1.0,387.0,471.0,0.8475897908210754,0.2295682728290558,0.8192046880722046,-0.011489935219287872,0.013971254229545593,0.0,0.43436917662620544,0.0,-0.40642666816711426,0.0,21.0,-0.6583247949439172
trial_05,201.10183466200002,1.0,485.0,391.0,0.8536887168884277,0.24673894047737122,0.8088892698287964,-0.017826218158006668,0.01273810863494873,0.0,0.43336260318756104,0.0,-0.4078863859176636,0.0,21.0,-1.0213670651332545
trial_05,201.356736129,1.0,381.0,468.0,0.8503053784370422,0.23155829310417175,0.8027468323707581,-0.017039434984326363,0.010840386152267456,0.0,0.4319290518760681,0.0,-0.4102482795715332,0.0,19.0,-0.9762877098894647
trial_05,201.606311468,1.0,487.0,400.0,0.8501075506210327,0.2240348756313324,0.8039101958274841,-0.012090968899428844,0.007435798645019531,0.0,0.42949509620666504,0.0,-0.414623498916626,0.0,21.0,-0.6927614881612107
trial_05,201.928282741,1.0,359.0,459.0,0.8564540147781372,0.24818137288093567,0.805303692817688,-0.013872063718736172,0.004886552691459656,0.0,0.426937460899353,0.0,-0.4171643555164337,0.0,21.0,-0.7948107042201366
trial_05,202.187710981,1.0,465.0,408.0,0.8531762957572937,0.2501315176486969,0.7986554503440857,-0.020925644785165787,0.003293752670288086,0.0,0.4259457588195801,0.0,-0.4193582534790039,0.0,21.0,-1.1989511297799398
trial_05,202.52941946200002,1.0,433.0,502.0,0.8579275012016296,0.24998196959495544,0.7933710813522339,-0.021591870114207268,0.0012348294258117676,0.0,0.4241689145565033,0.0,-0.42169925570487976,0.0,21.0,-1.2371230293387312
trial_05,202.86639303,1.0,519.0,357.0,0.8547987341880798,0.249648779630661,0.7894060015678406,-0.02134409360587597,-0.00011695921421051025,0.0,0.42267435789108276,0.0,-0.4229082763195038,0.0,21.0,-1.2229264811488598
trial_05,203.20702979700002,1.0,416.0,494.0,0.8566094636917114,0.24543496966362,0.7933869361877441,-0.01988849602639675,-0.0012259185314178467,0.0,0.4213503897190094,0.0,-0.4238022267818451,0.0,20.0,-1.139526883175242
trial_05,203.48179378700002,1.0,491.0,349.0,0.8488596677780151,0.24333974719047546,0.7880874872207642,-0.01558004878461361,-0.0013163387775421143,0.0,0.4199409484863281,0.0,-0.42257362604141235,0.0,19.0,-0.8926710399662876
trial_05,203.736046944,1.0,364.0,434.0,0.8432571887969971,0.20079457759857178,0.7744371294975281,-0.015794537961483,-0.001809731125831604,0.0,0.41888976097106934,0.0,-0.42250922322273254,0.0,21.0,-0.9049603645521388
trial_05,203.989025266,1.0,444.0,368.0,0.8470589518547058,0.24525076150894165,0.786292314529419,-0.01563556119799614,-0.0023366063833236694,0.0,0.4169906973838806,0.0,-0.42166391015052795,0.0,21.0,-0.8958516669636921
trial_05,204.247748088,1.0,343.0,429.0,0.8326905369758606,0.20350784063339233,0.7724071741104126,-0.015792546793818474,-0.0037161260843276978,0.0,0.41411247849464417,0.0,-0.42154473066329956,0.0,21.0,-0.9048462790486584
trial_05,204.53653782400002,1.0,424.0,379.0,0.8501394987106323,0.2557239234447479,0.7680915594100952,-0.012022450566291809,-0.00403064489364624,0.0,0.4141678810119629,0.0,-0.42222917079925537,0.0,21.0,-0.6888356768531873
trial_05,204.809165803,1.0,331.0,464.0,0.8408313989639282,0.237216979265213,0.7667989134788513,-0.007673334330320358,-0.004771307110786438,0.0,0.41292399168014526,0.0,-0.42246660590171814,0.0,21.0,-0.43964967192020044
trial_05,205.073212092,1.0,432.0,371.0,0.8447036743164062,0.2531448006629944,0.7687263488769531,-0.0024516740813851357,-0.0037943124771118164,0.0,0.41282135248184204,0.0,-0.4204099774360657,0.0,21.0,-0.14047057760498138
trial_05,205.33551505900002,1.0,353.0,449.0,0.8481493592262268,0.2522524893283844,0.7705820798873901,-0.007483873516321182,-0.004305392503738403,0.0,0.4118398129940033,0.0,-0.4204505980014801,0.0,21.0,-0.42879436689493455
trial_05,205.586172967,1.0,426.0,354.0,0.8448539972305298,0.24967336654663086,0.7646636962890625,-0.007092582061886787,-0.004595503211021423,0.0,0.4109362065792084,0.0,-0.4201272130012512,0.0,20.0,-0.40637501799630815
trial_05,205.841693993,1.0,350.0,415.0,0.8377398252487183,0.23907646536827087,0.7599266171455383,-0.01142142340540886,-0.004411369562149048,0.0,0.411339670419693,0.0,-0.4201624095439911,0.0,21.0,-0.6543993571618638
trial_05,206.098157594,1.0,406.0,309.0,0.8426978588104248,0.24913230538368225,0.7572466731071472,-0.014195661060512066,-0.003817155957221985,0.0,0.41218313574790955,0.0,-0.4198174476623535,0.0,20.0,-0.8133514661655477
trial_05,206.356668675,1.0,353.0,401.0,0.8414050340652466,0.24881592392921448,0.7584860920906067,-0.0037759877741336823,-0.003648042678833008,0.0,0.41260284185409546,0.0,-0.4198989272117615,0.0,21.0,-0.21634816295085796
trial_05,206.618722487,1.0,412.0,277.0,0.8413645625114441,0.24775537848472595,0.7500840425491333,-0.00586587144061923,-0.001753583550453186,0.0,0.41515690088272095,0.0,-0.4186640679836273,0.0,21.0,-0.33608967671380596
trial_05,206.93976715600002,1.0,335.0,373.0,0.841950535774231,0.24416720867156982,0.743846595287323,-0.003735022619366646,-0.001524016261100769,0.0,0.41676923632621765,0.0,-0.4198172688484192,0.0,20.0,-0.21400103247560653
trial_05,207.19263441200002,1.0,405.0,276.0,0.8464270234107971,0.24679246544837952,0.7476017475128174,-0.0020898233633488417,-0.0014706552028656006,0.0,0.4176713228225708,0.0,-0.420612633228302,0.0,20.0,-0.11973805864772336
trial_05,207.46668065100002,1.0,300.0,367.0,0.8387839198112488,0.2300414741039276,0.7489102482795715,-0.0009975438006222248,-0.0030112862586975098,0.0,0.41796842217445374,0.0,-0.42399099469184875,0.0,21.0,-0.057155049655093146
trial_05,207.724353793,1.0,394.0,311.0,0.8456271886825562,0.2422492802143097,0.7434336543083191,0.00012321257963776588,-0.004555925726890564,0.0,0.41756653785705566,0.0,-0.4266783893108368,0.0,21.0,0.00705956079616353
trial_05,207.985939325,1.0,308.0,389.0,0.8494194746017456,0.24644598364830017,0.7397913932800293,-0.004275411833077669,-0.006058990955352783,0.0,0.41779446601867676,0.0,-0.4299124479293823,0.0,21.0,-0.24496305371564125
trial_05,208.277002513,1.0,377.0,273.0,0.8470877408981323,0.2458713948726654,0.7403087615966797,-0.0076421401463449,-0.006078273057937622,0.0,0.41787242889404297,0.0,-0.4300289750099182,0.0,20.0,-0.43786237683305207
trial_05,208.52273362800003,1.0,301.0,405.0,0.841180145740509,0.19722697138786316,0.7180988788604736,-0.009740704670548439,-0.005952849984169006,0.0,0.4190073609352112,0.0,-0.4309130609035492,0.0,19.0,-0.5581012671057946
trial_05,208.833057827,1.0,375.0,295.0,0.8516115546226501,0.24527978897094727,0.727546751499176,-0.01512730773538351,-0.005276665091514587,0.0,0.41996338963508606,0.0,-0.43051671981811523,0.0,21.0,-0.8667308886330783
trial_05,209.157487226,1.0,288.0,391.0,0.849320113658905,0.24748873710632324,0.71934974193573,-0.01020634826272726,-0.004799887537956238,0.0,0.42022350430488586,0.0,-0.42982327938079834,0.0,21.0,-0.584780679694952
trial_05,209.432120037,1.0,342.0,267.0,0.8489915728569031,0.24497157335281372,0.7213135957717896,-0.004244344308972359,-0.0033197402954101562,0.0,0.4212275743484497,0.0,-0.42786705493927,0.0,21.0,-0.24318301570448603
trial_05,209.769226427,1.0,284.0,348.0,0.849066972732544,0.24506938457489014,0.7291169166564941,-0.000578729435801506,-0.0017525404691696167,0.0,0.4223482012748718,0.0,-0.42585328221321106,0.0,19.0,-0.03315875415141362
trial_05,210.052100029,1.0,370.0,322.0,0.8513247966766357,0.24322205781936646,0.7172484993934631,-0.0016799475997686386,-0.0017628222703933716,0.0,0.4221034049987793,0.0,-0.42562904953956604,0.0,21.0,-0.09625390726987579
trial_05,210.340247755,1.0,325.0,352.0,0.8474223613739014,0.2408256232738495,0.7111421227455139,0.002940325066447258,-0.0002973228693008423,0.0,0.4226580560207367,0.0,-0.4232527017593384,0.0,21.0,0.16846821670395123
trial_05,210.61201907100002,1.0,360.0,342.0,0.8471435308456421,0.24718865752220154,0.7103856801986694,0.006956182420253754,-0.0014005452394485474,0.0,0.42093756794929504,0.0,-0.42373865842819214,0.0,20.0,0.3985598942036384
trial_05,210.88010637800002,1.0,240.0,363.0,0.838639497756958,0.22234275937080383,0.7031633257865906,0.0054295677691698074,-0.0007123500108718872,0.0,0.4200083911418915,0.0,-0.42143309116363525,0.0,21.0,0.31109131775369153
