trial,t_wall,t_sim,x,y,yaw,linear_x,angular_z,confidence,width,safety_margin,obstacle,center_points
1,0.10005469500174513,0.27199999999999136,0.05664803562885418,1.155677093775905e-05,0.00016291440059149314,0.5,0.020119764209395024,0.6023766398429871,0.8371086120605469,0.2473859190940857,False,21
1,0.20010942600492854,0.339999999999975,0.07115110184435214,1.1128072904837516e-05,0.0001912154671576128,0.5,0.019880734818239525,0.6023766398429871,0.8371086120605469,0.2473859190940857,False,21
1,0.3161918350015185,0.4079999999999586,0.0856487438099895,1.3722528108440986e-05,0.00019789313638373814,0.5,0.019795725928591072,0.6003662943840027,0.8299073576927185,0.2454851269721985,False,21
1,0.450978146000125,0.4420000000000073,0.09289823688912138,1.5018301275875059e-05,0.0002007090852572541,0.5,0.019350218322810097,0.6003662943840027,0.8299073576927185,0.2454851269721985,False,21
1,0.5553558180035907,0.5439999999999827,0.11464895716330462,1.911173719653667e-05,0.00020817006537052004,0.5,0.01791265784142087,0.5920584201812744,0.8215781450271606,0.24071085453033447,False,21
1,0.6564063950063428,0.5439999999999827,0.11464895716330462,1.911173719653667e-05,0.00020817006537052004,0.5,0.01788964119560764,0.5920584201812744,0.8215781450271606,0.24071085453033447,False,21
1,0.8042710050067399,0.6459999999999582,0.13640705380711543,2.4005072704221053e-05,0.00020402937037947944,0.5,0.016574041967355523,0.5910626649856567,0.8181269764900208,0.24054399132728577,False,21
1,0.9167808250058442,0.7139999999999986,0.15091433241848606,2.690774523315818e-05,0.00019263083522943615,0.5,0.01657884804030806,0.5671044588088989,0.7785923480987549,0.060476258397102356,False,21
1,1.0516348010060028,0.7479999999999905,0.15816799708681428,2.8307136468464318e-05,0.00019260391146096962,0.5,0.01616506760269404,0.5671044588088989,0.7785923480987549,0.060476258397102356,False,21
1,1.1628923140015104,0.8499999999999659,0.17992898164852558,3.244176083179947e-05,0.00019007112655576906,0.5,0.016091114569488186,0.5912508964538574,0.7932761907577515,0.05892856419086456,False,21
1,1.263690903004317,0.8499999999999659,0.17992898164852558,3.244176083179947e-05,0.00019007112655576906,0.5,0.016116006131876148,0.5912508964538574,0.7932761907577515,0.05892856419086456,False,21
1,1.3847211240063189,0.9519999999999982,0.2016899714604831,3.657406237039662e-05,0.00019027535868188175,0.5,0.0158220117076703,0.5911454558372498,0.7894628643989563,0.05779598653316498,False,20
1,1.486019424002734,0.9519999999999982,0.2016899714604831,3.657406237039662e-05,0.00019027535868188175,0.5,0.01585521285926877,0.5911454558372498,0.7894628643989563,0.05779598653316498,False,20
1,1.599554435000755,1.0539999999999736,0.22345095875058296,4.0622472757251734e-05,0.00018929980341671305,0.5,0.014052655197353858,0.6028320789337158,0.8056181073188782,0.06270281970500946,False,20
1,1.7003729090065463,1.0539999999999736,0.22345095875058296,4.0622472757251734e-05,0.00018929980341671305,0.5,0.014062093609995111,0.6028320789337158,0.8056181073188782,0.06270281970500946,False,20
1,1.8024367970065214,1.156000000000006,0.24521177241635375,4.4408949548916735e-05,0.00017591877391436153,0.5,0.015112376000487883,0.6223139762878418,0.8181201219558716,0.06718723475933075,False,21
1,1.903022515005432,1.156000000000006,0.24521177241635375,4.4408949548916735e-05,0.00017591877391436153,0.5,0.015134518119207225,0.6223139762878418,0.8181201219558716,0.06718723475933075,False,21
1,2.0446485150023364,1.2579999999999814,0.2669726886747143,4.840262409094875e-05,0.00018471112113451648,0.5,0.01460736617454861,0.6110342741012573,0.8296488523483276,0.06951247155666351,False,20
1,2.151593718001095,1.325999999999965,0.28147990464936534,5.10059008588325e-05,0.00018098421327327561,0.5,0.01474110667721078,0.6099358797073364,0.7982190251350403,0.04905577003955841,False,20
1,2.2867265090026194,1.3599999999999568,0.28873351344009185,5.23171332793525e-05,0.00018198502628100367,0.5,0.014816783764808546,0.6099358797073364,0.7982190251350403,0.04905577003955841,False,20
1,2.426537104001909,1.461999999999989,0.31049433374279745,5.615723055981063e-05,0.00018191750824820215,0.5,0.014453335319531479,0.6279065012931824,0.8015511631965637,0.04873970150947571,False,20
1,2.531313454004703,1.5299999999999727,0.32500154356440925,5.873862153933058e-05,0.0001829826534606598,0.5,0.013952403213075025,0.6329208612442017,0.8582954406738281,0.2375936508178711,False,21
1,2.6661954750015866,1.5639999999999645,0.33225514031666403,6.00339822688396e-05,0.0001802542564760086,0.5,0.01404759370461706,0.6329208612442017,0.8582954406738281,0.2375936508178711,False,21
1,2.8113343800068833,1.6659999999999968,0.3540159067860533,6.377813175197081e-05,0.00016628288114678538,0.5,0.011698807722808987,0.6413107514381409,0.8615376353263855,0.2366867959499359,False,21
1,2.925194586001453,1.7339999999999804,0.36852307955246205,6.616664551774739e-05,0.00016421785559581623,0.5,0.012368621107339089,0.6630536317825317,0.8636804223060608,0.2376214563846588,False,21
1,3.026232718002575,1.7339999999999804,0.36852307955246205,6.616664551774739e-05,0.00016421785559581623,0.5,0.012398456672282888,0.6630536317825317,0.8636804223060608,0.2376214563846588,False,21
1,3.1676984330042615,1.835999999999956,0.39028386975109136,6.986401651430161e-05,0.00017006572923596727,0.5,0.012532453777200045,0.6600010991096497,0.8708702921867371,0.23851308226585388,False,20
1,3.2814575400043395,1.9039999999999964,0.4047910572388978,7.23436046275954e-05,0.00017115664508808413,0.5,0.012569085189401072,0.6590922474861145,0.8694979548454285,0.23899969458580017,False,20
1,3.416565070001525,1.9379999999999882,0.41204465104799165,7.358688325836396e-05,0.00017158032241223613,0.5,0.012556502636265229,0.6590922474861145,0.8694979548454285,0.23899969458580017,False,20
1,3.559740729004261,2.0399999999999636,0.43380543416241796,7.726025772860142e-05,0.00017280733397165025,0.5,0.012046541718377775,0.6429105401039124,0.8704901933670044,0.2387639880180359,False,21
1,3.660454666001897,2.0739999999999554,0.44105902010216747,7.84739193327467e-05,0.00016932934186273885,0.5,0.01209510473862968,0.6429105401039124,0.8705960512161255,0.2408752143383026,False,20
1,3.7631483470031526,2.141999999999996,0.4555662054013109,8.092486620627507e-05,0.00016960957468488113,0.5,0.011993730085598902,0.6606281995773315,0.8705960512161255,0.2408752143383026,False,20
1,3.8840183860011166,2.2099999999999795,0.47007339084920463,8.336776095035193e-05,0.00016913060114674274,0.5,0.012043745666446254,0.6373470425605774,0.8074179291725159,0.041366010904312134,False,21
1,4.018760230006592,2.2439999999999714,0.47732698587162464,8.458166890928247e-05,0.0001697111583697405,0.5,0.005281242480274269,0.6373470425605774,0.8074179291725159,0.041366010904312134,False,21
1,4.16680327100039,2.3460000000000036,0.4990875965539673,8.715432341713917e-05,0.00011894792534193846,0.5,0.006433622579825773,0.6071228384971619,0.8106476664543152,0.06223997473716736,False,20
1,4.276889254004345,2.4139999999999873,0.5135947649533479,8.90157439694064e-05,0.00012762937160036127,0.5,0.006385830082139748,0.6079340577125549,0.8138348460197449,0.07453791797161102,False,19
1,4.412159366002015,2.447999999999979,0.5208483393516649,8.994117080315581e-05,0.00012754756561584376,0.5,0.011737947712747585,0.6079340577125549,0.8138348460197449,0.07453791797161102,False,19
1,4.514473703005933,2.5499999999999545,0.5426092057412453,9.345173606479846e-05,0.00016990729109819878,0.5,0.010758537453919541,0.5896750688552856,0.8112539649009705,0.06090924143791199,False,21
1,4.615427227006876,2.5499999999999545,0.5426092057412453,9.345173606479846e-05,0.00016990729109819878,0.5,0.010751148228654587,0.5896750688552856,0.8112539649009705,0.06090924143791199,False,21
1,4.71763699400617,2.651999999999987,0.5643699482655211,9.700365216463911e-05,0.00016354441439324366,0.5,0.01377348751350333,0.6140206456184387,0.8103833794593811,0.07339102029800415,False,21
1,4.81870942900423,2.651999999999987,0.5643699482655211,9.700365216463911e-05,0.00016354441439324366,0.5,0.013813379517212187,0.6140206456184387,0.8103833794593811,0.07339102029800415,False,21
1,4.921806097001536,2.7539999999999623,0.5861296984482797,0.00010054252461333707,0.0002143094311057607,0.5,0.011179395098706413,0.6066298484802246,0.810516893863678,0.07306259870529175,False,20
1,5.023097295001207,2.7539999999999623,0.5861296984482797,0.00010054252461333707,0.0002143094311057607,0.5,0.011190177165713083,0.6066298484802246,0.810516893863678,0.07306259870529175,False,20
1,5.123369741006172,2.8559999999999945,0.6078903612575678,0.00010555212437910843,0.00020200207000225078,0.5,0.013735954872856374,0.6056088209152222,0.8079389929771423,0.0717579573392868,False,20
1,5.223908104002476,2.8559999999999945,0.6078903612575678,0.00010555212437910843,0.00020200207000225078,0.5,0.013735954872856374,0.6056088209152222,0.8079389929771423,0.0717579573392868,False,20
1,5.370149346003018,2.95799999999997,0.6296511807218678,0.0001100134486290909,0.00021183089835761127,0.5,0.011747710037980672,0.610802948474884,0.8054235577583313,0.07128143310546875,False,20
1,5.478193454000575,3.0259999999999536,0.6441583342149826,0.00011286889206471606,0.00019775566031470697,0.5,0.014986212400876626,0.5885459184646606,0.8048993945121765,0.07074953615665436,False,20
1,5.613453211000888,3.0600000000000023,0.6514119768491723,0.00011450112939217524,0.00022091979862085446,0.5,0.015101750516109234,0.5885459184646606,0.8048993945121765,0.07074953615665436,False,20
1,5.7584539000017685,3.1619999999999777,0.6731727654475581,0.00011938504653950684,0.0002068345161208211,0.5,0.010429825604345033,0.6048611402511597,0.8017189502716064,0.07092541456222534,False,20
1,5.86541122100607,3.2299999999999613,0.6876799290374284,0.00012231742756571264,0.00020210932885214502,0.5,0.011575353280457163,0.6115758419036865,0.7998072504997253,0.07005740702152252,False,21
1,6.00505657800386,3.263999999999953,0.6949335381234956,0.00012384704822225194,0.00020949750310334024,0.5,0.011605038202415492,0.6115758419036865,0.7998072504997253,0.07005740702152252,False,21
1,6.129642358006095,3.3319999999999936,0.70944073410406,0.00012690701679228056,0.00021125647181810555,0.5,0.009497294017048245,0.6014259457588196,0.7921686768531799,0.05719587206840515,False,20
1,6.258974392003438,3.3659999999999854,0.716694296232545,0.0001283212735142463,0.00019790009857512792,0.5,0.009499882430315965,0.6014259457588196,0.7921686768531799,0.05719587206840515,False,20
1,6.359823878003226,3.433999999999969,0.7312014605722696,0.0001311661300859858,0.0001957578572152192,0.5,0.009498551562508985,0.6080597639083862,0.7940621972084045,0.06808984279632568,False,20
1,6.493942753004376,3.467999999999961,0.7384550463857471,0.00013258853665196904,0.00019581998517233067,0.5,0.011019863293589935,0.6080597639083862,0.7940621972084045,0.06808984279632568,False,20
1,6.64275118700607,3.5360000000000014,0.7529622509575018,0.00013560321387240656,0.00020730840460120016,0.5,0.009320805320634413,0.5834948420524597,0.788364589214325,0.05538102984428406,False,21
1,6.7487107230044785,3.569999999999993,0.7602158150210545,0.00013701568761651667,0.00019681553849684911,0.5,0.009321376487869446,0.5834948420524597,0.788364589214325,0.05538102984428406,False,21
1,6.8869041800062405,3.6719999999999686,0.7819765891431243,0.00014139278092847318,0.000209136235832424,0.5,0.011506022286290702,0.5998093485832214,0.7863858342170715,0.0665019303560257,False,21
1,7.01874982600566,3.7399999999999523,0.7964837776578002,0.00014446386006198653,0.000211951351339543,0.5,0.009849737972902759,0.6103067994117737,0.8437222838401794,0.2613507807254791,False,18
1,7.119549304006796,3.7399999999999523,0.7964837776578002,0.00014446386006198653,0.000211951351339543,0.5,0.009841935572499658,0.6103067994117737,0.8437222838401794,0.2613507807254791,False,18
1,7.2673146380038816,3.8419999999999845,0.8182445016217991,0.00014880508201352,0.00019979361122504768,0.5,0.010965206114535336,0.6095794439315796,0.8421343564987183,0.25876426696777344,False,20
1,7.382671444000152,3.909999999999968,0.8327516958117135,0.0001518229849722997,0.0002082983155717287,0.5,0.010969920788666777,0.6037415266036987,0.7816731333732605,0.06461754441261292,False,21
1,7.517590143004782,3.94399999999996,0.8400052854603574,0.0001533325996881742,0.0002086299340591069,0.5,0.01238599263506619,0.6037415266036987,0.7816731333732605,0.06461754441261292,False,21
1,7.654232000000775,4.045999999999992,0.8617660987589688,0.00015790721065398307,0.0002222603946676906,0.5,0.013094400883079583,0.5737495422363281,0.7788258790969849,0.06353676319122314,False,21
1,7.757527847003075,4.079999999999984,0.8690197100366448,0.00015952247885157517,0.00022905589506051915,0.5,0.013120929340163,0.5737495422363281,0.7746621966362,0.06353676319122314,False,21
1,7.866346058006457,4.147999999999968,0.8835269223703799,0.00016290568612177577,0.00023489894949028494,0.5,0.011398057494178982,0.5967698097229004,0.7746621966362,0.06321762502193451,False,21
1,7.9817841420008335,4.216000000000008,0.8980340826248869,0.00016613240409682603,0.00022318422523558766,0.5,0.011411802407267264,0.5951611995697021,0.7731618285179138,0.06263607740402222,False,19
1,8.11686601400288,4.25,0.9052876740196286,0.00016775062229565016,0.00022316486762758879,0.5,0.012921540591387443,0.5951611995697021,0.7731618285179138,0.06263607740402222,False,19
1,8.265803585003596,4.351999999999975,0.9270484980336352,0.00017277618732344953,0.0002384160977568838,0.5,0.014331129985785163,0.6379308700561523,0.8366109728813171,0.24990123510360718,False,20
1,8.36645576000592,4.351999999999975,0.9270484980336352,0.00017277618732344953,0.0002384160977568838,0.5,0.014331129985785163,0.6379308700561523,0.8366109728813171,0.24990123510360718,False,20
1,8.487027653005498,4.454000000000008,0.9488093137640253,0.0001783236426897902,0.0002623591736394608,0.5,0.015741295548511537,0.6322547793388367,0.777299165725708,0.0645306259393692,False,21
1,8.601628238000558,4.521999999999991,0.9633165080155468,0.00018238089222818435,0.0002852170594061966,0.5,0.015745692752720364,0.6113613843917847,0.7749923467636108,0.046691879630088806,False,20
1,8.736663973002578,4.555999999999983,0.9705701545342343,0.0001844652265709078,0.0002882769306509696,0.5,0.017358901558188082,0.6113613843917847,0.7749923467636108,0.046691879630088806,False,20
1,8.840922942006728,4.657999999999959,0.992328961522563,0.00019078152553210303,0.00032246690234311677,0.5,0.0187244570103364,0.6344282627105713,0.7753535509109497,0.05944138765335083,False,21
1,8.942050557001494,4.657999999999959,0.992328961522563,0.00019078152553210303,0.00032246690234311677,0.5,0.018732779038699767,0.6344282627105713,0.7753535509109497,0.05944138765335083,False,21
1,9.052351279002323,4.759999999999991,1.0140857175867926,0.00019848986912662908,0.00031028263218007716,0.5,0.014409853476709849,0.6447159647941589,0.7949832081794739,0.06389637291431427,False,20
1,9.153157954002381,4.759999999999991,1.0140857175867926,0.00019848986912662908,0.00031028263218007716,0.5,0.014450144833883594,0.6447159647941589,0.7949832081794739,0.06389637291431427,False,20
1,9.29513866900379,4.861999999999966,1.0358466765027874,0.00020516805635570375,0.0003089138973878752,0.5,0.01503132596465524,0.6576250791549683,0.8303316831588745,0.2452649474143982,False,21
1,9.415444203004881,4.930000000000007,1.0503540032703327,0.00020965770772661633,0.00031023068699006926,0.5,0.012326585015469549,0.6401911377906799,0.8244555592536926,0.242491215467453,False,19
1,9.550487485001213,4.963999999999999,1.057607577528416,0.00021172857313723895,0.0002927237039866013,0.5,0.012353139728180388,0.6401911377906799,0.8244555592536926,0.242491215467453,False,19
1,9.694027419005579,5.065999999999974,1.0793683854832992,0.00021809848713926917,0.00029758165117657387,0.5,0.013553912444669473,0.6197747588157654,0.7833361625671387,0.059372976422309875,False,21
1,9.81872555600421,5.133999999999958,1.0938756011033821,0.0002224340781994048,0.0002994469495714473,0.5,0.014538066177689418,0.6261725425720215,0.7829034924507141,0.05828686058521271,False,21
1,9.919500616000732,5.133999999999958,1.0938756011033821,0.0002224340781994048,0.0002994469495714473,0.5,0.01456776548883196,0.6261725425720215,0.7829034924507141,0.05828686058521271,False,21
1,10.067185989006248,5.23599999999999,1.1156364965767933,0.00022912994041105448,0.0003079314852782209,0.5,0.015644886291770303,0.6426756978034973,0.7967441082000732,0.05758020281791687,False,21
1,10.176525648006645,5.303999999999974,1.1301438203504022,0.0002335506263913845,0.0003180817668160547,0.5,0.01567748914870072,0.6471630930900574,0.7954172492027283,0.05689994990825653,False,20
1,10.311807277001208,5.337999999999965,1.1373974762519987,0.00023577274858938872,0.00031990397192653433,0.5,0.016559191254618598,0.6471630930900574,0.7954172492027283,0.05689994990825653,False,20
1,10.455713013005152,5.439999999999998,1.1591585171378769,0.00024292845323208178,0.0003372292857768299,0.5,0.01601410583353082,0.6353363394737244,0.8019021153450012,0.06102396547794342,False,20
1,10.563909816002706,5.507999999999981,1.1736658385138894,0.00024777016151611886,0.000334324176130126,0.5,0.016061727682705855,0.6318252086639404,0.8139755725860596,0.06492266058921814,False,20
1,10.698854959002347,5.541999999999973,1.1809195035123963,0.0002501459760621407,0.0003352572654374882,0.5,0.014791354713949757,0.6318252086639404,0.8139755725860596,0.06492266058921814,False,20
1,10.848062611003115,5.6440000000000055,1.2026803526220537,0.0002572145271434266,0.00032649927798052077,0.5,0.012799673021043173,0.6363893151283264,0.8236144781112671,0.0678933709859848,False,21
1,10.951501221003127,5.677999999999997,1.2099339231344464,0.0002594645396752827,0.0003133615381514468,0.5,0.012828806204693672,0.6363893151283264,0.8236144781112671,0.0678933709859848,False,21
1,11.063415709002584,5.745999999999981,1.2244411076183483,0.000263982812105255,0.0003116314979388584,0.5,0.013148742469592564,0.6843863129615784,0.8513186573982239,0.2336806356906891,False,20
1,11.164085056007025,5.745999999999981,1.2244411076183483,0.000263982812105255,0.0003116314979388584,0.5,0.013148742469592564,0.6843863129615784,0.8513186573982239,0.2336806356906891,False,20
1,11.300794926006347,5.847999999999956,1.2462019085868854,0.00027081244780728414,0.0003146329318718488,0.5,0.013039770146210026,0.6959527730941772,0.8525030016899109,0.2313183844089508,False,21
1,11.40146415700292,5.847999999999956,1.2462019085868854,0.00027081244780728414,0.0003146329318718488,0.5,0.013039770146210026,0.6959527730941772,0.8525030016899109,0.2313183844089508,False,21
1,11.510097943006258,5.915999999999997,1.2607091043331973,0.00027535543944135453,0.00031390244078484825,0.5,0.012546909758189097,0.6810237765312195,0.8556277751922607,0.23445242643356323,False,21
1,11.653686752004432,5.9839999999999804,1.2752162961820674,0.00027987917917647896,0.0003110733997045438,0.5,0.012633468007907996,0.6810237765312195,0.8556277751922607,0.23445242643356323,False,21
1,11.795626041006471,6.051999999999964,1.2897234919000182,0.0002843886891600011,0.0003113555526928832,0.5,0.012280816346825676,0.6996453404426575,0.8594627380371094,0.2337615191936493,False,21
1,11.908695036006975,6.1200000000000045,1.3042306835545885,0.0002888882880940596,0.0003094641305424894,0.5,0.01232683812457931,0.7080891132354736,0.8614248633384705,0.23374482989311218,False,21
1,12.042309805001423,6.153999999999996,1.3114842795267774,0.0002911334920572391,0.0003095204360387182,0.5,0.011826455585854607,0.7080891132354736,0.8614248633384705,0.23374482989311218,False,21
1,12.14255515300465,6.255999999999972,1.3332450545356787,0.0002977948740193006,0.0003064671966119986,0.5,0.011831488021034947,0.695519208908081,0.8686470985412598,0.23483386635780334,False,21
1,12.243622934001905,6.255999999999972,1.3332450545356787,0.0002977948740193006,0.0003064671966119986,0.5,0.011882600294916865,0.695519208908081,0.8686470985412598,0.23483386635780334,False,21
1,12.350541814004828,6.358000000000004,1.3550058334302382,0.0003044782288924551,0.00030730357336405213,0.5,0.011767119676785861,0.6626726984977722,0.86493319272995,0.23613831400871277,False,21
1,12.451477585003886,6.358000000000004,1.3550058334302382,0.0003044782288924551,0.00030730357336405213,0.5,0.011819799638867175,0.6626726984977722,0.86493319272995,0.23613831400871277,False,21
1,12.59741987700545,6.4599999999999795,1.3767665883578586,0.0003111014118623676,0.00030058265577984934,0.5,0.010944428237730286,0.6625626087188721,0.8659027814865112,0.23560062050819397,False,21
1,12.717640662005579,6.527999999999963,1.3912737589385151,0.0003154617623014277,0.000300495738051633,0.5,0.010997933889827172,0.6895348429679871,0.8672178387641907,0.2373630702495575,False,19
1,12.8525605620016,6.561999999999955,1.3985273464746952,0.0003176459077460368,0.00030100929270875646,0.5,0.01110770471917845,0.6895348429679871,0.8672178387641907,0.2373630702495575,False,19
1,13.00079654500587,6.663999999999987,1.4202880171880239,0.0003238731418418252,0.00026375390210330203,0.5,0.005063077367949304,0.6645007133483887,0.8055691719055176,0.03706996142864227,False,21
1,13.108866089001822,6.731999999999971,1.4347951339138032,0.0003275890501768616,0.00025663602237780715,0.5,0.010884607928841772,0.6448110938072205,0.8118652105331421,0.07297579944133759,False,21
1,13.243719790007162,6.765999999999963,1.4420487921715655,0.0003297906420948908,0.0002940329365242595,0.5,0.010901414365853122,0.6448110938072205,0.8118652105331421,0.07297579944133759,False,21
1,13.385558538000623,6.867999999999995,1.4638071089102065,0.0003356819418262486,0.00035568062830707806,0.5,0.0170554173250154,0.6278111338615417,0.8086071014404297,0.07173515856266022,False,20
1,13.492119161004666,6.935999999999979,1.4783051332719137,0.00034110089839013214,0.00037873162535114054,0.5,0.015577636376588815,0.610788106918335,0.8077203631401062,0.0698641836643219,False,21
1,13.592935630003922,6.935999999999979,1.4783051332719137,0.00034110089839013214,0.00037873162535114054,0.5,0.015706077350341296,0.610788106918335,0.8077203631401062,0.0698641836643219,False,21
1,13.734319706003589,7.037999999999954,1.5000589772748152,0.0003493756812387659,0.0003802722955216396,0.5,0.017563360805073806,0.6020382046699524,0.8117888569831848,0.06743484735488892,False,20
1,13.850652549001097,7.1059999999999945,1.5145615355720254,0.00035509892625806713,0.0004015729929251037,0.5,0.017756298271801533,0.6420193910598755,0.8048277497291565,0.06499718129634857,False,21
1,13.985421871002472,7.139999999999986,1.5218126986013891,0.00035805010072708455,0.0004072260435588302,0.5,0.014558899287190844,0.6420193910598755,0.8048277497291565,0.06499718129634857,False,21
1,14.134245305001969,7.241999999999962,1.54357344621324,0.00036728128718778664,0.00038099461300295136,0.5,0.008377760946486375,0.6736403107643127,0.8113470673561096,0.06432271003723145,False,20
1,14.242970481005614,7.310000000000002,1.5580805302005596,0.0003720624273617469,0.0003333679858522962,0.5,0.008534886667861043,0.6480148434638977,0.8086071014404297,0.06482161581516266,False,20
1,14.377647980007168,7.343999999999994,1.5653341251461357,0.0003744878254888144,0.0003335880720758717,0.5,0.008181122802430335,0.6480148434638977,0.8086071014404297,0.06482161581516266,False,20
1,14.521064932006993,7.4459999999999695,1.5870949018270535,0.0003816973688644834,0.0003319363288768515,0.5,0.012125486428213705,0.6549412608146667,0.8068989515304565,0.06428539752960205,False,20
1,14.627146694001567,7.513999999999953,1.6016021549531292,0.00038695640655397737,0.0003607525038318298,0.5,0.012270453067884492,0.648414671421051,0.8074157238006592,0.0635361522436142,False,21
1,14.761906561005162,7.548000000000002,1.6088557555538847,0.00038958621698186323,0.0003625393621350482,0.5,0.012364756601372354,0.648414671421051,0.8074157238006592,0.0635361522436142,False,21
1,14.912147270006244,7.649999999999977,1.6306165491673001,0.00039749660245739436,0.00036497850123547046,0.5,0.016107738948182068,0.6706094145774841,0.8038725256919861,0.062100544571876526,False,21
1,15.026883278005698,7.717999999999961,1.6451236295314613,0.0004022324752447811,0.00040472344319035454,0.5,0.01631945190231782,0.6697536706924438,0.8043727874755859,0.061194419860839844,False,21
1,15.162000647003879,7.751999999999953,1.6523768191734063,0.00040523629713171106,0.0004125210849419845,0.5,0.011986220955904252,0.6697536706924438,0.8043727874755859,0.061194419860839844,False,21
1,15.306752095006232,7.853999999999985,1.674137523577249,0.00041425240140804904,0.00039720666020723,0.5,0.015923101235061656,0.6596768498420715,0.8013603687286377,0.06013990938663483,False,20
1,15.419245306002267,7.921999999999969,1.6886448632328277,0.0004200401592279872,0.0004055945092928863,0.5,0.01616250330670729,0.6675465106964111,0.7994913458824158,0.05896627902984619,False,21
1,15.554047917001299,7.95599999999996,1.6958985425143676,0.00042300997730758893,0.00041033027327650097,0.5,0.013972694205078908,0.6675465106964111,0.7994913458824158,0.05896627902984619,False,21
1,15.690936020000663,8.057999999999993,1.717659363011812,0.0004316206773467893,0.00040060341782955223,0.5,0.01526214593226536,0.6522396206855774,0.7961311340332031,0.05812431871891022,False,20
1,15.815551043000596,8.125999999999976,1.7321666309910715,0.00043745422559955145,0.00040556372149406686,0.5,0.013584688338985726,0.6683524250984192,0.7931563854217529,0.057439178228378296,False,20
1,15.950101207999978,8.159999999999968,1.7394202139543629,0.0004402892659386868,0.00039542352729832425,0.5,0.014042359730050125,0.6683524250984192,0.7931563854217529,0.057439178228378296,False,20
1,16.05468448200554,8.262,1.761181036525294,0.0004488930543840688,0.00040492312747957487,0.5,0.015332199231692153,0.6664946675300598,0.7905080914497375,0.05677138268947601,False,19
1,16.15580099500221,8.262,1.761181036525294,0.0004488930543840688,0.00040492312747957487,0.5,0.015571506328804512,0.6664946675300598,0.7905080914497375,0.05677138268947601,False,19
1,16.306043843003863,8.363999999999976,1.782941963472411,0.00045778514746383357,0.0004276796553079675,0.5,0.01717185135643266,0.692423939704895,0.7950112223625183,0.056378453969955444,False,21
1,16.42734984800336,8.43199999999996,1.7974493352102467,0.0004641505113298766,0.0004427332616613707,0.5,0.019863218614824443,0.6853746771812439,0.7932576537132263,0.05564896762371063,False,21
1,16.562356158006878,8.466000000000008,1.8047010604740348,0.0004668168709947177,0.0004705766873973827,0.5,0.020429134292261873,0.6853746771812439,0.7932576537132263,0.05564896762371063,False,21
1,16.710298331003287,8.567999999999984,1.8264476818724242,0.00047554080236294165,0.0004962589347326112,0.5,0.020688306675162027,0.6855154037475586,0.791425883769989,0.05498127639293671,False,21
1,16.837730852006644,8.635999999999967,1.840944214191116,0.00048220674176337305,0.0005128229546123163,0.5,0.01668445015674518,0.670123279094696,0.7920552492141724,0.05406036972999573,False,21
1,16.938564582000254,8.635999999999967,1.840944214191116,0.00048220674176337305,0.0005128229546123163,0.5,0.017004456684785042,0.670123279094696,0.7920552492141724,0.05406036972999573,False,21
1,17.043809091002913,8.738,1.8626991187103707,0.0004934619171973646,0.0005005980491845307,0.5,0.016974423458210767,0.7137187123298645,0.8533242344856262,0.2546335756778717,False,21
1,17.144737351001822,8.738,1.8626991187103707,0.0004934619171973646,0.0005005980491845307,0.5,0.017290050448830065,0.7137187123298645,0.8533242344856262,0.2546335756778717,False,21
1,17.24589247300173,8.805999999999983,1.877205956769088,0.0005011232171955837,0.0004987847105128383,0.5,0.017610371017824634,0.6933903098106384,0.7944453954696655,0.052479445934295654,False,21
1,17.3804732550052,8.839999999999975,1.8844596295769993,0.0005047695168314663,0.0005016929386110095,0.5,0.015159130053654192,0.6933903098106384,0.7944453954696655,0.052479445934295654,False,21
1,17.50540254900261,8.907999999999959,1.8989669190364598,0.0005117732093948106,0.0004845969418699207,0.5,0.015511315744347243,0.6852675676345825,0.7904101014137268,0.05207093060016632,False,19
1,17.63936281700444,8.942000000000007,1.9062205877496365,0.0005153074688445617,0.0004869529123569075,0.5,0.016213910583203105,0.6852675676345825,0.7904101014137268,0.05207093060016632,False,19
1,17.748687013001472,9.043999999999983,1.927981606397859,0.0005259993176285154,0.0004954829706431852,0.5,0.016580047056877205,0.6847930550575256,0.7869264483451843,0.05138367414474487,False,20
1,17.849794304005627,9.043999999999983,1.927981606397859,0.0005259993176285154,0.0004954829706431852,0.5,0.01690004322082929,0.6847930550575256,0.7869264483451843,0.05138367414474487,False,20
1,17.974763220001478,9.145999999999958,1.9497426376871712,0.0005367221790683931,0.0005070493713945494,0.5,0.017742397805481515,0.6827521324157715,0.7816566228866577,0.050870805978775024,False,21
1,18.075695863000874,9.145999999999958,1.9497426376871712,0.0005367221790683931,0.0005070493713945494,0.5,0.018054168162853566,0.6827521324157715,0.7816566228866577,0.050870805978775024,False,21
1,18.17736250800226,9.180000000000007,1.9569962982377398,0.0005404309408605845,0.0005147670949226514,0.5,0.018364507114729277,0.6827521324157715,0.7816566228866577,0.050870805978775024,False,21
1,18.284946657004184,9.24799999999999,1.9715035036439226,0.0005479969474924378,0.0005277779920396055,0.5,0.021771755912773284,0.7009839415550232,0.7832933068275452,0.04961502552032471,False,19
1,18.385452628004714,9.24799999999999,1.9715035036439226,0.0005479969474924378,0.0005277779920396055,0.5,0.021771755912773284,0.7009839415550232,0.7832933068275452,0.04961502552032471,False,19
1,18.523197480004455,9.349999999999966,1.993257050407484,0.0005556322224782203,0.0005898198940621042,0.5,0.02205980589377848,0.6783334016799927,0.7768826484680176,0.04844290018081665,False,19
1,18.624036219000118,9.383999999999958,2.0005075664665606,0.0005594305493496896,0.0005981217791783247,0.5,0.022381070933906476,0.6783334016799927,0.7768826484680176,0.04844290018081665,False,20
1,18.734733945006155,9.451999999999998,2.015006902623421,0.0005673050509890673,0.0006238277121820615,0.5,0.022841884944633704,0.6719114780426025,0.7702319025993347,0.04702174663543701,False,20
1,18.861123969007167,9.519999999999982,2.0295033603022823,0.000575637168145573,0.0006480882053923163,0.5,0.023151360095665968,0.678924024105072,0.7752149701118469,0.04850614070892334,False,21
1,18.995722575004038,9.553999999999974,2.036751330661237,0.000580044158255042,0.0006626442180557162,0.5,0.021014973520103515,0.678924024105072,0.7752149701118469,0.04850614070892334,False,21
1,19.102080312004546,9.656000000000006,2.0584956120690494,0.0005936107454488252,0.0006648821189032128,0.5,0.01172452004473996,0.7014099359512329,0.7900956273078918,0.04859572649002075,False,21
1,19.202897603005113,9.656000000000006,2.0584956120690494,0.0005936107454488252,0.0006648821189032128,0.5,0.011940520800152336,0.7014099359512329,0.7900956273078918,0.04859572649002075,False,21
1,19.34774095800094,9.757999999999981,2.080254305650217,0.0006081543816705812,0.0005768077632167617,0.5,0.009936050400085694,0.7284277081489563,0.8087510466575623,0.05023697018623352,False,21
1,19.468344568005705,9.825999999999965,2.0947615210868578,0.0006165131979680674,0.0005767596760571591,0.5,0.015618441376686132,0.7196192145347595,0.8458520770072937,0.23863211274147034,False,19
1,19.603722569001548,9.859999999999957,2.1020152157951895,0.0006202941253677183,0.0006202489843007462,0.5,0.016052175578626357,0.7196192145347595,0.8458520770072937,0.23863211274147034,False,19
1,19.704811871000857,9.961999999999989,2.1237675549875097,0.0006326236332302892,0.0006821006659288415,0.5,0.02262554735190522,0.7303487062454224,0.8391935229301453,0.2382059395313263,False,21
1,19.80594396500237,9.961999999999989,2.1237675549875097,0.0006326236332302892,0.0006821006659288415,0.5,0.02286938447197383,0.7303487062454224,0.8391935229301453,0.2382059395313263,False,21
1,19.920739925000817,10.063999999999965,2.145518863367414,0.0006447499065476468,0.0007508584022869124,0.5,0.02668399079358248,0.7356364727020264,0.8367056846618652,0.23608800768852234,False,19
1,20.021684520004783,10.063999999999965,2.145518863367414,0.0006447499065476468,0.0007508584022869124,0.5,0.026947718539595863,0.7356364727020264,0.8367056846618652,0.23608800768852234,False,19
1,20.127834076003637,10.165999999999997,2.1672616482544105,0.0006649517128875793,0.000834882273973012,0.5,0.02995190755199472,0.733911395072937,0.841962456703186,0.23592597246170044,False,21
1,20.228473640003358,10.165999999999997,2.1672616482544105,0.0006649517128875793,0.000834882273973012,0.5,0.030211339710512267,0.733911395072937,0.841962456703186,0.23592597246170044,False,21
1,20.33808316300565,10.267999999999972,2.1889960796223127,0.00068460852341495,0.0009186270114509007,0.5,0.032497247519766646,0.7379769086837769,0.8423269987106323,0.23459294438362122,False,20
1,20.438877679000143,10.267999999999972,2.1889960796223127,0.00068460852341495,0.0009186270114509007,0.5,0.032763896651293346,0.7379769086837769,0.8423269987106323,0.23459294438362122,False,20
1,20.561919037005282,10.335999999999956,2.203485928772811,0.0006989165897572889,0.0009707210741080678,0.5,0.034120462120346945,0.7365798950195312,0.8512943983078003,0.23388555645942688,False,21
1,20.669438908000302,10.370000000000005,2.2107306993334452,0.000706474177442061,0.0010013188819315117,0.5,0.034388689432433624,0.7365798950195312,0.8512943983078003,0.23388555645942688,False,21
1,20.774892728004488,10.437999999999988,2.225218882935636,0.0007228449590413769,0.001052029031433273,0.5,0.029709347143955234,0.7389016151428223,0.8499282598495483,0.2329147756099701,False,20
1,20.882973844003573,10.47199999999998,2.2324592518322577,0.000728991712739774,0.0010395497607089835,0.5,0.029996887649567084,0.7389016151428223,0.8587563633918762,0.2329147756099701,False,20
1,21.031724370004667,10.539999999999964,2.24694010811266,0.000743671486769945,0.0010577151315591085,0.5,0.02827646338103662,0.7568389177322388,0.8587563633918762,0.23283252120018005,False,21
1,21.17838615400251,10.641999999999996,2.2686597709223424,0.0007663296758430739,0.0010830293902201347,0.5,0.024520646680196975,0.7368090748786926,0.8488974571228027,0.04983113706111908,False,21
1,21.293984617004753,10.70999999999998,2.2831418618951647,0.0007814071068492394,0.0010725519876411981,0.5,0.024819844684146525,0.7358096241950989,0.8486207127571106,0.050053030252456665,False,21
1,21.428680149001593,10.743999999999971,2.2903834867482176,0.0007890076234874515,0.0010799662233029323,0.5,0.02253189840241835,0.7358096241950989,0.8486207127571106,0.050053030252456665,False,21
1,21.570896668003115,10.846000000000004,2.3121162185228408,0.0008114990411799232,0.0010851682556111534,0.5,0.02063870692142864,0.711915135383606,0.8639160394668579,0.23167160153388977,False,21
1,21.68223477700667,10.913999999999987,2.3266109862332818,0.000826322065594223,0.0010828607286031424,0.5,0.020939977711560885,0.7622426152229309,0.8677273988723755,0.23309776186943054,False,21
1,21.816928231004567,10.947999999999979,2.333859104457664,0.000833737070462055,0.0010870312087606657,0.5,0.025192130402826675,0.7622426152229309,0.8677273988723755,0.23309776186943054,False,21
1,21.92228073100705,11.049999999999955,2.3555976708552295,0.0008595298961597891,0.0011595224518507479,0.5,0.023328897890028184,0.7667139172554016,0.8693774342536926,0.23517176508903503,False,21
1,22.022957039000175,11.049999999999955,2.3555976708552295,0.0008595298961597891,0.0011595224518507479,0.5,0.023600414226361256,0.7667139172554016,0.8693774342536926,0.23517176508903503,False,21
1,22.171221285003412,11.151999999999987,2.377331495617082,0.0008834146951933102,0.001174107080426959,0.5,0.01808779507571862,0.7583039402961731,0.8675980567932129,0.2445777952671051,False,21
1,22.282549531002587,11.21999999999997,2.391828829073526,0.0008988843023100744,0.0011433746946689627,0.5,0.018343192802090187,0.7602137327194214,0.86152184009552,0.243933767080307,False,21
1,22.41728117800085,11.253999999999962,2.399077538533285,0.0009069950708620019,0.0011470459084792022,0.5,0.017028744879545834,0.7602137327194214,0.86152184009552,0.243933767080307,False,21
1,22.56649618600204,11.355999999999995,2.420824762151608,0.0009314752653196574,0.0011461808881752258,0.5,0.014179815257275236,0.7201257944107056,0.8545336127281189,0.2439935803413391,False,21
1,22.677906492004695,11.423999999999978,2.435331268083287,0.0009490820661085513,0.0011233364883350132,0.5,0.014370083305766324,0.7478410005569458,0.8505128026008606,0.24180379509925842,False,21
1,22.813083672001085,11.45799999999997,2.4425849210856225,0.0009572318809171566,0.001123583177947662,0.5,0.01542113145715157,0.7478410005569458,0.8505128026008606,0.24180379509925842,False,21
1,22.959075617000053,11.560000000000002,2.4643459320332037,0.000981560993477409,0.0011365835228337507,0.5,0.01517568925835065,0.7540315985679626,0.8590728044509888,0.24413153529167175,False,21
1,23.07761931600544,11.627999999999986,2.4788532486481283,0.0009979905695431585,0.0011344985530746688,0.5,0.014832653104402503,0.7371033430099487,0.8550326824188232,0.24326518177986145,False,19
1,23.21245515800547,11.661999999999978,2.4861069047388598,0.0010061985796785851,0.0011325301735799153,0.5,0.015076423255447452,0.7371033430099487,0.8550326824188232,0.24326518177986145,False,19
1,23.313928531002603,11.763999999999953,2.5078678803780052,0.0010307372382611206,0.0011301880587918146,0.5,0.014313231217203874,0.736839771270752,0.8623661994934082,0.2392059862613678,False,20
1,23.415002357003686,11.763999999999953,2.5078678803780052,0.0010307372382611206,0.0011301880587918146,0.5,0.014390582148519685,0.736839771270752,0.8623661994934082,0.2392059862613678,False,20
1,23.518210785005067,11.865999999999985,2.5296248690974203,0.0010537079428835255,0.0011767610038435504,0.5,0.020662903340831217,0.7064735889434814,0.8599156141281128,0.2462991178035736,False,21
1,23.619276876001095,11.865999999999985,2.5296248690974203,0.0010537079428835255,0.0011767610038435504,0.5,0.0207595942252664,0.7064735889434814,0.8599156141281128,0.2462991178035736,False,21
1,23.721820891005336,11.967999999999961,2.5513732562131417,0.0010810689485403922,0.001306426475627444,0.5,0.0355778803797943,0.7433972358703613,0.8121106028556824,0.07163900136947632,False,20
1,23.82311572900653,11.967999999999961,2.5513732562131417,0.0010810689485403922,0.001306426475627444,0.5,0.03574420100711343,0.7433972358703613,0.8121106028556824,0.07163900136947632,False,20
1,23.94670078200579,12.036000000000001,2.5658787878613083,0.0011013027074209065,0.0013761859486386564,0.5,0.04661955465386439,0.7380629181861877,0.812079668045044,0.06991419196128845,False,19
1,24.052726666006492,12.069999999999993,2.5731323985920485,0.0011126807291059202,0.0014781999933886536,0.5,0.04695737554005715,0.7380629181861877,0.812079668045044,0.06991419196128845,False,19
1,24.15740640200238,12.137999999999977,2.5876395809152157,0.0011353992187778084,0.0015681317832667765,0.5,0.048147784762445994,0.7351748943328857,0.8086282014846802,0.06588183343410492,False,21
1,24.260031905003416,12.171999999999969,2.594893172148765,0.0011471962323955068,0.0016098208479688608,0.5,0.04860600797064687,0.7351748943328857,0.8086282014846802,0.06588183343410492,False,21
1,24.369487729003595,12.239999999999952,2.609400352840067,0.0011716627389755478,0.0016908229708654842,0.5,0.04794385019092135,0.7486489415168762,0.811957597732544,0.06297627091407776,False,20
1,24.470870385004673,12.274000000000001,2.616653945574209,0.001184212902062987,0.0017198119611570428,0.5,0.048478850055160144,0.743816077709198,0.8059073686599731,0.059761688113212585,False,21
1,24.62076729000546,12.341999999999985,2.6311611342254215,0.0012102332241733578,0.0017988966521083171,0.5,0.04733101626253177,0.743816077709198,0.8059073686599731,0.059761688113212585,False,21
1,24.7290958970043,12.44399999999996,2.6529185082990554,0.0012518067292267006,0.0019029356616487695,0.5,0.04752967411215137,0.7235727906227112,0.8058275580406189,0.060251250863075256,False,21
1,24.830390176000947,12.44399999999996,2.6529185082990554,0.0012518067292267006,0.0019029356616487695,0.5,0.048150456412817316,0.7235727906227112,0.8058275580406189,0.060251250863075256,False,21
1,24.931577044000733,12.545999999999992,2.674671895775518,0.0012951858155114298,0.002021399751601427,0.5,0.04674702197200413,0.6984877586364746,0.8034771680831909,0.05646070837974548,False,20
1,25.03260328900069,12.545999999999992,2.674671895775518,0.0012951858155114298,0.002021399751601427,0.5,0.047395442971518265,0.6984877586364746,0.8034771680831909,0.05646070837974548,False,20
1,25.17861274000461,12.647999999999968,2.696422501618208,0.0013404611113388715,0.0021289511016827235,0.5,0.04652983255445081,0.7575110197067261,0.8694279193878174,0.25490647554397583,False,21
1,25.288637625002593,12.716000000000008,2.7109201549337993,0.0013722386703231772,0.002190195174580446,0.5,0.047192229004982135,0.7410332560539246,0.8632259368896484,0.2571137845516205,False,20
1,25.423168074004934,12.75,2.7181688954699545,0.0013886004251271002,0.002229608670966661,0.5,0.04723732883677046,0.7410332560539246,0.8632259368896484,0.2571137845516205,False,20
1,25.566781053006707,12.851999999999975,2.7399145235435167,0.0014364448478263873,0.0023525230396530396,0.5,0.046099876533774856,0.7445550560951233,0.8003851771354675,0.041033655405044556,False,20
1,25.6824855570012,12.919999999999959,2.75441174974121,0.001471020543428336,0.002413043632377088,0.5,0.04679886727857711,0.7336145043373108,0.7990546226501465,0.04172396659851074,False,21
1,25.816995447006775,12.954000000000008,2.7616602670336166,0.0014887081149424933,0.0024539297281342795,0.5,0.0468730174285992,0.7336145043373108,0.7990546226501465,0.04172396659851074,False,21
1,25.966751336003654,13.055999999999983,2.783406481096563,0.0015422828072958184,0.0025726678022116724,0.5,0.046309978496851555,0.7431769967079163,0.8733170032501221,0.250715047121048,False,21
1,26.088472614006605,13.123999999999967,2.7979025012177763,0.0015805725791015284,0.0026346284051978258,0.5,0.04703052216109605,0.7730778455734253,0.8765694499015808,0.24979344010353088,False,20
1,26.223315855000692,13.157999999999959,2.805151035861974,0.0015992551059871836,0.002677620551824517,0.5,0.045458941286420924,0.7730778455734253,0.8765694499015808,0.24979344010353088,False,20
1,26.373232466001355,13.259999999999991,2.8268920383510436,0.0016596642096720318,0.002780391407476481,0.5,0.04826456637525295,0.782765805721283,0.875440776348114,0.24751028418540955,False,21
1,26.49108958600118,13.327999999999975,2.8413908448436853,0.0016984896968685762,0.0028759633969483475,0.5,0.04636238535463659,0.7923944592475891,0.8759772777557373,0.24743786454200745,False,20
1,26.6262055430052,13.361999999999966,2.848639995610461,0.0017191508021624623,0.0029013150563379116,0.5,0.04771599075085671,0.7923944592475891,0.8759772777557373,0.24743786454200745,False,20
1,26.77473187400028,13.463999999999999,2.8703897531354725,0.001781591671858316,0.0030828600317904433,0.5,0.054079859078293706,0.7690165638923645,0.8720602989196777,0.2469920814037323,False,21
1,26.8890865880021,13.531999999999982,2.8848984477283213,0.0018252199263215634,0.0032200880510390908,0.5,0.053166124454423966,0.7440381050109863,0.8722981214523315,0.24254825711250305,False,21
1,27.024170417003916,13.565999999999974,2.8921532952209663,0.001848352391532807,0.003265435886967079,0.5,0.0544850909529489,0.7440381050109863,0.8722981214523315,0.24254825711250305,False,21
1,27.173774344002595,13.668000000000006,2.9139181559365097,0.0019186788661835028,0.0034362090620330492,0.5,0.055647100719830526,0.7745268940925598,0.8378119468688965,0.04745358228683472,False,21
1,27.284402335004415,13.73599999999999,2.9284283908200313,0.001967262581591413,0.0035598257388676823,0.5,0.04456485246443649,0.8128517866134644,0.8803713917732239,0.24014484882354736,False,21
1,27.385187074003625,13.73599999999999,2.9284283908200313,0.001967262581591413,0.0035598257388676823,0.5,0.045015705428440925,0.8128517866134644,0.8803713917732239,0.24014484882354736,False,21
1,27.53470907600422,13.837999999999965,2.950175220082409,0.002041874139147935,0.0035843384886876874,0.5,0.04358861700089556,0.7975524663925171,0.8804905414581299,0.2372557818889618,False,21
1,27.647989304001385,13.906000000000006,2.964669261987088,0.0020935319548216124,0.003629107653307276,0.5,0.04395268872459842,0.8084347248077393,0.8799580335617065,0.23684313893318176,False,19
1,27.782851494004717,13.939999999999998,2.9719161500171496,0.002119838975291124,0.003661081660943943,0.5,0.04896299180498672,0.8084347248077393,0.8799580335617065,0.23684313893318176,False,19
1,27.889517990006425,14.041999999999973,2.993667755549885,0.002203230260140968,0.0038142926621893805,0.5,0.058571314964602696,0.8283207416534424,0.8807246685028076,0.23526334762573242,False,21
1,27.990229300005012,14.041999999999973,2.993667755549885,0.002203230260140968,0.0038142926621893805,0.5,0.05893661436455586,0.8283207416534424,0.8807246685028076,0.23526334762573242,False,21
1,28.10342204400513,14.144000000000005,3.015428761820142,0.0022829774187015494,0.004108168228908054,0.5,0.0683786036489068,0.8050810694694519,0.8828778266906738,0.2383945882320404,False,20
1,28.204218476006645,14.144000000000005,3.015428761820142,0.0022829774187015494,0.004108168228908054,0.5,0.0687884207687982,0.8050810694694519,0.8828778266906738,0.2383945882320404,False,20
1,28.30861486500362,14.245999999999981,3.037156567512978,0.002365832707878214,0.004391985088891886,0.5,0.07426542405162083,0.8193145990371704,0.8850588798522949,0.23991891741752625,False,20
1,28.409366743006103,14.245999999999981,3.037156567512978,0.002365832707878214,0.004391985088891886,0.5,0.07475750168054217,0.8193145990371704,0.8850588798522949,0.23991891741752625,False,20
1,28.517749357000866,14.347999999999956,3.0588828640829866,0.0024449605208274197,0.004800571409830328,0.5,0.07506446034342867,0.813048779964447,0.883141279220581,0.23948606848716736,False,21
1,28.618580413000018,14.347999999999956,3.0588828640829866,0.0024449605208274197,0.004800571409830328,0.5,0.07539902216136204,0.813048779964447,0.883141279220581,0.23948606848716736,False,21
1,28.733261667002807,14.449999999999989,3.0805969541147,0.0025184368247658075,0.005369686523865553,0.5,0.07143232514253758,0.7997147440910339,0.8889979124069214,0.272711843252182,False,21
1,28.834015510001336,14.449999999999989,3.0805969541147,0.0025184368247658075,0.005369686523865553,0.5,0.07180504175478551,0.7997147440910339,0.8889979124069214,0.272711843252182,False,21
1,28.943172159000824,14.551999999999964,3.102310448252813,0.0026181644401079077,0.0057594303274359476,0.5,0.0659422342129734,0.8197348713874817,0.8896920084953308,0.2715221643447876,False,21
1,29.043735919003666,14.551999999999964,3.102310448252813,0.0026181644401079077,0.0057594303274359476,0.5,0.06625115708896778,0.8197348713874817,0.8896920084953308,0.2715221643447876,False,21
1,29.14377660900209,14.653999999999996,3.1240415935339056,0.002742842352702404,0.0059280220758550824,0.5,0.06489163126517175,0.7858663201332092,0.8900488018989563,0.2733013927936554,False,21
1,29.244358579002437,14.653999999999996,3.1240415935339056,0.002742842352702404,0.0059280220758550824,0.5,0.06516106418509741,0.7858663201332092,0.8900488018989563,0.2733013927936554,False,21
1,29.389812615001574,14.755999999999972,3.1457756384400293,0.0028696914984570887,0.006105179874341488,0.5,0.06715804286675749,0.781194806098938,0.8946982026100159,0.27219411730766296,False,20
1,29.507094616004906,14.823999999999955,3.1602621820942858,0.0029560422213020126,0.00624288919366738,0.5,0.06737721406406698,0.8005936145782471,0.8965665698051453,0.2719193398952484,False,21
1,29.641918442001042,14.858000000000004,3.167504913392699,0.0030000092952301594,0.006307844878361883,0.5,0.06975344833575882,0.8005936145782471,0.8965665698051453,0.2719193398952484,False,21
1,29.745105197005614,14.95999999999998,3.1892112560165744,0.0031183217033791013,0.006675249069289505,0.5,0.07238891980962928,0.8117280006408691,0.8936170935630798,0.26916706562042236,False,20
1,29.84589675400639,14.95999999999998,3.1892112560165744,0.0031183217033791013,0.006675249069289505,0.5,0.0725233644104908,0.8117280006408691,0.8936170935630798,0.26916706562042236,False,20
1,29.947064281004714,15.061999999999955,3.210921590674922,0.0032373310187399215,0.0071992353805965,0.5,0.07703911338722126,0.8292902708053589,0.8854971528053284,0.2595403492450714,False,20
1,30.04787233300158,15.061999999999955,3.210921590674922,0.0032373310187399215,0.0071992353805965,0.5,0.07708351075137779,0.8292902708053589,0.8854971528053284,0.2595403492450714,False,20
1,30.191101516000344,15.163999999999987,3.2326352244102985,0.0033609241041785975,0.007883075346602212,0.5,0.07700009272207545,0.8192181587219238,0.8839589357376099,0.26280954480171204,False,20
1,30.30354229600198,15.231999999999971,3.247107483907374,0.0034490731303464446,0.008339302516724682,0.5,0.08230377467488205,0.8284180760383606,0.8817529082298279,0.26356327533721924,False,21
1,30.43852166600118,15.265999999999963,3.254343906477773,0.0034890831219769906,0.008645534398604382,0.5,0.08253592929543342,0.8284180760383606,0.8817529082298279,0.26356327533721924,False,21
1,30.582290930004092,15.367999999999995,3.2760528354586,0.0036206115263912185,0.009636890013307036,0.5,0.08065738867998684,0.8195279240608215,0.8763478398323059,0.2587510347366333,False,21
1,30.69653589000518,15.435999999999979,3.2905270370918154,0.003724149485223682,0.010234243599138607,0.5,0.08425484539292726,0.8242465257644653,0.8788697123527527,0.26470789313316345,False,20
1,30.797413764004887,15.435999999999979,3.2905270370918154,0.003724149485223682,0.010234243599138607,0.5,0.08435939976238038,0.8242465257644653,0.8788697123527527,0.26470789313316345,False,20
1,30.946786884000176,15.537999999999954,3.312232346186539,0.0038734242007654918,0.011399406851918986,0.5,0.08171749637522639,0.8318236470222473,0.8711055517196655,0.26232606172561646,False,20
1,31.0480613930049,15.572000000000003,3.3194712251147656,0.003940789404400765,0.011680887335533333,0.5,0.08175789549965917,0.8148847222328186,0.8711055517196655,0.26232606172561646,False,20
1,31.19792934400175,15.639999999999986,3.3339390133943847,0.004060607297570305,0.012402015971668552,0.5,0.07838484099652755,0.8148847222328186,0.8724583983421326,0.24716606736183167,False,20
1,31.34125492900057,15.741999999999962,3.3556426243652084,0.004282295338962289,0.013230791173309362,0.5,0.0729893420719076,0.7979996800422668,0.8705742955207825,0.24735090136528015,False,21
1,31.455836617002205,15.810000000000002,3.370119223429703,0.004468459443084951,0.013462421927773912,0.5,0.07300700849985294,0.7803962230682373,0.8032358288764954,0.08686083555221558,False,21
1,31.590448152004683,15.843999999999994,3.3773474107301165,0.0045432739066505684,0.013744868499158548,0.5,0.07433073320063247,0.7803962230682373,0.8032358288764954,0.08686083555221558,False,21
1,31.693131773005007,15.94599999999997,3.3990577287375063,0.004816499071584048,0.014330162860774192,0.5,0.07309424309784664,0.7749446034431458,0.7978917956352234,0.08725926280021667,False,20
1,31.79396741900564,15.94599999999997,3.3990577287375063,0.004816499071584048,0.014330162860774192,0.5,0.07308760501790346,0.7749446034431458,0.7978917956352234,0.08725926280021667,False,20
1,31.903011467002216,16.048000000000002,3.4207645795001724,0.005108320231924073,0.014764985788089595,0.5,0.07940225580069354,0.7928820252418518,0.7962662577629089,0.08475638926029205,False,21
1,32.00390498500201,16.048000000000002,3.4207645795001724,0.005108320231924073,0.014764985788089595,0.5,0.07946493676691717,0.7928820252418518,0.7962662577629089,0.08475638926029205,False,21
1,32.1191435130022,16.149999999999977,3.442467573626871,0.005380781684798825,0.01562328839558096,0.5,0.07961932663322377,0.800045371055603,0.802061915397644,0.08529974520206451,False,20
1,32.21998687600717,16.149999999999977,3.442467573626871,0.005380781684798825,0.01562328839558096,0.5,0.07962906028673061,0.800045371055603,0.802061915397644,0.08529974520206451,False,20
1,32.329084600001806,16.251999999999953,3.464171800304612,0.005670696855265081,0.016507627262664266,0.5,0.08460594882568509,0.7806803584098816,0.793443500995636,0.08553418517112732,False,19
1,32.429855946000316,16.251999999999953,3.464171800304612,0.005670696855265081,0.016507627262664266,0.5,0.08462428160272474,0.7806803584098816,0.793443500995636,0.08553418517112732,False,19
1,32.53863017500407,16.353999999999985,3.4858779243296603,0.0059608060236357166,0.017665161489521505,0.5,0.08818503341810834,0.8012802600860596,0.8084895610809326,0.08496749401092529,False,21
1,32.6393795680051,16.353999999999985,3.4858779243296603,0.0059608060236357166,0.017665161489521505,0.5,0.08814903932084203,0.8012802600860596,0.8084895610809326,0.08496749401092529,False,21
1,32.74746767500619,16.45599999999996,3.5075866497016572,0.006265736058567701,0.01896730638914183,0.5,0.0908236690298657,0.8066964745521545,0.8368798494338989,0.18455436825752258,False,20
1,32.84852854600467,16.45599999999996,3.5075866497016572,0.006265736058567701,0.01896730638914183,0.5,0.09075038206234477,0.8066964745521545,0.8368798494338989,0.18455436825752258,False,20
1,32.95069311300176,16.557999999999993,3.529296232700091,0.006588593015206809,0.02042446661156086,0.5,0.09249838918914405,0.7919877171516418,0.8456101417541504,0.17733284831047058,False,21
1,33.05152420500235,16.557999999999993,3.529296232700091,0.006588593015206809,0.02042446661156086,0.5,0.09240669805919179,0.7919877171516418,0.8456101417541504,0.17733284831047058,False,21
1,33.199573492005584,16.659999999999968,3.551007536661685,0.006935386675552255,0.021993007880463992,0.5,0.09355679294561428,0.8076997399330139,0.8175594806671143,0.08389970660209656,False,21
1,33.31226406200585,16.727999999999952,3.5654820502298428,0.007183911707847344,0.023064387698494327,0.5,0.09447192559644925,0.7913052439689636,0.8080397248268127,0.08487425744533539,False,21
1,33.44768401800684,16.762,3.5727192276483213,0.007312742878673681,0.023612921273337816,0.5,0.09420651660166258,0.7913052439689636,0.8080397248268127,0.08487425744533539,False,21
1,33.59064778100583,16.863999999999976,3.594429198659241,0.00772155642176503,0.025282028112655352,0.5,0.0945680507433877,0.8027238249778748,0.8233237266540527,0.0854688435792923,False,21
1,33.703360118001,16.93199999999996,3.6089008304849743,0.00801361790589958,0.026413079244534503,0.5,0.09477225814923607,0.8020730018615723,0.8178895115852356,0.08684490621089935,False,21
1,33.83865319000324,16.966000000000008,3.6161364267732856,0.008165247206916285,0.02697785468091988,0.5,0.09442714871749609,0.8020730018615723,0.8178895115852356,0.08684490621089935,False,21
1,33.98407355900417,17.067999999999984,3.6378427822014103,0.008646063372724768,0.028671440175236085,0.5,0.09477581888507329,0.790004551410675,0.8425865173339844,0.19363728165626526,False,21
1,34.10459575600544,17.135999999999967,3.6523145849535035,0.008988015427629004,0.029787919223105763,0.5,0.09253896651657396,0.7979108691215515,0.8403778076171875,0.1853814423084259,False,20
1,34.20540053500008,17.135999999999967,3.6523145849535035,0.008988015427629004,0.029787919223105763,0.5,0.09236705342830394,0.7979108691215515,0.8403778076171875,0.1853814423084259,False,20
1,34.351280053000664,17.238,3.6740185460773214,0.00953949868911127,0.0313339737474822,0.5,0.08864568282139378,0.8018730878829956,0.8388963341712952,0.18124526739120483,False,21
1,34.46152401200379,17.305999999999983,3.688487289541507,0.009937251000182754,0.03221012854616645,0.5,0.08849102898717995,0.7787243127822876,0.8359229564666748,0.1885991394519806,False,21
1,34.596171513003355,17.339999999999975,3.6957210857076883,0.010140927015643092,0.032642719659214434,0.5,0.07190978406530854,0.7787243127822876,0.8359229564666748,0.1885991394519806,False,21
1,34.739347333001206,17.442000000000007,3.7174118528208924,0.01082233390780018,0.03310624318897871,0.5,0.06850272054736901,0.7022256851196289,0.855004608631134,0.19259041547775269,False,21
1,34.85689726900455,17.50999999999999,3.731887850453254,0.011302621850510647,0.03326332766693647,0.5,0.06816484863106938,0.7383254766464233,0.85438072681427,0.1862712800502777,False,20
1,34.991712197006564,17.543999999999983,3.7391256953074885,0.011542257072515159,0.03332475938584503,0.5,0.07982585965799253,0.7383254766464233,0.85438072681427,0.1862712800502777,False,20
1,35.13727529300377,17.645999999999958,3.7608302427000018,0.01221852184603398,0.03417914932467994,0.5,0.07539742049118149,0.7044196128845215,0.8566582202911377,0.19085466861724854,False,21
1,35.256057715007046,17.714,3.775295348841818,0.012699824290057731,0.03446802222951123,0.5,0.07493922945218974,0.7638021111488342,0.8588064908981323,0.1839844286441803,False,21
1,35.390960375007126,17.74799999999999,3.78252745021849,0.01294333079641065,0.03459295472823121,0.5,0.08506304527001571,0.7638021111488342,0.8588064908981323,0.1839844286441803,False,21
1,35.49835831300152,17.849999999999966,3.8043003692709054,0.01355826220771611,0.036871659528534634,0.5,0.09228416319852975,0.7902077436447144,0.8601422309875488,0.1920919120311737,False,20
1,35.599129605005146,17.849999999999966,3.8043003692709054,0.01355826220771611,0.036871659528534634,0.5,0.09183464650273278,0.7902077436447144,0.8601422309875488,0.1920919120311737,False,20
1,35.7052447620008,17.951999999999998,3.825997564404863,0.014263763670771572,0.03841322327917053,0.5,0.09238891996222834,0.800245463848114,0.8573939204216003,0.18296799063682556,False,21
1,35.8061453420014,17.951999999999998,3.825997564404863,0.014263763670771572,0.03841322327917053,0.5,0.09191555585318131,0.800245463848114,0.8573939204216003,0.18296799063682556,False,21
1,35.91734480100422,18.053999999999974,3.847693410767396,0.01500211818420699,0.039960502781429263,0.5,0.08971477865983615,0.7854711413383484,0.8540266156196594,0.18677052855491638,False,21
1,36.018511783004215,18.053999999999974,3.847693410767396,0.01500211818420699,0.039960502781429263,0.5,0.0892115593080825,0.7854711413383484,0.8540266156196594,0.18677052855491638,False,21
1,36.13412175500707,18.156000000000006,3.869388021495309,0.015786459074346712,0.041333477961789475,0.5,0.08379116211922781,0.7981655597686768,0.8554772734642029,0.18456175923347473,False,21
1,36.23494825400121,18.156000000000006,3.869388021495309,0.015786459074346712,0.041333477961789475,0.5,0.0832960996674583,0.7981655597686768,0.8554772734642029,0.18456175923347473,False,21
1,36.3412438430023,18.25799999999998,3.89108118316921,0.016629840847913965,0.04228598896058789,0.5,0.08398787546086259,0.7895682454109192,0.8495403528213501,0.18319225311279297,False,20
1,36.44235224700242,18.25799999999998,3.89108118316921,0.016629840847913965,0.04228598896058789,0.5,0.0835536456882314,0.7895682454109192,0.8495403528213501,0.18319225311279297,False,20
1,36.54656052000064,18.359999999999957,3.912773295765559,0.017484032162031402,0.04334410798625729,0.5,0.0879448526938798,0.7856444120407104,0.8565926551818848,0.1818053126335144,False,20
1,36.647450766002294,18.359999999999957,3.912773295765559,0.017484032162031402,0.04334410798625729,0.5,0.0874905226500067,0.7856444120407104,0.8565926551818848,0.1818053126335144,False,20
1,36.77109580300021,18.46199999999999,3.9344654239913837,0.018342099275276056,0.04470777635970828,0.5,0.09063296039221864,0.7186146378517151,0.857154369354248,0.1810256540775299,False,21
1,36.87178090100497,18.46199999999999,3.9344654239913837,0.018342099275276056,0.04470777635970828,0.5,0.09018082030273321,0.7186146378517151,0.857154369354248,0.1810256540775299,False,21
1,36.976269449005486,18.563999999999965,3.9561557005491084,0.01923413645835032,0.04601008203542531,0.5,0.0816538184853182,0.7624272108078003,0.8279477953910828,0.18106374144554138,False,21
1,37.0773651060008,18.563999999999965,3.9561557005491084,0.01923413645835032,0.04601008203542531,0.5,0.08123796460751254,0.7624272108078003,0.8279477953910828,0.18106374144554138,False,21
1,37.179525054001715,18.665999999999997,3.977837433218615,0.020180958949472822,0.04693833260601899,0.5,0.07986427956558625,0.7827696800231934,0.8330618739128113,0.17871060967445374,False,19
1,37.280881655002304,18.665999999999997,3.977837433218615,0.020180958949472822,0.04693833260601899,0.5,0.07946993144205566,0.7827696800231934,0.8330618739128113,0.17871060967445374,False,19
1,37.382096032000845,18.767999999999972,3.9995237870741622,0.021166619205163485,0.047578120475464225,0.5,0.07821541859903255,0.7594674825668335,0.8266827464103699,0.1796962320804596,False,21
1,37.483331947005354,18.767999999999972,3.9995237870741622,0.021166619205163485,0.047578120475464225,0.5,0.07781924227092496,0.7594674825668335,0.8266827464103699,0.1796962320804596,False,21
1,37.59857553700567,18.835999999999956,4.013980234410549,0.021836167803276862,0.04793950962107821,0.5,0.07543547238231922,0.7866604924201965,0.8276934027671814,0.18030604720115662,False,20
1,37.70719379900402,18.870000000000005,4.02120803361113,0.02217638062332275,0.048074522606048616,0.5,0.07502479134993928,0.7866604924201965,0.8162595629692078,0.18030604720115662,False,20
1,37.85220398300589,18.937999999999988,4.035662827501025,0.02286168436462349,0.048314012446156025,0.5,0.07352933887117348,0.7786038517951965,0.8162595629692078,0.1748979687690735,False,18
1,37.95284103400627,19.039999999999964,4.057343778123086,0.02390364136402643,0.048565142542913706,0.5,0.07301511690179342,0.7671154737472534,0.8178495764732361,0.17958703637123108,False,18
1,38.053759378002724,19.039999999999964,4.057343778123086,0.02390364136402643,0.048565142542913706,0.5,0.07257694574461665,0.7671154737472534,0.8178495764732361,0.17958703637123108,False,18
1,38.15872824200051,19.141999999999996,4.079025109681572,0.02495418443788931,0.0487686206299342,0.5,0.07692216566842743,0.7729647755622864,0.8266236186027527,0.17652752995491028,False,21
1,38.25949759800278,19.141999999999996,4.079025109681572,0.02495418443788931,0.0487686206299342,0.5,0.07652993450615847,0.7729647755622864,0.8266236186027527,0.17652752995491028,False,21
1,38.40915987500193,19.24399999999997,4.1007062202522055,0.025993454842408597,0.04920020404757883,0.5,0.07362401047501019,0.7718161344528198,0.8198306560516357,0.17560577392578125,False,20
1,38.51959020000504,19.311999999999955,4.1151599386950535,0.02669951742393204,0.049381129372451524,0.5,0.07318234563565201,0.7711989879608154,0.8241171836853027,0.17996510863304138,False,21
1,38.65430915400066,19.346000000000004,4.12238675389901,0.02705460716897179,0.04945659573433049,0.5,0.07635828469001822,0.7711989879608154,0.8241171836853027,0.17996510863304138,False,21
1,38.80406210500223,19.44799999999998,4.144067637709381,0.02810929553010918,0.04988052618577005,0.5,0.07298063297436425,0.7610893249511719,0.8082044720649719,0.17050835490226746,False,19
1,38.91354429900093,19.515999999999963,4.158521152635038,0.02882701433955644,0.050036016791180256,0.5,0.0725493759222115,0.7543475031852722,0.8151829838752747,0.17560234665870667,False,21
1,39.0483354800017,19.549999999999955,4.165747970343752,0.029187340630019612,0.05010293110889324,0.5,0.07557511551795619,0.7543475031852722,0.8151829838752747,0.17560234665870667,False,21
1,39.19445811200421,19.651999999999987,4.187412919616299,0.0302270301695136,0.050817722596381475,0.5,0.0770574585330803,0.7671668529510498,0.8152484893798828,0.17362836003303528,False,20
1,39.30813699600549,19.71999999999997,4.201867786801757,0.030939960978765727,0.05126850360648093,0.5,0.07661210731655266,0.7642048597335815,0.8176491260528564,0.17729756236076355,False,21
1,39.44310460800625,19.753999999999962,4.2090939181456175,0.031298105771507705,0.05148135086677605,0.5,0.056605137588562116,0.7642048597335815,0.8176491260528564,0.17729756236076355,False,21
1,39.58856840500084,19.855999999999995,4.23078854960824,0.03241529478762931,0.051519208897250285,0.5,0.04301035321749454,0.767045795917511,0.8128601312637329,0.1775837540626526,False,21
1,39.71260571600578,19.923999999999978,4.245260296757212,0.033161330847086896,0.05151794188864033,0.5,0.04229787943251233,0.6761859655380249,0.7884734272956848,0.17445850372314453,False,19
1,39.84760899300454,19.95799999999997,4.252495505410841,0.03353421000843728,0.051540000844863085,0.5,0.03033670216479227,0.6761859655380249,0.7884734272956848,0.17445850372314453,False,19
1,39.95339792300365,20.060000000000002,4.274202061572946,0.03465469472729734,0.051459972946260035,0.5,0.023341132927353292,0.6493256092071533,0.7839106321334839,0.17056342959403992,False,21
1,40.054199211001105,20.060000000000002,4.274202061572946,0.03465469472729734,0.051459972946260035,0.5,0.022443390373148298,0.6493256092071533,0.7839106321334839,0.17056342959403992,False,21
1,40.16841623100481,20.161999999999978,4.29590116219586,0.035773031664962505,0.051445611818758695,0.5,0.018491240328963,0.6532483696937561,0.7890638709068298,0.1785118281841278,False,20
1,40.26928817300359,20.161999999999978,4.29590116219586,0.035773031664962505,0.051445611818758695,0.5,0.017452579126353177,0.6532483696937561,0.7890638709068298,0.1785118281841278,False,20
1,40.37411729500309,20.263999999999953,4.317619201885851,0.03689292075903515,0.05143494239266318,0.5,0.014946991340635912,0.6811038255691528,0.7780861854553223,0.18103313446044922,False,21
1,40.47490889200708,20.263999999999953,4.317619201885851,0.03689292075903515,0.05143494239266318,0.5,0.013835371458066015,0.6811038255691528,0.7780861854553223,0.18103313446044922,False,21
1,40.577665242002695,20.365999999999985,4.339344384437707,0.03801148901352705,0.051431851920316976,0.5,0.013451016004088738,0.6487252116203308,0.7769904136657715,0.17855516076087952,False,21
1,40.67853875300352,20.365999999999985,4.339344384437707,0.03801148901352705,0.051431851920316976,0.5,0.012277904670788395,0.6487252116203308,0.7769904136657715,0.17855516076087952,False,21
1,40.785603981006716,20.46799999999996,4.361076721429618,0.039130326762641235,0.051437301325835974,0.5,0.012939496456031796,0.6485263705253601,0.7795588970184326,0.178585022687912,False,21
1,40.88663763900695,20.46799999999996,4.361076721429618,0.039130326762641235,0.051437301325835974,0.5,0.011716391941760686,0.6485263705253601,0.7795588970184326,0.178585022687912,False,21
1,41.00423160200444,20.536,4.375564922642034,0.03987547855237347,0.051416775345323296,0.5,0.02481428729627695,0.6814815402030945,0.793135404586792,0.17630472779273987,False,20
1,41.104270589006774,20.569999999999993,4.382801822993938,0.04024812673682237,0.051513556341822274,0.5,0.02371485280989052,0.6738383173942566,0.7852935791015625,0.17630472779273987,False,20
1,41.251739904000715,20.637999999999977,4.39727326267515,0.04099327460662102,0.051532414933475795,0.5,0.03457189832778141,0.6738383173942566,0.7852935791015625,0.1744217872619629,False,21
1,41.35280429300474,20.739999999999952,4.418987023718459,0.042114962492766576,0.051677319962309474,0.5,0.05396891734267819,0.7230233550071716,0.7827630043029785,0.17436233162879944,False,21
1,41.453718325006776,20.739999999999952,4.418987023718459,0.042114962492766576,0.051677319962309474,0.5,0.05298442312967874,0.7230233550071716,0.7827630043029785,0.17436233162879944,False,21
1,41.59869312100636,20.841999999999985,4.440718709684347,0.04324572150172763,0.05193300519571739,0.5,0.05725753680349231,0.7160139679908752,0.7806185483932495,0.17069682478904724,False,21
1,41.70740116500383,20.909999999999968,4.455209293841279,0.043996503062472776,0.0521033865515154,0.5,0.056302453636021633,0.7301198244094849,0.776211142539978,0.16484275460243225,False,21
1,41.842473579003126,20.94399999999996,4.462454156239375,0.04437363710997466,0.05215669603087968,0.5,0.054973436494171996,0.7301198244094849,0.776211142539978,0.16484275460243225,False,21
1,41.94249528100045,21.045999999999992,4.484188928925989,0.04550831376672294,0.05229268034627463,0.5,0.050786950494603175,0.6982613205909729,0.7842452526092529,0.16990050673484802,False,19
1,42.04361511300522,21.045999999999992,4.484188928925989,0.04550831376672294,0.05229268034627463,0.5,0.049905316684074316,0.6982613205909729,0.7842452526092529,0.16990050673484802,False,19
1,42.14461088200187,21.147999999999968,4.505920405741203,0.046646352671229775,0.05237251233367795,0.5,0.05860678947547073,0.7003563642501831,0.7943694591522217,0.16738229990005493,False,20
1,42.245393982004316,21.147999999999968,4.505920405741203,0.046646352671229775,0.05237251233367795,0.5,0.05779325865198701,0.7003563642501831,0.7943694591522217,0.16738229990005493,False,20
1,42.39420883300045,21.25,4.527655986678378,0.047783272251558886,0.052642758014185276,0.5,0.04959589729535206,0.7550541758537292,0.7858378291130066,0.16572946310043335,False,21
1,42.50678394600254,21.317999999999984,4.542142756167051,0.04854593708309028,0.05267390636653748,0.5,0.04877931463639218,0.7455326914787292,0.7837861180305481,0.1669975221157074,False,20
1,42.642048218003765,21.351999999999975,4.549383807406248,0.048927675349532074,0.05270338100356816,0.5,0.045270791628869794,0.7455326914787292,0.7837861180305481,0.1669975221157074,False,20
1,42.74655418800103,21.454000000000008,4.571096279677074,0.050072094897972076,0.05276496343782709,0.5,0.04509591931246703,0.7379475831985474,0.776979923248291,0.16509684920310974,False,20
1,42.84764021600131,21.454000000000008,4.571096279677074,0.050072094897972076,0.05276496343782709,0.5,0.04436168555511188,0.7379475831985474,0.776979923248291,0.16509684920310974,False,20
1,42.94892793400504,21.555999999999983,4.59280500820946,0.05121891050329236,0.052848164509229204,0.5,0.04576965981225311,0.7393227219581604,0.7714563012123108,0.1609938144683838,False,21
1,43.04994578000333,21.555999999999983,4.59280500820946,0.05121891050329236,0.052848164509229204,0.5,0.04512162314020285,0.7393227219581604,0.7714563012123108,0.1609938144683838,False,21
1,43.19715227000415,21.65799999999996,4.614513419200537,0.05236841395098577,0.05295088394453632,0.5,0.043141946320186565,0.7276825904846191,0.7687579393386841,0.16032743453979492,False,20
1,43.3156250510001,21.726,4.628984306397874,0.053135052576625465,0.052998315946489724,0.5,0.04170605806320303,0.7162874937057495,0.7646007537841797,0.158725768327713,False,21
1,43.45037791100185,21.75999999999999,4.636219127027848,0.05351849470248078,0.053016374437438285,0.5,0.040745322760627305,0.7162874937057495,0.7646007537841797,0.158725768327713,False,21
1,43.59463120100554,21.861999999999966,4.657920169416778,0.05467045210064492,0.05292236301081184,0.5,0.012993897398494554,0.7295888066291809,0.7616694569587708,0.16065052151679993,False,20
1,43.717578261006565,21.930000000000007,4.672392635508936,0.05543662791537896,0.05290053212548807,0.5,-0.002193292115720222,0.6811320185661316,0.7465313673019409,0.1586100161075592,False,20
1,43.85265315500146,21.964,4.679635847632018,0.05581920086233461,0.05279248724792036,0.5,-0.004076026572595922,0.6811320185661316,0.7465313673019409,0.1586100161075592,False,20
1,43.959215810005844,22.065999999999974,4.701361256593716,0.05696587027327506,0.05262842860518371,0.5,-0.018944342684486276,0.6464369297027588,0.742453932762146,0.16146820783615112,False,21
1,44.060217883001314,22.065999999999974,4.701361256593716,0.05696587027327506,0.05262842860518371,0.5,-0.019922300069576057,0.6464369297027588,0.742453932762146,0.16146820783615112,False,21
1,44.166482714004815,22.168000000000006,4.72306662247604,0.058108742300509636,0.05260923335385448,0.5,-0.01566940998040949,0.6439330577850342,0.7472063899040222,0.15943124890327454,False,20
1,44.26735365400236,22.168000000000006,4.72306662247604,0.058108742300509636,0.05260923335385448,0.5,-0.01695204922254622,0.6439330577850342,0.7472063899040222,0.15943124890327454,False,20
1,44.38706157000706,22.23599999999999,4.737544072403292,0.05887094930101094,0.05258755178709821,0.5,-0.009142491082895552,0.6784741878509521,0.743069589138031,0.15644270181655884,False,19
1,44.49018508200243,22.269999999999982,4.744786247465085,0.05925245497442475,0.05264710003279765,0.5,-0.010538117510791199,0.6784741878509521,0.743069589138031,0.15644270181655884,False,19
1,44.59462646100292,22.337999999999965,4.7592735434506395,0.060015628451922376,0.05264106721285032,0.5,-0.011251890247015955,0.6533793807029724,0.7269319891929626,0.15649446845054626,False,20
1,44.69617590600683,22.371999999999957,4.7665170173647295,0.06039725493922972,0.05264540959486918,0.5,-0.012641248256788098,0.6533793807029724,0.7269319891929626,0.15649446845054626,False,20
1,44.802704558002006,22.439999999999998,4.781003901083346,0.06116070375305219,0.052623811004405455,0.5,-0.006339262253459918,0.6422430276870728,0.7122061252593994,0.15344908833503723,False,20
1,44.903504428002634,22.47399999999999,4.788247428597324,0.06154267620919039,0.052670284237514,0.5,-0.007714596050874935,0.6422430276870728,0.7211100459098816,0.15344908833503723,False,20
1,45.00513041000522,22.541999999999973,4.802734297653671,0.06230630135927309,0.05265960755087678,0.5,0.00411274147856231,0.6376327276229858,0.7211100459098816,0.15224990248680115,False,21
1,45.10708864200569,22.575999999999965,4.809977916800566,0.06268884728856852,0.052742661087062076,0.5,0.002741518146022352,0.6376327276229858,0.716354250907898,0.15224990248680115,False,21
1,45.21122462200583,22.644000000000005,4.82446492559293,0.06345360276664815,0.052738944592827956,0.5,0.0023771262163507826,0.6613754034042358,0.716354250907898,0.1524563729763031,False,21
1,45.32659875700483,22.71199999999999,4.838951879224256,0.06421833698534517,0.05273608113809403,0.5,0.0010780740899196414,0.6964499950408936,0.7191054224967957,0.14711123704910278,False,20
1,45.46143798700359,22.74599999999998,4.846195326688191,0.06460058965959069,0.05272654691016868,0.5,0.02046373556512333,0.6964499950408936,0.7191054224967957,0.14711123704910278,False,20
1,45.61001741300424,22.847999999999956,4.867911962418695,0.06575071027538519,0.05289010375591265,0.5,0.02105677449261362,0.7142070531845093,0.7185363173484802,0.14599528908729553,False,20
1,45.72222095500183,22.915999999999997,4.8823833400152035,0.06651624909949122,0.052907917175619816,0.5,0.020136171555750346,0.686863362789154,0.7034652233123779,0.14399942755699158,False,21
1,45.8571591660002,22.94999999999999,4.889620582267302,0.06689939403084057,0.05290941725657001,0.5,0.013438062743018193,0.686863362789154,0.7034652233123779,0.14399942755699158,False,21
1,46.002745391000644,23.051999999999964,4.911350860948654,0.06804955607338407,0.052851142144931695,0.5,-0.0033468899717576253,0.6585188508033752,0.6904197931289673,0.1429976522922516,False,21
1,46.11486603600497,23.120000000000005,4.925837502778322,0.06881415661507174,0.05273360606701819,0.5,-0.004382041214883251,0.6648503541946411,0.6871994733810425,0.14263495802879333,False,21
1,46.24967962100345,23.153999999999996,4.933080901925217,0.06919639969248037,0.05272361023026038,0.5,-0.008054483696249327,0.6648503541946411,0.6871994733810425,0.14263495802879333,False,21
1,46.352121681004064,23.255999999999972,4.954811075067448,0.07034252720305434,0.05268690193436894,0.5,-0.007779088759861284,0.6870251893997192,0.7007977366447449,0.14135393500328064,False,21
1,46.45311381600186,23.255999999999972,4.954811075067448,0.07034252720305434,0.05268690193436894,0.5,-0.008838442005659282,0.6870251893997192,0.7007977366447449,0.14135393500328064,False,21
1,46.60243078700296,23.358000000000004,4.97654133621712,0.0714885101419974,0.052680590481910615,0.5,-0.0042045107942864915,0.7120490670204163,0.706687331199646,0.13966158032417297,False,21
1,46.71901756400621,23.425999999999988,4.99102826292314,0.07225304711426381,0.05272255864215471,0.5,0.005403115717848608,0.7049883008003235,0.6935617327690125,0.13458219170570374,False,20
1,46.85425662000489,23.45999999999998,4.998271831874483,0.0726358559789347,0.0527841010273289,0.5,0.0035971549622146773,0.7049883008003235,0.6935617327690125,0.13458219170570374,False,20
1,47.00123313800577,23.561999999999955,5.020002210861818,0.07378383315217799,0.05277259755227052,0.5,0.0005888738065856302,0.7152159810066223,0.7090954780578613,0.13042333722114563,False,21
1,47.11357587800012,23.629999999999995,5.034489079074021,0.07454889471981306,0.05276007770376821,0.5,0.01261469308808416,0.6917901039123535,0.7098923325538635,0.12788590788841248,False,21
1,47.24849056200037,23.663999999999987,5.04173272932885,0.07493213597168165,0.05283650968611266,0.5,0.01126369083935776,0.6917901039123535,0.7098923325538635,0.12788590788841248,False,21
1,47.354218176005816,23.765999999999963,5.063463205944183,0.07608085892365782,0.05277688133254127,0.5,0.0008204873846558978,0.6991236805915833,0.7145422101020813,0.12474915385246277,False,20
1,47.45524856400152,23.765999999999963,5.063463205944183,0.07608085892365782,0.05277688133254127,0.5,0.00030601604890218964,0.6991236805915833,0.7145422101020813,0.12474915385246277,False,20
1,47.55801205100579,23.867999999999995,5.085192246624731,0.07722779552217687,0.05263155378601174,0.5,-0.019820782486206206,0.689906120300293,0.7064948678016663,0.1238473653793335,False,21
1,47.65881942400301,23.867999999999995,5.085192246624731,0.07722779552217687,0.05263155378601174,0.5,-0.020386417970419252,0.689906120300293,0.7064948678016663,0.1238473653793335,False,21
1,47.790188254002715,23.93599999999998,5.099672097431409,0.07799330448457964,0.05258231732446061,0.5,-0.041187930533108603,0.67134690284729,0.7057939171791077,0.12255343794822693,False,21
1,47.89534205000382,23.96999999999997,5.106910427510473,0.07837220058396349,0.05243799156575347,0.5,-0.041855368783984485,0.67134690284729,0.7057939171791077,0.12255343794822693,False,21
1,47.99973637000221,24.037999999999954,5.1213981548142815,0.07912976366434099,0.05234324576871248,0.5,-0.0553332227758002,0.662847638130188,0.6687302589416504,-0.04158460348844528,False,21
1,48.10609610600659,24.072000000000003,5.128642037777981,0.07950795055689708,0.05221887225174386,0.5,-0.05601557931872204,0.6617417335510254,0.6687302589416504,-0.04158460348844528,False,21
1,48.206513251003344,24.139999999999986,5.1431303410743165,0.08026360254167131,0.052107099948653375,0.5,-0.06781643992551932,0.6617417335510254,0.6728867292404175,-0.042101167142391205,False,21
1,48.31132998900284,24.173999999999978,5.150366214538468,0.08064409950905367,0.05232807246056386,0.5,-0.06867817273176346,0.6617417335510254,0.6984535455703735,-0.042101167142391205,False,21
1,48.41510174200084,24.241999999999962,5.164841264457683,0.08139963480516305,0.05193694094437045,0.5,-0.0701228347709138,0.6581419110298157,0.6984535455703735,0.031701698899269104,False,21
1,48.53199342100561,24.310000000000002,5.179308973962052,0.08216109186188238,0.051751625694245476,0.5,-0.07088753240933783,0.6797012090682983,0.7139525413513184,0.03503769636154175,False,21
1,48.66672690700216,24.343999999999994,5.18654444344707,0.08253815345275219,0.05162344219152302,0.5,-0.07457883159065257,0.6797012090682983,0.7139525413513184,0.03503769636154175,False,21
1,48.77836693000427,24.44599999999997,5.20823690518607,0.08367643798442768,0.051221460953010396,0.5,-0.07619047801313836,0.6652704477310181,0.7242558598518372,0.1170864999294281,False,21
1,48.878978546003054,24.44599999999997,5.20823690518607,0.08367643798442768,0.051221460953010396,0.5,-0.07704599988855908,0.6652704477310181,0.7242558598518372,0.1170864999294281,False,21
1,48.98511646500265,24.548000000000002,5.229933852155791,0.08481251530275236,0.05070720710873553,0.5,-0.07322014809822336,0.6790022850036621,0.7110462188720703,-0.03814871609210968,False,20
1,49.08592140500696,24.548000000000002,5.229933852155791,0.08481251530275236,0.05070720710873553,0.5,-0.07391182483031987,0.6790022850036621,0.7110462188720703,-0.03814871609210968,False,20
1,49.23166378300084,24.649999999999977,5.251620001025313,0.08592895476938009,0.05031843914061079,0.5,-0.07374088707976288,0.6792916059494019,0.7066996097564697,-0.03786410391330719,False,21
1,49.332136967001134,24.68399999999997,5.258849115726896,0.08629662912346155,0.050225294255343986,0.5,-0.07454253441949822,0.6792916059494019,0.7133368253707886,-0.03786410391330719,False,21
1,49.443613681003626,24.751999999999953,5.273306314192012,0.0870316015715873,0.050009401776000856,0.5,-0.07446242719682732,0.659693717956543,0.7133368253707886,-0.035010926425457,False,21
1,49.559663183004886,24.819999999999993,5.2877631615014495,0.0877628573409551,0.0498011578959316,0.5,-0.07524678298941756,0.6644396781921387,0.728205144405365,0.11214545369148254,False,21
1,49.69450306800718,24.853999999999985,5.294991361318327,0.08812934513129762,0.04967109070085076,0.5,-0.0756142627279682,0.6644396781921387,0.728205144405365,0.11214545369148254,False,21
1,49.79461039900343,24.95599999999996,5.316675673048072,0.08922468332298834,0.04925956903973266,0.5,-0.07584290051684874,0.6270102858543396,0.7352578639984131,0.11225572228431702,False,20
1,49.895390237004904,24.95599999999996,5.316675673048072,0.08922468332298834,0.04925956903973266,0.5,-0.07659038478130595,0.6270102858543396,0.7352578639984131,0.11225572228431702,False,20
1,49.996902037004475,25.057999999999993,5.338350343918257,0.09032495724337403,0.048678925137914136,0.5,-0.07643639112037258,0.6601948738098145,0.7354022264480591,0.11231562495231628,False,20
1,50.09786221400282,25.057999999999993,5.338350343918257,0.09032495724337403,0.048678925137914136,0.5,-0.07711131505360884,0.6601948738098145,0.7354022264480591,0.11231562495231628,False,20
1,50.24121550500422,25.159999999999968,5.3600403293736925,0.0914044539054018,0.04816138131865075,0.5,-0.0794762308438689,0.6808444857597351,0.7329801321029663,0.11332866549491882,False,20
1,50.358015872006945,25.227999999999952,5.374487500839054,0.09213452385860685,0.047634551417560116,0.5,-0.06854794024682614,0.6771588325500488,0.7499892115592957,0.19104453921318054,False,19
1,50.49318293700344,25.262,5.381723214129728,0.09248416790694314,0.04752904666990256,0.5,-0.06963414314066761,0.6771588325500488,0.7499892115592957,0.19104453921318054,False,19
1,50.59338134900463,25.363999999999976,5.403417592608206,0.09352082272355725,0.04732958671252475,0.5,-0.06479175157754255,0.6473299860954285,0.7504820227622986,0.19237932562828064,False,20
1,50.69495883000491,25.363999999999976,5.403417592608206,0.09352082272355725,0.04732958671252475,0.5,-0.06532485842142484,0.6473299860954285,0.7504820227622986,0.19237932562828064,False,20
1,50.79682532000152,25.466000000000008,5.425115786637059,0.09455300911968459,0.04712863120260839,0.5,-0.06419375607492643,0.658781886100769,0.7362115383148193,0.05411708354949951,False,21
1,50.89782398800162,25.466000000000008,5.425115786637059,0.09455300911968459,0.04712863120260839,0.5,-0.06462538960031118,0.658781886100769,0.7362115383148193,0.05411708354949951,False,21
1,51.04719503000524,25.567999999999984,5.446813485334994,0.09558094350089459,0.04691725293675993,0.5,-0.0653434969947855,0.6610326170921326,0.7406640648841858,0.05747123062610626,False,20
1,51.16339248600707,25.635999999999967,5.4612776411987864,0.09626383195641988,0.04677156731779239,0.5,-0.0664044177481785,0.6622453331947327,0.7393637299537659,0.060504913330078125,False,21
1,51.26420052300091,25.635999999999967,5.4612776411987864,0.09626383195641988,0.04677156731779239,0.5,-0.06671746864327774,0.6622453331947327,0.7393637299537659,0.060504913330078125,False,21
1,51.36775904300157,25.738,5.4829712657876595,0.09728474817335213,0.04653775793272684,0.5,-0.06898591814512908,0.6608654856681824,0.7379059195518494,0.06343254446983337,False,21
1,51.468532638005854,25.738,5.4829712657876595,0.09728474817335213,0.04653775793272684,0.5,-0.06926106637132555,0.6608654856681824,0.7379059195518494,0.06343254446983337,False,21
1,51.612224734002666,25.839999999999975,5.504663176620968,0.09830225687718815,0.04626138474925331,0.5,-0.07220430907377454,0.6554850339889526,0.7343182563781738,0.0658843070268631,False,21
1,51.71971251800278,25.873999999999967,5.511893266911819,0.09864081015690059,0.04615119494553615,0.5,-0.07243207413161691,0.6554850339889526,0.7343182563781738,0.0658843070268631,False,21
1,51.828156122006476,25.942000000000007,5.526352838771627,0.09931456844219487,0.04596151733978303,0.5,-0.07983240466516149,0.679130494594574,0.7320221662521362,0.0688430517911911,False,20
1,51.92905625500134,25.976,5.533573495990856,0.09966805219835845,0.04564629292875673,0.5,-0.08001296319021985,0.679130494594574,0.7320221662521362,0.0688430517911911,False,20
1,52.03819842100347,26.043999999999983,5.548034204309648,0.10035361630143724,0.04520931975285878,0.5,-0.08718788422429402,0.6296209096908569,0.702362060546875,0.06813392043113708,False,21
1,52.14221764400281,26.077999999999975,5.5552642335937366,0.10070337725416934,0.04483714822477141,0.5,-0.08735419218921762,0.6314283609390259,0.702362060546875,0.06813392043113708,False,21
1,52.246959825002705,26.145999999999958,5.569719351580269,0.10140541221384135,0.043999991090639255,0.5,-0.08882144238071954,0.6314283609390259,0.8116025328636169,0.06857345998287201,False,21
1,52.35112425300031,26.180000000000007,5.576948796772564,0.10175458536963712,0.043546851771970756,0.5,-0.08897491493834074,0.6294190287590027,0.8116025328636169,0.06857345998287201,False,21
1,52.459733487004996,26.24799999999999,5.591405801060568,0.10244402434257803,0.04261792698737563,0.5,-0.09232119750090882,0.6294190287590027,0.6977790594100952,0.06672197580337524,False,19
1,52.56072354000207,26.281999999999982,5.598635378270126,0.10278522162197574,0.04216536183867671,0.5,-0.09258759181652383,0.6294190287590027,0.6942221522331238,0.06658312678337097,False,19
1,52.669781456002966,26.349999999999966,5.61309226329878,0.1034631188082585,0.041120059905669186,0.5,-0.09279188820540775,0.612574577331543,0.6942221522331238,0.06658312678337097,False,19
1,52.77109423100046,26.383999999999958,5.62032574844121,0.10379443217948753,0.04060753284401226,0.5,-0.09285566149522097,0.6322590708732605,0.6942221522331238,0.06658312678337097,False,19
1,52.883565835007175,26.451999999999998,5.634788707198837,0.10444578636981197,0.03963094630930393,0.5,-0.0951041679727226,0.6322590708732605,0.8199629187583923,0.06764824688434601,False,20
1,52.98414590900211,26.451999999999998,5.634788707198837,0.10444578636981197,0.03963094630930393,0.5,-0.0951041679727226,0.6322590708732605,0.8199629187583923,0.06764824688434601,False,20
1,53.104167478006275,26.553999999999974,5.656480169047284,0.10541373038659656,0.037895970402869,0.5,-0.09435281088276193,0.6293734908103943,0.7046845555305481,0.06745949387550354,False,21
1,53.217427899006,26.621999999999957,5.670942243904729,0.10603258639730156,0.03682820228547424,0.5,-0.09637457061514704,0.6347737908363342,0.6998085975646973,0.06555956602096558,False,20
1,53.35253416300111,26.656000000000006,5.678169328935018,0.10634258209007075,0.03621614849056429,0.5,-0.09675789056363576,0.6347737908363342,0.6998085975646973,0.06555956602096558,False,20
1,53.455013246006274,26.75799999999998,5.69986847705033,0.10723737414508179,0.03445800496237988,0.5,-0.09480168842970421,0.6201544404029846,0.6989309191703796,0.06686960160732269,False,21
1,53.55610121500649,26.75799999999998,5.69986847705033,0.10723737414508179,0.03445800496237988,0.5,-0.09490110766359816,0.6201544404029846,0.6989309191703796,0.06686960160732269,False,21
1,53.70344335100526,26.859999999999957,5.721562313176297,0.10809404702278218,0.03271142492231908,0.5,-0.09646441635037527,0.6283148527145386,0.6974256634712219,0.06656649708747864,False,21
1,53.81908592500258,26.927999999999997,5.736027076869635,0.10864685345808228,0.03151462273060709,0.5,-0.09452607215906174,0.6190589070320129,0.6943497061729431,0.06600803136825562,False,21
1,53.954052790002606,26.96199999999999,5.743258460419846,0.10891455842806005,0.03098924077736766,0.5,-0.09469049707240576,0.6190589070320129,0.6943497061729431,0.06600803136825562,False,21
1,54.05646577800508,27.063999999999965,5.764956717474688,0.10969305141563743,0.02925421819624998,0.5,-0.09618991345080843,0.6136409044265747,0.7059714794158936,0.06581701338291168,False,21
1,54.157564513006946,27.063999999999965,5.764956717474688,0.10969305141563743,0.02925421819624998,0.5,-0.09628879159257397,0.6136409044265747,0.7059714794158936,0.06581701338291168,False,21
1,54.29707097400387,27.165999999999997,5.786662516180335,0.11043022679805357,0.02758784348884467,0.5,-0.09477039109890563,0.6340241432189941,0.7038688659667969,0.07062247395515442,False,20
1,54.41588168400631,27.23399999999998,5.801127043446214,0.110906425763336,0.026438653299008373,0.5,-0.09313455117970247,0.6265352964401245,0.7017473578453064,0.06902019679546356,False,21
1,54.551018667007156,27.267999999999972,5.8083633393124225,0.11113290300005024,0.025912009178393203,0.5,-0.093287587978987,0.6265352964401245,0.7017473578453064,0.06902019679546356,False,21
1,54.65909151100641,27.335999999999956,5.82282716778425,0.11158150754760347,0.024809139013556105,0.5,-0.0896697983481897,0.5915687084197998,0.6790275573730469,0.07051098346710205,False,21
1,54.75945137400413,27.370000000000005,5.830063686690687,0.11178858455601601,0.024379056618266025,0.5,-0.08971920379168395,0.5915687084197998,0.6790275573730469,0.07051098346710205,False,21
1,54.863814813004865,27.437999999999988,5.844528427179975,0.11220091761490474,0.023451458659124454,0.5,-0.09226351900975056,0.6380798816680908,0.8152729868888855,0.07170416414737701,False,21
1,54.966950885005645,27.47199999999998,5.851762412061805,0.11240745945581183,0.022925218050555734,0.5,-0.0923423837098631,0.6027691960334778,0.8152729868888855,0.07170416414737701,False,21
1,55.068020432001504,27.539999999999964,5.866228219817771,0.11280668108103044,0.021885725636137044,0.5,-0.08935937256607199,0.6027691960334778,0.7005235552787781,0.07123926281929016,False,20
1,55.18063248399994,27.608000000000004,5.8806965140286245,0.11318737049258253,0.020917270996456357,0.5,-0.08940749934823079,0.6377710700035095,0.7132275700569153,0.19362983107566833,False,20
1,55.31567906100099,27.641999999999996,5.887933559362691,0.11336960503263342,0.020451802358169367,0.5,-0.09249806479132444,0.6377710700035095,0.7132275700569153,0.19362983107566833,False,20
1,55.42129806700541,27.74399999999997,5.909631372442188,0.11391296698956689,0.018838858268019593,0.5,-0.08923269032903279,0.624895453453064,0.7117822170257568,0.19485914707183838,False,20
1,55.52219909700216,27.74399999999997,5.909631372442188,0.11391296698956689,0.018838858268019593,0.5,-0.0893057562407344,0.624895453453064,0.7117822170257568,0.19485914707183838,False,20
1,55.66422395700647,27.846000000000004,5.931333034180686,0.11441013906722879,0.01738785433641865,0.5,-0.08292538692405119,0.6423556804656982,0.709391176700592,0.1929706633090973,False,21
1,55.76489399500133,27.879999999999995,5.938568512027601,0.1145567151115973,0.0170600166598702,0.5,-0.08293160504650135,0.6423556804656982,0.709391176700592,0.1929706633090973,False,21
1,55.874594212000375,27.94799999999998,5.953031650270679,0.11484925252552404,0.01632331194992501,0.5,-0.06311253099928116,0.6172805428504944,0.6422383189201355,-0.024761751294136047,False,21
1,55.97488020800665,27.98199999999997,5.9602713839148596,0.11497296573991563,0.01626656752419723,0.5,-0.06298536191526781,0.6172805428504944,0.6405232548713684,-0.0262405127286911,False,20
1,56.084268350001366,28.049999999999955,5.974749360754639,0.11520994167980204,0.016163790313926535,0.5,-0.06949889246538483,0.5964981317520142,0.6405232548713684,-0.0262405127286911,False,20
1,56.18430316100421,28.084000000000003,5.981968304196663,0.11533308673801473,0.016011128144889145,0.5,-0.06932445709950757,0.5964981317520142,0.6396653652191162,-0.0262405127286911,False,20
1,56.29689902300015,28.151999999999987,5.996446414304194,0.11556697580091356,0.015849365665936636,0.5,-0.057160433378003826,0.6039508581161499,0.6396653652191162,-0.024548977613449097,False,21
1,56.423156252007175,28.21999999999997,6.0109271132625235,0.11580085461906144,0.015818125635357002,0.5,-0.056869748745792696,0.6034371256828308,0.6327210068702698,-0.028853140771389008,False,21
1,56.55847559400718,28.253999999999962,6.018167999649843,0.11591599752240536,0.01577439489581318,0.5,-0.0674781318773334,0.6034371256828308,0.6327210068702698,-0.028853140771389008,False,21
1,56.66751413800375,28.355999999999995,6.039869569852958,0.11625622889926711,0.01555453171984002,0.5,-0.05748495871138449,0.5983164310455322,0.6272557973861694,-0.03257482498884201,False,20
1,56.76866962300119,28.355999999999995,6.039869569852958,0.11625622889926711,0.01555453171984002,0.5,-0.05702953882098466,0.5983164310455322,0.6272557973861694,-0.03257482498884201,False,20
1,56.879387830005726,28.45799999999997,6.0615949002584255,0.1165980867275419,0.015467807527242248,0.5,-0.06886961805273824,0.6023518443107605,0.6245193481445312,-0.03600381314754486,False,21
1,56.980510234003305,28.45799999999997,6.0615949002584255,0.1165980867275419,0.015467807527242248,0.5,-0.06850837748894116,0.6023518443107605,0.6245193481445312,-0.03600381314754486,False,21
1,57.092433445002825,28.560000000000002,6.08328681289029,0.11694912091841611,0.015019058598545574,0.5,-0.0785041471106121,0.5834844708442688,0.6237950325012207,-0.037768520414829254,False,20
1,57.19341085800261,28.560000000000002,6.08328681289029,0.11694912091841611,0.015019058598545574,0.5,-0.07811749378796934,0.5834844708442688,0.6237950325012207,-0.037768520414829254,False,20
1,57.29410175000521,28.661999999999978,6.1050901868228244,0.11730784144415271,0.014895824663362221,0.5,-0.09156639036301838,0.5804930329322815,0.6219064593315125,-0.038104742765426636,False,19
1,57.39487454600021,28.661999999999978,6.1050901868228244,0.11730784144415271,0.014895824663362221,0.5,-0.09181096454146152,0.5804930329322815,0.6219064593315125,-0.038104742765426636,False,19
1,57.4986060920055,28.763999999999953,6.126808692939501,0.1176931549424029,0.013373828405476875,0.5,-0.0999177672907802,0.552662193775177,0.6525793671607971,0.07853294909000397,False,20
1,57.599660057006986,28.763999999999953,6.126808692939501,0.1176931549424029,0.013373828405476875,0.5,-0.09958770220757303,0.552662193775177,0.6525793671607971,0.07853294909000397,False,20
1,57.74465447900002,28.865999999999985,6.148543142076746,0.11810651715558784,0.011439769946286938,0.5,-0.10345533941456088,0.5829461812973022,0.6512553095817566,0.06642116606235504,False,21
1,57.86033397000574,28.93399999999997,6.163032636260857,0.11836458734263273,0.010021044804912341,0.5,-0.10324168358191133,0.5747971534729004,0.6492331624031067,0.06348666548728943,False,19
1,57.995289655002125,28.96799999999996,6.170276726589794,0.11848673197920603,0.009314980372744017,0.5,-0.10274857702753704,0.5747971534729004,0.6492331624031067,0.06348666548728943,False,19
1,58.11410077400069,29.036,6.184763220231323,0.11871530736209679,0.007910919639786984,0.5,-0.1039027980211759,0.5501919984817505,0.6480539441108704,0.06385113298892975,False,21
1,58.22549856200203,29.103999999999985,6.199245854370415,0.11892414773079406,0.006499979158991304,0.5,-0.10371546033390211,0.5649188160896301,0.6585341691970825,0.07194449007511139,False,21
1,58.360423257006914,29.137999999999977,6.2064840461411,0.11902179894857286,0.005803689097201064,0.5,-0.104219578886513,0.5649188160896301,0.6585341691970825,0.07194449007511139,False,21
1,58.509424107003724,29.239999999999952,6.228205645699734,0.11928825526130206,0.003638543909559275,0.5,-0.10579139992141988,0.5577647089958191,0.6578177213668823,0.07017284631729126,False,21
1,58.62083440600691,29.307999999999993,6.242688283001543,0.11943799396088853,0.0021190700713580326,0.5,-0.10562094827608143,0.552391529083252,0.6556711792945862,0.06861671805381775,False,20
1,58.75570941800106,29.341999999999985,6.249928843615563,0.11950631336908343,0.0013700464566717913,0.5,-0.10170528746888673,0.552391529083252,0.6556711792945862,0.06861671805381775,False,20
1,58.858065850006824,29.44399999999996,6.2716419142500905,0.11967237872473313,-0.0006767573197036232,0.5,-0.10307725589025313,0.5510261058807373,0.652937650680542,0.06710855662822723,False,21
1,58.958860237005865,29.44399999999996,6.2716419142500905,0.11967237872473313,-0.0006767573197036232,0.5,-0.10296313502730062,0.5510261058807373,0.652937650680542,0.06710855662822723,False,21
1,59.05978537900228,29.545999999999992,6.293359918806049,0.11978637246569025,-0.002806321274048071,0.5,-0.09960551406416078,0.5720265507698059,0.6507668495178223,0.05809573829174042,False,20
1,59.16055953700561,29.545999999999992,6.293359918806049,0.11978637246569025,-0.002806321274048071,0.5,-0.09946767906940117,0.5720265507698059,0.6507668495178223,0.05809573829174042,False,20
1,59.26595927000017,29.647999999999968,6.3150668513717845,0.11985223705449677,-0.004815744448938036,0.5,-0.09884842282309751,0.5642529726028442,0.6602033972740173,0.06539449095726013,False,21
1,59.366985258006025,29.647999999999968,6.3150668513717845,0.11985223705449677,-0.004815744448938036,0.5,-0.09876053424624015,0.5642529726028442,0.6602033972740173,0.06539449095726013,False,21
1,59.47072617500089,29.75,6.336773903313085,0.11987260529661889,-0.00678094851497013,0.5,-0.09678616538313727,0.5637240409851074,0.6580214500427246,0.0654078871011734,False,20
1,59.57159977900301,29.75,6.336773903313085,0.11987260529661889,-0.00678094851497013,0.5,-0.09669620823565546,0.5637240409851074,0.6580214500427246,0.0654078871011734,False,20
1,59.71771660300146,29.851999999999975,6.358478785380073,0.11984332514865656,-0.008650304678193565,0.5,-0.09616625978003569,0.5570994019508362,0.6584254503250122,0.06512083113193512,False,21
1,59.84504165000544,29.91999999999996,6.372954875895685,0.11979457221609853,-0.009810040861143957,0.5,-0.09606846550206491,0.5508129000663757,0.6579200029373169,0.06499239802360535,False,21
1,59.97972647700226,29.954000000000008,6.380192891535239,0.11976348725396874,-0.010387341547091394,0.5,-0.09318965628692621,0.5508129000663757,0.6579200029373169,0.06499239802360535,False,21
2,0.1133522960008122,0.3059999999999832,0.06394001338054117,0.00013022916137607582,-0.0036211014644233594,0.5,-0.05839335020036007,0.5581912398338318,0.7459464073181152,0.20381242036819458,False,21
2,0.24816355000075419,0.339999999999975,0.07119407021916616,0.00011080331900390188,-0.003709420925117566,0.5,-0.058148062808752427,0.5581912398338318,0.7459464073181152,0.20381242036819458,False,21
2,0.3982419449966983,0.4420000000000073,0.09295036632263023,3.206370721502391e-05,-0.0037274374920713877,0.5,-0.038741858559455854,0.5680443644523621,0.763216495513916,0.21562185883522034,False,19
2,0.5233061390026705,0.5099999999999909,0.10743896363268926,-2.089231380856855e-05,-0.0037521350891046427,0.5,-0.024362985265423052,0.5707067847251892,0.769258975982666,0.22424224019050598,False,21
2,0.6584261809985037,0.5439999999999827,0.11468425986305272,-4.903560286515632e-05,-0.003674456749926604,0.5,-0.024383500572948164,0.5707067847251892,0.769258975982666,0.22424224019050598,False,21
2,0.8062503379987902,0.646000000000015,0.1364155647632312,-0.00012816210479686026,-0.0036323692697568534,0.5,-0.014097773846398286,0.5520838499069214,0.7396522760391235,0.030484512448310852,False,21
2,0.9262284979995457,0.7139999999999986,0.1509144944333168,-0.00017948664097441373,-0.003623928119592364,0.5,-0.006066583104498938,0.5547649264335632,0.7480429410934448,0.03627157211303711,False,20
2,1.0270291210035793,0.7139999999999986,0.1509144944333168,-0.00017948664097441373,-0.003623928119592364,0.5,-0.006030957219426673,0.5547649264335632,0.7480429410934448,0.03627157211303711,False,20
2,1.1759975090026273,0.8159999999999741,0.17267504817011473,-0.000258371547348012,-0.003555144688558492,0.5,-0.00020513765090984597,0.5825268030166626,0.7733286619186401,0.040720224380493164,False,21
2,1.2893941619986435,0.8840000000000146,0.18718211077374272,-0.0003093160451637036,-0.003511511962836546,0.5,-0.00017833796904963815,0.5842276811599731,0.7744156122207642,0.044438958168029785,False,21
2,1.4238776779966429,0.9180000000000064,0.19443560416671793,-0.000334779953259129,-0.00351039785485411,0.5,0.004932231594143104,0.5842276811599731,0.7744156122207642,0.044438958168029785,False,21
2,1.5309423979997518,1.0199999999999818,0.21619635303090315,-0.00041028703900184435,-0.003470841929795305,0.5,0.005569516435000565,0.6158819794654846,0.7939668297767639,0.05187222361564636,False,21
2,1.631882775000122,1.0199999999999818,0.21619635303090315,-0.00041028703900184435,-0.003470841929795305,0.5,0.0056016227062924235,0.6158819794654846,0.7939668297767639,0.05187222361564636,False,21
2,1.7747685720023583,1.122000000000014,0.23795706018453738,-0.0004857164057547727,-0.00346550469686333,0.5,0.00842184903267449,0.6032039523124695,0.8073463439941406,0.058605268597602844,False,21
2,1.894197178997274,1.1899999999999977,0.2524642783695192,-0.0005356920754914361,-0.0034446953221117147,0.5,0.008455890643541736,0.6243880391120911,0.8208446502685547,0.06376989185810089,False,21
2,2.0290173510002205,1.2239999999999895,0.25971787173300703,-0.0005606782702895287,-0.0034439303021960243,0.5,0.011274858759224479,0.6243880391120911,0.8208446502685547,0.06376989185810089,False,21
2,2.130392416998802,1.325999999999965,0.28147876045952225,-0.0006344792433651086,-0.0034155740236212614,0.5,0.013540003514929032,0.5937964916229248,0.7956629395484924,0.04919739067554474,False,21
2,2.2311819910028134,1.325999999999965,0.28147876045952225,-0.0006344792433651086,-0.0034155740236212614,0.5,0.013598607242784605,0.5937964916229248,0.7956629395484924,0.04919739067554474,False,21
2,2.334786013001576,1.4279999999999973,0.3032396506040372,-0.0007082592201709602,-0.0033755415189714636,0.5,0.014716341138571546,0.6271130442619324,0.7987809181213379,0.05005042254924774,False,21
2,2.4355663980022655,1.4279999999999973,0.3032396506040372,-0.0007082592201709602,-0.0033755415189714636,0.5,0.014780113620553953,0.6271130442619324,0.7987809181213379,0.05005042254924774,False,21
2,2.582749913999578,1.5299999999999727,0.3250006342063822,-0.0007816478851873676,-0.003361647878960573,0.5,0.015333972018327315,0.6406680345535278,0.8554453253746033,0.23799428343772888,False,21
2,2.6969229789974634,1.5980000000000132,0.339507964361835,-0.000830540213585336,-0.003353728202322614,0.5,0.015399490523018967,0.6495599746704102,0.858174741268158,0.23797565698623657,False,19
2,2.8320249440002954,1.632000000000005,0.34676162602291377,-0.0008549510488077186,-0.003351649601454857,0.5,0.015568894354306615,0.6495599746704102,0.858174741268158,0.23797565698623657,False,19
2,2.945857764003449,1.7339999999999804,0.3685226101289397,-0.0009280728831733936,-0.003345792421922949,0.5,0.013249646646110029,0.6623448729515076,0.8607000708580017,0.23785400390625,False,21
2,3.0470920970037696,1.7339999999999804,0.3685226101289397,-0.0009280728831733936,-0.003345792421922949,0.5,0.0132920937774588,0.6623448729515076,0.8607000708580017,0.23785400390625,False,21
2,3.16941571499774,1.8360000000000127,0.39028349197607315,-0.0010012773289581414,-0.003362273512984494,0.5,0.01418477133035724,0.6436497569084167,0.8672135472297668,0.23917260766029358,False,21
2,3.270004981000966,1.8360000000000127,0.39028349197607315,-0.0010012773289581414,-0.003362273512984494,0.5,0.014237190047813748,0.6436497569084167,0.8672135472297668,0.23917260766029358,False,21
2,3.3884188680021907,1.9379999999999882,0.41204443444369254,-0.0010743126619807458,-0.0033574117614271533,0.5,0.013924192723314823,0.6595919728279114,0.8677223920822144,0.24042150378227234,False,21
2,3.4892979840005864,1.9379999999999882,0.41204443444369254,-0.0010743126619807458,-0.0033574117614271533,0.5,0.013984775834950024,0.6595919728279114,0.8677223920822144,0.24042150378227234,False,21
2,3.6129892460012343,2.0399999999999636,0.4338053801786403,-0.0011473761151230759,-0.0033521578352835647,0.5,0.014639602544820099,0.6428860425949097,0.8713340759277344,0.23959770798683167,False,20
2,3.7138727580022532,2.0399999999999636,0.4338053801786403,-0.0011473761151230759,-0.0033521578352835647,0.5,0.014701421242467828,0.6428860425949097,0.8713340759277344,0.23959770798683167,False,20
2,3.8359911259976798,2.141999999999996,0.4555663134137553,-0.0012204464744874498,-0.003350679657206031,0.5,0.014315123701861983,0.652893602848053,0.8694054484367371,0.23861408233642578,False,19
2,3.9368653389974497,2.141999999999996,0.4555663134137553,-0.0012204464744874498,-0.003350679657206031,0.5,0.014384780054979427,0.652893602848053,0.8694054484367371,0.23861408233642578,False,19
2,4.04950386499695,2.2439999999999714,0.47732712856274584,-0.0012937350615615903,-0.003384451984988874,0.5,0.008946418561486254,0.659765899181366,0.868048906326294,0.2437346875667572,False,21
2,4.150410945003387,2.2439999999999714,0.47732712856274584,-0.0012937350615615903,-0.003384451984988874,0.5,0.008948890345539633,0.659765899181366,0.868048906326294,0.2437346875667572,False,21
2,4.278181567002321,2.312000000000012,0.49183423165766166,-0.0013429338036718625,-0.003390789873454097,0.5,0.013572135138872291,0.6090322136878967,0.8170762062072754,0.07501469552516937,False,21
2,4.381272193000768,2.3460000000000036,0.49908792449025136,-0.0013672317918021176,-0.003360981452854304,0.5,0.013590474886530297,0.6078137159347534,0.8170762062072754,0.07501469552516937,False,21
2,4.531016665998322,2.4139999999999873,0.5135952315874445,-0.0014159006980097436,-0.003354876708457205,0.5,0.012923770459745246,0.6078137159347534,0.8151149749755859,0.0751388669013977,False,21
2,4.662491328002943,2.5159999999999627,0.5353548304656062,-0.0014902055608937432,-0.0033259892838919886,0.5,0.01665036001150406,0.5914801359176636,0.8136313557624817,0.07426358759403229,False,20
2,4.763239273997897,2.5159999999999627,0.5353548304656062,-0.0014902055608937432,-0.0033259892838919886,0.5,0.016692550510917604,0.5914801359176636,0.8136313557624817,0.07426358759403229,False,20
2,4.89366920300381,2.617999999999995,0.5571066357743121,-0.0015628042368394076,-0.003312642855889089,0.5,0.014912538158077412,0.6143453121185303,0.81281977891922,0.07410341501235962,False,20
2,5.010776504997921,2.6859999999999786,0.5716134521557253,-0.0016102217786014012,-0.0033284494977975847,0.5,0.01495567413711643,0.6063004732131958,0.8079925775527954,0.07332450151443481,False,20
2,5.14487441899837,2.7199999999999704,0.5788670691395149,-0.0016343656541507182,-0.0033288995351466216,0.5,0.018341059548883112,0.6063004732131958,0.8079925775527954,0.07332450151443481,False,20
2,5.24789527500252,2.8220000000000027,0.6006199092435072,-0.0017076465337759897,-0.0032908374809665596,0.5,0.015456112073270616,0.6062504649162292,0.8063557147979736,0.07267634570598602,False,21
2,5.348758719999751,2.8220000000000027,0.6006199092435072,-0.0017076465337759897,-0.0032908374809665596,0.5,0.015501947298016891,0.6062504649162292,0.8063557147979736,0.07267634570598602,False,21
2,5.4950522650033236,2.923999999999978,0.6223803115800696,-0.0017788270590284854,-0.003314732176068641,0.5,0.015982207506241592,0.6050081849098206,0.8035175800323486,0.07186208665370941,False,21
2,5.615939128998434,2.991999999999962,0.6368875649329409,-0.0018268749534731316,-0.0033113845332427673,0.5,0.01603659908554005,0.5883246660232544,0.8033540844917297,0.07156887650489807,False,21
2,5.751054811000358,3.0260000000000105,0.6441411907186533,-0.0018508989585726881,-0.0033107205185892536,0.5,0.014389007794158339,0.5883246660232544,0.8033540844917297,0.07156887650489807,False,21
2,5.896525090000068,3.127999999999986,0.6659020239660177,-0.001923219486707437,-0.003322277140497606,0.5,0.015704567469608417,0.6042422652244568,0.7994672656059265,0.07102754712104797,False,21
2,6.017472492996603,3.1959999999999695,0.680409297557672,-0.0019713613704831897,-0.0033118617845432677,0.5,0.015743597233739668,0.6034265160560608,0.7979490160942078,0.07091665267944336,False,20
2,6.1522526379994815,3.2299999999999613,0.6876629283462456,-0.0019954540783940888,-0.0033103039085816232,0.5,0.0145280109356316,0.6034265160560608,0.7979490160942078,0.07091665267944336,False,20
2,6.25528435799788,3.3319999999999936,0.7094237790163346,-0.002067686831923436,-0.003318351704535834,0.5,0.017816094383482056,0.6027690172195435,0.7953789234161377,0.0700913816690445,False,21
2,6.355876713001635,3.3319999999999936,0.7094237790163346,-0.002067686831923436,-0.003318351704535834,0.5,0.017882844143402125,0.6027690172195435,0.7953789234161377,0.0700913816690445,False,21
2,6.500540339999134,3.433999999999969,0.731180289480903,-0.0021403304062892533,-0.003289133085756165,0.5,0.016207934553973766,0.607563853263855,0.7954291105270386,0.06995926797389984,False,20
2,6.627008465999097,3.5020000000000095,0.7456874318049346,-0.002187674875859365,-0.003295303654737017,0.5,0.017139977600944753,0.5846278071403503,0.7927502393722534,0.06900286674499512,False,21
2,6.761763797003368,3.5360000000000014,0.7529410769190272,-0.002211631011091747,-0.0032874551087046897,0.5,0.017235752601954174,0.5846278071403503,0.7927502393722534,0.06900286674499512,False,21
2,6.861874358000932,3.637999999999977,0.7747019620397678,-0.002283211624411525,-0.0032896723047290926,0.5,0.015613872958630742,0.593966007232666,0.7880187034606934,0.06809830665588379,False,19
2,6.962550103999092,3.637999999999977,0.7747019620397678,-0.002283211624411525,-0.0032896723047290926,0.5,0.015613872958630742,0.593966007232666,0.7880187034606934,0.06809830665588379,False,19
2,7.070466655000928,3.740000000000009,0.7964628470061724,-0.0023548070631176955,-0.0032805946257420983,0.5,0.01708762229789449,0.6149021983146667,0.7855548858642578,0.06717531383037567,False,20
2,7.171257907000836,3.740000000000009,0.7964628470061724,-0.0023548070631176955,-0.0032805946257420983,0.5,0.017122034252076104,0.6149021983146667,0.7855548858642578,0.06717531383037567,False,20
2,7.282350168003177,3.8419999999999845,0.8182237241097031,-0.00242621221030967,-0.003283884229516126,0.5,0.015300995161030532,0.6093440055847168,0.8394697308540344,0.2593280076980591,False,19
2,7.383170524000889,3.8419999999999845,0.8182237241097031,-0.00242621221030967,-0.003283884229516126,0.5,0.015327589206571486,0.6093440055847168,0.8394697308540344,0.2593280076980591,False,19
2,7.488383951000287,3.944000000000017,0.8399844383196637,-0.002497906769754284,-0.003259494587364385,0.5,0.0184080610761171,0.6033341288566589,0.7827472686767578,0.0657569020986557,False,21
2,7.589111615998263,3.944000000000017,0.8399844383196637,-0.002497906769754284,-0.003259494587364385,0.5,0.018457309821986213,0.6033341288566589,0.7827472686767578,0.0657569020986557,False,21
2,7.701293325000734,4.045999999999992,0.861742028258209,-0.002568173561951148,-0.003260735765649205,0.5,0.01613289078749585,0.5802124738693237,0.7811222076416016,0.06495136022567749,False,21
2,7.802414099001908,4.045999999999992,0.861742028258209,-0.002568173561951148,-0.003260735765649205,0.5,0.016181995647797997,0.5802124738693237,0.7811222076416016,0.06495136022567749,False,21
2,7.930080625003029,4.113999999999976,0.8762492658299241,-0.0026155161443205802,-0.0032633042168730164,0.5,0.017285505615809924,0.5965487957000732,0.7768422961235046,0.0644201785326004,False,19
2,8.035919447997003,4.147999999999968,0.8835029103960861,-0.0026391298734647016,-0.0032563847324891364,0.5,0.017330024549906682,0.5965487957000732,0.7735159993171692,0.0644201785326004,False,19
2,8.184813369996846,4.216000000000008,0.8980101871865873,-0.0026863862410049784,-0.0032522029330074396,0.5,0.018329908537269818,0.5955389738082886,0.7735159993171692,0.06386804580688477,False,21
2,8.284858908002207,4.317999999999984,0.9197709012144518,-0.0027568691146925583,-0.003233074695287981,0.5,0.01663527290843566,0.6261196732521057,0.7754918336868286,0.06347602605819702,False,20
2,8.38535659199988,4.317999999999984,0.9197709012144518,-0.0027568691146925583,-0.003233074695287981,0.5,0.01663527290843566,0.6261196732521057,0.7754918336868286,0.06347602605819702,False,20
2,8.5328967020032,4.420000000000016,0.9415317475518795,-0.0028274684256728994,-0.0032441224894795475,0.5,0.01561795409836003,0.6308696866035461,0.776163637638092,0.06314221024513245,False,21
2,8.64617079400341,4.4879999999999995,0.9560389823347398,-0.002874641093753385,-0.0032515943121462464,0.5,0.015635908462877976,0.6103455424308777,0.7718165516853333,0.06334124505519867,False,21
2,8.781073505997483,4.521999999999991,0.9632926070759329,-0.0028982239001674073,-0.003251456356962443,0.5,0.015799711510794873,0.6103455424308777,0.7718165516853333,0.06334124505519867,False,21
2,8.929404750997492,4.623999999999967,0.9850534844328434,-0.002968940079738182,-0.0032496978528184788,0.5,0.020346328345447886,0.6199223399162292,0.8395288586616516,0.25968602299690247,False,21
2,9.038789924998127,4.692000000000007,0.9995526771768759,-0.0030173430971456154,-0.0032033836753446814,0.5,0.02031452023803669,0.6372740864753723,0.7896754145622253,0.06727905571460724,False,21
2,9.17357921799703,4.725999999999999,1.0068009295949951,-0.0030409216141644045,-0.0031958387777510718,0.5,0.01803419526858449,0.6372740864753723,0.7896754145622253,0.06727905571460724,False,21
2,9.316411205996701,4.8279999999999745,1.028552401536207,-0.0031103182636081886,-0.0032015221207605366,0.5,0.019339526345031097,0.6518605947494507,0.83235102891922,0.24588724970817566,False,19
2,9.422387518003234,4.896000000000015,1.0430539834618369,-0.0031567326297484715,-0.003184912766020142,0.5,0.019361479008734053,0.6481364965438843,0.8294218182563782,0.24311530590057373,False,21
2,9.557408585998928,4.930000000000007,1.0503047922662985,-0.0031799257780394724,-0.003180343038825668,0.5,0.020583092832374122,0.6481364965438843,0.8294218182563782,0.24311530590057373,False,21
2,9.664686743999482,5.031999999999982,1.0720511454494996,-0.0032506651651634686,-0.0031510750413262685,0.5,0.021333586951867805,0.632611095905304,0.7866377234458923,0.063258096575737,False,20
2,9.76533149700117,5.031999999999982,1.0720511454494996,-0.0032506651651634686,-0.0031510750413262685,0.5,0.02138011611585737,0.632611095905304,0.7866377234458923,0.063258096575737,False,20
2,9.901888852997217,5.1340000000000146,1.0937954084895951,-0.0033202424646867758,-0.0031193315613953433,0.5,0.021618470612973967,0.6193019151687622,0.7846524119377136,0.06194406747817993,False,19
2,10.018741159998171,5.201999999999998,1.108291491615512,-0.003366233258623047,-0.0031023511805834915,0.5,0.02152126664007613,0.6437424421310425,0.7958747148513794,0.06037284433841705,False,21
2,10.153476952997153,5.23599999999999,1.115539537828611,-0.0033891090344939415,-0.0030958939590432976,0.5,0.021638023949339506,0.6437424421310425,0.7958747148513794,0.06037284433841705,False,21
2,10.255375373999414,5.337999999999965,1.1372838041467455,-0.0034572750966985976,-0.0030849274109952187,0.5,0.020250767284501297,0.6478098630905151,0.7952563762664795,0.059872791171073914,False,21
2,10.356306943998788,5.337999999999965,1.1372838041467455,-0.0034572750966985976,-0.0030849274109952187,0.5,0.020289486864986883,0.6478098630905151,0.7952563762664795,0.059872791171073914,False,21
2,10.456528577997233,5.439999999999998,1.1590284367884536,-0.003524837203276495,-0.003077689111207286,0.5,0.020325181945769277,0.6513986587524414,0.8031184673309326,0.06332345306873322,False,19
2,10.557644544998766,5.439999999999998,1.1590284367884536,-0.003524837203276495,-0.003077689111207286,0.5,0.02037053335254532,0.6513986587524414,0.8031184673309326,0.06332345306873322,False,19
2,10.6613473000034,5.541999999999973,1.1807733776280414,-0.003592310749054284,-0.00307354875834714,0.5,0.01906946300770591,0.6315999031066895,0.8125006556510925,0.06795379519462585,False,21
2,10.762260028997844,5.541999999999973,1.1807733776280414,-0.003592310749054284,-0.00307354875834714,0.5,0.01909713295216118,0.6315999031066895,0.8125006556510925,0.06795379519462585,False,21
2,10.912057080997329,5.6440000000000055,1.2025200036664436,-0.0036594626187257807,-0.003058520585916022,0.5,0.020316225167114454,0.6587214469909668,0.8242414593696594,0.07137753069400787,False,21
2,11.038241593996645,5.711999999999989,1.2170165038581917,-0.003704426347933467,-0.0030437909618817177,0.5,0.02051973394782364,0.6324530243873596,0.8322632908821106,0.07354585826396942,False,20
2,11.139127950998954,5.711999999999989,1.2170165038581917,-0.003704426347933467,-0.0030437909618817177,0.5,0.020563860318439417,0.6324530243873596,0.8322632908821106,0.07354585826396942,False,20
2,11.2487640870022,5.8139999999999645,1.2387611249638928,-0.0037713065036495755,-0.003022769899554227,0.5,0.02061825728262225,0.6964254975318909,0.8545495867729187,0.23319682478904724,False,20
2,11.349807106002118,5.8139999999999645,1.2387611249638928,-0.0037713065036495755,-0.003022769899554227,0.5,0.020669923909991398,0.6964254975318909,0.8545495867729187,0.23319682478904724,False,20
2,11.456749500001024,5.915999999999997,1.260505650533585,-0.003837667318580793,-0.003004654553331977,0.5,0.019699571777823402,0.6807225346565247,0.8577448725700378,0.2342163622379303,False,21
2,11.55756341000233,5.915999999999997,1.260505650533585,-0.003837667318580793,-0.003004654553331977,0.5,0.01975687369539862,0.6807225346565247,0.8577448725700378,0.2342163622379303,False,21
2,11.67176429599931,6.017999999999972,1.2822510661849027,-0.0039032578580050986,-0.00300184026226008,0.5,0.019545266337625152,0.6753060817718506,0.8590530157089233,0.23483142256736755,False,21
2,11.772528118999617,6.017999999999972,1.2822510661849027,-0.0039032578580050986,-0.00300184026226008,0.5,0.01960956685114396,0.6753060817718506,0.8590530157089233,0.23483142256736755,False,21
2,11.885492763998627,6.1200000000000045,1.3040001106064416,-0.003968598411760304,-0.0029906545526182516,0.5,0.018532413893060273,0.7084615230560303,0.8619800806045532,0.23359546065330505,False,21
2,11.986333382003068,6.1200000000000045,1.3040001106064416,-0.003968598411760304,-0.0029906545526182516,0.5,0.018598013481351563,0.7084615230560303,0.8619800806045532,0.23359546065330505,False,21
2,12.094457197003067,6.22199999999998,1.3257544978745945,-0.004033603090344907,-0.0029875213876758957,0.5,0.018407113448189894,0.7040624022483826,0.8646261096000671,0.23477903008460999,False,20
2,12.195075301999168,6.22199999999998,1.3257544978745945,-0.004033603090344907,-0.0029875213876758957,0.5,0.01847572208044668,0.7040624022483826,0.8646261096000671,0.23477903008460999,False,20
2,12.342987064002955,6.324000000000012,1.3475127728880114,-0.0040986178750499255,-0.0029787952700672973,0.5,0.016146020264435203,0.6964925527572632,0.8667864203453064,0.23438164591789246,False,20
2,12.454788825001742,6.391999999999996,1.3620199231862153,-0.004141694714306082,-0.002999450432155038,0.5,0.016199244283526832,0.6626444458961487,0.8658339381217957,0.23646119236946106,False,20
2,12.58971814999677,6.425999999999988,1.3692735543067267,-0.004163447869644408,-0.002999310986047735,0.5,0.01709198507989651,0.6626444458961487,0.8658339381217957,0.23646119236946106,False,20
2,12.737153292000585,6.527999999999963,1.3910344753164676,-0.004228642437428268,-0.002990917997119198,0.5,0.015805345669911503,0.6724315285682678,0.8642862439155579,0.23697850108146667,False,21
2,12.842887842998607,6.596000000000004,1.4055417142318412,-0.0042721796378678515,-0.002999978296006377,0.5,0.015838134357129604,0.6733176708221436,0.8043984770774841,0.03443785011768341,False,21
2,12.977664161000575,6.6299999999999955,1.4127953431438356,-0.004293939263730064,-0.0029997604698905472,0.5,0.012116634905492335,0.6733176708221436,0.8043984770774841,0.03443785011768341,False,21
2,13.122706055997696,6.731999999999971,1.434555979739571,-0.004359855795218077,-0.0030280577266843284,0.5,0.02064553954031262,0.6813352108001709,0.8694960474967957,0.2642393708229065,False,21
2,13.232174630997179,6.800000000000011,1.4490568738416796,-0.004404312495835043,-0.0029519757471440002,0.5,0.020647934272383397,0.6464779376983643,0.8116056323051453,0.07788674533367157,False,20
2,13.367119301998173,6.834000000000003,1.4563050575415948,-0.004426059409369024,-0.0029426615578716413,0.5,0.0210338699206663,0.6464779376983643,0.8116056323051453,0.07788674533367157,False,20
2,13.517349873996864,6.935999999999979,1.4780521821750126,-0.0044926746138161675,-0.002891008639571662,0.5,0.02445615780056867,0.611099362373352,0.8112439513206482,0.07607464492321014,False,21
2,13.635268500001985,7.003999999999962,1.4925563179033425,-0.004536178812752151,-0.0028638263968556125,0.5,0.023759907536358264,0.6203356981277466,0.8093994855880737,0.07393024861812592,False,19
2,13.770851813002082,7.038000000000011,1.4998071135382722,-0.0045569622687512456,-0.002854179748310819,0.5,0.024018506400817246,0.6203356981277466,0.8093994855880737,0.07393024861812592,False,19
2,13.911763513999176,7.139999999999986,1.5215444946341539,-0.004614314270959701,-0.002786033217329974,0.5,0.027194109200188055,0.6342329978942871,0.8068215250968933,0.07152760028839111,False,20
2,14.031999323997297,7.20799999999997,1.536028366964663,-0.004653770674027876,-0.0027504904053439684,0.5,0.02105695319828606,0.6416904926300049,0.8069326281547546,0.06964819133281708,False,20
2,14.167316801998822,7.241999999999962,1.5432724054873619,-0.004675782788701721,-0.002777515730256351,0.5,0.02142340461441075,0.6416904926300049,0.8069326281547546,0.06964819133281708,False,20
2,14.2723589130037,7.343999999999994,1.5650136402265367,-0.004737444153710922,-0.00279376847446223,0.5,0.01737442972392643,0.640457034111023,0.8115445971488953,0.06863592565059662,False,21
2,14.37294431799819,7.343999999999994,1.5650136402265367,-0.004737444153710922,-0.00279376847446223,0.5,0.017544245484761353,0.640457034111023,0.8115445971488953,0.06863592565059662,False,21
2,14.485529388999566,7.411999999999978,1.5795114264232368,-0.004778279563563604,-0.0027921435837967154,0.5,0.01791646778453008,0.6397215723991394,0.8101667761802673,0.06837131083011627,False,21
2,14.588159911996627,7.4459999999999695,1.5867602681680206,-0.004798677651415877,-0.002788267352325438,0.5,0.018076915425711902,0.6381529569625854,0.8101667761802673,0.06837131083011627,False,21
2,14.737800916002016,7.51400000000001,1.6012578188745692,-0.004839375286710761,-0.002781063174142784,0.5,0.023000366818088848,0.6381529569625854,0.8081122636795044,0.06703393161296844,False,21
2,14.88548475800053,7.6159999999999854,1.6230082990367487,-0.004902070571018874,-0.0027140807970346625,0.5,0.021196919648149112,0.6713611483573914,0.806847870349884,0.0658663660287857,False,21
2,14.98940484799823,7.649999999999977,1.63025683151569,-0.004921438523624085,-0.0027196054016175126,0.5,0.021416617005466574,0.6713611483573914,0.8056109547615051,0.0658663660287857,False,21
2,15.089922366998508,7.718000000000018,1.6447529532503635,-0.004961372291871135,-0.0027107556907441555,0.5,0.023221592159195836,0.6690018177032471,0.8056109547615051,0.0639035552740097,False,20
2,15.194640877001802,7.7520000000000095,1.652001778133739,-0.004982296678333349,-0.002692408596334178,0.5,0.023489593507307577,0.6686946153640747,0.8056109547615051,0.0639035552740097,False,20
2,15.298434955002449,7.819999999999993,1.6665009243596038,-0.005022372898478145,-0.0026669496126191135,0.5,0.02027697532656238,0.6686946153640747,0.8009568452835083,0.06249774992465973,False,21
2,15.416461651002464,7.887999999999977,1.6809972862412268,-0.005061393714341098,-0.002676903072758915,0.5,0.02053730208737849,0.6675959825515747,0.8023074865341187,0.06094677746295929,False,20
2,15.551512489997549,7.921999999999969,1.6882454073934783,-0.005080987611091251,-0.002672480315859925,0.5,0.02204729268147427,0.6675959825515747,0.8023074865341187,0.06094677746295929,False,20
2,15.66454742699716,8.024000000000001,1.7099893469817338,-0.005140013478249275,-0.002640774915403094,0.5,0.0194577869644106,0.6462997794151306,0.798469066619873,0.06014423072338104,False,21
2,15.76555398900382,8.024000000000001,1.7099893469817338,-0.005140013478249275,-0.002640774915403094,0.5,0.019725031904845997,0.6462997794151306,0.798469066619873,0.06014423072338104,False,21
2,15.888430603998131,8.125999999999976,1.7317342896754502,-0.0051981963949263256,-0.0026458817444408693,0.5,0.021983572395981532,0.6521178483963013,0.7944464087486267,0.059025004506111145,False,20
2,15.989546031996724,8.125999999999976,1.7317342896754502,-0.0051981963949263256,-0.0026458817444408693,0.5,0.022293749313832222,0.6521178483963013,0.7944464087486267,0.059025004506111145,False,20
2,16.105512285997975,8.228000000000009,1.7534806577495519,-0.005257656134883417,-0.0026009297779409648,0.5,0.01979713847094351,0.6671624779701233,0.7936234474182129,0.05834202468395233,False,21
2,16.206100112998683,8.228000000000009,1.7534806577495519,-0.005257656134883417,-0.0026009297779409648,0.5,0.02007312421009784,0.6671624779701233,0.7936234474182129,0.05834202468395233,False,21
2,16.316514097001345,8.329999999999984,1.7752253055072185,-0.005314682588773415,-0.0026041039442486367,0.5,0.023414983472865955,0.6930615305900574,0.7955070734024048,0.057622745633125305,False,21
2,16.41716731100314,8.329999999999984,1.7752253055072185,-0.005314682588773415,-0.0026041039442486367,0.5,0.02373266188888159,0.6930615305900574,0.7955070734024048,0.057622745633125305,False,21
2,16.522135416998935,8.432000000000016,1.7969770524199875,-0.005374174413997801,-0.0025485268593856887,0.5,0.023270644103523495,0.6862122416496277,0.7941063642501831,0.05682891607284546,False,21
2,16.622895211003197,8.432000000000016,1.7969770524199875,-0.005374174413997801,-0.0025485268593856887,0.5,0.023582569185166533,0.6862122416496277,0.7941063642501831,0.05682891607284546,False,21
2,16.771320462001313,8.533999999999992,1.8187226696651093,-0.005428965149479939,-0.0025153445004543053,0.5,0.026394851817767025,0.6790573596954346,0.7896056175231934,0.056297898292541504,False,21
2,16.89156474400079,8.601999999999975,1.8332105197893933,-0.005462268088460702,-0.002462614370949864,0.5,0.026712950694629565,0.6686685681343079,0.785735547542572,0.05557790398597717,False,21
2,17.02706016800221,8.635999999999967,1.8404528836171161,-0.005479642382917883,-0.0024473939105888525,0.5,0.02632366910904184,0.6686685681343079,0.785735547542572,0.05557790398597717,False,21
2,17.171383414999582,8.738,1.8621786550667618,-0.005532282238202921,-0.0024117509702951886,0.5,0.027683172268796043,0.7122223377227783,0.847588300704956,0.25669094920158386,False,20
2,17.28590539799916,8.805999999999983,1.8766614806452433,-0.0055663138240108845,-0.0023810073428441342,0.5,0.025914401456987774,0.7086997032165527,0.846550703048706,0.25439363718032837,False,21
2,17.42057022100198,8.839999999999975,1.8839028125179964,-0.005584460159857424,-0.0023819353473644176,0.5,0.02659994466699108,0.7086997032165527,0.846550703048706,0.25439363718032837,False,21
2,17.52096683000127,8.942000000000007,1.905628525664921,-0.005635187998866715,-0.0023368947597885432,0.5,0.02892729106197352,0.6826469302177429,0.7855923771858215,0.05395466089248657,False,20
2,17.621563847998914,8.942000000000007,1.905628525664921,-0.005635187998866715,-0.0023368947597885432,0.5,0.02892729106197352,0.6826469302177429,0.7855923771858215,0.05395466089248657,False,20
2,17.721691136997833,9.043999999999983,1.927352316556222,-0.005684863576505678,-0.0022900567472957235,0.5,0.027661818533046605,0.6825233101844788,0.7825062274932861,0.05350305140018463,False,21
2,17.822480021997762,9.043999999999983,1.927352316556222,-0.005684863576505678,-0.0022900567472957235,0.5,0.028017163448994988,0.6825233101844788,0.7825062274932861,0.05350305140018463,False,21
2,17.936371746000077,9.111999999999966,1.9418354362083212,-0.005718176757369588,-0.00227131013203114,0.5,0.029647186692340302,0.6723112463951111,0.7791732549667358,0.053272515535354614,False,20
2,18.039493210999353,9.146000000000015,1.9490772341237736,-0.0057344690002968865,-0.0022497682259803226,0.5,0.030007292248714318,0.6957775950431824,0.7791732549667358,0.053272515535354614,False,20
2,18.188792111999646,9.213999999999999,1.9635603052399684,-0.005765522124069578,-0.002200664241231148,0.5,0.028677488772282215,0.6957775950431824,0.7804552912712097,0.053025022149086,False,21
2,18.33666991700011,9.315999999999974,1.9852848055887213,-0.005814124022226756,-0.0021783893342279107,0.5,0.028231335773930204,0.6858664751052856,0.7786005735397339,0.049871668219566345,False,20
2,18.449846948002232,9.384000000000015,1.999767956993887,-0.005845902192689322,-0.00216266373989871,0.5,0.0285734499643801,0.6777699589729309,0.7737523317337036,0.050848886370658875,False,21
2,18.584541420997994,9.418000000000006,2.007009661773939,-0.005861450426013333,-0.002149406409440362,0.5,0.02879818986375487,0.6777699589729309,0.7737523317337036,0.050848886370658875,False,21
2,18.72959954399994,9.519999999999982,2.0287347844343855,-0.005907407284999429,-0.002107717069109807,0.5,0.025351002613228788,0.6803333759307861,0.7810745239257812,0.0492565780878067,False,20
2,18.82963266000297,9.553999999999974,2.035975883978897,-0.005923184665406533,-0.0021152958159091025,0.5,0.025718806046065846,0.7070284485816956,0.7903491258621216,0.050011903047561646,False,21
2,18.93431722999958,9.622000000000014,2.050459394167148,-0.005954203099559033,-0.0020982334281175676,0.5,0.01946913853517358,0.7070284485816956,0.7903491258621216,0.050011903047561646,False,21
2,19.0374860899974,9.656000000000006,2.057705734519298,-0.005970481727619151,-0.0021237488978875013,0.5,0.019757026535463545,0.7070284485816956,0.8018590807914734,0.050011903047561646,False,21
2,19.144643703999463,9.72399999999999,2.072202387021391,-0.006001817294208961,-0.0021149827994734844,0.5,0.019761878462207016,0.7109838128089905,0.8018590807914734,0.053816914558410645,False,21
2,19.24887971299904,9.757999999999981,2.079450754007169,-0.006017596429811992,-0.002115364265183456,0.5,0.019974357092920524,0.7253045439720154,0.8018590807914734,0.053816914558410645,False,21
2,19.35666922100063,9.825999999999965,2.093947361600793,-0.0060486179530770305,-0.00210733033923154,0.5,0.024793894263251466,0.7253045439720154,0.8405716419219971,0.23850494623184204,False,20
2,19.481870271003572,9.894000000000005,2.1084425221754683,-0.006079295031389282,-0.0020513084526163263,0.5,0.0250081591809253,0.7125746607780457,0.8316452503204346,0.2386392056941986,False,19
2,19.616864773000998,9.927999999999997,2.1156880476442512,-0.006093164817491196,-0.0020335927649451453,0.5,0.0317426525122697,0.7125746607780457,0.8316452503204346,0.2386392056941986,False,19
2,19.719831711998268,10.029999999999973,2.13742818156944,-0.006135043935081319,-0.0019154665998992527,0.5,0.03604434062232647,0.7346182465553284,0.8334801197052002,0.23809900879859924,False,21
2,19.821449053000833,10.029999999999973,2.13742818156944,-0.006135043935081319,-0.0019154665998992527,0.5,0.03633755500146491,0.7346182465553284,0.8334801197052002,0.23809900879859924,False,21
2,19.93518858400057,10.132000000000005,2.1591757380943686,-0.00617490084311594,-0.0018028267642244587,0.5,0.038775765400231046,0.7326722145080566,0.8386995196342468,0.23647236824035645,False,20
2,20.03603743200074,10.132000000000005,2.1591757380943686,-0.00617490084311594,-0.0018028267642244587,0.5,0.039066458012282465,0.7326722145080566,0.8386995196342468,0.23647236824035645,False,20
2,20.140071023000928,10.23399999999998,2.1809268869682286,-0.00621157424672179,-0.0016664158887360432,0.5,0.04393614663919339,0.7450291514396667,0.8416352868080139,0.23452207446098328,False,21
2,20.240799706996768,10.23399999999998,2.1809268869682286,-0.00621157424672179,-0.0016664158887360432,0.5,0.04422400678798842,0.7450291514396667,0.8416352868080139,0.23452207446098328,False,21
2,20.38790224299737,10.336000000000013,2.2026853737367675,-0.006245360750210186,-0.0015426755437417017,0.5,0.04679961817849873,0.7159781455993652,0.8375821709632874,0.23369407653808594,False,19
2,20.50167684900225,10.403999999999996,2.217190954629561,-0.00626635433288772,-0.0014646618547795973,0.5,0.039940343164129026,0.7261420488357544,0.8448377251625061,0.23319295048713684,False,19
2,20.63654358000349,10.437999999999988,2.2244381772168014,-0.006275873449382896,-0.0014763052001638818,0.5,0.04056327084334079,0.7261420488357544,0.8448377251625061,0.23319295048713684,False,19
2,20.784571026000776,10.539999999999964,2.246168805042452,-0.006306696035715641,-0.0014241245426862966,0.5,0.037014863560282114,0.7383022308349609,0.8439929485321045,0.2317429482936859,False,21
2,20.905850748000375,10.608000000000004,2.2606493615484267,-0.00632608326912065,-0.0013795993633474056,0.5,0.031420617598489416,0.7491578459739685,0.8385273218154907,0.053288042545318604,False,20
2,21.040866554001695,10.641999999999996,2.2678873876306525,-0.00633708518307194,-0.001391885932856577,0.5,0.03209215765199245,0.7491578459739685,0.8385273218154907,0.053288042545318604,False,20
2,21.18705756899726,10.743999999999971,2.289602505699462,-0.006368081716822696,-0.0013709204847342457,0.5,0.03072949032294857,0.7339664101600647,0.8403401970863342,0.05284340679645538,False,21
2,21.30203463199723,10.812000000000012,2.3040802509592524,-0.006388066340935416,-0.0013469110531429127,0.5,0.02932841612327904,0.7374586462974548,0.8615299463272095,0.23302748799324036,False,21
2,21.402821304996905,10.812000000000012,2.3040802509592524,-0.006388066340935416,-0.0013469110531429127,0.5,0.0297005272375483,0.7374586462974548,0.8615299463272095,0.23302748799324036,False,21
2,21.543662427997333,10.913999999999987,2.325797920116372,-0.006417210935502854,-0.0013138963144944489,0.5,0.025918718219159982,0.7118484973907471,0.8589337468147278,0.23201802372932434,False,20
2,21.644408284002566,10.947999999999979,2.333038050734543,-0.0064270422419149585,-0.0013282558734753567,0.5,0.026288089293406303,0.7118484973907471,0.8571709394454956,0.2344186007976532,False,21
2,21.791685593001603,11.015999999999963,2.3475186885217387,-0.006446480008202928,-0.0013160588017648886,0.5,0.02454474368318169,0.7604051828384399,0.8571709394454956,0.2344186007976532,False,21
2,21.936751109999022,11.117999999999995,2.3692439644094034,-0.006475874241478744,-0.0013067155145920085,0.5,0.019660568646471994,0.7697525024414062,0.8625401258468628,0.2355610430240631,False,20
2,22.051913189003244,11.185999999999979,2.3837383516653516,-0.006496261352965468,-0.0013235773610968113,0.5,0.019959048099611222,0.760463297367096,0.8677664399147034,0.24419188499450684,False,20
2,22.187466224000673,11.21999999999997,2.3909867318817923,-0.0065060916865289885,-0.0013175683617872207,0.5,0.02369554503448508,0.760463297367096,0.8677664399147034,0.24419188499450684,False,20
2,22.33247215099982,11.322000000000003,2.4127231851303477,-0.006534088684010626,-0.0012723107008970696,0.5,0.023848829765131488,0.7286005616188049,0.8641880750656128,0.24541747570037842,False,21
2,22.45040123900253,11.389999999999986,2.4272134798983633,-0.0065525461693649945,-0.0012532678599202624,0.5,0.024058736233740947,0.7413102984428406,0.8539747595787048,0.2452825903892517,False,21
2,22.58519285300281,11.423999999999978,2.434458340403018,-0.006561567623318396,-0.00124165387475006,0.5,0.021920203315255758,0.7413102984428406,0.8539747595787048,0.2452825903892517,False,21
2,22.727803793997737,11.52600000000001,2.456199863512248,-0.006589966415968897,-0.0012334317968593859,0.5,0.021396185852505422,0.7598168849945068,0.8582213521003723,0.24058422446250916,False,21
2,22.845545675998437,11.593999999999994,2.4706960280755887,-0.006608659431890568,-0.0012313499315367586,0.5,0.021547496835916512,0.7341924905776978,0.858187735080719,0.23937994241714478,False,19
2,22.980452894000337,11.627999999999986,2.4779440799030343,-0.006617908873224679,-0.0012267950669164784,0.5,0.018641737251756246,0.7341924905776978,0.858187735080719,0.23937994241714478,False,19
2,23.090035972003534,11.729999999999961,2.4996898246647796,-0.0066452981862063385,-0.0012387569372642065,0.5,0.019238338253486333,0.7409378886222839,0.8716309070587158,0.23334619402885437,False,21
2,23.190638469000987,11.729999999999961,2.4996898246647796,-0.0066452981862063385,-0.0012387569372642065,0.5,0.019298449852925635,0.7409378886222839,0.8716309070587158,0.23334619402885437,False,21
2,23.29895274300361,11.831999999999994,2.521435784466023,-0.006672404658362383,-0.0012268620555418645,0.5,0.03213792165206768,0.6979194283485413,0.8164607286453247,0.07815946638584137,False,20
2,23.399744640999415,11.831999999999994,2.521435784466023,-0.006672404658362383,-0.0012268620555418645,0.5,0.032230606397305156,0.6979194283485413,0.8164607286453247,0.07815946638584137,False,20
2,23.508332067001902,11.933999999999969,2.5431880016089874,-0.006695892255406166,-0.0010689713648323333,0.5,0.03766968152133018,0.7232352495193481,0.8089913725852966,0.0751485526561737,False,20
2,23.60938836800051,11.933999999999969,2.5431880016089874,-0.006695892255406166,-0.0010689713648323333,0.5,0.03782867337461966,0.7232352495193481,0.8089913725852966,0.0751485526561737,False,20
2,23.712909913003386,12.036000000000001,2.564946238282527,-0.006715048810791082,-0.0008678648660972706,0.5,0.04878463474053537,0.7364225387573242,0.8130914568901062,0.07344578206539154,False,19
2,23.813781855002162,12.036000000000001,2.564946238282527,-0.006715048810791082,-0.0008678648660972706,0.5,0.04904741287039639,0.7364225387573242,0.8130914568901062,0.07344578206539154,False,19
2,23.92653723699914,12.137999999999977,2.5867070346352152,-0.006731539977905237,-0.0007349331271112296,0.5,0.0553165594133384,0.7334767580032349,0.8104490637779236,0.07053779065608978,False,21
2,24.027534658998775,12.137999999999977,2.5867070346352152,-0.006731539977905237,-0.0007349331271112296,0.5,0.05575922788937763,0.7334767580032349,0.8104490637779236,0.07053779065608978,False,21
2,24.139356453997607,12.240000000000009,2.608468913029438,-0.006747405469165157,-0.0005202375484371331,0.5,0.05687721762126642,0.7343552708625793,0.8070411682128906,0.06703104078769684,False,21
2,24.24029555999732,12.240000000000009,2.608468913029438,-0.006747405469165157,-0.0005202375484371331,0.5,0.057381294971491074,0.7343552708625793,0.8070411682128906,0.06703104078769684,False,21
2,24.385698086000048,12.341999999999985,2.6302324973573303,-0.006760308100209744,-0.00032519010692548983,0.5,0.058947694588808046,0.7499496936798096,0.8088321685791016,0.06500367820262909,False,21
2,24.49519851199875,12.409999999999968,2.644741140741971,-0.00676658873119778,-0.0001953750617741773,0.5,0.05560154544112455,0.7281717658042908,0.8023552894592285,0.06129276752471924,False,21
2,24.63043106799887,12.444000000000017,2.6519958647947957,-0.006767924903570853,-0.00016364001585512683,0.5,0.056876808790605846,0.7281717658042908,0.8023552894592285,0.06129276752471924,False,21
2,24.73919675799698,12.545999999999992,2.673760802628218,-0.006772177119139724,3.643655504377244e-06,0.5,0.0569237716703236,0.707194983959198,0.8039292693138123,0.060696959495544434,False,20
2,24.840241942998546,12.545999999999992,2.673760802628218,-0.006772177119139724,3.643655504377244e-06,0.5,0.05758407734582822,0.707194983959198,0.8039292693138123,0.060696959495544434,False,20
2,24.97778585999913,12.613999999999976,2.6882697772668904,-0.00677340695003954,0.00012535158690590945,0.5,0.053625342785051426,0.7447021007537842,0.8014401793479919,0.04659508168697357,False,20
2,25.086752690003777,12.647999999999968,2.695524682642776,-0.006772508731760451,0.00014663469149807194,0.5,0.05430138591000662,0.7447021007537842,0.8014401793479919,0.04659508168697357,False,20
2,25.189707156001532,12.716000000000008,2.7100346538051996,-0.006770269794653109,0.00024350236146410888,0.5,0.05543681286452643,0.740382730960846,0.8626386523246765,0.25685426592826843,False,21
2,25.292859661996772,12.75,2.7172897040981536,-0.006769243005660502,0.00030214002866615745,0.5,0.056104205734482326,0.740382730960846,0.8626386523246765,0.25685426592826843,False,21
2,25.399425260999124,12.817999999999984,2.7317999034383567,-0.006766229536751012,0.0004285013804017469,0.5,0.05541926704162088,0.7417484521865845,0.7994416356086731,0.044502273201942444,False,21
2,25.512377992003167,12.885999999999967,2.7463102948257183,-0.006760637553607508,0.0005305465615315916,0.5,0.05611358330156079,0.7335346937179565,0.8031026721000671,0.04390464723110199,False,21
2,25.647064092998335,12.920000000000016,2.7535651498341416,-0.006757623911088809,0.0005914104881674817,0.5,0.055906192447929985,0.7335346937179565,0.8031026721000671,0.04390464723110199,False,21
2,25.79370645400195,13.021999999999991,2.7753295016479806,-0.006745594872071664,0.000759324314629177,0.5,0.05403755555064157,0.7426665425300598,0.8726950287818909,0.2514856457710266,False,21
2,25.89372667599673,13.055999999999983,2.782584079557013,-0.006740206295625158,0.0007893416277641844,0.5,0.054752049441980304,0.7814575433731079,0.8830373883247375,0.24988165497779846,False,19
2,26.000634759002423,13.123999999999967,2.7970928679997544,-0.006729491044982905,0.0008988287111975239,0.5,0.05415184471794684,0.7814575433731079,0.8830373883247375,0.24988165497779846,False,19
2,26.11703848400066,13.192000000000007,2.8116007467181046,-0.006717114199894734,0.000995950537253686,0.5,0.05485694447252379,0.7894854545593262,0.8761543035507202,0.24911272525787354,False,20
2,26.252195973000198,13.225999999999999,2.818855186740324,-0.006710547339820244,0.0010566106561316247,0.5,0.05519518463256122,0.7894854545593262,0.8761543035507202,0.24911272525787354,False,20
2,26.39952313699905,13.327999999999975,2.8406186757445937,-0.006688320480600044,0.0012286500102768089,0.5,0.05626488514772862,0.7911316156387329,0.8765844702720642,0.24852517247200012,False,20
2,26.511897131000296,13.396000000000015,2.8551279970330037,-0.0066714229154527195,0.001340689246312168,0.5,0.05698574683157352,0.7773123383522034,0.873993992805481,0.24753788113594055,False,21
2,26.646699734999856,13.430000000000007,2.8623818190962256,-0.006662538816883426,0.0014013037591404363,0.5,0.055771640021434594,0.7773123383522034,0.873993992805481,0.24753788113594055,False,21
2,26.793259345999104,13.531999999999982,2.884145550666608,-0.006632737483929749,0.001561135580926433,0.5,0.059233601312904276,0.7256321907043457,0.815079391002655,0.048532575368881226,False,20
2,26.920726757998636,13.599999999999966,2.8986498743582114,-0.006611796644963974,0.0016947385311611549,0.5,0.059913257355071955,0.7742829918861389,0.8384246826171875,0.0494731068611145,False,21
2,27.05527629399876,13.634000000000015,2.9059008345272153,-0.006600520021538801,0.001757650537451687,0.5,0.06183108796885221,0.7742829918861389,0.8384246826171875,0.0494731068611145,False,21
2,27.16243675199803,13.73599999999999,2.927648182982861,-0.006564371523469192,0.001954441088837287,0.5,0.06363428969279922,0.7621884942054749,0.8805639147758484,0.24395602941513062,False,20
2,27.263307371998962,13.73599999999999,2.927648182982861,-0.006564371523469192,0.001954441088837287,0.5,0.06433259271283408,0.7621884942054749,0.8805639147758484,0.24395602941513062,False,20
2,27.3656117740029,13.837999999999965,2.949392880155449,-0.006523906862047783,0.0020927110232332948,0.5,0.05445379133742821,0.8084114789962769,0.8797572255134583,0.2401527464389801,False,19
2,27.466638022000552,13.837999999999965,2.949392880155449,-0.006523906862047783,0.0020927110232332948,0.5,0.05505178492109643,0.8084114789962769,0.8797572255134583,0.2401527464389801,False,19
2,27.57848805699905,13.939999999999998,2.971149043798104,-0.006477277888549497,0.002228066389688195,0.5,0.054382615920366806,0.8006041646003723,0.8807168006896973,0.23891934752464294,False,20
2,27.679594309003733,13.939999999999998,2.971149043798104,-0.006477277888549497,0.002228066389688195,0.5,0.054826559939311126,0.8006041646003723,0.8807168006896973,0.23891934752464294,False,20
2,27.78659601000254,14.041999999999973,2.992905838770409,-0.006430445006438138,0.002431804070808455,0.5,0.06078748482468556,0.8349177837371826,0.8824672698974609,0.23843899369239807,False,21
2,27.887431743001798,14.041999999999973,2.992905838770409,-0.006430445006438138,0.002431804070808455,0.5,0.06116888504345837,0.8349177837371826,0.8824672698974609,0.23843899369239807,False,21
2,28.002312905999133,14.144000000000005,3.0146477950838753,-0.00637822906533454,0.0022448003642022833,0.5,0.07061276483833547,0.800605297088623,0.8780474066734314,0.23592203855514526,False,21
2,28.102942031000566,14.144000000000005,3.0146477950838753,-0.00637822906533454,0.0022448003642022833,0.5,0.07126328716229967,0.800605297088623,0.8780474066734314,0.23592203855514526,False,21
2,28.226918450003723,14.211999999999989,3.0291617183212733,-0.006345782922718475,0.0025755591321028224,0.5,0.07696278794063982,0.8198132514953613,0.8817815184593201,0.23630639910697937,False,21
2,28.32745737100049,14.245999999999981,3.0364074148662796,-0.006331803712250844,0.0027827535826880855,0.5,0.07735670147003189,0.8126971125602722,0.8803053498268127,0.2367098033428192,False,21
2,28.473084106997703,14.313999999999965,3.0508899045991815,-0.00631485494916805,0.0032022838134971392,0.5,0.07949033593699058,0.8126971125602722,0.8803053498268127,0.2367098033428192,False,21
2,28.574449118998018,14.415999999999997,3.0726105758660567,-0.006287855379339066,0.00398264757432968,0.5,0.07420870756813959,0.781832218170166,0.8878430724143982,0.26939883828163147,False,21
2,28.67524810699979,14.415999999999997,3.0726105758660567,-0.006287855379339066,0.00398264757432968,0.5,0.0744939452710972,0.781832218170166,0.8878430724143982,0.26939883828163147,False,21
2,28.82363514500321,14.517999999999972,3.094328049002298,-0.006221736441840704,0.0044383582185971125,0.5,0.07230849548729024,0.8127073645591736,0.8910414576530457,0.27168235182762146,False,21
2,28.92585167499783,14.551999999999964,3.101566853533707,-0.006192727974028833,0.0045284278657723364,0.5,0.07262003744303308,0.8127073645591736,0.8935220837593079,0.27168235182762146,False,21
2,29.0292419000034,14.620000000000005,3.116042418380091,-0.006141107411113936,0.004821881848030135,0.5,0.07265711418563282,0.7856814861297607,0.8935220837593079,0.2743373513221741,False,21
2,29.14483206099976,14.687999999999988,3.1305183390892766,-0.006086467490449146,0.005132908257618929,0.5,0.07290519873694368,0.7890694737434387,0.8979018926620483,0.27129682898521423,False,20
2,29.27992154799722,14.72199999999998,3.137749555415697,-0.006063558682992243,0.0053413030045084625,0.5,0.07621444903553973,0.7890694737434387,0.8979018926620483,0.27129682898521423,False,20
2,29.4273030559998,14.824000000000012,3.1594649178682412,-0.005974003576752166,0.005902773771358278,0.5,0.07735253661482562,0.7761357426643372,0.8985746502876282,0.27285948395729065,False,21
2,29.54041230599978,14.891999999999996,3.173934230098972,-0.005924048636952518,0.006432495451279606,0.5,0.07750093081605931,0.7138148546218872,0.9037598967552185,0.2787899672985077,False,21
2,29.675496527997893,14.925999999999988,3.1811758999176605,-0.005885203335168673,0.0066288512731585295,0.5,0.08110497658985162,0.7138148546218872,0.9037598967552185,0.2787899672985077,False,21
2,29.792650506002246,15.027999999999963,3.2028832930808577,-0.00580164611200378,0.007588820198253281,0.5,0.08382926867259892,0.8323098421096802,0.8868362903594971,0.26579585671424866,False,21
2,29.893456969002727,15.027999999999963,3.2028832930808577,-0.00580164611200378,0.007588820198253281,0.5,0.08392273332980463,0.8323098421096802,0.8868362903594971,0.26579585671424866,False,21
2,30.00902261400188,15.129999999999995,3.2245979526800577,-0.005693159839233882,0.008629956670909884,0.5,0.08613884339955662,0.8250117301940918,0.8833431005477905,0.2658916413784027,False,21
2,30.10985826000251,15.129999999999995,3.2245979526800577,-0.005693159839233882,0.008629956670909884,0.5,0.08619974860638636,0.8250117301940918,0.8833431005477905,0.2658916413784027,False,21
2,30.212512090998644,15.231999999999971,3.2463073768033546,-0.005581012267473539,0.00988515750525461,0.5,0.08763555293423331,0.788337230682373,0.8877527117729187,0.2632163465023041,False,19
2,30.31334675400285,15.231999999999971,3.2463073768033546,-0.005581012267473539,0.00988515750525461,0.5,0.08765949706240421,0.788337230682373,0.8877527117729187,0.2632163465023041,False,19
2,30.463459582002542,15.334000000000003,3.268018602507567,-0.005443791814738759,0.011177176436541142,0.5,0.08916432676804431,0.7815532684326172,0.8849896788597107,0.26498380303382874,False,19
2,30.581906607003475,15.401999999999987,3.282492438096829,-0.005341409412060354,0.012098059013463315,0.5,0.08913637341047251,0.8182855248451233,0.8786216974258423,0.26504939794540405,False,21
2,30.71671585799777,15.435999999999979,3.2897293822286837,-0.005285193632071635,0.01255953104152073,0.5,0.08915214700023869,0.8182855248451233,0.8786216974258423,0.26504939794540405,False,21
2,30.86021905999951,15.538000000000011,3.311440160456786,-0.005096210307980972,0.013943345787596149,0.5,0.08927353296665701,0.8325091600418091,0.8750046491622925,0.26368609070777893,False,21
2,30.98557976000302,15.605999999999995,3.32591361300321,-0.004954036603709528,0.014868254120497271,0.5,0.08506001403123505,0.8196023106575012,0.8797864317893982,0.25963518023490906,False,21
2,31.120500304001325,15.639999999999986,3.333150157993888,-0.004871272355521164,0.015245412246543065,0.5,0.08494522858295249,0.8196023106575012,0.8797864317893982,0.25963518023490906,False,21
2,31.231904920001398,15.741999999999962,3.3548592390659957,-0.004602206899607336,0.016314455304006964,0.5,0.08325742061080874,0.8006787300109863,0.877601146697998,0.2524885833263397,False,21
2,31.332972162999795,15.741999999999962,3.3548592390659957,-0.004602206899607336,0.016314455304006964,0.5,0.08319260696553175,0.8006787300109863,0.877601146697998,0.2524885833263397,False,21
2,31.440362376997655,15.843999999999994,3.3765670792459495,-0.004296529059558427,0.017192592052693606,0.5,0.07814991531153648,0.8293163776397705,0.8547800779342651,0.18756675720214844,False,20
2,31.541231383002014,15.843999999999994,3.3765670792459495,-0.004296529059558427,0.017192592052693606,0.5,0.07809717767380955,0.8293163776397705,0.8547800779342651,0.18756675720214844,False,20
2,31.65426180799841,15.94599999999997,3.398269664463125,-0.0039708859170063185,0.018039144764610347,0.5,0.08184156652645067,0.784621000289917,0.8122128248214722,0.09061789512634277,False,21
2,31.755150220997166,15.94599999999997,3.398269664463125,-0.0039708859170063185,0.018039144764610347,0.5,0.08175802542740354,0.784621000289917,0.8122128248214722,0.09061789512634277,False,21
2,31.88150078900071,16.01400000000001,3.41274112387616,-0.003744859248640391,0.01862752334759481,0.5,0.08230404634457085,0.8027905225753784,0.8489999175071716,0.1837616264820099,False,20
2,31.984374952997314,16.048000000000002,3.4199766412871058,-0.0036297804814921647,0.018933146821209414,0.5,0.08223615049389298,0.8027905225753784,0.8489999175071716,0.1837616264820099,False,20
2,32.08934567899996,16.115999999999985,3.4344475401716634,-0.0033924112380977864,0.019540797086523967,0.5,0.08652100981763743,0.8042216300964355,0.8554213643074036,0.2099027931690216,False,21
2,32.191815489000874,16.149999999999977,3.4416832198722664,-0.003277358012222977,0.019935235001382043,0.5,0.08642666412320855,0.8042216300964355,0.8554213643074036,0.2099027931690216,False,21
2,32.29929071399965,16.218000000000018,3.4561543600640663,-0.0030391876786763326,0.020729989941492784,0.5,0.0893006609404684,0.7907702326774597,0.845739483833313,0.18540385365486145,False,20
2,32.41271504099859,16.286,3.4706258679745097,-0.002797646329356797,0.02164281841289043,0.5,0.08918029796820019,0.8052687048912048,0.8404150605201721,0.17900413274765015,False,19
2,32.54768757700367,16.319999999999993,3.4778616593703093,-0.0026718663158386904,0.02209767581845314,0.5,0.09198627020285266,0.8052687048912048,0.8404150605201721,0.17900413274765015,False,19
2,32.65013253699726,16.42199999999997,3.4995696407703933,-0.0022855873170664373,0.02361793666202812,0.5,0.09474829895536428,0.8212872743606567,0.8449330925941467,0.18840697407722473,False,21
2,32.75093956499768,16.42199999999997,3.4995696407703933,-0.0022855873170664373,0.02361793666202812,0.5,0.09461206580965148,0.8212872743606567,0.8449330925941467,0.18840697407722473,False,21
2,32.85116896300315,16.524,3.521280398122235,-0.0018750801370752933,0.025274537526527575,0.5,0.09637853066407022,0.7947801947593689,0.8532618284225464,0.19601032137870789,False,21
2,32.95166223800334,16.524,3.521280398122235,-0.0018750801370752933,0.025274537526527575,0.5,0.09637853066407022,0.7947801947593689,0.8532618284225464,0.19601032137870789,False,21
2,33.1000330809984,16.625999999999976,3.5429917230780754,-0.0014347379550523132,0.027018397943430944,0.5,0.09663332541751987,0.8139792084693909,0.850775957107544,0.20323577523231506,False,21
2,33.21644075700169,16.694000000000017,3.5574654928279417,-0.0011217130249088077,0.02820155176423635,0.5,0.09643711703167089,0.8081303834915161,0.8098284602165222,0.08834707736968994,False,20
2,33.351098828999966,16.72800000000001,3.5647034175425207,-0.000964145432909131,0.02882124807660895,0.5,0.09668360482935075,0.8081303834915161,0.8098284602165222,0.08834707736968994,False,20
2,33.49779190799745,16.829999999999984,3.5864087336729686,-0.0004558884325318726,0.030732264889769045,0.5,0.09676401706632141,0.7799547910690308,0.8164020776748657,0.08945420384407043,False,21
2,33.61854769199999,16.897999999999968,3.6008757160088463,-9.127005135038388e-05,0.03193323626627079,0.5,0.0965537701732507,0.8097104430198669,0.8212701082229614,0.08992527425289154,False,19
2,33.753335503002745,16.932000000000016,3.6081114659191584,9.860841113061642e-05,0.03252839208745622,0.5,0.09744885257384409,0.8097104430198669,0.8212701082229614,0.08992527425289154,False,19
2,33.856733321998036,17.033999999999992,3.629824886855546,0.0006782691902871455,0.03447140042666327,0.5,0.09597638997578783,0.7677378058433533,0.8444425463676453,0.17429402470588684,False,21
2,33.95751680900139,17.033999999999992,3.629824886855546,0.0006782691902871455,0.03447140042666327,0.5,0.09575979027108814,0.7677378058433533,0.8444425463676453,0.17429402470588684,False,21
2,34.05755566999869,17.135999999999967,3.6515319553852836,0.00132085719735395,0.03623584133850014,0.5,0.09444078788957491,0.7611556053161621,0.8528118133544922,0.1986505091190338,False,21
2,34.15863569099747,17.135999999999967,3.6515319553852836,0.00132085719735395,0.03623584133850014,0.5,0.09422677946824502,0.7611556053161621,0.8528118133544922,0.1986505091190338,False,21
2,34.258848726,17.238,3.6732359770941043,0.0020085694271837384,0.03784102989120074,0.5,0.09325354545354658,0.7648825645446777,0.8414304852485657,0.18018147349357605,False,21
2,34.359654779000266,17.238,3.6732359770941043,0.0020085694271837384,0.03784102989120074,0.5,0.0930557050530058,0.7648825645446777,0.8414304852485657,0.18018147349357605,False,21
2,34.46350554899982,17.339999999999975,3.6949352919256526,0.002737282897442259,0.039359846792008796,0.5,0.0897897765339462,0.7404072880744934,0.8372067213058472,0.18082848191261292,False,21
2,34.56434296000225,17.339999999999975,3.6949352919256526,0.002737282897442259,0.039359846792008796,0.5,0.08957198365119842,0.7404072880744934,0.8372067213058472,0.18082848191261292,False,21
2,34.666607753999415,17.442000000000007,3.71663244234131,0.003532973469949588,0.04041487497809235,0.5,0.0726880576154133,0.7525261044502258,0.8401923179626465,0.18282809853553772,False,20
2,34.767942320002476,17.442000000000007,3.71663244234131,0.003532973469949588,0.04041487497809235,0.5,0.0724315956223099,0.7525261044502258,0.8401923179626465,0.18282809853553772,False,20
2,34.87790652900003,17.543999999999983,3.7383249264386125,0.004397295950592078,0.04074783102226134,0.5,0.07762991167263926,0.6860345005989075,0.8554373979568481,0.1849592626094818,False,21
2,34.978934635997575,17.543999999999983,3.7383249264386125,0.004397295950592078,0.04074783102226134,0.5,0.07732740008758343,0.6860345005989075,0.8554373979568481,0.1849592626094818,False,21
2,35.0844633509987,17.646000000000015,3.7600166504942356,0.0052482984531917794,0.04137700251741518,0.5,0.08189390442409542,0.7425865530967712,0.8548372387886047,0.18794310092926025,False,21
2,35.18514920499729,17.646000000000015,3.7600166504942356,0.0052482984531917794,0.04137700251741518,0.5,0.0815133311786327,0.7425865530967712,0.8548372387886047,0.18794310092926025,False,21
2,35.315590924998105,17.714,3.774477873682849,0.005815224387167168,0.041917879173981425,0.5,0.07546972947204564,0.7566443681716919,0.8623912334442139,0.19015046954154968,False,21
2,35.41802819100121,17.74799999999999,3.7817081439296847,0.006106142016961612,0.042115424628496795,0.5,0.07498757998779504,0.7566443681716919,0.8623912334442139,0.19015046954154968,False,21
2,35.52408245499828,17.815999999999974,3.7961553546307916,0.006688923633146598,0.0425767625018897,0.5,0.07624124869918236,0.791723370552063,0.8489428758621216,0.18619272112846375,False,21
2,35.627959755998745,17.849999999999966,3.803385053414176,0.00698972114356923,0.0427268184383197,0.5,0.07579491429051027,0.791723370552063,0.8489428758621216,0.18619272112846375,False,21
2,35.73569800800033,17.91799999999995,3.81784399691787,0.007594771273492357,0.04300726529008411,0.5,0.07704825484770594,0.789671778678894,0.8509887456893921,0.1848902404308319,False,21
2,35.8366941810018,17.95199999999994,3.8250734958513166,0.007896530669405018,0.043177273077475146,0.5,0.07660245330266319,0.789671778678894,0.8509887456893921,0.1848902404308319,False,21
2,35.94679613500193,18.02000000000004,3.8395318711187425,0.008505614991099099,0.04349172852054578,0.5,0.08212465796938136,0.7876176238059998,0.84503573179245,0.18624454736709595,False,21
2,36.05020712700207,18.05400000000003,3.846761373654818,0.008798811416434783,0.04379766121833002,0.5,0.08167644867747326,0.7876176238059998,0.8477582335472107,0.18624454736709595,False,21
2,36.15561191300367,18.122000000000014,3.861210494443208,0.009375044498734282,0.04462970271649821,0.5,0.07494962597383019,0.7537957429885864,0.8477582335472107,0.18654361367225647,False,21
2,36.269106790998194,18.189999999999998,3.8756703006536477,0.010008782578367802,0.044961389348231934,0.5,0.0744251516782385,0.7908297181129456,0.8517119884490967,0.1884678602218628,False,21
2,36.404011701000854,18.22399999999999,3.8828991323556274,0.01032969316376454,0.04506590996718954,0.5,0.08518655258853693,0.7908297181129456,0.8517119884490967,0.1884678602218628,False,21
2,36.50540581400128,18.325999999999965,3.9046198703887014,0.011198723724257736,0.04685829381599936,0.5,0.08665917559809914,0.7913697361946106,0.8574844598770142,0.1841358244419098,False,21
2,36.60600239199994,18.325999999999965,3.9046198703887014,0.011198723724257736,0.04685829381599936,0.5,0.0861182385818911,0.7913697361946106,0.8574844598770142,0.1841358244419098,False,21
2,36.70697970099718,18.42799999999994,3.9263072964970793,0.012144793314637425,0.04804933488583099,0.5,0.09169279060289703,0.710099995136261,0.858517050743103,0.18793338537216187,False,21
2,36.80774096999812,18.42799999999994,3.9263072964970793,0.012144793314637425,0.04804933488583099,0.5,0.09119992742653557,0.710099995136261,0.858517050743103,0.18793338537216187,False,21
2,36.91639954599668,18.53000000000003,3.9479951335308723,0.013095394488397905,0.049547114590552985,0.5,0.09320332831219416,0.7519198060035706,0.8273665904998779,0.17894181609153748,False,21
2,37.0169979400016,18.53000000000003,3.9479951335308723,0.013095394488397905,0.049547114590552985,0.5,0.09269002385926271,0.7519198060035706,0.8273665904998779,0.17894181609153748,False,21
2,37.12752869199903,18.632000000000005,3.96968328636197,0.014072782761444696,0.0511358844860458,0.5,0.06774251521713806,0.7456775903701782,0.8155023455619812,0.18416288495063782,False,20
2,37.22810452100384,18.632000000000005,3.96968328636197,0.014072782761444696,0.0511358844860458,0.5,0.06701804003098992,0.7456775903701782,0.8155023455619812,0.18416288495063782,False,20
2,37.33639685399976,18.73399999999998,3.9913583622324573,0.015166804723053685,0.0514838374759161,0.5,0.06964861549791679,0.7583577036857605,0.8130713701248169,0.180219829082489,False,20
2,37.4374325280005,18.73399999999998,3.9913583622324573,0.015166804723053685,0.0514838374759161,0.5,0.06914782613382471,0.7583577036857605,0.8130713701248169,0.180219829082489,False,20
2,37.54131039100321,18.835999999999956,4.013032964356081,0.016261322150234174,0.0518901164436863,0.5,0.07176058934375024,0.7916032075881958,0.8265079259872437,0.18352892994880676,False,21
2,37.64206513499812,18.835999999999956,4.013032964356081,0.016261322150234174,0.0518901164436863,0.5,0.07116065331767528,0.7916032075881958,0.8265079259872437,0.18352892994880676,False,21
2,37.78326694200223,18.938000000000045,4.034707592599883,0.01736389849535121,0.0523363147020526,0.5,0.07218218075114254,0.7929803133010864,0.8212248682975769,0.17919990420341492,False,21
2,37.90280866000103,19.00600000000003,4.049165436719952,0.01811812689145269,0.05256314346687204,0.5,0.06369660849131045,0.7457711696624756,0.8183853626251221,0.17222097516059875,False,21
2,38.03776053099864,19.04000000000002,4.056394171605897,0.01849869974119114,0.052566224439267235,0.5,0.062433702340841196,0.7457711696624756,0.8183853626251221,0.17222097516059875,False,21
2,38.14045898799668,19.141999999999996,4.078086707302863,0.019639262150400353,0.05273762996362853,0.5,0.06746861720547709,0.7508106827735901,0.8178461194038391,0.18077445030212402,False,21
2,38.2416269259993,19.141999999999996,4.078086707302863,0.019639262150400353,0.05273762996362853,0.5,0.06682743463088704,0.7508106827735901,0.8178461194038391,0.18077445030212402,False,21
2,38.344800377002684,19.24399999999997,4.099761242038195,0.020765808911024558,0.053149188402638374,0.5,0.07491277711658749,0.7693220973014832,0.8217839598655701,0.17957785725593567,False,21
2,38.44569494100142,19.24399999999997,4.099761242038195,0.020765808911024558,0.053149188402638374,0.5,0.07434188476806804,0.7693220973014832,0.8217839598655701,0.17957785725593567,False,21
2,38.56072576199949,19.311999999999955,4.114214286833618,0.021527071648996338,0.053355139880036276,0.5,0.07456978995158123,0.7735843658447266,0.8219103813171387,0.1795923411846161,False,20
2,38.667779353003425,19.345999999999947,4.12144062204998,0.02190809037078853,0.053466634846815984,0.5,0.07400929786125936,0.7676164507865906,0.8219103813171387,0.1795923411846161,False,20
2,38.814742337002826,19.414000000000044,4.135892808931876,0.022675273750685305,0.05365473785042783,0.5,0.07857556313481541,0.7676164507865906,0.8087154626846313,0.1733701229095459,False,20
2,38.92541774499841,19.51600000000002,4.157571136164311,0.023811680642796915,0.0542151459662342,0.5,0.08140820505897402,0.7376760840415955,0.813802182674408,0.17884883284568787,False,20
2,39.02623632999894,19.51600000000002,4.157571136164311,0.023811680642796915,0.0542151459662342,0.5,0.08091829598527625,0.7376760840415955,0.813802182674408,0.17884883284568787,False,20
2,39.13295243700122,19.617999999999995,4.179237900430694,0.024923145158090142,0.055188797878796554,0.5,0.0819774886621007,0.7664416432380676,0.8165378570556641,0.1732480525970459,False,21
2,39.23383872900013,19.617999999999995,4.179237900430694,0.024923145158090142,0.055188797878796554,0.5,0.08141365829079096,0.7664416432380676,0.8165378570556641,0.1732480525970459,False,21
2,39.35782913999719,19.71999999999997,4.20091610088268,0.026070843129521248,0.05613622044942866,0.5,0.06075543509265582,0.7647755146026611,0.815222442150116,0.1758924126625061,False,21
2,39.45873710599699,19.71999999999997,4.20091610088268,0.026070843129521248,0.05613622044942866,0.5,0.06001790446820188,0.7647755146026611,0.815222442150116,0.1758924126625061,False,21
2,39.58424827700219,19.821999999999946,4.222601969972769,0.02728856129422579,0.05621828730002544,0.5,0.046956484837582774,0.7674205303192139,0.8128930330276489,0.17799803614616394,False,21
2,39.68508577800094,19.821999999999946,4.222601969972769,0.02728856129422579,0.05621828730002544,0.5,0.046168537909473624,0.7674205303192139,0.8128930330276489,0.17799803614616394,False,21
2,39.80980595800065,19.924000000000035,4.244306141969047,0.028509417377657345,0.0562578930685152,0.5,0.03356839094206195,0.683782696723938,0.7908795475959778,0.1786327362060547,False,21
2,39.91061332800018,19.924000000000035,4.244306141969047,0.028509417377657345,0.0562578930685152,0.5,0.03267257517570017,0.683782696723938,0.7908795475959778,0.1786327362060547,False,21
2,40.04249382999842,20.02600000000001,4.266009350820264,0.029730351799601627,0.0562177579204803,0.5,0.02702641740792614,0.6654582619667053,0.7841209173202515,0.17160478234291077,False,21
2,40.14331516800303,20.02600000000001,4.266009350820264,0.029730351799601627,0.0562177579204803,0.5,0.02604827707349743,0.6654582619667053,0.7841209173202515,0.17160478234291077,False,21
2,40.26584768400062,20.127999999999986,4.287702349909643,0.030952382593627828,0.056202451424456464,0.5,0.023061344396993585,0.6529379487037659,0.7890614867210388,0.1787930428981781,False,21
2,40.36665390300186,20.127999999999986,4.287702349909643,0.030952382593627828,0.056202451424456464,0.5,0.02202191908298795,0.6529379487037659,0.7890614867210388,0.1787930428981781,False,21
2,40.46936602299684,20.22999999999996,4.309394721086707,0.032173067052518656,0.05619170415982505,0.5,0.019229624126426596,0.6878811717033386,0.7808676958084106,0.18023240566253662,False,21
2,40.57030722899799,20.22999999999996,4.309394721086707,0.032173067052518656,0.05619170415982505,0.5,0.018090699980679973,0.6878811717033386,0.7808676958084106,0.18023240566253662,False,21
2,40.67271856099978,20.331999999999937,4.331105757592317,0.03339596698252465,0.05617821229294599,0.5,0.016886985098914332,0.6632832884788513,0.7737801671028137,0.17925721406936646,False,19
2,40.77378651800245,20.331999999999937,4.331105757592317,0.03339596698252465,0.05617821229294599,0.5,0.0157003182413609,0.6632832884788513,0.7737801671028137,0.17925721406936646,False,19
2,40.87638619900099,20.434000000000026,4.352825967128502,0.03461736237656438,0.05617287875691504,0.5,0.016375715253595557,0.63239985704422,0.7782802581787109,0.17805716395378113,False,21
2,40.977232345998345,20.434000000000026,4.352825967128502,0.03461736237656438,0.05617287875691504,0.5,0.015121689147634362,0.63239985704422,0.7782802581787109,0.17805716395378113,False,21
2,41.077885867001896,20.536,4.374552020219283,0.035838745707834276,0.05617729273368588,0.5,0.020825678855092712,0.6876835823059082,0.7982355952262878,0.17851248383522034,False,20
2,41.178772808998474,20.536,4.374552020219283,0.035838745707834276,0.05617729273368588,0.5,0.01962878962717257,0.6876835823059082,0.7982355952262878,0.17851248383522034,False,20
2,41.27909533100319,20.637999999999977,4.396266604115305,0.03706000682359245,0.05623486896074939,0.5,0.03236376761446614,0.7018698453903198,0.7900864481925964,0.17442035675048828,False,19
2,41.37972691000323,20.637999999999977,4.396266604115305,0.03706000682359245,0.05623486896074939,0.5,0.03236376761446614,0.7018698453903198,0.7900864481925964,0.17442035675048828,False,19
2,41.48714305499743,20.739999999999952,4.417980424277993,0.038286630190945595,0.05650455656315714,0.5,0.04808122012163462,0.7419286370277405,0.7816195487976074,0.17532208561897278,False,21
2,41.58820845199807,20.739999999999952,4.417980424277993,0.038286630190945595,0.05650455656315714,0.5,0.04707854970757873,0.7419286370277405,0.7816195487976074,0.17532208561897278,False,21
2,41.68955334000202,20.84200000000004,4.439706860965156,0.03951776160468844,0.05663855999926171,0.5,0.049108758389385526,0.7177492380142212,0.7735560536384583,0.1707341969013214,False,21
2,41.79023508899991,20.84200000000004,4.439706860965156,0.03951776160468844,0.05663855999926171,0.5,0.04827582081394972,0.7177492380142212,0.7735560536384583,0.1707341969013214,False,21
2,41.94035142399662,20.944000000000017,4.4614335318393925,0.04075133296905821,0.05674068689161999,0.5,0.046819843286158375,0.7180472016334534,0.7795132994651794,0.16599559783935547,False,21
2,42.06386320100137,21.012,4.4759167334090435,0.041574496359443616,0.05680100508652802,0.5,0.045419250756372834,0.6994103193283081,0.7830449342727661,0.16873812675476074,False,21
2,42.164736334001645,21.012,4.4759167334090435,0.041574496359443616,0.05680100508652802,0.5,0.044603426002094236,0.6994103193283081,0.7830449342727661,0.16873812675476074,False,21
2,42.31325933000335,21.113999999999976,4.497631074595034,0.04280958830692819,0.05687926323313776,0.5,0.04020356327211838,0.6893194913864136,0.7861653566360474,0.16764098405838013,False,20
2,42.41447585700371,21.147999999999968,4.504865013459594,0.043222543331873135,0.0568917974400078,0.5,0.039373593006903004,0.6893194913864136,0.784558892250061,0.16473230719566345,False,21
2,42.56281674699858,21.21599999999995,4.5193265598104855,0.044047594062151155,0.05692842784038333,0.5,0.041110308149660185,0.7578049898147583,0.784558892250061,0.16473230719566345,False,21
2,42.66383236499678,21.31800000000004,4.5410205213581385,0.045284934379627245,0.057021573234861025,0.5,0.03928912489243579,0.7488529086112976,0.7814562916755676,0.16687223315238953,False,20
2,42.764710711999214,21.31800000000004,4.5410205213581385,0.045284934379627245,0.057021573234861025,0.5,0.038463720474767794,0.7488529086112976,0.7814562916755676,0.16687223315238953,False,20
2,42.88219143400056,21.420000000000016,4.562706066588031,0.04652357762146317,0.05706496689138345,0.5,0.03910770110843077,0.7398625612258911,0.7755672931671143,0.1617794632911682,False,21
2,42.98301586299931,21.420000000000016,4.562706066588031,0.04652357762146317,0.05706496689138345,0.5,0.03832217913383509,0.7398625612258911,0.7755672931671143,0.1617794632911682,False,21
2,43.09558726599789,21.52199999999999,4.584392590087308,0.04776363666255958,0.05712718646382618,0.5,0.03886775186216733,0.7293375134468079,0.7680504322052002,0.1623266339302063,False,20
2,43.19665692700073,21.52199999999999,4.584392590087308,0.04776363666255958,0.05712718646382618,0.5,0.038175274271526775,0.7293375134468079,0.7680504322052002,0.1623266339302063,False,20
2,43.310467082003015,21.623999999999967,4.606080003950871,0.049004756886323234,0.05719343404321319,0.5,0.0412171834629581,0.7413056492805481,0.771032989025116,0.15936997532844543,False,20
2,43.41154848499718,21.623999999999967,4.606080003950871,0.049004756886323234,0.05719343404321319,0.5,0.04062480939690775,0.7413056492805481,0.771032989025116,0.15936997532844543,False,20
2,43.52149182800349,21.725999999999942,4.627776303419607,0.05024862180610189,0.057303745934840083,0.5,0.03889542704632905,0.720655620098114,0.7599778175354004,0.15847012400627136,False,20
2,43.62227649000124,21.725999999999942,4.627776303419607,0.05024862180610189,0.057303745934840083,0.5,0.0383753546762934,0.720655620098114,0.7599778175354004,0.15847012400627136,False,20
2,43.73242183399998,21.82800000000003,4.649463281661384,0.051493762462792886,0.05735290630874964,0.5,0.015208538953966642,0.736071765422821,0.7599552273750305,0.1617337465286255,False,19
2,43.833303594001336,21.82800000000003,4.649463281661384,0.051493762462792886,0.05735290630874964,0.5,0.014445852805544359,0.736071765422821,0.7599552273750305,0.1617337465286255,False,19
2,43.94690190900292,21.930000000000007,4.671162963795513,0.052736360717877774,0.057222121894157256,0.5,0.00047918831056880545,0.7347882986068726,0.7631085515022278,0.1553489863872528,False,21
2,44.04786348200287,21.930000000000007,4.671162963795513,0.052736360717877774,0.057222121894157256,0.5,-0.0004869873450562873,0.7347882986068726,0.7631085515022278,0.1553489863872528,False,21
2,44.155545007997716,22.031999999999982,4.69288758490273,0.053978290693750305,0.05709120799615806,0.5,-0.008971312033239583,0.6479854583740234,0.7536489367485046,0.1553364396095276,False,20
2,44.25764513100148,22.031999999999982,4.69288758490273,0.053978290693750305,0.05709120799615806,0.5,-0.010091525098768418,0.6479854583740234,0.7536489367485046,0.1553364396095276,False,20
2,44.35925732499891,22.133999999999958,4.714606008863536,0.055220129280493406,0.056994624126824836,0.5,-0.013985380120836732,0.6414200067520142,0.743614912033081,0.1576780378818512,False,20
2,44.460412205000466,22.133999999999958,4.714606008863536,0.055220129280493406,0.056994624126824836,0.5,-0.015221559198880612,0.6414200067520142,0.743614912033081,0.1576780378818512,False,20
2,44.56358643199928,22.235999999999933,4.736318079594132,0.05645605063244745,0.05692137292537233,0.5,-0.007589898050557217,0.6785561442375183,0.7414984107017517,0.1565372347831726,False,21
2,44.664654257998336,22.235999999999933,4.736318079594132,0.05645605063244745,0.05692137292537233,0.5,-0.008915562543168708,0.6785561442375183,0.7414984107017517,0.1565372347831726,False,21
2,44.814802804001374,22.338000000000022,4.75804234951171,0.057695664468251306,0.05697155724767349,0.5,-0.013387428226087279,0.6573216319084167,0.7302547693252563,0.15629151463508606,False,21
2,44.934227675999864,22.406000000000006,4.772523875081478,0.05852197508626378,0.05694539583602274,0.5,-0.007600849665442714,0.6545358896255493,0.720034122467041,0.15458333492279053,False,19
2,45.06910350399994,22.439999999999998,4.7797659204315925,0.05893436822804615,0.05698541774276606,0.5,-0.010547640958566662,0.6545358896255493,0.720034122467041,0.15458333492279053,False,19
2,45.17069660800189,22.541999999999973,4.801491237195492,0.06017399880540516,0.05703099559232419,0.5,-0.002602958428967702,0.6412407159805298,0.7156556248664856,0.15400108695030212,False,21
2,45.271544880000874,22.541999999999973,4.801491237195492,0.06017399880540516,0.05703099559232419,0.5,-0.00401857965093617,0.6412407159805298,0.7156556248664856,0.15400108695030212,False,21
2,45.376533125003334,22.64399999999995,4.823216596237318,0.06141490881032602,0.057097907907405786,0.5,0.0066480915097455375,0.6625995635986328,0.72138911485672,0.15325459837913513,False,20
2,45.47765304800123,22.64399999999995,4.823216596237318,0.06141490881032602,0.057097907907405786,0.5,0.00524947000928461,0.6625995635986328,0.72138911485672,0.15325459837913513,False,20
2,45.60194189399772,22.712000000000046,4.837700205636636,0.06224273665208633,0.05709256897674878,0.5,0.02355528121319651,0.6983904838562012,0.7230626344680786,0.14912983775138855,False,21
2,45.70838682499743,22.746000000000038,4.84493706750577,0.06265865613228508,0.057228201888778175,0.5,0.022449763746092238,0.7186230421066284,0.7230626344680786,0.14912983775138855,False,21
2,45.85629686700122,22.81400000000002,4.8593986535474345,0.06348634265093679,0.05724252240709904,0.5,0.029404166816024674,0.7186230421066284,0.72629714012146,0.146842360496521,False,21
2,45.97047715000372,22.915999999999997,4.881100888537248,0.0647276451475804,0.05731828913409524,0.5,0.02481683319197539,0.7062865495681763,0.7090008854866028,0.14455023407936096,False,21
2,46.07129046299815,22.915999999999997,4.881100888537248,0.0647276451475804,0.05731828913409524,0.5,0.02388932437295183,0.7062865495681763,0.7090008854866028,0.14455023407936096,False,21
2,46.17678242200054,23.017999999999972,4.902795871549794,0.06597202334173416,0.05730984663758737,0.5,0.009837198120867767,0.6743656396865845,0.7057539224624634,0.1454310119152069,False,21
2,46.27764776800177,23.017999999999972,4.902795871549794,0.06597202334173416,0.05730984663758737,0.5,0.008769268700214019,0.6743656396865845,0.7057539224624634,0.1454310119152069,False,21
2,46.37846457900014,23.119999999999948,4.924519218740442,0.0672166661903627,0.05719479214813109,0.5,0.0013013033180541297,0.6384887099266052,0.6805243492126465,0.14338091015815735,False,20
2,46.47944239999924,23.119999999999948,4.924519218740442,0.0672166661903627,0.05719479214813109,0.5,0.00022967017566299407,0.6384887099266052,0.6805243492126465,0.14338091015815735,False,20
2,46.58544706799876,23.222000000000037,4.946244205392848,0.06845929411038956,0.05712998557569452,0.5,-0.005571521184761804,0.6895982027053833,0.7065768241882324,0.14218515157699585,False,20
2,46.68622279400006,23.222000000000037,4.946244205392848,0.06845929411038956,0.05712998557569452,0.5,-0.006654886516145737,0.6895982027053833,0.7065768241882324,0.14218515157699585,False,20
2,46.78950061600335,23.324000000000012,4.967969209544028,0.06970081282893585,0.057077296356944314,0.5,0.0010784317983195694,0.7128855586051941,0.7040021419525146,0.13979724049568176,False,21
2,46.89034804300172,23.324000000000012,4.967969209544028,0.06970081282893585,0.057077296356944314,0.5,4.53171051623498e-05,0.7128855586051941,0.7040021419525146,0.13979724049568176,False,21
2,47.000766131001,23.425999999999988,4.989694413828738,0.07094341482213702,0.05712785639837433,0.5,0.005383007987926309,0.7087527513504028,0.7016556859016418,0.13754749298095703,False,21
2,47.10178717999952,23.425999999999988,4.989694413828738,0.07094341482213702,0.05712785639837433,0.5,0.004416782125670552,0.7087527513504028,0.7016556859016418,0.13754749298095703,False,21
2,47.21397001599689,23.527999999999963,5.011419642382308,0.07218675846041742,0.057161601828294224,0.5,0.011791503368631754,0.7037526369094849,0.6921665072441101,0.13180753588676453,False,20
2,47.314823120002984,23.527999999999963,5.011419642382308,0.07218675846041742,0.057161601828294224,0.5,0.010936665625334742,0.7037526369094849,0.6921665072441101,0.13180753588676453,False,20
2,47.42228257699753,23.62999999999994,5.03314511023617,0.07343122431828214,0.05721223279882111,0.5,0.004629456079943718,0.6740542650222778,0.7086450457572937,0.1292121708393097,False,21
2,47.52307595500315,23.62999999999994,5.03314511023617,0.07343122431828214,0.05721223279882111,0.5,0.003889366355087555,0.6740542650222778,0.7086450457572937,0.1292121708393097,False,21
2,47.64018120399851,23.732000000000028,5.054870162812599,0.07467444209850678,0.05716022548155937,0.5,0.011120137670016645,0.684634268283844,0.7049435377120972,0.12616047263145447,False,21
2,47.74098485599825,23.732000000000028,5.054870162812599,0.07467444209850678,0.05716022548155937,0.5,0.010496102992863089,0.684634268283844,0.7049435377120972,0.12616047263145447,False,21
2,47.860016354003164,23.834000000000003,5.076595614557892,0.0759188367709939,0.05721085417263614,0.5,-0.003220326809468508,0.6728604435920715,0.7022490501403809,0.12254950404167175,False,19
2,47.96113332200184,23.834000000000003,5.076595614557892,0.0759188367709939,0.05721085417263614,0.5,-0.003758095334878649,0.6728604435920715,0.7022490501403809,0.12254950404167175,False,19
2,48.06903619300283,23.93599999999998,5.098320463582334,0.07716080170591541,0.05710423449040832,0.5,-0.027998042825695756,0.6315706968307495,0.6994891166687012,0.12198546528816223,False,21
2,48.169923228997504,23.93599999999998,5.098320463582334,0.07716080170591541,0.05710423449040832,0.5,-0.028617775340057914,0.6315706968307495,0.6994891166687012,0.12198546528816223,False,21
2,48.2880638630013,24.037999999999954,5.120037069727846,0.07840301867963585,0.056875492199619994,0.5,-0.050010968073291626,0.6602475047111511,0.6704609990119934,-0.041192054748535156,False,21
2,48.38904659800028,24.037999999999954,5.120037069727846,0.07840301867963585,0.056875492199619994,0.5,-0.05070811984009158,0.6602475047111511,0.6704609990119934,-0.041192054748535156,False,21
2,48.518334196996875,24.140000000000043,5.141762948221993,0.0796302052994091,0.05654916642195397,0.5,-0.059393227492329094,0.6702852845191956,0.6797188520431519,-0.04109659045934677,False,21
2,48.619083696001326,24.140000000000043,5.141762948221993,0.0796302052994091,0.05654916642195397,0.5,-0.06008828414673784,0.6702852845191956,0.6797188520431519,-0.04109659045934677,False,21
2,48.74379585499992,24.24200000000002,5.163486816402726,0.08086195824205611,0.056683843245145006,0.5,-0.07067171668384219,0.6648349761962891,0.6781461834907532,-0.041023410856723785,False,21
2,48.844904480996775,24.24200000000002,5.163486816402726,0.08086195824205611,0.056683843245145006,0.5,-0.07152267676291311,0.6648349761962891,0.6781461834907532,-0.041023410856723785,False,21
2,48.953535303000535,24.343999999999994,5.185192336658943,0.08209203984565383,0.05615021292488406,0.5,-0.07444371901355092,0.6619290709495544,0.7037056088447571,0.03662566840648651,False,19
2,49.054702749999706,24.343999999999994,5.185192336658943,0.08209203984565383,0.05615021292488406,0.5,-0.07514751040816049,0.6619290709495544,0.7037056088447571,0.03662566840648651,False,19
2,49.17891508000321,24.411999999999978,5.199654923016597,0.08291699217875752,0.0558864088380516,0.5,-0.07697900174449551,0.685043454170227,0.7069756388664246,-0.03850674629211426,False,19
2,49.28158250099659,24.44599999999997,5.206883929442356,0.08333230945184299,0.05574178458920179,0.5,-0.07773954489424686,0.685043454170227,0.7292850017547607,-0.03850674629211426,False,19
2,49.429335740998795,24.513999999999953,5.2213425305304035,0.08415707290908728,0.05536937176526986,0.5,-0.07746190177366921,0.6812143325805664,0.7292850017547607,0.11573943495750427,False,19
2,49.53268703800131,24.616000000000042,5.243034256397526,0.08538508050064052,0.054826473757759044,0.5,-0.07621939496903891,0.6880450248718262,0.7148066759109497,-0.036424823105335236,False,21
2,49.63378901100077,24.616000000000042,5.243034256397526,0.08538508050064052,0.054826473757759044,0.5,-0.0768971721101782,0.6880450248718262,0.7148066759109497,-0.036424823105335236,False,21
2,49.782215496998106,24.718000000000018,5.2647150644927105,0.0866026628410679,0.05426403973531906,0.5,-0.07863853083338357,0.6659091711044312,0.7108556032180786,-0.03460841625928879,False,19
2,49.885708159003116,24.75200000000001,5.271942210732033,0.0870072598958156,0.0540574884082199,0.5,-0.07936153235027081,0.6674050092697144,0.7108556032180786,-0.03460841625928879,False,19
2,49.988620427997375,24.819999999999993,5.286392886224994,0.08781723356848316,0.05356972599002039,0.5,-0.08024141386885641,0.6674050092697144,0.7184720635414124,0.03790256381034851,False,19
2,50.08958956700371,24.853999999999985,5.293613707611753,0.08822411397015735,0.05328657323183808,0.5,-0.08095751878908292,0.6674050092697144,0.7184720635414124,0.03790256381034851,False,19
2,50.19982018000155,24.92199999999997,5.308069297917028,0.08902370210718491,0.05277217815090855,0.5,-0.08007050628770598,0.6342982053756714,0.7315714359283447,0.11227160692214966,False,21
2,50.318242870001995,24.989999999999952,5.322515722122088,0.08982062620473778,0.05222413413859776,0.5,-0.0807701278798244,0.660190999507904,0.7347689867019653,0.11271187663078308,False,21
2,50.45307745500031,25.023999999999944,5.329746742962047,0.09021151296682207,0.05198589194749259,0.5,-0.07892472112485836,0.660190999507904,0.7347689867019653,0.11271187663078308,False,21
2,50.55840811099915,25.126000000000033,5.351423912074139,0.09137661682267001,0.05131362684542028,0.5,-0.07894825579586721,0.6829180121421814,0.7333620190620422,0.11246052384376526,False,21
2,50.65937637299794,25.126000000000033,5.351423912074139,0.09137661682267001,0.05131362684542028,0.5,-0.0796745784191556,0.6829180121421814,0.7333620190620422,0.11246052384376526,False,21
2,50.806732384997304,25.22800000000001,5.373107223543823,0.09252417213660696,0.05063101465584649,0.5,-0.07107813684443455,0.6708173751831055,0.7501368522644043,0.19202515482902527,False,20
2,50.90814984100143,25.262,5.3803368586958955,0.09289495772072777,0.0505405013365276,0.5,-0.07107813684443455,0.6708173751831055,0.7501368522644043,0.19202515482902527,False,20
2,51.02692322600342,25.329999999999984,5.394793537931731,0.09363165895099931,0.05036829238706734,0.5,-0.06739083605456832,0.6400712132453918,0.7500074505805969,0.19478121399879456,False,21
2,51.12792426800297,25.363999999999976,5.402023385982201,0.09399850745314033,0.05031482024959549,0.5,-0.06790833732785177,0.6761874556541443,0.7498388290405273,0.19544830918312073,False,20
2,51.24072067400266,25.43199999999996,5.416482722604377,0.09473121534085414,0.050159964208008334,0.5,-0.06683020512352833,0.6761874556541443,0.7498388290405273,0.19544830918312073,False,20
2,51.36693668299995,25.499999999999943,5.43094239149826,0.09546160549907265,0.05001531126163611,0.5,-0.06725759749931857,0.6490033864974976,0.7414654493331909,0.05870389938354492,False,20
2,51.50204180699802,25.533999999999935,5.4381719975678084,0.09582634014494307,0.04993331129208282,0.5,-0.06800922553062701,0.6490033864974976,0.7414654493331909,0.05870389938354492,False,20
2,51.61746462999872,25.636000000000024,5.459860472134337,0.09691804289276099,0.049659660813101435,0.5,-0.06974956530033942,0.6506712436676025,0.741443932056427,0.06175851821899414,False,21
2,51.71823037500144,25.636000000000024,5.459860472134337,0.09691804289276099,0.049659660813101435,0.5,-0.07005412468888308,0.6506712436676025,0.741443932056427,0.06175851821899414,False,21
2,51.83519875899947,25.738,5.48154742951045,0.09800459072320981,0.049363825009530425,0.5,-0.07233190235849359,0.6615793704986572,0.7358360886573792,0.06449955701828003,False,19
2,51.93616838000162,25.738,5.48154742951045,0.09800459072320981,0.049363825009530425,0.5,-0.07259697824968897,0.6615793704986572,0.7358360886573792,0.06449955701828003,False,19
2,52.04821957099921,25.839999999999975,5.503232340912361,0.09908502899730043,0.049049442967047364,0.5,-0.07491195758293223,0.6565501093864441,0.7357786893844604,0.06699518859386444,False,21
2,52.149341973003175,25.839999999999975,5.503232340912361,0.09908502899730043,0.049049442967047364,0.5,-0.07514802233114054,0.6565501093864441,0.7357786893844604,0.06699518859386444,False,21
2,52.26135920800152,25.94199999999995,5.524905372110416,0.10017656853659028,0.04853737499958025,0.5,-0.07738123501902713,0.671675443649292,0.7354550361633301,0.07172666490077972,False,21
2,52.36230634200183,25.94199999999995,5.524905372110416,0.10017656853659028,0.04853737499958025,0.5,-0.07753392230951416,0.671675443649292,0.7354550361633301,0.07172666490077972,False,21
2,52.474679229002504,26.04400000000004,5.546583680866651,0.10127564827259994,0.047742064815845954,0.5,-0.08688339045833247,0.6726429462432861,0.7303601503372192,0.06944611668586731,False,19
2,52.57579648200044,26.04400000000004,5.546583680866651,0.10127564827259994,0.047742064815845954,0.5,-0.08706922845956598,0.6726429462432861,0.7303601503372192,0.06944611668586731,False,19
2,52.678026524001325,26.146000000000015,5.5682638783925436,0.10239444162595945,0.04638810494424754,0.5,-0.09214874402812602,0.642245352268219,0.7777076959609985,0.06721799075603485,False,21
2,52.78344278199802,26.146000000000015,5.5682638783925436,0.10239444162595945,0.04638810494424754,0.5,-0.09234675790225269,0.642245352268219,0.7777076959609985,0.06721799075603485,False,21
2,52.89775540299888,26.214,5.582724750376829,0.10313095306191708,0.045371104063167286,0.5,-0.09496500892287751,0.6416031718254089,0.773706316947937,0.06700475513935089,False,19
2,52.99864743799844,26.214,5.582724750376829,0.10313095306191708,0.045371104063167286,0.5,-0.09513974036395417,0.6416031718254089,0.773706316947937,0.06700475513935089,False,19
2,53.10055781000119,26.281999999999982,5.5971809083676565,0.10386339211767823,0.04421282309851071,0.5,-0.09533112995258848,0.6119566559791565,0.6943188309669495,0.06695333123207092,False,20
2,53.235040956999,26.315999999999974,5.604405358860724,0.10422582335900613,0.04361726802035082,0.5,-0.0975710741502417,0.6119566559791565,0.6943188309669495,0.06695333123207092,False,20
2,53.36147192399949,26.41799999999995,5.626101287541661,0.1052819879598509,0.041845980693778,0.5,-0.09595894421249929,0.6406043767929077,0.8210753202438354,0.06854955852031708,False,19
2,53.462378565003746,26.41799999999995,5.626101287541661,0.1052819879598509,0.041845980693778,0.5,-0.09600945502319234,0.6406043767929077,0.8210753202438354,0.06854955852031708,False,19
2,53.581997640001646,26.52000000000004,5.647792982112075,0.10630133252541113,0.040064533638451076,0.5,-0.09764550615134354,0.6296185851097107,0.7041088342666626,0.06821303069591522,False,21
2,53.682786379999015,26.52000000000004,5.647792982112075,0.10630133252541113,0.040064533638451076,0.5,-0.09777144502266893,0.6296185851097107,0.7041088342666626,0.06821303069591522,False,21
2,53.789321203003055,26.622000000000014,5.669485679256169,0.10729141211058092,0.03815862399819625,0.5,-0.09607829319036483,0.6360853910446167,0.7023593187332153,0.06702953577041626,False,21
2,53.89082079399668,26.622000000000014,5.669485679256169,0.10729141211058092,0.03815862399819625,0.5,-0.09626130204784195,0.6360853910446167,0.7023593187332153,0.06702953577041626,False,21
2,53.99479299400264,26.72399999999999,5.691182415815726,0.10823038487017737,0.036374468637668377,0.5,-0.09757565573449194,0.6350312232971191,0.6995789408683777,0.0675451010465622,False,21
2,54.09546179699828,26.72399999999999,5.691182415815726,0.10823038487017737,0.036374468637668377,0.5,-0.0977048982953829,0.6350312232971191,0.6995789408683777,0.0675451010465622,False,21
2,54.20570255199709,26.825999999999965,5.7128807658474114,0.10913833064247805,0.03448794968005167,0.5,-0.09591455629280807,0.6120701432228088,0.6986005902290344,0.06713011860847473,False,19
2,54.3068142550037,26.825999999999965,5.7128807658474114,0.10913833064247805,0.03448794968005167,0.5,-0.09601461802025159,0.6120701432228088,0.6986005902290344,0.06713011860847473,False,19
2,54.45510855300381,26.92799999999994,5.7345784483184605,0.10999736960799276,0.03271871111343418,0.5,-0.09735826446094638,0.6195510029792786,0.6963275074958801,0.06674440205097198,False,20
2,54.579076387002715,26.996000000000038,5.74904362314227,0.11055282407340168,0.031476575166837197,0.5,-0.09748414765534984,0.6138691902160645,0.7068832516670227,0.06655678153038025,False,21
2,54.713915303997055,27.03000000000003,5.756278843762041,0.1108249396357171,0.030841757504517554,0.5,-0.09618637751208733,0.6138691902160645,0.7068832516670227,0.06655678153038025,False,21
2,54.857279026997276,27.132000000000005,5.7779748310553245,0.11160816425794724,0.02903730490257922,0.5,-0.09825194319426522,0.6342455148696899,0.7059423923492432,0.07581143081188202,False,19
2,54.984731003998604,27.19999999999999,5.792446507488712,0.11211115590664093,0.027835586210787487,0.5,-0.09832816686016767,0.6269214153289795,0.7021535038948059,0.07030902802944183,False,21
2,55.119852593998075,27.23399999999998,5.799683623842352,0.11235240104007155,0.027209712756053078,0.5,-0.09647312427173983,0.6269214153289795,0.7021535038948059,0.07030902802944183,False,21
2,55.2245087850024,27.335999999999956,5.821386871851226,0.1130550961028078,0.02541725086900921,0.5,-0.09661562615990461,0.6090055704116821,0.7009621858596802,0.07201538980007172,False,20
2,55.325322566997784,27.335999999999956,5.821386871851226,0.1130550961028078,0.02541725086900921,0.5,-0.09668999310976689,0.6090055704116821,0.7009621858596802,0.07201538980007172,False,20
2,55.428513013001066,27.438000000000045,5.843092119049688,0.11372114362283704,0.023587944699402303,0.5,-0.0940742050236014,0.629453182220459,0.8160821199417114,0.07161204516887665,False,21
2,55.529619417000504,27.438000000000045,5.843092119049688,0.11372114362283704,0.023587944699402303,0.5,-0.09410564665117123,0.629453182220459,0.8160821199417114,0.07161204516887665,False,21
2,55.640004952998424,27.54000000000002,5.864792324275717,0.11434097206561869,0.021879984325252583,0.5,-0.09280102472787963,0.6094545722007751,0.7015201449394226,0.07184875011444092,False,21
2,55.740809101000195,27.54000000000002,5.864792324275717,0.11434097206561869,0.021879984325252583,0.5,-0.09283508218848942,0.6094545722007751,0.7015201449394226,0.07184875011444092,False,21
2,55.84529554800247,27.641999999999996,5.886496035783792,0.11490611752474263,0.02037032888359395,0.5,-0.0899453114419748,0.6085837483406067,0.6996909379959106,0.07303836941719055,False,20
2,55.94603920500231,27.641999999999996,5.886496035783792,0.11490611752474263,0.02037032888359395,0.5,-0.08995565973764501,0.6085837483406067,0.6996909379959106,0.07303836941719055,False,20
2,56.06255524200242,27.74399999999997,5.908195976242816,0.11544065091281623,0.018873763432242518,0.5,-0.09052789277185576,0.6244214773178101,0.7112711071968079,0.19201010465621948,False,21
2,56.16365283099731,27.74399999999997,5.908195976242816,0.11544065091281623,0.018873763432242518,0.5,-0.09058117353313135,0.6244214773178101,0.7112711071968079,0.19201010465621948,False,21
2,56.29152366299968,27.811999999999955,5.9226653413385435,0.11577727280318438,0.017891056129412525,0.5,-0.08662585421006733,0.6396832466125488,0.7107569575309753,0.19383880496025085,False,21
2,56.40275970999937,27.87999999999994,5.937126984022772,0.11609975006640474,0.016980940263062485,0.5,-0.08662864451521683,0.6408032774925232,0.7093088626861572,0.19453570246696472,False,20
2,56.53773537599773,27.914000000000044,5.944364087271198,0.11624642570698902,0.016559950825728913,0.5,-0.08046632765398676,0.6408032774925232,0.7093088626861572,0.19453570246696472,False,20
2,56.63881214000139,28.01600000000002,5.966064030274329,0.11665509445708591,0.015673528635647204,0.5,-0.07727910746135747,0.6236230134963989,0.7076819539070129,0.1927676796913147,False,20
2,56.74013436899986,28.01600000000002,5.966064030274329,0.11665509445708591,0.015673528635647204,0.5,-0.0771974039859857,0.6236230134963989,0.7076819539070129,0.1927676796913147,False,20
2,56.87120857300033,28.117999999999995,5.9877641888092565,0.11702992339400288,0.015009406827044222,0.5,-0.07821549643732179,0.5792386531829834,0.6399970054626465,-0.025217130780220032,False,21
2,56.97184622900386,28.117999999999995,5.9877641888092565,0.11702992339400288,0.015009406827044222,0.5,-0.07810664023924882,0.5792386531829834,0.6399970054626465,-0.025217130780220032,False,21
2,57.1150694809985,28.21999999999997,6.00945420807359,0.11740654222022574,0.014179431369562293,0.5,-0.06176109660945188,0.6158066987991333,0.6352351903915405,-0.025703325867652893,False,21
2,57.22967095700005,28.287999999999954,6.023935338101484,0.11761658629275078,0.014064099187960546,0.5,-0.061492334256904424,0.6037139892578125,0.6320145130157471,-0.02796969562768936,False,21
2,57.364131403999636,28.321999999999946,6.031175793989912,0.1177190227285688,0.014013744531983403,0.5,-0.0698969108563565,0.6037139892578125,0.6320145130157471,-0.02796969562768936,False,21
2,57.5074292950012,28.424000000000035,6.052877182223937,0.11802777558870815,0.01370802716058891,0.5,-0.07519689794397154,0.6051143407821655,0.6288111805915833,-0.0307864248752594,False,21
2,57.619301004997396,28.49200000000002,6.067344493379633,0.11824472882761256,0.013338984475314295,0.5,-0.07491291648920803,0.5901598930358887,0.6268238425254822,-0.03254019469022751,False,21
2,57.75396678799734,28.52600000000001,6.074570875366325,0.11835856599257656,0.01310137840463593,0.5,-0.08086686234746653,0.5901598930358887,0.6268238425254822,-0.03254019469022751,False,21
2,57.90100724300282,28.627999999999986,6.0962737022611835,0.11869194470116584,0.012217099701138002,0.5,-0.0843349900611962,0.5682871341705322,0.624468982219696,-0.03344748169183731,False,19
2,58.01312753000093,28.69599999999997,6.1107363880528585,0.11892512043509947,0.011406068768843659,0.5,-0.08405217202901917,0.5534715056419373,0.6536040902137756,0.0761810690164566,False,19
2,58.14788061800209,28.72999999999996,6.117973806941236,0.11902551930303637,0.011073338430084938,0.5,-0.09609117349670186,0.5534715056419373,0.6536040902137756,0.0761810690164566,False,19
2,58.251496311000665,28.831999999999937,6.139756186703211,0.11933534772855085,0.010052471346173007,0.5,-0.10131308838248775,0.5839831233024597,0.6533814072608948,0.06841230392456055,False,21
2,58.35251376799715,28.831999999999937,6.139756186703211,0.11933534772855085,0.010052471346173007,0.5,-0.10108033026799135,0.5839831233024597,0.6533814072608948,0.06841230392456055,False,21
2,58.452628257997276,28.934000000000026,6.161488506974631,0.11968618744424211,0.00799057939806421,0.5,-0.10300278148076848,0.5756974220275879,0.6514719128608704,0.06521973013877869,False,21
2,58.55341537800268,28.934000000000026,6.161488506974631,0.11968618744424211,0.00799057939806421,0.5,-0.10282200005063609,0.5756974220275879,0.6514719128608704,0.06521973013877869,False,21
2,58.65747711199947,29.036,6.183217395058639,0.11999024290842361,0.005910221175812868,0.5,-0.10143756258936881,0.567599892616272,0.6508053541183472,0.0647454708814621,False,20
2,58.75823113200022,29.036,6.183217395058639,0.11999024290842361,0.005910221175812868,0.5,-0.10124727931130215,0.567599892616272,0.6508053541183472,0.0647454708814621,False,20
2,58.90139042800001,29.137999999999977,6.204943002769259,0.12024448535899156,0.003907118801461577,0.5,-0.09966306341821886,0.565658688545227,0.6602551341056824,0.07163110375404358,False,20
2,59.02733650799928,29.20599999999996,6.219425105692943,0.1203869334417665,0.0026131310867454636,0.5,-0.09863893074787386,0.5585417151451111,0.6592215895652771,0.0706745833158493,False,21
2,59.16236003999802,29.239999999999952,6.226665621730144,0.12044989056094133,0.0019844375896221965,0.5,-0.09833072913215554,0.5585417151451111,0.6592215895652771,0.0706745833158493,False,21
2,59.2669065049995,29.34200000000004,6.248382143192403,0.1206160317044914,7.213641665077355e-05,0.5,-0.09901449936976899,0.552298903465271,0.656725287437439,0.06907427310943604,False,21
2,59.36823390400241,29.34200000000004,6.248382143192403,0.1206160317044914,7.213641665077355e-05,0.5,-0.09885370237636652,0.552298903465271,0.656725287437439,0.06907427310943604,False,21
2,59.4724886499971,29.444000000000017,6.270104693568627,0.12073068166889636,-0.0017820809793746679,0.5,-0.09749505293738606,0.5748294591903687,0.6541967391967773,0.06338629126548767,False,19
2,59.57328945000336,29.444000000000017,6.270104693568627,0.12073068166889636,-0.0017820809793746679,0.5,-0.09736722855649277,0.5748294591903687,0.6541967391967773,0.06338629126548767,False,19
2,59.704630393003754,29.512,6.28457539346872,0.12078724373012507,-0.0030204228553161387,0.5,-0.09817595291862002,0.5665901899337769,0.6528821587562561,0.06030784547328949,False,21
2,59.808420792003744,29.545999999999992,6.2918144907070666,0.12080855121349529,-0.0036361145345075643,0.5,-0.09806056953404736,0.5558326840400696,0.6528821587562561,0.06030784547328949,False,21
2,59.95531722599844,29.613999999999976,6.306282912458607,0.12084362524186666,-0.004949869125590764,0.5,-0.09658982635945683,0.5558326840400696,0.65028977394104,0.06041538715362549,False,20
3,0.11710013300034916,0.33999999999991815,0.0712058190280488,0.0001507749351032531,-0.004596671347890521,0.5,-0.062416466584032805,0.555873692035675,0.7468851804733276,0.20391350984573364,False,21
3,0.22844639200047823,0.4079999999999018,0.08570668189679184,8.503237521424065e-05,-0.004716224029368677,0.5,-0.04159262428292146,0.5674861669540405,0.7616809010505676,0.21528565883636475,False,19
3,0.3636331839952618,0.4420000000000073,0.09295730505187248,5.399701983068952e-05,-0.004637709937662747,0.5,-0.04167379763277438,0.5674861669540405,0.7616809010505676,0.21528565883636475,False,19
3,0.46980579199589556,0.5439999999999827,0.11469171856370525,-4.662038980703833e-05,-0.004598955884762599,0.5,-0.026743967864751476,0.5701640844345093,0.7663060426712036,0.22326412796974182,False,21
3,0.5706152779966942,0.5439999999999827,0.11469171856370525,-4.662038980703833e-05,-0.004598955884762599,0.5,-0.026796824362800387,0.5701640844345093,0.7663060426712036,0.22326412796974182,False,21
3,0.6726919879947673,0.6459999999999582,0.13642440670357625,-0.0001468502524258088,-0.004554651662355395,0.5,-0.015692797524989196,0.5516511797904968,0.7369963526725769,0.02950941026210785,False,21
3,0.7738658399975975,0.6459999999999582,0.13642440670357625,-0.0001468502524258088,-0.004554651662355395,0.5,-0.015707975747099413,0.5516511797904968,0.7369963526725769,0.02950941026210785,False,21
3,0.8874574369983748,0.7139999999999418,0.15091948619567713,-0.00021244271195724248,-0.004562364317242947,0.5,-0.007016888394817885,0.5538912415504456,0.7475200891494751,0.03559185564517975,False,20
3,0.9879911769967293,0.7479999999999336,0.15817244532584054,-0.0002450376557315509,-0.004498115630713755,0.5,-0.007020494721819983,0.5538912415504456,0.771473228931427,0.04022529721260071,False,21
3,1.1368367429968202,0.8159999999999172,0.17267942963719654,-0.0003103160113987075,-0.004480232355828574,0.5,-0.0008125028618284333,0.5821215510368347,0.771473228931427,0.04022529721260071,False,21
3,1.2865276969969273,0.9180000000000064,0.19443991372865357,-0.00040679391149505545,-0.004432547841405404,0.5,0.003984730852053683,0.5842758417129517,0.7739968299865723,0.043737202882766724,False,20
3,1.3895762589963851,0.9519999999999982,0.20169348678313095,-0.00043864145010706,-0.004401782297100289,0.5,0.004022983780939903,0.5842758417129517,0.7739968299865723,0.043737202882766724,False,20
3,1.4991691789982724,1.0199999999999818,0.21620058216845925,-0.0005023711001769411,-0.004390317472496495,0.5,0.0048752944874121094,0.6157901287078857,0.7946250438690186,0.051374614238739014,False,21
3,1.6169993369985605,1.0879999999999654,0.2307076578480116,-0.0005660445717439436,-0.00438891086132794,0.5,0.004908640501337506,0.6033231019973755,0.8058596849441528,0.058015838265419006,False,20
3,1.7517956769952434,1.1219999999999573,0.23796119363027474,-0.0005978770814428202,-0.004388590603007414,0.5,0.008231577949521033,0.6033231019973755,0.8058596849441528,0.058015838265419006,False,20
3,1.900482060998911,1.2239999999999327,0.2597219261469939,-0.0006928233533500943,-0.004362975150309838,0.5,0.011237510734861098,0.6155251264572144,0.8219473958015442,0.06331947445869446,False,21
3,2.0104945589991985,1.2919999999999163,0.2742290600253878,-0.0007550482623020135,-0.004333398337535139,0.5,0.011279285504116594,0.5929026007652283,0.7946730852127075,0.05013445019721985,False,21
3,2.1453624009955092,1.3259999999999081,0.2814826525246071,-0.0007864090218582433,-0.0043317746279870496,0.5,0.012959073768796086,0.5929026007652283,0.7946730852127075,0.05013445019721985,False,21
3,2.250504708994413,1.4279999999999973,0.30324351639583225,-0.0008802697255226836,-0.00430807482660608,0.5,0.013975910934931429,0.6265735626220703,0.7991740703582764,0.05058260262012482,False,20
3,2.351455480995355,1.4279999999999973,0.30324351639583225,-0.0008802697255226836,-0.00430807482660608,0.5,0.01404314352108909,0.6265735626220703,0.7991740703582764,0.05058260262012482,False,20
3,2.4624061469949083,1.5299999999999727,0.32500440109189893,-0.0009739126738940436,-0.004290777957522633,0.5,0.014353952285685548,0.6318971514701843,0.8565993309020996,0.2379780113697052,False,19
3,2.5631689009969705,1.5299999999999727,0.32500440109189893,-0.0009739126738940436,-0.004290777957522633,0.5,0.014425514331306847,0.6318971514701843,0.8565993309020996,0.2379780113697052,False,19
3,2.669072836994019,1.6319999999999482,0.34676527819834363,-0.0010673910460051153,-0.004283595060510454,0.5,0.01522724941761801,0.6496309638023376,0.8563627600669861,0.23822027444839478,False,21
3,2.7698290729967994,1.6319999999999482,0.34676527819834363,-0.0010673910460051153,-0.004283595060510454,0.5,0.015302341751161816,0.6496309638023376,0.8563627600669861,0.23822027444839478,False,21
3,2.9182417299962253,1.7339999999999236,0.3685262014500585,-0.0011606037074476446,-0.00426962743953058,0.5,0.015063611445765126,0.6618082523345947,0.860819399356842,0.23623844981193542,False,20
3,3.044318966996798,1.8019999999999072,0.38303346001877236,-0.0012226225771808312,-0.004270693365565788,0.5,0.015142885651102469,0.642902672290802,0.8686511516571045,0.23766818642616272,False,21
3,3.179229381996265,1.835999999999899,0.3902870945410087,-0.0012536647371579395,-0.004269209603112718,0.5,0.015180280319449367,0.642902672290802,0.8686511516571045,0.23766818642616272,False,21
3,3.2936575309940963,1.9379999999999882,0.41204799847674156,-0.0013467444578406126,-0.004265092004625797,0.5,0.01428089147444035,0.6585224866867065,0.8683851361274719,0.23763442039489746,False,19
3,3.394855562997691,1.9379999999999882,0.41204799847674156,-0.0013467444578406126,-0.004265092004625797,0.5,0.014361141382789976,0.6585224866867065,0.8683851361274719,0.23763442039489746,False,19
3,3.4994105939986184,2.0399999999999636,0.43380886190986145,-0.0014397086864335635,-0.004270912091147735,0.5,0.014441134906920892,0.6509656310081482,0.8695051074028015,0.2393631637096405,False,21
3,3.600269036993268,2.0399999999999636,0.43380886190986145,-0.0014397086864335635,-0.004270912091147735,0.5,0.014523330819446524,0.6509656310081482,0.8695051074028015,0.2393631637096405,False,21
3,3.7078962069936097,2.141999999999939,0.4555696850151591,-0.0015328877669170498,-0.004288035082122153,0.5,0.011484324143722652,0.6598044037818909,0.8703211545944214,0.24026301503181458,False,21
3,3.808728992997203,2.141999999999939,0.4555696850151591,-0.0015328877669170498,-0.004288035082122153,0.5,0.011549070906129104,0.6598044037818909,0.8703211545944214,0.24026301503181458,False,21
3,3.953291157995409,2.2439999999999145,0.477330357070227,-0.001626513414714341,-0.004317015337044483,0.5,0.0073959441661765445,0.6366190910339355,0.8077881932258606,0.04026736319065094,False,21
3,4.068149387996527,2.311999999999898,0.4918373809291028,-0.00168920838070223,-0.004321857423586396,0.5,0.011484669085943953,0.6083511710166931,0.8157347440719604,0.07521578669548035,False,20
3,4.2035455479999655,2.3460000000000036,0.4990910023972452,-0.0017202990496247342,-0.004295350842637688,0.5,0.011469797471817788,0.6083511710166931,0.8157347440719604,0.07521578669548035,False,20
3,4.3284145049983636,2.4139999999999873,0.5135982197798894,-0.0017825532944291068,-0.004290413740245802,0.5,0.011855159921783053,0.599911093711853,0.8098037242889404,0.060306355357170105,False,21
3,4.440886823998881,2.481999999999971,0.5281054339325145,-0.0018447558709810154,-0.004287194312107685,0.5,0.011845092815539863,0.5916934013366699,0.8140189051628113,0.07494933903217316,False,21
3,4.57570439799747,2.5159999999999627,0.5353590392109606,-0.0018758569331105556,-0.004287078047765636,0.5,0.016322056499331244,0.5916934013366699,0.8140189051628113,0.07494933903217316,False,21
3,4.719665179000003,2.617999999999938,0.5571147871623106,-0.001969787641221097,-0.004236845757758878,0.5,0.017057953584663083,0.6075833439826965,0.8103317022323608,0.07427416741847992,False,21
3,4.831742037000367,2.685999999999922,0.5716177020519396,-0.002031439708630014,-0.004226959864788916,0.5,0.017108622598546445,0.6064527630805969,0.8095189332962036,0.07392710447311401,False,21
3,4.96665230999497,2.7199999999999136,0.5788695690333445,-0.0020621578454912744,-0.004224092308626302,0.5,0.017949228207373335,0.6064527630805969,0.8095189332962036,0.07392710447311401,False,21
3,5.115745614995831,2.8220000000000027,0.6006243712615293,-0.002154279440759889,-0.004211656218815258,0.5,0.017902251651464363,0.605586588382721,0.8072603940963745,0.073065385222435,False,20
3,5.235884565998276,2.8899999999999864,0.6151295575758472,-0.0022153810226785866,-0.004208248059912304,0.5,0.017969785869268066,0.6110720634460449,0.8047166466712952,0.07197359204292297,False,19
3,5.370736761993612,2.923999999999978,0.6223828762697391,-0.0022459256927088106,-0.004206279335044869,0.5,0.020054069733084316,0.6110720634460449,0.8047166466712952,0.07197359204292297,False,19
3,5.517904394997458,3.0259999999999536,0.6441324770616627,-0.002339640221141786,-0.004175239628654386,0.5,0.017213924518846596,0.58821040391922,0.8064627647399902,0.07195103168487549,False,20
3,5.630360150993511,3.0939999999999372,0.6586352178376573,-0.0023997830018121016,-0.004187138749351934,0.5,0.017291033379151378,0.6044031977653503,0.8013803362846375,0.07069677114486694,False,20
3,5.764975186997617,3.127999999999929,0.6658879452919079,-0.002430173573600715,-0.00418471424096469,0.5,0.019347097591650965,0.6044031977653503,0.8013803362846375,0.07069677114486694,False,20
3,5.866568833000201,3.2299999999999045,0.6876405069617942,-0.0025218832884709276,-0.004162144023860388,0.5,0.016585848380760798,0.5950649976730347,0.7987591028213501,0.07007701694965363,False,21
3,5.967364023999835,3.2299999999999045,0.6876405069617942,-0.0025218832884709276,-0.004162144023860388,0.5,0.016650577788180253,0.5950649976730347,0.7987591028213501,0.07007701694965363,False,21
3,6.116430337999191,3.3319999999999936,0.7094006482224037,-0.002612024289071142,-0.004182188139950632,0.5,0.017233064934683934,0.6027079820632935,0.7949416637420654,0.06931592524051666,False,21
3,6.233815703999426,3.3999999999999773,0.7239078645863437,-0.0026727268362509624,-0.004177431391640745,0.5,0.0172745465545858,0.6075713634490967,0.7925893068313599,0.06823815405368805,False,21
3,6.369321105994459,3.433999999999969,0.7311614724250878,-0.002703091983062256,-0.00417601876277006,0.5,0.017422833205120253,0.6075713634490967,0.7925893068313599,0.06823815405368805,False,21
3,6.476068280993786,3.5359999999999445,0.7529222969544082,-0.0027938927634833743,-0.004167656832530529,0.5,0.017756627795295472,0.5841830372810364,0.7902018427848816,0.06727007031440735,False,21
3,6.577092184998037,3.5359999999999445,0.7529222969544082,-0.0027938927634833743,-0.004167656832530529,0.5,0.017831494118470678,0.5841830372810364,0.7902018427848816,0.06727007031440735,False,21
3,6.682219960996008,3.63799999999992,0.7746829828756187,-0.0028843959483343846,-0.004152387186408428,0.5,0.01872243402798729,0.5997517108917236,0.78776615858078,0.06708014011383057,False,19
3,6.7829509929943015,3.63799999999992,0.7746829828756187,-0.0028843959483343846,-0.004152387186408428,0.5,0.018796030187271967,0.5997517108917236,0.78776615858078,0.06708014011383057,False,19
3,6.8897728829979314,3.740000000000009,0.7964424971036359,-0.0029758429832995475,-0.004124164309192971,0.5,0.02030981500429101,0.6022351384162903,0.8441051244735718,0.26104816794395447,False,20
3,6.990438354994694,3.740000000000009,0.7964424971036359,-0.0029758429832995475,-0.004124164309192971,0.5,0.02040776075841145,0.6022351384162903,0.8441051244735718,0.26104816794395447,False,20
3,7.09635772099864,3.8419999999999845,0.8181914778950081,-0.0030668714728569343,-0.004119078868578135,0.5,0.01685987313037279,0.6095848679542542,0.8424803614616394,0.2599918842315674,False,20
3,7.197453761997167,3.8419999999999845,0.8181914778950081,-0.0030668714728569343,-0.004119078868578135,0.5,0.01694622861682202,0.6095848679542542,0.8424803614616394,0.2599918842315674,False,20
3,7.3161102710000705,3.94399999999996,0.8399490244648142,-0.0031565011671574206,-0.004112855608493599,0.5,0.01719410371317932,0.6034823060035706,0.782128095626831,0.06464371085166931,False,21
3,7.416893124995113,3.94399999999996,0.8399490244648142,-0.0031565011671574206,-0.004112855608493599,0.5,0.017268818616972752,0.6034823060035706,0.782128095626831,0.06464371085166931,False,21
3,7.529673211996851,4.045999999999935,0.8617092692691518,-0.00324581703742041,-0.004124631875577945,0.5,0.015509883705756978,0.597044825553894,0.7817330360412598,0.06443262100219727,False,21
3,7.6304914629945415,4.045999999999935,0.8617092692691518,-0.00324581703742041,-0.004124631875577945,0.5,0.015566026817704564,0.597044825553894,0.7817330360412598,0.06443262100219727,False,21
3,7.748624301995733,4.113999999999919,0.8762164799272593,-0.003305598518335583,-0.0041175713840335155,0.5,0.016905587655516842,0.5968285799026489,0.7763324975967407,0.06400787830352783,False,20
3,7.859025915997336,4.181999999999903,0.8907236957820325,-0.003365388743842745,-0.004114595318923806,0.5,0.016962106724860784,0.5953188538551331,0.7734618186950684,0.06338384747505188,False,20
3,7.993816169997444,4.216000000000008,0.89797730295271,-0.003395296028628262,-0.004113145794420899,0.5,0.01529483778751222,0.5953188538551331,0.7734618186950684,0.06338384747505188,False,20
3,8.09414982599992,4.317999999999984,0.9197380721383416,-0.0034850742341412428,-0.004124488319019234,0.5,0.014536663974163895,0.6255149841308594,0.7774880528450012,0.06318417191505432,False,21
3,8.195075657997222,4.317999999999984,0.9197380721383416,-0.0034850742341412428,-0.004124488319019234,0.5,0.014553542930985609,0.6255149841308594,0.7774880528450012,0.06318417191505432,False,21
3,8.295268071000464,4.419999999999959,0.9414987673070584,-0.003574977299523102,-0.004130058693033821,0.5,0.014522737666991243,0.6311971545219421,0.7749541997909546,0.06307835876941681,False,20
3,8.396071613999084,4.419999999999959,0.9414987673070584,-0.003574977299523102,-0.004130058693033821,0.5,0.01452667713283709,0.6311971545219421,0.7749541997909546,0.06307835876941681,False,20
3,8.496943712998473,4.5219999999999345,0.9632594371659058,-0.0036648669678409785,-0.004130034484734196,0.5,0.01762007355233182,0.6101270318031311,0.7712176442146301,0.06301432847976685,False,20
3,8.597739534998254,4.5219999999999345,0.9632594371659058,-0.0036648669678409785,-0.004130034484734196,0.5,0.01764409530588422,0.6101270318031311,0.7712176442146301,0.06301432847976685,False,20
3,8.744425391996629,4.62399999999991,0.9850170873194342,-0.0037545821311518266,-0.004085701126584319,0.5,0.017019808983719895,0.6314402222633362,0.7706955671310425,0.06076134741306305,False,21
3,8.853501910998602,4.692000000000007,0.9995237171035993,-0.003813316142659569,-0.0040902743725662665,0.5,0.017029800626456697,0.6410692930221558,0.786519467830658,0.062341541051864624,False,20
3,8.98830256099609,4.725999999999999,1.0067773211779811,-0.003842991502503527,-0.004090779817583487,0.5,0.01984288927238469,0.6410692930221558,0.786519467830658,0.062341541051864624,False,20
3,9.132506947993534,4.8279999999999745,1.0285287005719255,-0.00393315281146308,-0.00404966790115516,0.5,0.018237943732285607,0.6489372253417969,0.8219349384307861,0.24535775184631348,False,21
3,9.253802555998845,4.895999999999958,1.0430301780436877,-0.003991759042732676,-0.00405301822118562,0.5,0.018252724052738752,0.6458635926246643,0.8237590789794922,0.2448882758617401,False,20
3,9.388842795997334,4.92999999999995,1.0502816805560904,-0.004021195908289109,-0.0040509618075998425,0.5,0.017500906047856406,0.6458635926246643,0.8237590789794922,0.2448882758617401,False,20
3,9.53290297199419,5.031999999999925,1.0720415790397442,-0.004108891240601626,-0.004057322444531302,0.5,0.01936465731567939,0.6252337694168091,0.781273603439331,0.06158359348773956,False,21
3,9.647476030993857,5.099999999999909,1.0865454517706956,-0.004168337690484647,-0.004031396692648631,0.5,0.01937384054077122,0.6257646679878235,0.781632125377655,0.061162784695625305,False,19
3,9.782472235994646,5.133999999999901,1.0937964754106344,-0.004197855901421413,-0.004026230537397682,0.5,0.0210667213309125,0.6257646679878235,0.781632125377655,0.061162784695625305,False,19
3,9.927503033999528,5.23599999999999,1.1155446271046277,-0.00428809985369458,-0.003982404697451909,0.5,0.022418956804376392,0.6422864198684692,0.7951245903968811,0.06059391796588898,False,21
3,10.037108646996785,5.303999999999974,1.1300434179568872,-0.004347009302647935,-0.00395159477017244,0.5,0.023847534934937704,0.6467458009719849,0.7951983213424683,0.06029731035232544,False,20
3,10.171948798997619,5.337999999999965,1.1372935355209213,-0.004376763015152237,-0.003931935203447153,0.5,0.02394417458540786,0.6467458009719849,0.7951983213424683,0.06029731035232544,False,20
3,10.273612696997589,5.439999999999941,1.1590383251467549,-0.0044594684245443435,-0.003872414540440557,0.5,0.025047395002588426,0.6322567462921143,0.7972039580345154,0.06393051147460938,False,20
3,10.37442430399824,5.439999999999941,1.1590383251467549,-0.0044594684245443435,-0.003872414540440557,0.5,0.02505793767006848,0.6322567462921143,0.7972039580345154,0.06393051147460938,False,20
3,10.479812223995395,5.541999999999916,1.180766478419359,-0.004542344407927139,-0.0038361544372939034,0.5,0.02488995860110626,0.6300976872444153,0.8047018647193909,0.06784296035766602,False,21
3,10.580593225000484,5.541999999999916,1.180766478419359,-0.004542344407927139,-0.0038361544372939034,0.5,0.024931686748056164,0.6300976872444153,0.8047018647193909,0.06784296035766602,False,21
3,10.68089515799511,5.6440000000000055,1.2024959058109281,-0.004626272894083317,-0.003813655351239448,0.5,0.02418885160630873,0.6497305631637573,0.8176782727241516,0.07094059884548187,False,20
3,10.781847337995714,5.6440000000000055,1.2024959058109281,-0.004626272894083317,-0.003813655351239448,0.5,0.02424104960516699,0.6497305631637573,0.8176782727241516,0.07094059884548187,False,20
3,10.89074936399993,5.745999999999981,1.2242283130663736,-0.00470957059632934,-0.003794978767501874,0.5,0.023012816104424596,0.631147027015686,0.8269758820533752,0.07269655168056488,False,21
3,10.991791740998451,5.745999999999981,1.2242283130663736,-0.00470957059632934,-0.003794978767501874,0.5,0.023074562742209006,0.631147027015686,0.8269758820533752,0.07269655168056488,False,21
3,11.112284676994022,5.8139999999999645,1.2387194128927568,-0.004765209242534028,-0.0037812424604942497,0.5,0.0221078635456513,0.6949206590652466,0.8531098365783691,0.23183342814445496,False,21
3,11.213236967996636,5.847999999999956,1.2459662492080863,-0.0047931321261028255,-0.0037792060832312533,0.5,0.022174569074272208,0.6949206590652466,0.8562148213386536,0.23247769474983215,False,21
3,11.360947994995513,5.91599999999994,1.2604620869283432,-0.004849085046194096,-0.0037661214125735295,0.5,0.02083635802611337,0.6796011924743652,0.8562148213386536,0.23247769474983215,False,21
3,11.465915682994819,6.017999999999915,1.282206327965369,-0.004931744080975224,-0.0037631690400468966,0.5,0.020209579003479354,0.6760384440422058,0.8584818840026855,0.23570594191551208,False,21
3,11.566771945996152,6.017999999999915,1.282206327965369,-0.004931744080975224,-0.0037631690400468966,0.5,0.02028091740491551,0.6760384440422058,0.8584818840026855,0.23570594191551208,False,21
3,11.706659256000421,6.1200000000000045,1.3039507775559507,-0.00501408112571191,-0.0037587697071199944,0.5,0.017828127392956656,0.716444194316864,0.8610466718673706,0.23350277543067932,False,21
3,11.817477666998457,6.187999999999988,1.3184495993617273,-0.0050685752631662246,-0.0037714624929982817,0.5,0.017883216745552655,0.7043105959892273,0.8649914264678955,0.23569637537002563,False,21
3,11.952479340994614,6.22199999999998,1.325700356716502,-0.0050958740951851,-0.0037684493960836547,0.5,0.01869358561197134,0.7043105959892273,0.8649914264678955,0.23569637537002563,False,21
3,12.054611856998235,6.323999999999955,1.34745297914188,-0.005177752335439422,-0.003753350272047194,0.5,0.018890683191505872,0.6882149577140808,0.8657986521720886,0.23594194650650024,False,21
3,12.155386252998142,6.323999999999955,1.34745297914188,-0.005177752335439422,-0.003753350272047194,0.5,0.018950120834205934,0.6882149577140808,0.8657986521720886,0.23594194650650024,False,21
3,12.303600444996846,6.425999999999931,1.3692076474661292,-0.00525938866901987,-0.0037408213780175796,0.5,0.019825980205885586,0.6566951870918274,0.865824282169342,0.23480632901191711,False,21
3,12.408064848998038,6.4939999999999145,1.3837091980223248,-0.005314534148052483,-0.0037243674874334804,0.5,0.019886562213547666,0.6894276142120361,0.8669756054878235,0.23644748330116272,False,21
3,12.543101096998726,6.527999999999906,1.390958945390476,-0.005341969018479182,-0.0037189072529087803,0.5,0.01968113757386761,0.6894276142120361,0.8669756054878235,0.23644748330116272,False,21
3,12.68892619899998,6.6299999999999955,1.412707709908433,-0.005423615454590794,-0.003707005827775765,0.5,0.014317049009485213,0.665389895439148,0.8033865094184875,0.03467555344104767,False,21
3,12.80746899699443,6.697999999999979,1.4272144681889662,-0.005476647892857267,-0.0037469007026258317,0.5,0.014320596800394339,0.686148464679718,0.8700233697891235,0.26250144839286804,False,21
3,12.942402449996735,6.731999999999971,1.4344680732124189,-0.005503829995633936,-0.0037477056271035623,0.5,0.02172284686623522,0.686148464679718,0.8700233697891235,0.26250144839286804,False,21
3,13.090075277999858,6.833999999999946,1.4562187623302811,-0.0055880726275010775,-0.003663600875557665,0.5,0.02176634414202161,0.6296245455741882,0.8130900859832764,0.07738660275936127,False,19
3,13.214845939997758,6.90199999999993,1.4707163754104542,-0.005641438604539872,-0.003643286686883614,0.5,0.02460001179075672,0.6114528775215149,0.8105679750442505,0.075386181473732,False,21
3,13.34946680599387,6.935999999999922,1.477966864466467,-0.005669644460044517,-0.003614209105353836,0.5,0.024847916372300587,0.6114528775215149,0.8105679750442505,0.075386181473732,False,21
3,13.498667391999334,7.038000000000011,1.499717750545306,-0.005748516818596346,-0.0035892359005564576,0.5,0.021948363214104552,0.6377537250518799,0.8108809590339661,0.0737864226102829,False,20
3,13.62139801599551,7.1059999999999945,1.5142136234411103,-0.005801351584155226,-0.003582769668939412,0.5,0.023332656609088183,0.6357746720314026,0.8074080348014832,0.071830615401268,False,21
3,13.756560098998307,7.139999999999986,1.521461474434042,-0.005827595621659241,-0.00356623686787529,0.5,0.02366061391977665,0.6357746720314026,0.8074080348014832,0.071830615401268,False,21
3,13.90323131299374,7.241999999999962,1.543200964103694,-0.00590434681179621,-0.0035351256100695414,0.5,0.022715297831884664,0.6429100036621094,0.8044461607933044,0.07019826769828796,False,21
3,14.012779708995367,7.309999999999945,1.5576949086313214,-0.005955739116348658,-0.0035184345601193363,0.5,0.016977920638745914,0.6400416493415833,0.8102130889892578,0.0695907473564148,False,20
3,14.148049678995449,7.343999999999937,1.5649438571400023,-0.005981921206784019,-0.00354962059902944,0.5,0.017239649478159293,0.6400416493415833,0.8102130889892578,0.0695907473564148,False,20
3,14.25087360899488,7.445999999999913,1.5866902605323403,-0.006059628270671837,-0.0035332692094901326,0.5,0.0194992216504661,0.6397556066513062,0.8079925775527954,0.0693952739238739,False,21
3,14.351758884993615,7.445999999999913,1.5866902605323403,-0.006059628270671837,-0.0035332692094901326,0.5,0.0196317348911567,0.6397556066513062,0.8079925775527954,0.0693952739238739,False,21
3,14.479417319998902,7.51400000000001,1.6011869786701234,-0.006111130206071823,-0.0035239052748868753,0.5,0.024058000668633273,0.6461640000343323,0.8076567649841309,0.06793628633022308,False,20
3,14.580617385996447,7.548000000000002,1.608437381392376,-0.0061387118092697136,-0.0034885954005007265,0.5,0.024259450876489442,0.6653198599815369,0.8076567649841309,0.06793628633022308,False,20
3,14.681043634998787,7.6159999999999854,1.6229418786364154,-0.006191169996525535,-0.003460523858933934,0.5,0.022406274325654077,0.6653198599815369,0.8065612316131592,0.06706692278385162,False,21
3,14.783775928997784,7.649999999999977,1.6301919936883227,-0.00621607396631964,-0.003463060427008521,0.5,0.022616073623214227,0.6653198599815369,0.8051726818084717,0.06706692278385162,False,21
3,14.884504540998023,7.717999999999961,1.6446878816114192,-0.006266919788540834,-0.0034453122717962004,0.5,0.024801805135914862,0.670425534248352,0.8051726818084717,0.06521320343017578,False,21
3,14.99923355399369,7.7859999999999445,1.659182881839407,-0.006315509865402328,-0.0033984928528729094,0.5,0.025055112586121236,0.6601850986480713,0.8022482991218567,0.06368890404701233,False,21
3,15.134341821998532,7.819999999999936,1.6664262336671967,-0.006338970991804315,-0.003376664596064405,0.5,0.022284468740230257,0.6601850986480713,0.8022482991218567,0.06368890404701233,False,21
3,15.23560730600002,7.921999999999912,1.6881642380162232,-0.006414781306309293,-0.0033774811077968503,0.5,0.024259736552045736,0.6674069166183472,0.8029671907424927,0.06213019788265228,False,21
3,15.336364542999945,7.921999999999912,1.6881642380162232,-0.006414781306309293,-0.0033774811077968503,0.5,0.024553615939946462,0.6674069166183472,0.8029671907424927,0.06213019788265228,False,21
3,15.438058190993615,8.024000000000001,1.7098993484442344,-0.0064870866112985304,-0.003327725086861676,0.5,0.023401070303107573,0.6289216876029968,0.7986918091773987,0.060665011405944824,False,21
3,15.538958406999882,8.024000000000001,1.7098993484442344,-0.0064870866112985304,-0.003327725086861676,0.5,0.02369464870032007,0.6289216876029968,0.7986918091773987,0.060665011405944824,False,21
3,15.652193452995562,8.125999999999976,1.7316337339956234,-0.006559572003071394,-0.003305047058901769,0.5,0.024661007871722092,0.6510559916496277,0.7931464314460754,0.05917373299598694,False,21
3,15.753231399998185,8.125999999999976,1.7316337339956234,-0.006559572003071394,-0.003305047058901769,0.5,0.024989276754015192,0.6510559916496277,0.7931464314460754,0.05917373299598694,False,21
3,15.859478330996353,8.227999999999952,1.7533647126606597,-0.006630366530791493,-0.003260299326268182,0.5,0.02198909023542993,0.6676584482192993,0.7932721972465515,0.058549895882606506,False,20
3,15.960254863995942,8.227999999999952,1.7533647126606597,-0.006630366530791493,-0.003260299326268182,0.5,0.02228034392971734,0.6676584482192993,0.7932721972465515,0.058549895882606506,False,20
3,16.063678510996397,8.329999999999927,1.7751010196080563,-0.0067023524415378895,-0.003257352792800029,0.5,0.02236731243861726,0.6931313276290894,0.7957713007926941,0.057777225971221924,False,21
3,16.16474692799966,8.329999999999927,1.7751010196080563,-0.0067023524415378895,-0.003257352792800029,0.5,0.022669066472664694,0.6931313276290894,0.7957713007926941,0.057777225971221924,False,21
3,16.312194542995712,8.431999999999903,1.7968406162644017,-0.0067738322178858374,-0.0032305083838003426,0.5,0.023367915469996794,0.6866820454597473,0.7921948432922363,0.05719706416130066,False,21
3,16.428590629999235,8.5,1.8113325080598217,-0.006820572182691887,-0.0032066024874732968,0.5,0.023668628494016852,0.6826571226119995,0.7948136329650879,0.056946635246276855,False,20
3,16.56351355499646,8.533999999999992,1.8185778069466756,-0.00684374851791005,-0.0031934215143792242,0.5,0.022598030854475665,0.6826571226119995,0.7948136329650879,0.056946635246276855,False,20
3,16.709382852997805,8.635999999999967,1.840316874553978,-0.006914071077940783,-0.0031693810005812896,0.5,0.024030235012326016,0.6785641312599182,0.7929410338401794,0.056533485651016235,False,19
3,16.812032130997977,8.635999999999967,1.840316874553978,-0.006914071077940783,-0.0031693810005812896,0.5,0.024030235012326016,0.6785641312599182,0.8534690141677856,0.056533485651016235,False,19
3,16.9331914929935,8.737999999999943,1.862052190047544,-0.006981348488840805,-0.0031093754820288007,0.5,0.027038301853942424,0.7134131193161011,0.8534690141677856,0.2560707628726959,False,21
3,17.043171710000024,8.805999999999926,1.8765369671727008,-0.0070250159577117536,-0.0030724576998824972,0.5,0.026318016904666168,0.7095654606819153,0.8504055738449097,0.25470349192619324,False,20
3,17.178223643997626,8.839999999999918,1.883778883116008,-0.007047604884704852,-0.0030656922567036788,0.5,0.026993833902750813,0.7095654606819153,0.8504055738449097,0.25470349192619324,False,20
3,17.321150719995785,8.942000000000007,1.9055062386110104,-0.0071137931233379225,-0.0030207558675710224,0.5,0.029172238378456426,0.6837592124938965,0.7860625982284546,0.05514135956764221,False,19
3,17.43093244699412,9.009999999999991,1.9199890205953716,-0.007155856107883181,-0.002974139894105606,0.5,0.027943502316749937,0.6832668781280518,0.7855812311172485,0.054734453558921814,False,20
3,17.565798805997474,9.043999999999983,1.9272300453008897,-0.00717760651441104,-0.0029678187156671164,0.5,0.028635492393045962,0.6832668781280518,0.7855812311172485,0.054734453558921814,False,20
3,17.67313000199647,9.145999999999958,1.948954021355576,-0.007240948873734218,-0.0029149021654653984,0.5,0.03061568427962158,0.6668378710746765,0.7797562479972839,0.0544210821390152,False,21
3,17.774074641994957,9.145999999999958,1.948954021355576,-0.007240948873734218,-0.0029149021654653984,0.5,0.030970079826549105,0.6668378710746765,0.7797562479972839,0.0544210821390152,False,21
3,17.87594156099658,9.247999999999934,1.9706781694208386,-0.007302358536493295,-0.0028508926295686145,0.5,0.03028035580912976,0.6962391138076782,0.7801926136016846,0.051499515771865845,False,21
3,17.978789360997325,9.247999999999934,1.9706781694208386,-0.007302358536493295,-0.0028508926295686145,0.5,0.03062945826358901,0.6962391138076782,0.7801926136016846,0.051499515771865845,False,21
3,18.094709455996053,9.315999999999917,1.9851600183090554,-0.0073429554608146885,-0.002816871145172406,0.5,0.030608816289460966,0.6848089098930359,0.7788503766059875,0.05224411189556122,False,21
3,18.19812109999475,9.349999999999909,1.9924009783877357,-0.007363381357567779,-0.002805271715032352,0.5,0.030950076837941744,0.6848089098930359,0.7788503766059875,0.05224411189556122,False,21
3,18.305274018995988,9.418000000000006,2.0068835216303937,-0.007404183453480335,-0.002775589119933482,0.5,0.0307469088850847,0.6780962944030762,0.7749128937721252,0.051658421754837036,False,20
3,18.409800032997737,9.451999999999998,2.014124826498258,-0.007424220694214083,-0.002764027144626699,0.5,0.03107926284193194,0.6858265995979309,0.7749128937721252,0.051658421754837036,False,20
3,18.51073976799671,9.519999999999982,2.028607572378245,-0.007463866091139627,-0.0027302833605023632,0.5,0.03168162465726006,0.6858265995979309,0.77403724193573,0.05071958899497986,False,19
3,18.615017239993904,9.553999999999974,2.03584897063147,-0.00748351351159052,-0.0027115368504949406,0.5,0.03200300994977903,0.6858265995979309,0.7885701060295105,0.05071958899497986,False,19
3,18.719855082999857,9.621999999999957,2.0503313255288935,-0.007521052469317926,-0.002661247585692894,0.5,0.02532171032255821,0.7128550410270691,0.7885701060295105,0.05269961059093475,False,21
3,18.838525623999885,9.68999999999994,2.064812120293474,-0.007561209047719485,-0.0026869801008940724,0.5,0.02557608554173548,0.7248919010162354,0.8051944971084595,0.0512281209230423,False,21
3,18.973196291997738,9.723999999999933,2.0720527304375436,-0.007580765881130168,-0.0026806211311659195,0.5,0.022159445404195743,0.7248919010162354,0.8051944971084595,0.0512281209230423,False,21
3,19.07377184699726,9.825999999999908,2.093783415192335,-0.007640076463336485,-0.0026818252580997274,0.5,0.02697361531807868,0.7251397371292114,0.8418763279914856,0.23861965537071228,False,20
3,19.174806360999355,9.825999999999908,2.093783415192335,-0.007640076463336485,-0.0026818252580997274,0.5,0.027196757897743562,0.7251397371292114,0.8418763279914856,0.23861965537071228,False,20
3,19.32150721799553,9.927999999999997,2.11551082445679,-0.007697121717824274,-0.0026264009742879655,0.5,0.03449731130460883,0.7171399593353271,0.8357802033424377,0.23809558153152466,False,20
3,19.437485982998624,9.995999999999981,2.1300046642834625,-0.007734347276060548,-0.0025218680368678413,0.5,0.03475004773609567,0.7344655990600586,0.8337017297744751,0.2370862066745758,False,21
3,19.57260275199951,10.029999999999973,2.1372524378048343,-0.0077522387895880875,-0.002493068550221521,0.5,0.03976975574540512,0.7344655990600586,0.8337017297744751,0.2370862066745758,False,21
3,19.676985722995596,10.131999999999948,2.1590039901543867,-0.007804196962078591,-0.0023664587730701106,0.5,0.04413632324068849,0.7320044636726379,0.8381296992301941,0.23479923605918884,False,20
3,19.77785585499805,10.131999999999948,2.1590039901543867,-0.007804196962078591,-0.0023664587730701106,0.5,0.04446009319652257,0.7320044636726379,0.8381296992301941,0.23479923605918884,False,20
3,19.884354334993986,10.233999999999924,2.1807630448697153,-0.007852180562271169,-0.0022305298799873427,0.5,0.04926018510152093,0.7447509169578552,0.8440074920654297,0.2353232502937317,False,20
3,19.984987710995483,10.233999999999924,2.1807630448697153,-0.007852180562271169,-0.0022305298799873427,0.5,0.04957330478374555,0.7447509169578552,0.8440074920654297,0.2353232502937317,False,20
3,20.130083558993647,10.335999999999899,2.202523894442394,-0.007898169904249434,-0.0020787581166050394,0.5,0.052104157517237674,0.7233718633651733,0.8373518586158752,0.2343561351299286,False,21
3,20.23875059800048,10.403999999999996,2.217031640152812,-0.007929030177758225,-0.0019623484443235173,0.5,0.04969360918412507,0.7346946001052856,0.8538390398025513,0.23354259133338928,False,20
3,20.373552336997818,10.437999999999988,2.2242856245717717,-0.00794311970691036,-0.001934705537396112,0.5,0.050394326982763256,0.7346946001052856,0.8538390398025513,0.23354259133338928,False,20
3,20.52126744999987,10.539999999999964,2.2460441807418734,-0.00798543038528877,-0.0018570463551149385,0.5,0.044285728688658946,0.726433515548706,0.8305779695510864,0.05206975340843201,False,19
3,20.627350448994548,10.607999999999947,2.260540096901089,-0.008010919292405723,-0.0017928001775565033,0.5,0.039565100172921065,0.7367565631866455,0.843479335308075,0.05391053855419159,False,21
3,20.7625905889945,10.641999999999939,2.26778358870927,-0.008022806973521415,-0.0017934771594628697,0.5,0.040312674638371425,0.7367565631866455,0.843479335308075,0.05391053855419159,False,21
3,20.86270183299348,10.743999999999915,2.2895062555143886,-0.008060989566259035,-0.001753585353786335,0.5,0.035096088829787465,0.7349443435668945,0.8456517457962036,0.053084224462509155,False,21
3,20.963797862998035,10.743999999999915,2.2895062555143886,-0.008060989566259035,-0.001753585353786335,0.5,0.03549589419351262,0.7349443435668945,0.8456517457962036,0.053084224462509155,False,21
3,21.11322964199644,10.846000000000004,2.311222981195214,-0.008099648374550444,-0.0017356081369194097,0.5,0.03144956688591021,0.7320172190666199,0.8646231889724731,0.2309950590133667,False,20
3,21.228186747997825,10.913999999999987,2.3256999475812745,-0.00812529410109131,-0.0017149563394940532,0.5,0.026687671392887163,0.718062698841095,0.8622439503669739,0.23238596320152283,False,20
3,21.329017789998034,10.913999999999987,2.3256999475812745,-0.00812529410109131,-0.0017149563394940532,0.5,0.02704604338824352,0.718062698841095,0.8622439503669739,0.23238596320152283,False,20
3,21.475473328995577,11.015999999999963,2.3474188975099257,-0.008163358236429588,-0.001718773532714638,0.5,0.027986191768068238,0.7617573738098145,0.8616137504577637,0.23279103636741638,False,21
3,21.5893867259947,11.083999999999946,2.3618982977667913,-0.008188512462502262,-0.0017000764807392763,0.5,0.028329784432438505,0.7581221461296082,0.8665341734886169,0.23880833387374878,False,20
3,21.72378153399768,11.117999999999938,2.369137941031365,-0.008200706049473738,-0.0016859764316898018,0.5,0.02222435259631094,0.7581221461296082,0.8665341734886169,0.23880833387374878,False,20
3,21.82383325299452,11.219999999999914,2.3908674564627175,-0.00823879446603567,-0.0017014372205090972,0.5,0.019801470459376764,0.7642647624015808,0.8619605302810669,0.23758357763290405,False,21
3,21.924399602998164,11.219999999999914,2.3908674564627175,-0.00823879446603567,-0.0017014372205090972,0.5,0.019801470459376764,0.7642647624015808,0.8619605302810669,0.23758357763290405,False,21
3,22.06383793999703,11.322000000000003,2.4126086303458694,-0.008276886726761109,-0.0016994384444639474,0.5,0.019409728343453336,0.723507285118103,0.8568524718284607,0.2408675253391266,False,21
3,22.16959896899789,11.355999999999995,2.4198571166344194,-0.008289843387118538,-0.0017020997762118347,0.5,0.01960045224654001,0.7374738454818726,0.8568524718284607,0.2408675253391266,False,21
3,22.274313619993336,11.423999999999978,2.4343539214750796,-0.008314916196645823,-0.0016958634861203405,0.5,0.027143292937117373,0.7374738454818726,0.8616795539855957,0.2512016296386719,False,21
3,22.374903970994637,11.45799999999997,2.441601368876943,-0.008327466391885047,-0.001641921779083207,0.5,0.02726919764859947,0.7581347227096558,0.8616795539855957,0.2512016296386719,False,21
3,22.48273467800027,11.525999999999954,2.456095200943324,-0.008350433617167113,-0.0015989947496065423,0.5,0.02825602764609155,0.7581347227096558,0.8644993305206299,0.24953654408454895,False,20
3,22.601079421998293,11.593999999999937,2.47058083001459,-0.008371048905770421,-0.0015549101849336932,0.5,0.028400839644051455,0.74125736951828,0.8725390434265137,0.2566428482532501,False,21
3,22.735947556997417,11.627999999999929,2.477822322847684,-0.008381965305982118,-0.0015371636575785053,0.5,0.03263091885296569,0.74125736951828,0.8725390434265137,0.2566428482532501,False,21
3,22.841071561997524,11.729999999999905,2.499557416010547,-0.008414187124947379,-0.0014364151275290192,0.5,0.028983797607334525,0.7261065244674683,0.8718954920768738,0.24370846152305603,False,21
3,22.941855576995295,11.729999999999905,2.499557416010547,-0.008414187124947379,-0.0014364151275290192,0.5,0.029038227874884612,0.7261065244674683,0.8718954920768738,0.24370846152305603,False,21
3,23.090331470993988,11.831999999999994,2.5212799260770513,-0.008445897456138794,-0.0014269939696573688,0.5,0.03186440294027962,0.695652186870575,0.8118047118186951,0.07590197026729584,False,21
3,23.194255960996088,11.865999999999985,2.5285212798554033,-0.008454411530651648,-0.0013893888677077692,0.5,0.03194161055111988,0.695652186870575,0.8079773187637329,0.07590197026729584,False,21
3,23.30717501699837,11.933999999999969,2.5430056325010635,-0.008473196292822404,-0.0013440342122131889,0.5,0.0408686654898323,0.7248135805130005,0.8079773187637329,0.07433837652206421,False,20
3,23.42301484299969,12.001999999999953,2.557505444721978,-0.008492495005383013,-0.0012239697924727223,0.5,0.04104885853049541,0.7526553273200989,0.8103920817375183,0.07186399400234222,False,20
3,23.55783562400029,12.035999999999945,2.5647562447524286,-0.008501143461129367,-0.0011906464753057785,0.5,0.04774618962842892,0.7526553273200989,0.8103920817375183,0.07186399400234222,False,20
3,23.699563832997228,12.13799999999992,2.5865170762825893,-0.008524758965405074,-0.0009464271066597412,0.5,0.058369589038916696,0.7344938516616821,0.8124455809593201,0.07272997498512268,False,21
3,23.812948276994575,12.205999999999904,2.6010260549537128,-0.008540840311837852,-0.0007891694924476176,0.5,0.05767175230139391,0.734743595123291,0.8075705766677856,0.068112313747406,False,19
3,23.94936564999807,12.240000000000009,2.6082807966909844,-0.008547258145112636,-0.0007331169121732127,0.5,0.05868028207183942,0.734743595123291,0.8075705766677856,0.068112313747406,False,19
3,24.09451022799476,12.341999999999985,2.6300426039450993,-0.00856478712243542,-0.000543101864979148,0.5,0.06088321095719956,0.7449106574058533,0.8099587559700012,0.06884483993053436,False,21
3,24.20816792400001,12.409999999999968,2.6445462125762593,-0.008574232988615087,-0.00041711514780293826,0.5,0.056395362056686014,0.7460627555847168,0.8068788647651672,0.0657607764005661,False,21
3,24.3429596759961,12.44399999999996,2.651800066468795,-0.008577220590308335,-0.00038650581176647965,0.5,0.057576626518250525,0.7460627555847168,0.8068788647651672,0.0657607764005661,False,21
3,24.489928956994845,12.545999999999935,2.6735624318149522,-0.008586389651619376,-0.0002179575622411619,0.5,0.05867058444626372,0.7258660197257996,0.8124601244926453,0.06617775559425354,False,19
3,24.60326216300018,12.613999999999919,2.6880686060970453,-0.008590869607115229,-9.66224183049411e-05,0.5,0.05437785098988261,0.7301492094993591,0.808448314666748,0.04591165482997894,False,20
3,24.70434150700021,12.613999999999919,2.6880686060970453,-0.008590869607115229,-9.66224183049411e-05,0.5,0.05501988207151975,0.7301492094993591,0.808448314666748,0.04591165482997894,False,20
3,24.806525001993577,12.716000000000008,2.709833870355513,-0.008593135529160759,4.180078583250038e-05,0.5,0.05382774424528329,0.7584378123283386,0.8727307915687561,0.2563934624195099,False,20
3,24.90772654600005,12.716000000000008,2.709833870355513,-0.008593135529160759,4.180078583250038e-05,0.5,0.054494542012608414,0.7584378123283386,0.8727307915687561,0.2563934624195099,False,20
3,25.049477622000268,12.817999999999984,2.7315985386907307,-0.008592678039830139,0.00019422252273430956,0.5,0.0522982714569862,0.7444555163383484,0.8045794367790222,0.046286001801490784,False,20
3,25.151563901999907,12.851999999999975,2.738852180490362,-0.008591693057670846,0.0002175578911827152,0.5,0.052972452614339104,0.7444555163383484,0.805759072303772,0.046286001801490784,False,20
3,25.254783009993844,12.919999999999959,2.753358045759986,-0.00858846385375997,0.00031206902148781267,0.5,0.054370153967081856,0.7304331660270691,0.805759072303772,0.045405641198158264,False,21
3,25.369313812996552,12.987999999999943,2.7678658565769467,-0.008585009800004536,0.00043372777522390207,0.5,0.0550319834047641,0.7349427342414856,0.8733932971954346,0.25034138560295105,False,21
3,25.50464183599979,13.021999999999935,2.7751208266688123,-0.008582600647884594,0.0004967351937484304,0.5,0.05623917583003749,0.7349427342414856,0.8733932971954346,0.25034138560295105,False,21
3,25.652192898996873,13.12399999999991,2.7968844303521063,-0.008572944533244791,0.0006786563570991161,0.5,0.05556869867700712,0.7708578705787659,0.877895176410675,0.25029441714286804,False,20
3,25.768220363999717,13.192000000000007,2.811394274006847,-0.008563647486867488,0.0007770650891102485,0.5,0.056287485746903385,0.7755599021911621,0.8141302466392517,0.04748278856277466,False,21
3,25.90336007499718,13.225999999999999,2.8186486619186177,-0.008558815684002113,0.0008369339128392939,0.5,0.054598702106346375,0.7755599021911621,0.8141302466392517,0.04748278856277466,False,21
3,26.04588814699673,13.327999999999975,2.840412280906193,-0.008541245418374222,0.000988326074410258,0.5,0.057117967639489314,0.7918246984481812,0.8754348754882812,0.24873077869415283,False,21
3,26.170082890996127,13.395999999999958,2.854920135558487,-0.008528079981732942,0.0011128906165392923,0.5,0.057814303798218884,0.7995615601539612,0.8775891065597534,0.2476760745048523,False,21
3,26.304902046998905,13.42999999999995,2.862173110073017,-0.008520895153675639,0.0011741402367559516,0.5,0.057415445130054144,0.7995615601539612,0.8775891065597534,0.2476760745048523,False,21
3,26.41819143099565,13.531999999999925,2.8839324821194237,-0.008496340603731257,0.0013436170683472901,0.5,0.060655305738604066,0.7267597913742065,0.8136397004127502,0.04908186197280884,False,21
3,26.519318370999827,13.531999999999925,2.8839324821194237,-0.008496340603731257,0.0013436170683472901,0.5,0.06133372770617113,0.7267597913742065,0.8136397004127502,0.04908186197280884,False,21
3,26.61942979399464,13.6339999999999,2.9056819027338996,-0.008469240311945648,0.0015484660980898722,0.5,0.06425452903848675,0.7742505669593811,0.8398418426513672,0.050524622201919556,False,21
3,26.720000616995094,13.6339999999999,2.9056819027338996,-0.008469240311945648,0.0015484660980898722,0.5,0.06425452903848675,0.7742505669593811,0.8398418426513672,0.050524622201919556,False,21
3,26.828998613993463,13.73599999999999,2.9274224640863076,-0.008438003825061692,0.0017533750841520692,0.5,0.06612924859486304,0.7628951072692871,0.8799740672111511,0.2440219521522522,False,21
3,26.929609371996776,13.73599999999999,2.9274224640863076,-0.008438003825061692,0.0017533750841520692,0.5,0.06682240635784294,0.7628951072692871,0.8799740672111511,0.2440219521522522,False,21
3,27.030499367996526,13.837999999999965,2.949148346554079,-0.00840225098402598,0.0014965821421571482,0.5,0.05870091082387773,0.8089966773986816,0.8810532689094543,0.24117925763130188,False,21
3,27.13134505499329,13.837999999999965,2.949148346554079,-0.00840225098402598,0.0014965821421571482,0.5,0.059521789352177994,0.8089966773986816,0.8810532689094543,0.24117925763130188,False,21
3,27.241736734998995,13.93999999999994,2.970898019794065,-0.008364337179804868,0.0019688018025402045,0.5,0.0598294470827906,0.8085024952888489,0.8792279362678528,0.2389596700668335,False,20
3,27.342818955999974,13.93999999999994,2.970898019794065,-0.008364337179804868,0.0019688018025402045,0.5,0.060310007930402025,0.8085024952888489,0.8792279362678528,0.2389596700668335,False,20
3,27.446185374996276,14.041999999999916,2.9926412694448983,-0.008324677813549043,0.0022017513990616002,0.5,0.06629872837931335,0.8147844672203064,0.877963125705719,0.23885515332221985,False,21
3,27.546978577993286,14.041999999999916,2.9926412694448983,-0.008324677813549043,0.0022017513990616002,0.5,0.06670952422789854,0.8147844672203064,0.877963125705719,0.23885515332221985,False,21
3,27.6927993529971,14.144000000000005,3.014364200854851,-0.008287820576546258,0.0024898120486380997,0.5,0.07505772566870243,0.8003280162811279,0.8787867426872253,0.2376200556755066,False,20
3,27.81076790299994,14.211999999999989,3.028843706383375,-0.008264348976253543,0.0027884178347481036,0.5,0.0787227912388908,0.818824291229248,0.8790928721427917,0.23536285758018494,False,21
3,27.94558988299832,14.245999999999981,3.036079473570503,-0.008265314144247762,0.0030911783018546133,0.5,0.0797016999600818,0.818824291229248,0.8790928721427917,0.23536285758018494,False,21
3,28.055596791993594,14.313999999999965,3.0505588210463714,-0.008247694946878388,0.0035871636572256684,0.5,0.08070611029439868,0.8117451667785645,0.8777188658714294,0.23518654704093933,False,21
3,28.15987565499381,14.347999999999956,3.0577940038819325,-0.008245241645355972,0.003917045347058933,0.5,0.08109590589713907,0.7873901128768921,0.8777188658714294,0.23518654704093933,False,21
3,28.308127330994466,14.41599999999994,3.07227351917706,-0.008219087274309488,0.0044649623901257705,0.5,0.07495774619962482,0.7873901128768921,0.8862885236740112,0.26734408736228943,False,20
3,28.458289880996745,14.517999999999915,3.093981810468096,-0.008151154555871678,0.00504806316589493,0.5,0.0739274208099051,0.8131389617919922,0.8890016674995422,0.26962974667549133,False,20
3,28.56909430700034,14.585999999999899,3.108449624458227,-0.008103282826312458,0.005435450476408896,0.5,0.07426711387107056,0.7400349378585815,0.8958833813667297,0.27692466974258423,False,20
3,28.703691632996197,14.620000000000005,3.115692679802637,-0.008067056404028319,0.005575363604287374,0.5,0.07106564009391295,0.7400349378585815,0.8958833813667297,0.27692466974258423,False,20
3,28.804001789998438,14.72199999999998,3.137402589615505,-0.007962014789622851,0.005950555358161004,0.5,0.07203705386370057,0.7571827173233032,0.9003138542175293,0.2711031138896942,False,21
3,28.90488109099533,14.72199999999998,3.137402589615505,-0.007962014789622851,0.005950555358161004,0.5,0.07225668593987725,0.7571827173233032,0.9003138542175293,0.2711031138896942,False,21
3,29.005205452995142,14.823999999999955,3.159104638072784,-0.007862558796032959,0.006460823919423427,0.5,0.0737485252283388,0.7425081729888916,0.89372318983078,0.27180132269859314,False,20
3,29.10600953699759,14.823999999999955,3.159104638072784,-0.007862558796032959,0.006460823919423427,0.5,0.0739084449229704,0.7425081729888916,0.89372318983078,0.27180132269859314,False,20
3,29.255253808994894,14.92599999999993,3.1808099862797774,-0.007749480199969744,0.007009920885375163,0.5,0.0726373362159455,0.7093323469161987,0.8987514972686768,0.27864620089530945,False,21
3,29.369725131997257,14.993999999999915,3.1952869656029326,-0.007652663459593347,0.0072294183312333555,0.5,0.07274536088389583,0.8316185474395752,0.878193736076355,0.25145137310028076,False,19
3,29.50479494699539,15.027999999999906,3.202515907372345,-0.0076208687977567515,0.0074916275880030315,0.5,0.07502558095297097,0.8316185474395752,0.878193736076355,0.25145137310028076,False,19
3,29.649752158999036,15.129999999999995,3.22422818553159,-0.007483580719328783,0.008073963915438768,0.5,0.08051181464802158,0.8202382326126099,0.8802851438522339,0.25523653626441956,False,21
3,29.776485675000004,15.197999999999979,3.238701232200999,-0.007401905278361865,0.008648345164132633,0.5,0.08059922720824629,0.7721744775772095,0.8872366547584534,0.2596990764141083,False,20
3,29.911183731994242,15.231999999999971,3.2459378672687595,-0.007356780969034019,0.008923393964756856,0.5,0.08438434324029857,0.7721744775772095,0.8872366547584534,0.2596990764141083,False,20
3,30.056869734995416,15.333999999999946,3.267647631978489,-0.007229784210192914,0.010056940047639793,0.5,0.08939061913923717,0.7735892534255981,0.8827332258224487,0.2656879127025604,False,21
3,30.18164159499429,15.40199999999993,3.282121384666056,-0.00714385294390796,0.010980984674313582,0.5,0.08940830116676282,0.816412091255188,0.8784149885177612,0.26557227969169617,False,20
3,30.316547842994623,15.435999999999922,3.289358447237949,-0.007096005913920646,0.011447702877829691,0.5,0.08897412769217641,0.816412091255188,0.8784149885177612,0.26557227969169617,False,20
3,30.427149929993902,15.538000000000011,3.3110692374247663,-0.006931877262389594,0.012834972049065842,0.5,0.08979469368214185,0.832215428352356,0.8723229169845581,0.26278579235076904,False,21
3,30.527957384998444,15.538000000000011,3.3110692374247663,-0.006931877262389594,0.012834972049065842,0.5,0.08980124031251467,0.832215428352356,0.8723229169845581,0.26278579235076904,False,21
3,30.677967238996644,15.639999999999986,3.3327800106810757,-0.0067331593217405976,0.014173454358449916,0.5,0.08568692602173122,0.8140140771865845,0.8742599487304688,0.25887516140937805,False,21
3,30.80675747799978,15.70799999999997,3.3472528806940014,-0.006576606059894076,0.014944529396074664,0.5,0.08430103265479928,0.8013097643852234,0.8754607439041138,0.2519654333591461,False,21
3,30.941677988994343,15.741999999999962,3.3544892484150934,-0.006491800764778613,0.015301206447286006,0.5,0.08415367949792643,0.8013097643852234,0.8754607439041138,0.2519654333591461,False,21
3,31.087929825000174,15.843999999999937,3.3761977679220805,-0.006217629847894903,0.01631241698240823,0.5,0.08222483154370984,0.8304018378257751,0.8580049872398376,0.19091153144836426,False,21
3,31.212961376993917,15.91199999999992,3.3906638207148743,-0.006032947948922948,0.01706277892318899,0.5,0.08559000766986331,0.7800037860870361,0.8095560669898987,0.09063977003097534,False,21
3,31.34823071199935,15.945999999999913,3.3979020633147714,-0.005929277633399455,0.017417685531630128,0.5,0.08531639048720047,0.7800037860870361,0.8095560669898987,0.09063977003097534,False,21
3,31.475802425993606,16.01400000000001,3.4123743356197465,-0.005724421770258677,0.018170304064109303,0.5,0.08533748338515923,0.805050253868103,0.8501354455947876,0.18868020176887512,False,21
3,31.575907812999503,16.048000000000002,3.419610158747498,-0.00561786958580181,0.018545729405207566,0.5,0.08523551414965469,0.805050253868103,0.8555111885070801,0.21570083498954773,False,20
3,31.723848347995954,16.115999999999985,3.4340821075968857,-0.005395746006556074,0.019290452954953113,0.5,0.08916213601274306,0.8065103888511658,0.8555111885070801,0.21570083498954773,False,20
3,31.83151834099408,16.21799999999996,3.455789910431658,-0.005059728986899372,0.020652288030642434,0.5,0.09151802084749637,0.7916947603225708,0.8462420701980591,0.1857249140739441,False,19
3,31.93251977199543,16.21799999999996,3.455789910431658,-0.005059728986899372,0.020652288030642434,0.5,0.091400815473125,0.7916947603225708,0.8462420701980591,0.1857249140739441,False,19
3,32.072775349995936,16.319999999999936,3.477498772955822,-0.004702263814639845,0.022142276098498604,0.5,0.09466329509103874,0.8053472638130188,0.843765377998352,0.180696040391922,False,20
3,32.1727850229945,16.353999999999928,3.484735922060608,-0.004580168979304257,0.022695580657052024,0.5,0.09450716057092877,0.8053472638130188,0.840349555015564,0.180696040391922,False,20
3,32.276222835993394,16.421999999999912,3.4992090822346817,-0.004325589574490243,0.02381245719975557,0.5,0.09616405397137484,0.8129757642745972,0.840349555015564,0.18019196391105652,False,21
3,32.37676424099482,16.455999999999904,3.506445683850822,-0.004194290426292145,0.024405726084273327,0.5,0.09598975996243443,0.7937500476837158,0.840349555015564,0.18019196391105652,False,21
3,32.481601126994065,16.524,3.5209187523145125,-0.003920075969699963,0.025600072724668688,0.5,0.09734167073113369,0.7937500476837158,0.8423990607261658,0.1760428547859192,False,21
3,32.59250768199854,16.591999999999985,3.535393023800067,-0.0036289195735524624,0.026809909415979626,0.5,0.09715271953394189,0.8076120018959045,0.8205533027648926,0.08933709561824799,False,21
3,32.72722405899549,16.625999999999976,3.542630509693175,-0.0034761569976424892,0.027405883726455305,0.5,0.09758619015704206,0.8076120018959045,0.8205533027648926,0.08933709561824799,False,21
3,32.832568597994396,16.727999999999952,3.5643458210481596,-0.003008004507377279,0.02935381233714642,0.5,0.09848527886183679,0.8092955350875854,0.8122706413269043,0.08928672969341278,False,21
3,32.93338945999858,16.727999999999952,3.5643458210481596,-0.003008004507377279,0.02935381233714642,0.5,0.09828900552859698,0.8092955350875854,0.8122706413269043,0.08928672969341278,False,21
3,33.080975877994206,16.829999999999927,3.5860664310015675,-0.0024998286723979884,0.031386883269560954,0.5,0.09822966456114704,0.7778889536857605,0.808569610118866,0.0909876674413681,False,21
3,33.1938297509987,16.89799999999991,3.6005410842855134,-0.0021330443750970374,0.032686354984306,0.5,0.09797860192205658,0.8018502593040466,0.8161106109619141,0.0915367603302002,False,21
3,33.32872640599817,16.931999999999903,3.6077791791899987,-0.0019347964937121336,0.033297980920600774,0.5,0.09802001474127398,0.8018502593040466,0.8161106109619141,0.0915367603302002,False,21
3,33.47662548999506,17.033999999999992,3.629490921760307,-0.001324096349450376,0.0351095053903337,0.5,0.09629529840268308,0.7677763104438782,0.8439794182777405,0.17456522583961487,False,20
3,33.59104933299386,17.101999999999975,3.6439627234270175,-0.0008919370673916165,0.03626183532591891,0.5,0.09608045663484306,0.7604811787605286,0.8507780432701111,0.20143207907676697,False,20
3,33.725793918994896,17.135999999999967,3.6511976196773572,-0.0006706108153855052,0.036846473684145176,0.5,0.09600187015040942,0.7604811787605286,0.8507780432701111,0.20143207907676697,False,20
3,33.83980798799894,17.237999999999943,3.6729042382111845,1.4577815027265857e-05,0.03868243402085572,0.5,0.09444419928536198,0.7650560736656189,0.8405563831329346,0.17934498190879822,False,21
3,33.940834285000165,17.237999999999943,3.6729042382111845,1.4577815027265857e-05,0.03868243402085572,0.5,0.09418433335271142,0.7650560736656189,0.8405563831329346,0.17934498190879822,False,21
3,34.086906689997704,17.339999999999918,3.694603402884662,0.0007592435046119314,0.04023774119637672,0.5,0.08789269965097886,0.7457377910614014,0.841352105140686,0.18014410138130188,False,21
3,34.207774971997424,17.4079999999999,3.7090670177413503,0.0012864598997489821,0.041097963850053744,0.5,0.07241494891932074,0.7501764297485352,0.8474093079566956,0.1803131103515625,False,20
3,34.34290061199863,17.442000000000007,3.716299172952417,0.0015752355934552749,0.04125623180926055,0.5,0.07169999077565037,0.7501764297485352,0.8474093079566956,0.1803131103515625,False,20
3,34.4463190940005,17.543999999999983,3.7379853563393284,0.0024532306690489064,0.04166714108643802,0.5,0.06943685344556162,0.6850069165229797,0.8533250689506531,0.1887250542640686,False,21
3,34.5471278049954,17.543999999999983,3.7379853563393284,0.0024532306690489064,0.04166714108643802,0.5,0.06904789090624475,0.6850069165229797,0.8533250689506531,0.1887250542640686,False,21
3,34.64760477299569,17.645999999999958,3.759698468422614,0.003344413836740398,0.04171452460376339,0.5,0.08073563740746582,0.7196274399757385,0.8565182685852051,0.184546560049057,False,20
3,34.74832138999773,17.645999999999958,3.759698468422614,0.003344413836740398,0.04171452460376339,0.5,0.08057876424153586,0.7196274399757385,0.8565182685852051,0.184546560049057,False,20
3,34.874196406999545,17.713999999999942,3.774190429150431,0.00388756706195279,0.04298681645982901,0.5,0.0762129212480627,0.7581421136856079,0.8639196753501892,0.19179505109786987,False,21
3,34.97427483799402,17.747999999999934,3.781427772518686,0.004179941757500597,0.04326996863439544,0.5,0.07567076412454499,0.7967040538787842,0.8564671277999878,0.18834826350212097,False,21
3,35.12072844899376,17.815999999999917,3.795891221909324,0.004791802796457028,0.04356706090510086,0.5,0.08074474708449507,0.7967040538787842,0.8564671277999878,0.18834826350212097,False,21
3,35.2247398959953,17.918000000000006,3.817585398655967,0.005696280067862623,0.0443247757824399,0.5,0.08124185207735644,0.790205180644989,0.8533524870872498,0.18911361694335938,False,18
3,35.32557454099879,17.918000000000006,3.817585398655967,0.005696280067862623,0.0443247757824399,0.5,0.08074592498430455,0.790205180644989,0.8533524870872498,0.18911361694335938,False,18
3,35.42707426499692,18.019999999999982,3.8392776799600683,0.006617516610218548,0.0450808226852866,0.5,0.07007994464846448,0.7822136878967285,0.8435550928115845,0.18627312779426575,False,21
3,35.52801758399437,18.019999999999982,3.8392776799600683,0.006617516610218548,0.0450808226852866,0.5,0.06946803770958945,0.7822136878967285,0.8435550928115845,0.18627312779426575,False,21
3,35.67494367099425,18.121999999999957,3.8609748066373237,0.007596333715964742,0.04524309913184591,0.5,0.07791279360479783,0.7619942426681519,0.84808349609375,0.1874743402004242,False,21
3,35.779720115999226,18.15599999999995,3.8682565722109894,0.007841066016670057,0.04643278721533825,0.5,0.07683746614411534,0.7619942426681519,0.8515039086341858,0.1874743402004242,False,21
3,35.88552961299865,18.223999999999933,3.882717143122836,0.008438661781616596,0.047517952852498505,0.5,0.08696509620970297,0.791230320930481,0.8515039086341858,0.19182926416397095,False,21
3,35.99354767499608,18.291999999999916,3.8971873733600937,0.00907632822317718,0.04830528457693436,0.5,0.08638809102022595,0.784852147102356,0.8571799993515015,0.1841309666633606,False,20
3,36.128262227997766,18.325999999999908,3.904421407732726,0.009400439740740348,0.04869076824872126,0.5,0.09268323823649458,0.784852147102356,0.8571799993515015,0.1841309666633606,False,20
3,36.22899579699879,18.427999999999997,3.9261254696633534,0.010367492131536841,0.05017745233025084,0.5,0.09572127005429004,0.7251139879226685,0.8576722741127014,0.1838681697845459,False,21
3,36.32992130999628,18.427999999999997,3.9261254696633534,0.010367492131536841,0.05017745233025084,0.5,0.09519939660594165,0.7251139879226685,0.8576722741127014,0.1838681697845459,False,21
3,36.47909499299567,18.529999999999973,3.9478263260018585,0.011357145030066622,0.05179912694731706,0.5,0.09345071136031084,0.7145647406578064,0.8522953987121582,0.18083617091178894,False,21
3,36.59117161299946,18.597999999999956,3.962289964662949,0.012039978194538134,0.05283131663455467,0.5,0.09290631353284061,0.7468986511230469,0.8151524662971497,0.1813873052597046,False,21
3,36.72583529399708,18.631999999999948,3.9695208480233517,0.012387635618791385,0.05333551721548537,0.5,0.07540272992000487,0.7468986511230469,0.8151524662971497,0.1813873052597046,False,21
3,36.83459069599485,18.733999999999924,3.991203565217486,0.013528743125139932,0.053747684360476174,0.5,0.07385277453225152,0.7559508085250854,0.813839316368103,0.18108013272285461,False,21
3,36.93524630199681,18.733999999999924,3.991203565217486,0.013528743125139932,0.053747684360476174,0.5,0.07341514746619776,0.7559508085250854,0.813839316368103,0.18108013272285461,False,21
3,37.07790554899839,18.8359999999999,4.012882253477033,0.014689924367743622,0.05397984896346597,0.5,0.06353030590256559,0.7632372975349426,0.8020057678222656,0.17978021502494812,False,20
3,37.19319692299905,18.903999999999996,4.0273398990322775,0.01547357444003497,0.05399748579138121,0.5,0.0631239255976129,0.7855313420295715,0.8165671229362488,0.18047907948493958,False,21
3,37.32816634399933,18.937999999999988,4.034570852990171,0.015862774441281053,0.054044007514616875,0.5,0.06574540835208345,0.7855313420295715,0.8165671229362488,0.18047907948493958,False,21
3,37.42907926499902,19.039999999999964,4.056243543939944,0.01701666709060166,0.054404963978047644,0.5,0.07225048331912672,0.7731701731681824,0.8122636079788208,0.1784389317035675,False,19
3,37.5298336909982,19.039999999999964,4.056243543939944,0.01701666709060166,0.054404963978047644,0.5,0.0717442890134203,0.7731701731681824,0.8122636079788208,0.1784389317035675,False,19
3,37.67436743799772,19.14199999999994,4.077925638731295,0.01819375184500002,0.05470162390383216,0.5,0.07081510686631308,0.7763109803199768,0.8217312097549438,0.17839565873146057,False,20
3,37.79819567499362,19.209999999999923,4.0923773992630945,0.018982460524076337,0.054832719697750505,0.5,0.07611461872686001,0.7613421678543091,0.8212792277336121,0.1788019835948944,False,21
3,37.932944216998294,19.243999999999915,4.099602635493098,0.019373502589842065,0.05496147450849321,0.5,0.07523687043038067,0.7613421678543091,0.8212792277336121,0.1788019835948944,False,21
3,38.07874306799931,19.346000000000004,4.121277738447527,0.020554687647079836,0.05528687090363796,0.5,0.07303013409994155,0.7708133459091187,0.8196755647659302,0.180019348859787,False,19
3,38.201943652995396,19.413999999999987,4.135727059262795,0.021350957332303806,0.05543253376802031,0.5,0.07216409003027795,0.7679213285446167,0.8086882829666138,0.17440491914749146,False,20
3,38.30274560999533,19.413999999999987,4.135727059262795,0.021350957332303806,0.05543253376802031,0.5,0.07168351793722715,0.7679213285446167,0.8086882829666138,0.17440491914749146,False,20
3,38.41471940399788,19.515999999999963,4.1573878483153095,0.022523894703142536,0.055893551848746365,0.5,0.07604651163675973,0.7378900647163391,0.8129135966300964,0.17545124888420105,False,21
3,38.51552199299476,19.515999999999963,4.1573878483153095,0.022523894703142536,0.055893551848746365,0.5,0.07547250959487635,0.7378900647163391,0.8129135966300964,0.17545124888420105,False,21
3,38.66387482299615,19.617999999999938,4.179064354027393,0.02372128507614565,0.056342483690685355,0.5,0.07715472625800196,0.7678622007369995,0.8153128027915955,0.17475298047065735,False,21
3,38.768276145994605,19.65199999999993,4.186289044944218,0.024120509392384706,0.056502792387475,0.5,0.0766940468607318,0.7678622007369995,0.8153128027915955,0.17475298047065735,False,21
3,38.877749553998,19.719999999999914,4.20073838123357,0.024923571238675363,0.05680104520530827,0.5,0.057325109233224904,0.7655594348907471,0.8168991804122925,0.17847082018852234,False,20
3,38.97958213399397,19.753999999999905,4.207963982722513,0.025333866988864362,0.056766777578616916,0.5,0.05676536186237714,0.7676701545715332,0.8116675615310669,0.17733579874038696,False,21
3,39.080351027994766,19.822000000000003,4.22242390637654,0.026156801488994956,0.05680973973691789,0.5,0.044018836562934545,0.7676701545715332,0.8116675615310669,0.17733579874038696,False,21
3,39.19736545399792,19.889999999999986,4.236892256306412,0.02697937586115215,0.05681372952398503,0.5,0.04326239997240349,0.6833420991897583,0.7897648811340332,0.1789022982120514,False,21
3,39.33169890299905,19.923999999999978,4.244125800502202,0.02739058570604734,0.05683634156107423,0.5,0.03136536836245407,0.6833420991897583,0.7897648811340332,0.1789022982120514,False,21
3,39.43691892999777,20.025999999999954,4.265829031785115,0.028624150914456505,0.056796614224420644,0.5,0.02614918469961247,0.6658830642700195,0.7858052253723145,0.1778830587863922,False,20
3,39.5377663649997,20.025999999999954,4.265829031785115,0.028624150914456505,0.056796614224420644,0.5,0.025169548322463754,0.6658830642700195,0.7858052253723145,0.1778830587863922,False,20
3,39.67752833999839,20.12799999999993,4.287520211497325,0.02985881009851909,0.05678211981693827,0.5,0.021432167144452202,0.6537134051322937,0.7884514927864075,0.17944499850273132,False,21
3,39.79375600999629,20.195999999999913,4.301981198625624,0.030680921002975297,0.05677402275329548,0.5,0.020388492702991833,0.6877655982971191,0.7802460193634033,0.17904913425445557,False,21
3,39.9284563419933,20.229999999999905,4.30921332976602,0.031092357428246765,0.05677377508933995,0.5,0.017391527474739446,0.6877655982971191,0.7802460193634033,0.17904913425445557,False,21
3,40.0716012749981,20.331999999999994,4.330925367036052,0.03232778673160136,0.05675841315735955,0.5,0.014652777907267876,0.6628186702728271,0.7742257714271545,0.17763087153434753,False,20
3,40.18707896399428,20.399999999999977,4.345405534532407,0.033150388351378804,0.05675473458302282,0.5,0.01345028761828383,0.6591638326644897,0.7810067534446716,0.17739996314048767,False,19
3,40.32207235299575,20.43399999999997,4.352647797992629,0.0335617462028313,0.056751013191291604,0.5,0.014973826220995188,0.6591638326644897,0.7810067534446716,0.17739996314048767,False,19
3,40.42701060199761,20.535999999999945,4.374373984922064,0.03479590980320926,0.05675637496343581,0.5,0.021586015306221357,0.6882497072219849,0.8005285859107971,0.17067891359329224,False,21
3,40.52780924800027,20.535999999999945,4.374373984922064,0.03479590980320926,0.05675637496343581,0.5,0.020323065795375118,0.6882497072219849,0.8005285859107971,0.17067891359329224,False,21
3,40.62838503799867,20.63799999999992,4.3960845932215245,0.03602967905427678,0.05681927081841578,0.5,0.031229822583273933,0.6843045353889465,0.8053217530250549,0.17565998435020447,False,21
3,40.7296295529959,20.63799999999992,4.3960845932215245,0.03602967905427678,0.05681927081841578,0.5,0.02991830432390109,0.6843045353889465,0.8053217530250549,0.17565998435020447,False,21
3,40.83256548999634,20.74000000000001,4.417827137803942,0.0372624302480152,0.057246044278125255,0.5,0.0579814514439799,0.7079355716705322,0.8019213676452637,0.17444294691085815,False,21
3,40.93343891099357,20.74000000000001,4.417827137803942,0.0372624302480152,0.057246044278125255,0.5,0.056582774927411136,0.7079355716705322,0.8019213676452637,0.17444294691085815,False,21
3,41.07612603799498,20.841999999999985,4.439574567900726,0.03849909633301717,0.05760508172252012,0.5,0.06408760459725707,0.7165776491165161,0.7923451662063599,0.17080265283584595,False,19
3,41.19194121399778,20.909999999999968,4.454066010658724,0.03933104903474236,0.0577754438451395,0.5,0.051831640176565046,0.7177264094352722,0.7891762852668762,0.17304512858390808,False,21
3,41.32683480099513,20.94399999999996,4.461309149276553,0.03974949461661772,0.057763739924719754,0.5,0.049739048960987485,0.7177264094352722,0.7891762852668762,0.17304512858390808,False,21
3,41.44010093599354,21.011999999999944,4.475794562114469,0.04058781854863613,0.057815770560057315,0.5,0.05232944384217471,0.7107508778572083,0.7929867506027222,0.16730782389640808,False,20
3,41.547504510999715,21.079999999999927,4.490279760054199,0.04142753663660152,0.05791461621505069,0.5,0.051320584545313255,0.6911836266517639,0.8039385676383972,0.16864189505577087,False,21
3,41.68249783999636,21.11399999999992,4.4975220568032235,0.0418472395842017,0.057949780390727935,0.5,0.057760687662670736,0.6911836266517639,0.8039385676383972,0.16864189505577087,False,21
3,41.785866665995854,21.216000000000008,4.519251220548577,0.043105163456368056,0.058199148047542684,0.5,0.05895205996632407,0.7554804086685181,0.7933781147003174,0.16574516892433167,False,20
3,41.88676299799408,21.216000000000008,4.519251220548577,0.043105163456368056,0.058199148047542684,0.5,0.0580343135548366,0.7554804086685181,0.7933781147003174,0.16574516892433167,False,20
3,42.03225974799716,21.317999999999984,4.540976472112503,0.044369772156170745,0.05837361515130307,0.5,0.05146226281957755,0.7450082302093506,0.7897215485572815,0.16668447852134705,False,20
3,42.14121413399698,21.351999999999975,4.548218494197873,0.04479250833809988,0.058392779983386,0.5,0.05060250083932442,0.7450082302093506,0.7797470092773438,0.16668447852134705,False,20
3,42.29094053099834,21.41999999999996,4.5626979050942165,0.04563914213331014,0.05845436078983593,0.5,0.04863966142728838,0.7370327115058899,0.7797470092773438,0.1607312262058258,False,21
3,42.39759849899565,21.521999999999935,4.584408294089198,0.046909671139016305,0.058539848561797614,0.5,0.048197482582036356,0.7254220843315125,0.7713583111763,0.16300708055496216,False,19
3,42.49840378799854,21.521999999999935,4.584408294089198,0.046909671139016305,0.058539848561797614,0.5,0.04747658020460687,0.7254220843315125,0.7713583111763,0.16300708055496216,False,19
3,42.60487610599375,21.62399999999991,4.606112501504942,0.048182458485301796,0.05863316077495674,0.5,0.04836479414995524,0.7409597039222717,0.7761882543563843,0.15898704528808594,False,21
3,42.70567567899707,21.62399999999991,4.606112501504942,0.048182458485301796,0.05863316077495674,0.5,0.047745705033535875,0.7409597039222717,0.7761882543563843,0.15898704528808594,False,21
3,42.816415277993656,21.726,4.627815937541155,0.04945668398577981,0.05875165177076215,0.5,0.04411817021259509,0.7203909754753113,0.7621472477912903,0.15867963433265686,False,20
3,42.91730316099711,21.726,4.627815937541155,0.04945668398577981,0.05875165177076215,0.5,0.043574458238510284,0.7203909754753113,0.7621472477912903,0.15867963433265686,False,20
3,43.023729471999104,21.827999999999975,4.649515517586434,0.05073249518461513,0.0588096169651054,0.5,0.017248069226810547,0.7300629615783691,0.7646174430847168,0.16171467304229736,False,20
3,43.12462616099947,21.827999999999975,4.649515517586434,0.05073249518461513,0.0588096169651054,0.5,0.016435375773145716,0.7300629615783691,0.7646174430847168,0.16171467304229736,False,20
3,43.23294730899943,21.92999999999995,4.6712105610176495,0.05200855051163915,0.05865376872911294,0.5,0.0020408870283844813,0.7360702157020569,0.7641563415527344,0.15637919306755066,False,21
3,43.33397718699416,21.92999999999995,4.6712105610176495,0.05200855051163915,0.05865376872911294,0.5,0.0010370780822879498,0.7360702157020569,0.7641563415527344,0.15637919306755066,False,21
3,43.444205890999,22.031999999999925,4.692932804216122,0.05328153706059079,0.058522763796284474,0.5,-0.007360963721081792,0.6546915173530579,0.7534056305885315,0.1556045413017273,False,21
3,43.54501461199834,22.031999999999925,4.692932804216122,0.05328153706059079,0.058522763796284474,0.5,-0.008509518233179487,0.6546915173530579,0.7534056305885315,0.1556045413017273,False,21
3,43.68760285499593,22.1339999999999,4.7146539542253,0.05455370260445257,0.05842265625992554,0.5,-0.020928160594968073,0.6453296542167664,0.7563923001289368,0.1616881787776947,False,21
3,43.804017390997615,22.201999999999998,4.729118275956739,0.05539615466734525,0.05831965916682747,0.5,-0.022080426222174997,0.6787487268447876,0.7466288805007935,0.15699365735054016,False,21
3,43.93924880699342,22.23599999999999,4.736348267665383,0.055818020468174405,0.05830460163039856,0.5,-0.012477886083977726,0.6787487268447876,0.7466288805007935,0.15699365735054016,False,21
3,44.08305783099786,22.337999999999965,4.758061452347543,0.057088670666276035,0.0583659796828242,0.5,-0.015962133046477162,0.6655188202857971,0.7340642213821411,0.1566542685031891,False,19
3,44.200935214998026,22.40599999999995,4.772536442527944,0.05793424971373831,0.058338701423081535,0.5,-0.016711476673867798,0.6591372489929199,0.7244803309440613,0.15497085452079773,False,20
3,44.33580476699717,22.43999999999994,4.779773278668978,0.058356673897258675,0.058327597709607965,0.5,-0.01969236937296881,0.6591372489929199,0.7244803309440613,0.15497085452079773,False,20
3,44.48287808599707,22.541999999999916,4.8014854199826145,0.05962332577829136,0.058347918531025916,0.5,-0.012738897225799998,0.6247519254684448,0.71158367395401,0.15441712737083435,False,21
3,44.59228293499473,22.6099999999999,4.815967802960934,0.0604690694518222,0.05834225263648257,0.5,0.005425112060276066,0.666449248790741,0.7186099886894226,0.15207144618034363,False,21
3,44.7269564599992,22.644000000000005,4.8232091701029915,0.060893057909474205,0.058456880955660026,0.5,0.002616905250928702,0.666449248790741,0.7186099886894226,0.15207144618034363,False,21
3,44.83144105399697,22.74599999999998,4.844931340749274,0.062165719525921204,0.05859337732905184,0.5,0.02075318224841941,0.6970422863960266,0.7219683527946472,0.14941197633743286,False,20
3,44.932519691996276,22.74599999999998,4.844931340749274,0.062165719525921204,0.05859337732905184,0.5,0.01962514057224337,0.6970422863960266,0.7219683527946472,0.14941197633743286,False,20
3,45.04107222099992,22.813999999999965,4.859399591251009,0.06301390617004354,0.05860801221658447,0.5,0.03373119532763282,0.690467357635498,0.7178136110305786,0.14326706528663635,False,21
3,45.14576097299869,22.847999999999956,4.866633639063675,0.06343773751779708,0.05871099856838469,0.5,0.03276862057464431,0.7041884064674377,0.7178136110305786,0.14326706528663635,False,21
3,45.29387509099615,22.91599999999994,4.8811033529789505,0.06428883685586631,0.05876584447401421,0.5,0.024418102879579816,0.7041884064674377,0.7055787444114685,0.14251068234443665,False,20
3,45.44109184300032,23.017999999999915,4.9027959323715065,0.06556403024903125,0.05872611646161356,0.5,0.0004826044677233868,0.6565163135528564,0.6916975378990173,0.14325165748596191,False,20
3,45.55342442699475,23.0859999999999,4.9172777416143845,0.06641329919862544,0.05855462279686222,0.5,-0.000555709051112524,0.6589182615280151,0.6757012009620667,0.14398035407066345,False,19
3,45.68889571799809,23.120000000000005,4.924518816716644,0.06683768937967141,0.05854332961413938,0.5,-0.006091736439764981,0.6589182615280151,0.6757012009620667,0.14398035407066345,False,19
3,45.790887730996474,23.22199999999998,4.946242048472617,0.06810993981005917,0.05849259788861027,0.5,-0.01086710292165591,0.6723916530609131,0.6797804832458496,0.14145711064338684,False,20
3,45.892244168993784,23.22199999999998,4.946242048472617,0.06810993981005917,0.05849259788861027,0.5,-0.01194394636869907,0.6723916530609131,0.6797804832458496,0.14145711064338684,False,20
3,45.99676663099672,23.323999999999955,4.9679636301508046,0.0693822129902524,0.05843571740959568,0.5,-0.0033762762592544067,0.7092816233634949,0.7021095752716064,0.13932132720947266,False,21
3,46.097558287998254,23.323999999999955,4.9679636301508046,0.0693822129902524,0.05843571740959568,0.5,-0.004399092114477623,0.7092816233634949,0.7021095752716064,0.13932132720947266,False,21
3,46.20787475099496,23.42599999999993,4.989687289288822,0.07065379581580267,0.058498747763333955,0.5,-0.0012942502197817699,0.7097362875938416,0.698405921459198,0.1371552050113678,False,21
3,46.30871955600014,23.42599999999993,4.989687289288822,0.07065379581580267,0.058498747763333955,0.5,-0.0022597223900568146,0.7097362875938416,0.698405921459198,0.1371552050113678,False,21
3,46.415780154995446,23.527999999999906,5.0114106348937915,0.07192653126075603,0.05851561827505138,0.5,0.0073324092409195124,0.6953954696655273,0.6918678283691406,0.13127979636192322,False,21
3,46.51654624299408,23.527999999999906,5.0114106348937915,0.07192653126075603,0.05851561827505138,0.5,0.00647605624985854,0.6953954696655273,0.6918678283691406,0.13127979636192322,False,21
3,46.66678028799652,23.629999999999995,5.03313421062775,0.07320074168644347,0.0585821578964119,0.5,0.004433216714754796,0.6963537335395813,0.710198163986206,0.12822780013084412,False,20
3,46.76792543099873,23.663999999999987,5.040375342670599,0.07362539317198276,0.058578640965778764,0.5,0.0037183258834277114,0.6963537335395813,0.7076048254966736,0.12518015503883362,False,21
3,46.87561536899739,23.73199999999997,5.054857589118833,0.07447458827365898,0.05856826696189327,0.5,0.01139710033043265,0.68304842710495,0.7076048254966736,0.12518015503883362,False,21
3,46.991788337996695,23.799999999999955,5.069340109043765,0.07532468028616301,0.05862518174027576,0.5,0.010754479995226902,0.6783185005187988,0.7022770047187805,0.12315645813941956,False,21
3,47.126733093995426,23.833999999999946,5.076581310401258,0.07574965154615809,0.058621850927429345,0.5,-0.004213233385807947,0.6783185005187988,0.7022770047187805,0.12315645813941956,False,21
3,47.23376313499466,23.935999999999922,5.098304359260091,0.07702203389332334,0.0585052284781508,0.5,-0.029394393881186847,0.683029055595398,0.7109402418136597,0.12192988395690918,False,20
3,47.33516146299371,23.935999999999922,5.098304359260091,0.07702203389332334,0.0585052284781508,0.5,-0.03000798633958754,0.683029055595398,0.7109402418136597,0.12192988395690918,False,20
3,47.440794242000266,24.03800000000001,5.120011420826407,0.07829295317950315,0.058275798140143234,0.5,-0.051264414169113134,0.6609966158866882,0.6706430912017822,-0.04212689399719238,False,21
3,47.541568714994355,24.03800000000001,5.120011420826407,0.07829295317950315,0.058275798140143234,0.5,-0.051962456888589456,0.6609966158866882,0.6706430912017822,-0.04212689399719238,False,21
3,47.69043886199506,24.139999999999986,5.141750506632391,0.07955750413302845,0.058397831169626456,0.5,-0.06533907033198577,0.66597980260849,0.6725075840950012,-0.04036485403776169,False,21
3,47.80365334399539,24.20799999999997,5.1562068252263575,0.08039664908541486,0.057884278484046404,0.5,-0.0742562057252579,0.6556053757667542,0.67535001039505,-0.04144644737243652,False,21
3,47.938990392998676,24.241999999999962,5.163440923523259,0.08081770804680777,0.057778204993181106,0.5,-0.07566836618893273,0.6556053757667542,0.67535001039505,-0.04144644737243652,False,21
3,48.03919093500008,24.343999999999937,5.185138073538362,0.08209013532747739,0.057375230400209365,0.5,-0.07860223118976718,0.6528186202049255,0.7000266909599304,0.037401214241981506,False,21
3,48.139797935997194,24.343999999999937,5.185138073538362,0.08209013532747739,0.057375230400209365,0.5,-0.07860223118976718,0.6528186202049255,0.7000266909599304,0.037401214241981506,False,21
3,48.28649892499379,24.445999999999913,5.206831125175777,0.08336854497902338,0.05675128411288925,0.5,-0.08015063577264125,0.6844557523727417,0.7066333889961243,-0.03870728611946106,False,20
3,48.40570732499327,24.51400000000001,5.221287614033448,0.08422008544845626,0.05624740311028968,0.5,-0.07748379300572376,0.688300609588623,0.7099360227584839,-0.038717120885849,False,21
3,48.506578263994015,24.51400000000001,5.221287614033448,0.08422008544845626,0.05624740311028968,0.5,-0.07824410770725804,0.688300609588623,0.7099360227584839,-0.038717120885849,False,21
3,48.60734513899661,24.615999999999985,5.24296982414866,0.08547701592480471,0.05556869175272067,0.5,-0.0769572643360234,0.6872977018356323,0.7128065824508667,-0.03578442335128784,False,21
3,48.70833093499823,24.615999999999985,5.24296982414866,0.08547701592480471,0.05556869175272067,0.5,-0.07766056726575823,0.6872977018356323,0.7128065824508667,-0.03578442335128784,False,21
3,48.814592360999086,24.71799999999996,5.264653459157838,0.08671237413923098,0.05497081300468948,0.5,-0.07802574031740282,0.6660240888595581,0.708459198474884,-0.035322390496730804,False,21
3,48.915386687993305,24.71799999999996,5.264653459157838,0.08671237413923098,0.05497081300468948,0.5,-0.07873525782455304,0.6660240888595581,0.708459198474884,-0.035322390496730804,False,21
3,49.05826114899537,24.819999999999936,5.286332431406047,0.08793977252179828,0.054343346500765964,0.5,-0.07949874038841143,0.6680485010147095,0.7180279493331909,0.039214134216308594,False,20
3,49.16356081099366,24.853999999999928,5.293562479871292,0.08834265931869449,0.054136385160647844,0.5,-0.08016956256484911,0.6680485010147095,0.731483519077301,0.039214134216308594,False,20
3,49.266090725999675,24.921999999999912,5.3080123933719605,0.0891554287099527,0.05362426035107284,0.5,-0.08121713951624208,0.6476387977600098,0.731483519077301,0.11356467008590698,False,20
3,49.377369048997934,24.99000000000001,5.322464266871165,0.089961922186576,0.05312889346801279,0.5,-0.08191180696080451,0.6599768996238708,0.7349003553390503,0.11296108365058899,False,21
3,49.51206183299655,25.024,5.32969284621296,0.09036168656146627,0.05285369703312203,0.5,-0.07969667644876102,0.6599768996238708,0.7349003553390503,0.11296108365058899,False,21
3,49.65929630000028,25.125999999999976,5.351367130113323,0.09154934200417521,0.05208983416472055,0.5,-0.08257540070919654,0.6812155842781067,0.7318395972251892,0.11283108592033386,False,21
3,49.76120887599973,25.159999999999968,5.358585684648812,0.09195171785272928,0.051728045464154375,0.5,-0.08323257701554918,0.6812155842781067,0.7507203817367554,0.11283108592033386,False,21
3,49.870434713993745,25.227999999999952,5.373042936446393,0.09273353583575225,0.05117597981765535,0.5,-0.07302812404881608,0.6794053316116333,0.7507203817367554,0.19260427355766296,False,20
3,49.973492652999994,25.261999999999944,5.3802759110913,0.09310833502716971,0.051040663836614375,0.5,-0.07353763197283496,0.6794053316116333,0.7500555515289307,0.19260427355766296,False,20
3,50.08321968399832,25.329999999999927,5.3947245139587325,0.09385921021076642,0.05076875889185406,0.5,-0.0685253231160992,0.654626190662384,0.7500555515289307,0.19375503063201904,False,21
3,50.18981295499543,25.36399999999992,5.401954014063038,0.09422910988708931,0.0507148681970301,0.5,-0.0690637436195596,0.6759076714515686,0.7500555515289307,0.19375503063201904,False,21
3,50.29962230700039,25.431999999999903,5.416412455436362,0.09496774834578098,0.05055731695997645,0.5,-0.06722493413911874,0.6759076714515686,0.7493043541908264,0.19127115607261658,False,21
3,50.40055837499676,25.466000000000008,5.42364217727904,0.09533602615028897,0.05049298948772438,0.5,-0.06722493413911874,0.6759076714515686,0.7493043541908264,0.19127115607261658,False,21
3,50.5195137779956,25.533999999999992,5.438101140628301,0.09607148659115029,0.05033501136131005,0.5,-0.06807357858522484,0.6488283276557922,0.7401700615882874,0.05811348557472229,False,21
3,50.6369688220002,25.601999999999975,5.452559967553623,0.09680532739431698,0.050165206377922864,0.5,-0.0684442155341985,0.6617167592048645,0.7406725883483887,0.06134398281574249,False,20
3,50.77200875899871,25.635999999999967,5.459789322404919,0.09717145777361234,0.05007656890729775,0.5,-0.06997993123483623,0.6617167592048645,0.7406725883483887,0.06134398281574249,False,20
3,50.87376667599892,25.737999999999943,5.481476376976477,0.09826657763478369,0.049791453745525245,0.5,-0.07207574892836846,0.653422474861145,0.7352285385131836,0.06403593719005585,False,20
3,50.974899289998575,25.737999999999943,5.481476376976477,0.09826657763478369,0.049791453745525245,0.5,-0.0723607425025983,0.653422474861145,0.7352285385131836,0.06403593719005585,False,20
3,51.07746012999996,25.839999999999918,5.503161191177113,0.09935672909001352,0.049461204975072455,0.5,-0.07509465958963658,0.6621343493461609,0.7352604866027832,0.06652289628982544,False,19
3,51.17823684599716,25.839999999999918,5.503161191177113,0.09935672909001352,0.049461204975072455,0.5,-0.07533376578933576,0.6621343493461609,0.7352604866027832,0.06652289628982544,False,19
3,51.28046939399792,25.942000000000007,5.5248405379245,0.10045244971220313,0.04902406999550801,0.5,-0.0778318180421611,0.6709849238395691,0.7346503138542175,0.07268419861793518,False,20
3,51.38123682500009,25.942000000000007,5.5248405379245,0.10045244971220313,0.04902406999550801,0.5,-0.07803314050434325,0.6709849238395691,0.7346503138542175,0.07268419861793518,False,20
3,51.48635176899552,26.043999999999983,5.54651820876272,0.10156293302822723,0.048207845992628985,0.5,-0.08743605047861126,0.6726233959197998,0.7294607758522034,0.07027702033519745,False,21
3,51.58737490299973,26.043999999999983,5.54651820876272,0.10156293302822723,0.048207845992628985,0.5,-0.08761374877742187,0.6726233959197998,0.7294607758522034,0.07027702033519745,False,21
3,51.72956110099767,26.145999999999958,5.568204572328142,0.1026865539750224,0.04692087026379693,0.5,-0.09335659267278003,0.6401332020759583,0.8139641284942627,0.06903022527694702,False,21
3,51.84217914499459,26.213999999999942,5.582658851160706,0.1034357297028212,0.04583552880508685,0.5,-0.09361980178466071,0.6430481672286987,0.7729816436767578,0.06811179220676422,False,21
3,51.94326352599455,26.213999999999942,5.582658851160706,0.1034357297028212,0.04583552880508685,0.5,-0.0936886085104511,0.6430481672286987,0.7729816436767578,0.06811179220676422,False,21
3,52.04873745999794,26.315999999999917,5.604340583103394,0.10453273125386572,0.04422807047860317,0.5,-0.09668727245938835,0.6126852035522461,0.6948195695877075,0.0673358291387558,False,21
3,52.14960271099699,26.315999999999917,5.604340583103394,0.10453273125386572,0.04422807047860317,0.5,-0.09683199768875322,0.6126852035522461,0.6948195695877075,0.0673358291387558,False,21
3,52.29944436999358,26.418000000000006,5.626029847952281,0.10560235154853793,0.04242627511318748,0.5,-0.09615960428640029,0.6241968870162964,0.8074978590011597,0.06711310148239136,False,20
3,52.3996228199976,26.451999999999998,5.633256322673746,0.10595229585873392,0.04186104986874749,0.5,-0.09628030886254053,0.6241968870162964,0.7033372521400452,0.06711310148239136,False,20
3,52.54736421399866,26.519999999999982,5.647720022735941,0.10663287938771264,0.04067826511779365,0.5,-0.0984336667326279,0.6297112703323364,0.7033372521400452,0.06882382929325104,False,21
3,52.6938410609946,26.621999999999957,5.669413837648274,0.10763339931502224,0.03882806931894403,0.5,-0.09737082281740131,0.6351943016052246,0.7004278898239136,0.06744401156902313,False,21
3,52.79487553899526,26.65599999999995,5.6766481648535825,0.10795283060835428,0.038242009932254066,0.5,-0.0974733589327224,0.6285662651062012,0.7004278898239136,0.06744401156902313,False,21
3,52.895532485999865,26.723999999999933,5.691108625712875,0.10859100020176754,0.036981499976306155,0.5,-0.09665194802855115,0.6285662651062012,0.6986611485481262,0.06816238164901733,False,20
3,53.00953285199648,26.791999999999916,5.705576427958364,0.10920517698016552,0.03576966302672506,0.5,-0.09675380740651945,0.6290901899337769,0.6989752054214478,0.06827448308467865,False,19
3,53.14420744399831,26.825999999999908,5.712805145508437,0.1095086381289267,0.035150714885065944,0.5,-0.09630795315342071,0.6290901899337769,0.6989752054214478,0.06827448308467865,False,19
3,53.246300685997994,26.927999999999997,5.734503264494958,0.11038472041646008,0.03334313833077298,0.5,-0.09837475412363729,0.611574649810791,0.6960656046867371,0.06829008460044861,False,21
3,53.346996240994486,26.927999999999997,5.734503264494958,0.11038472041646008,0.03334313833077298,0.5,-0.09849333039522404,0.611574649810791,0.6960656046867371,0.06829008460044861,False,21
3,53.494315236996044,27.029999999999973,5.756204177855509,0.11122969177277033,0.031418222046724044,0.5,-0.0971743698703936,0.6143475770950317,0.7066355347633362,0.06789463758468628,False,20
3,53.6097740779951,27.097999999999956,5.770675676375457,0.11176521194061428,0.03018172205665633,0.5,-0.09727108424079439,0.6341539025306702,0.7053354978561401,0.07154268026351929,False,21
3,53.7449498040005,27.131999999999948,5.777905115741247,0.11202780251980493,0.029561161099453344,0.5,-0.0987873659563462,0.6341539025306702,0.7053354978561401,0.07154268026351929,False,21
3,53.8490665789941,27.233999999999924,5.799609513691133,0.11278740111328105,0.027667101146445907,0.5,-0.09696456486526217,0.6270149350166321,0.7024151682853699,0.07043169438838959,False,21
3,53.950140511995414,27.233999999999924,5.799609513691133,0.11278740111328105,0.027667101146445907,0.5,-0.09705486116630196,0.6270149350166321,0.7024151682853699,0.07043169438838959,False,21
3,54.09103629899619,27.3359999999999,5.8213123429154585,0.11350486175357195,0.025808748370104887,0.5,-0.09788170287360691,0.609053373336792,0.700790524482727,0.0714620053768158,False,21
3,54.2087635919961,27.403999999999996,5.835779064695793,0.11395994468551478,0.024573423989131035,0.5,-0.09794643147572178,0.6416544318199158,0.7015528678894043,0.07228587567806244,False,21
3,54.343608404000406,27.437999999999988,5.84300887318369,0.11418547227198741,0.023918687760891028,0.5,-0.09311022976549328,0.6416544318199158,0.7015528678894043,0.07228587567806244,False,21
3,54.45073990599485,27.539999999999964,5.864709772707572,0.11480554557478596,0.022289414627219648,0.5,-0.09301665691751107,0.6096456050872803,0.7025302052497864,0.07190044224262238,False,21
3,54.551825962000294,27.539999999999964,5.864709772707572,0.11480554557478596,0.022289414627219648,0.5,-0.09307727325540509,0.6096456050872803,0.7025302052497864,0.07190044224262238,False,21
3,54.65256490899628,27.64199999999994,5.886415309344931,0.11538227302281664,0.020754146996883355,0.5,-0.09117301376941607,0.6084896922111511,0.7005712985992432,0.07291504740715027,False,20
3,54.75349674699828,27.64199999999994,5.886415309344931,0.11538227302281664,0.020754146996883355,0.5,-0.09117930631424805,0.6084896922111511,0.7005712985992432,0.07291504740715027,False,20
3,54.855587827994896,27.743999999999915,5.908119742862029,0.1159267242601038,0.01922865115669027,0.5,-0.09238765816818886,0.5921093225479126,0.6992688775062561,0.07401697337627411,False,20
3,54.95637169999827,27.743999999999915,5.908119742862029,0.1159267242601038,0.01922865115669027,0.5,-0.09239131628098406,0.5921093225479126,0.6992688775062561,0.07401697337627411,False,20
3,55.10650257499947,27.846000000000004,5.929822315525582,0.11643549004888484,0.017727576036572098,0.5,-0.08884011951545584,0.611158549785614,0.7107065320014954,0.19497442245483398,False,20
3,55.22262176499498,27.913999999999987,5.944291748322699,0.11674966967101211,0.016829393108051507,0.5,-0.0849820281954742,0.6419650316238403,0.7087118625640869,0.19508540630340576,False,21
3,55.35754578599881,27.94799999999998,5.951526176031196,0.11690204942027368,0.016388451625530362,0.5,-0.08478313672800025,0.6419650316238403,0.7087118625640869,0.19508540630340576,False,21
3,55.478785750994575,28.015999999999963,5.965993229196659,0.11718724006086888,0.015636043687182303,0.5,-0.0662085312288944,0.6094372868537903,0.6407209038734436,-0.024581432342529297,False,21
3,55.59051102099329,28.083999999999946,5.9804743922959585,0.1174181610310341,0.015481042206311234,0.5,-0.06602102133906307,0.5772408246994019,0.6394908428192139,-0.025437064468860626,False,20
3,55.72535259999859,28.117999999999938,5.987715626179875,0.11753100069469663,0.015423869805765529,0.5,-0.07215292525935242,0.5772408246994019,0.6394908428192139,-0.025437064468860626,False,20
3,55.87118614999781,28.219999999999914,6.009417827142679,0.11787572858302661,0.015077690293895664,0.5,-0.07641653471343256,0.6067068576812744,0.6359950304031372,-0.02648189663887024,False,21
3,55.985805506999895,28.28800000000001,6.023881476396012,0.11811814365939897,0.014642795989166475,0.5,-0.07616258334277826,0.6069682240486145,0.6324126124382019,-0.02886459231376648,False,21
3,56.120898406996275,28.322000000000003,6.031105872765189,0.1182479593579672,0.01434140899463332,0.5,-0.07922997253348019,0.6069682240486145,0.6324126124382019,-0.02886459231376648,False,21
3,56.26783342300041,28.423999999999978,6.05280576404985,0.11859881429790821,0.013558441507855446,0.5,-0.08113808714528707,0.6068313121795654,0.6302971839904785,-0.030594900250434875,False,21
3,56.38129313499667,28.491999999999962,6.067268395094236,0.11884307226717443,0.012878254230701512,0.5,-0.08088220044612093,0.5913322567939758,0.62782222032547,-0.031805820763111115,False,21
3,56.51607398499618,28.525999999999954,6.07450685177387,0.11894862979003801,0.012599869649900688,0.5,-0.08416677060361286,0.5913322567939758,0.62782222032547,-0.031805820763111115,False,21
3,56.658979955995164,28.62799999999993,6.096201339014944,0.11929858956565507,0.011444756944489235,0.5,-0.0861006920899601,0.5684201717376709,0.6248184442520142,-0.03266800194978714,False,21
3,56.77654581399838,28.695999999999913,6.1106734003120895,0.11950810688958506,0.010647702907067041,0.5,-0.0858272226221779,0.553465723991394,0.6540015935897827,0.07577197253704071,False,19
3,56.911306023997895,28.729999999999905,6.117902980303064,0.11961861372255321,0.010198434389958575,0.5,-0.09705555627798326,0.553465723991394,0.6540015935897827,0.07577197253704071,False,19
3,57.06124183099746,28.831999999999994,6.139615692333209,0.11994876951016958,0.008418077682644865,0.5,-0.09877334034887567,0.5842537879943848,0.6544616222381592,0.07020038366317749,False,21
3,57.174563529995794,28.899999999999977,6.15408710999284,0.12015889060888636,0.007128531151744053,0.5,-0.09855734075988257,0.5841943025588989,0.6511810421943665,0.06416265666484833,False,21
3,57.30958363899845,28.93399999999997,6.161327954047544,0.12025142241771515,0.006509557688580984,0.5,-0.1011803113553462,0.5841943025588989,0.6511810421943665,0.06416265666484833,False,21
3,57.40990009399684,29.035999999999945,6.183038899355873,0.1205213746654539,0.004478153175531987,0.5,-0.10067279638512361,0.5508060455322266,0.6505721211433411,0.06458687782287598,False,21
3,57.510652722994564,29.035999999999945,6.183038899355873,0.1205213746654539,0.004478153175531987,0.5,-0.10048824773136988,0.5508060455322266,0.6505721211433411,0.06458687782287598,False,21
3,57.64981019299739,29.13799999999992,6.204745877350515,0.12074976917379401,0.0024093956021082477,0.5,-0.10133964370867302,0.5653454661369324,0.6607407927513123,0.07186199724674225,False,21
3,57.764380043998244,29.205999999999904,6.21922422971229,0.12087491052419663,0.0010509470141463395,0.5,-0.09937251776344876,0.5652601718902588,0.658424437046051,0.07063546776771545,False,21
3,57.89963950999663,29.24000000000001,6.226462976490784,0.12092716360604176,0.000408294579952202,0.5,-0.0990367348837094,0.5652601718902588,0.658424437046051,0.07063546776771545,False,21
3,58.039490840994404,29.341999999999985,6.248168331484802,0.12106663511069612,-0.001567732447072531,0.5,-0.09937870207631197,0.5524374842643738,0.6578425168991089,0.06942476332187653,False,21
3,58.16543400399678,29.409999999999968,6.2626355129301325,0.1211352258263376,-0.0029160540212643388,0.5,-0.09765279531389134,0.5520778894424438,0.6547883152961731,0.06834350526332855,False,21
3,58.30069015399931,29.44399999999996,6.269874333594253,0.12115283291874637,-0.0035437950922535665,0.5,-0.0972966462573435,0.5520778894424438,0.6547883152961731,0.06834350526332855,False,21
3,58.40090085599513,29.545999999999935,6.291581623628937,0.12119476671466052,-0.0054301095107217225,0.5,-0.09755295605374867,0.5662584900856018,0.6523156762123108,0.06024596095085144,False,19
3,58.50143375799962,29.545999999999935,6.291581623628937,0.12119476671466052,-0.0054301095107217225,0.5,-0.09755295605374867,0.5662584900856018,0.6523156762123108,0.06024596095085144,False,19
3,58.61054249299923,29.61399999999992,6.3060501634687025,0.12120684522662324,-0.006708243324692809,0.5,-0.09603876045425887,0.5561347007751465,0.6508044004440308,0.06182087957859039,False,20
3,58.71483472699765,29.64799999999991,6.313287262932066,0.12119591988942402,-0.007316597216082694,0.5,-0.09592495695499892,0.5561347007751465,0.6508044004440308,0.06182087957859039,False,20
3,58.818688750994625,29.716000000000008,6.327763383819113,0.12116625746921023,-0.008474228134635732,0.5,-0.09676197015125666,0.5637630224227905,0.659345269203186,0.06651291251182556,False,21
3,58.93273959599901,29.783999999999992,6.342232798968195,0.12112866162037558,-0.009751048130847775,0.5,-0.09654982626548554,0.5569791197776794,0.6570559740066528,0.06655596196651459,False,21
3,59.067304516996955,29.817999999999984,6.349470898992495,0.12109891101546791,-0.010337214151726082,0.5,-0.09545484875242193,0.5569791197776794,0.6570559740066528,0.06655596196651459,False,21
3,59.185044293997635,29.91999999999996,6.371182993784004,0.12097993742439576,-0.012040222733537335,0.5,-0.09538968837735658,0.5502932071685791,0.6571280360221863,0.06617741286754608,False,21
3,59.285998287996335,29.91999999999996,6.371182993784004,0.12097993742439576,-0.012040222733537335,0.5,-0.09526713130548822,0.5502932071685791,0.6571280360221863,0.06617741286754608,False,21
3,59.39204877099837,30.021999999999935,6.3928930671739375,0.12082358142327204,-0.01373316064620213,0.5,-0.09251536119173762,0.5712248682975769,0.6562101244926453,0.06238652765750885,False,20
3,59.493156619995716,30.021999999999935,6.3928930671739375,0.12082358142327204,-0.01373316064620213,0.5,-0.09236236961233737,0.5712248682975769,0.6562101244926453,0.06238652765750885,False,20
3,59.643250375993375,30.12399999999991,6.414600267856589,0.12061978166753837,-0.015270600871606616,0.5,-0.09278781919725121,0.5722403526306152,0.6573248505592346,0.06030347943305969,False,21
3,59.76010335399769,30.192000000000007,6.429071349337859,0.12046683975819836,-0.01631186437655135,0.5,-0.09266830331978075,0.5555968284606934,0.6558747291564941,0.06068776547908783,True,21
3,59.89497240699711,30.226,6.436306747015548,0.12038440745124224,-0.016828776238907397,0.5,-0.08760892029298553,0.5555968284606934,0.6558747291564941,0.06068776547908783,True,21
3,60.04192999799852,30.327999999999975,6.45749579804266,0.12008856515881904,-0.017227586047711217,0.0,0.0,0.0,0.0,0.0,True,0
