[0.101s] DEBUG:colcon:Command line arguments: ['/usr/bin/colcon', 'build']
[0.102s] DEBUG:colcon:Parsed command line arguments: Namespace(log_base=None, log_level=None, verb_name='build', build_base='build', install_base='install', merge_install=False, symlink_install=False, test_result_base=None, continue_on_error=False, executor='parallel', parallel_workers=8, event_handlers=None, ignore_user_meta=False, metas=['./colcon.meta'], base_paths=['.'], packages_ignore=None, packages_ignore_regex=None, paths=None, packages_up_to=None, packages_up_to_regex=None, packages_above=None, packages_above_and_dependencies=None, packages_above_depth=None, packages_select_by_dep=None, packages_skip_by_dep=None, packages_skip_up_to=None, packages_select_build_failed=False, packages_skip_build_finished=False, packages_select_test_failures=False, packages_skip_test_passed=False, packages_select=None, packages_skip=None, packages_select_regex=None, packages_skip_regex=None, packages_start=None, packages_end=None, allow_overriding=[], cmake_args=None, cmake_target=None, cmake_target_skip_unavailable=False, cmake_clean_cache=False, cmake_clean_first=False, cmake_force_configure=False, ament_cmake_args=None, catkin_cmake_args=None, catkin_skip_building_tests=False, verb_parser=<colcon_defaults.argument_parser.defaults.DefaultArgumentsDecorator object at 0x79b901d642e0>, verb_extension=<colcon_core.verb.build.BuildVerb object at 0x79b901e65690>, main=<bound method BuildVerb.main of <colcon_core.verb.build.BuildVerb object at 0x79b901e65690>>)
[0.269s] Level 1:colcon.colcon_core.package_discovery:discover_packages(colcon_meta) check parameters
[0.269s] Level 1:colcon.colcon_core.package_discovery:discover_packages(recursive) check parameters
[0.269s] Level 1:colcon.colcon_core.package_discovery:discover_packages(ignore) check parameters
[0.269s] Level 1:colcon.colcon_core.package_discovery:discover_packages(path) check parameters
[0.269s] Level 1:colcon.colcon_core.package_discovery:discover_packages(colcon_meta) discover
[0.269s] Level 1:colcon.colcon_core.package_discovery:discover_packages(recursive) discover
[0.269s] INFO:colcon.colcon_core.package_discovery:Crawling recursively for packages in '/home/xkai/agribot/agribot_ws'
[0.269s] Level 1:colcon.colcon_core.package_identification:_identify(.) by extensions ['ignore', 'ignore_ament_install']
[0.269s] Level 1:colcon.colcon_core.package_identification:_identify(.) by extension 'ignore'
[0.269s] Level 1:colcon.colcon_core.package_identification:_identify(.) by extension 'ignore_ament_install'
[0.269s] Level 1:colcon.colcon_core.package_identification:_identify(.) by extensions ['colcon_pkg']
[0.270s] Level 1:colcon.colcon_core.package_identification:_identify(.) by extension 'colcon_pkg'
[0.270s] Level 1:colcon.colcon_core.package_identification:_identify(.) by extensions ['colcon_meta']
[0.270s] Level 1:colcon.colcon_core.package_identification:_identify(.) by extension 'colcon_meta'
[0.270s] Level 1:colcon.colcon_core.package_identification:_identify(.) by extensions ['ros']
[0.270s] Level 1:colcon.colcon_core.package_identification:_identify(.) by extension 'ros'
[0.279s] Level 1:colcon.colcon_core.package_identification:_identify(.) by extensions ['cmake', 'python']
[0.279s] Level 1:colcon.colcon_core.package_identification:_identify(.) by extension 'cmake'
[0.279s] Level 1:colcon.colcon_core.package_identification:_identify(.) by extension 'python'
[0.279s] Level 1:colcon.colcon_core.package_identification:_identify(.) by extensions ['python_setup_py']
[0.279s] Level 1:colcon.colcon_core.package_identification:_identify(.) by extension 'python_setup_py'
[0.279s] Level 1:colcon.colcon_core.package_identification:_identify(build) by extensions ['ignore', 'ignore_ament_install']
[0.279s] Level 1:colcon.colcon_core.package_identification:_identify(build) by extension 'ignore'
[0.279s] Level 1:colcon.colcon_core.package_identification:_identify(build) ignored
[0.280s] Level 1:colcon.colcon_core.package_identification:_identify(docs) by extensions ['ignore', 'ignore_ament_install']
[0.280s] Level 1:colcon.colcon_core.package_identification:_identify(docs) by extension 'ignore'
[0.280s] Level 1:colcon.colcon_core.package_identification:_identify(docs) by extension 'ignore_ament_install'
[0.280s] Level 1:colcon.colcon_core.package_identification:_identify(docs) by extensions ['colcon_pkg']
[0.280s] Level 1:colcon.colcon_core.package_identification:_identify(docs) by extension 'colcon_pkg'
[0.280s] Level 1:colcon.colcon_core.package_identification:_identify(docs) by extensions ['colcon_meta']
[0.280s] Level 1:colcon.colcon_core.package_identification:_identify(docs) by extension 'colcon_meta'
[0.280s] Level 1:colcon.colcon_core.package_identification:_identify(docs) by extensions ['ros']
[0.280s] Level 1:colcon.colcon_core.package_identification:_identify(docs) by extension 'ros'
[0.280s] Level 1:colcon.colcon_core.package_identification:_identify(docs) by extensions ['cmake', 'python']
[0.280s] Level 1:colcon.colcon_core.package_identification:_identify(docs) by extension 'cmake'
[0.280s] Level 1:colcon.colcon_core.package_identification:_identify(docs) by extension 'python'
[0.280s] Level 1:colcon.colcon_core.package_identification:_identify(docs) by extensions ['python_setup_py']
[0.280s] Level 1:colcon.colcon_core.package_identification:_identify(docs) by extension 'python_setup_py'
[0.280s] Level 1:colcon.colcon_core.package_identification:_identify(experiments) by extensions ['ignore', 'ignore_ament_install']
[0.280s] Level 1:colcon.colcon_core.package_identification:_identify(experiments) by extension 'ignore'
[0.280s] Level 1:colcon.colcon_core.package_identification:_identify(experiments) by extension 'ignore_ament_install'
[0.280s] Level 1:colcon.colcon_core.package_identification:_identify(experiments) by extensions ['colcon_pkg']
[0.280s] Level 1:colcon.colcon_core.package_identification:_identify(experiments) by extension 'colcon_pkg'
[0.280s] Level 1:colcon.colcon_core.package_identification:_identify(experiments) by extensions ['colcon_meta']
[0.280s] Level 1:colcon.colcon_core.package_identification:_identify(experiments) by extension 'colcon_meta'
[0.280s] Level 1:colcon.colcon_core.package_identification:_identify(experiments) by extensions ['ros']
[0.280s] Level 1:colcon.colcon_core.package_identification:_identify(experiments) by extension 'ros'
[0.281s] Level 1:colcon.colcon_core.package_identification:_identify(experiments) by extensions ['cmake', 'python']
[0.281s] Level 1:colcon.colcon_core.package_identification:_identify(experiments) by extension 'cmake'
[0.281s] Level 1:colcon.colcon_core.package_identification:_identify(experiments) by extension 'python'
[0.281s] Level 1:colcon.colcon_core.package_identification:_identify(experiments) by extensions ['python_setup_py']
[0.281s] Level 1:colcon.colcon_core.package_identification:_identify(experiments) by extension 'python_setup_py'
[0.281s] Level 1:colcon.colcon_core.package_identification:_identify(experiments/control_system_algorithm_chapter_20260608) by extensions ['ignore', 'ignore_ament_install']
[0.281s] Level 1:colcon.colcon_core.package_identification:_identify(experiments/control_system_algorithm_chapter_20260608) by extension 'ignore'
[0.281s] Level 1:colcon.colcon_core.package_identification:_identify(experiments/control_system_algorithm_chapter_20260608) by extension 'ignore_ament_install'
[0.281s] Level 1:colcon.colcon_core.package_identification:_identify(experiments/control_system_algorithm_chapter_20260608) by extensions ['colcon_pkg']
[0.281s] Level 1:colcon.colcon_core.package_identification:_identify(experiments/control_system_algorithm_chapter_20260608) by extension 'colcon_pkg'
[0.281s] Level 1:colcon.colcon_core.package_identification:_identify(experiments/control_system_algorithm_chapter_20260608) by extensions ['colcon_meta']
[0.281s] Level 1:colcon.colcon_core.package_identification:_identify(experiments/control_system_algorithm_chapter_20260608) by extension 'colcon_meta'
[0.281s] Level 1:colcon.colcon_core.package_identification:_identify(experiments/control_system_algorithm_chapter_20260608) by extensions ['ros']
[0.281s] Level 1:colcon.colcon_core.package_identification:_identify(experiments/control_system_algorithm_chapter_20260608) by extension 'ros'
[0.281s] Level 1:colcon.colcon_core.package_identification:_identify(experiments/control_system_algorithm_chapter_20260608) by extensions ['cmake', 'python']
[0.281s] Level 1:colcon.colcon_core.package_identification:_identify(experiments/control_system_algorithm_chapter_20260608) by extension 'cmake'
[0.281s] Level 1:colcon.colcon_core.package_identification:_identify(experiments/control_system_algorithm_chapter_20260608) by extension 'python'
[0.281s] Level 1:colcon.colcon_core.package_identification:_identify(experiments/control_system_algorithm_chapter_20260608) by extensions ['python_setup_py']
[0.281s] Level 1:colcon.colcon_core.package_identification:_identify(experiments/control_system_algorithm_chapter_20260608) by extension 'python_setup_py'
[0.281s] Level 1:colcon.colcon_core.package_identification:_identify(experiments/sci_batch_20260608_173355) by extensions ['ignore', 'ignore_ament_install']
[0.281s] Level 1:colcon.colcon_core.package_identification:_identify(experiments/sci_batch_20260608_173355) by extension 'ignore'
[0.282s] Level 1:colcon.colcon_core.package_identification:_identify(experiments/sci_batch_20260608_173355) by extension 'ignore_ament_install'
[0.282s] Level 1:colcon.colcon_core.package_identification:_identify(experiments/sci_batch_20260608_173355) by extensions ['colcon_pkg']
[0.282s] Level 1:colcon.colcon_core.package_identification:_identify(experiments/sci_batch_20260608_173355) by extension 'colcon_pkg'
[0.282s] Level 1:colcon.colcon_core.package_identification:_identify(experiments/sci_batch_20260608_173355) by extensions ['colcon_meta']
[0.282s] Level 1:colcon.colcon_core.package_identification:_identify(experiments/sci_batch_20260608_173355) by extension 'colcon_meta'
[0.282s] Level 1:colcon.colcon_core.package_identification:_identify(experiments/sci_batch_20260608_173355) by extensions ['ros']
[0.282s] Level 1:colcon.colcon_core.package_identification:_identify(experiments/sci_batch_20260608_173355) by extension 'ros'
[0.282s] Level 1:colcon.colcon_core.package_identification:_identify(experiments/sci_batch_20260608_173355) by extensions ['cmake', 'python']
[0.282s] Level 1:colcon.colcon_core.package_identification:_identify(experiments/sci_batch_20260608_173355) by extension 'cmake'
[0.282s] Level 1:colcon.colcon_core.package_identification:_identify(experiments/sci_batch_20260608_173355) by extension 'python'
[0.282s] Level 1:colcon.colcon_core.package_identification:_identify(experiments/sci_batch_20260608_173355) by extensions ['python_setup_py']
[0.282s] Level 1:colcon.colcon_core.package_identification:_identify(experiments/sci_batch_20260608_173355) by extension 'python_setup_py'
[0.282s] Level 1:colcon.colcon_core.package_identification:_identify(experiments/world_controller_comparison_20260608_181606) by extensions ['ignore', 'ignore_ament_install']
[0.282s] Level 1:colcon.colcon_core.package_identification:_identify(experiments/world_controller_comparison_20260608_181606) by extension 'ignore'
[0.282s] Level 1:colcon.colcon_core.package_identification:_identify(experiments/world_controller_comparison_20260608_181606) by extension 'ignore_ament_install'
[0.282s] Level 1:colcon.colcon_core.package_identification:_identify(experiments/world_controller_comparison_20260608_181606) by extensions ['colcon_pkg']
[0.282s] Level 1:colcon.colcon_core.package_identification:_identify(experiments/world_controller_comparison_20260608_181606) by extension 'colcon_pkg'
[0.282s] Level 1:colcon.colcon_core.package_identification:_identify(experiments/world_controller_comparison_20260608_181606) by extensions ['colcon_meta']
[0.282s] Level 1:colcon.colcon_core.package_identification:_identify(experiments/world_controller_comparison_20260608_181606) by extension 'colcon_meta'
[0.282s] Level 1:colcon.colcon_core.package_identification:_identify(experiments/world_controller_comparison_20260608_181606) by extensions ['ros']
[0.282s] Level 1:colcon.colcon_core.package_identification:_identify(experiments/world_controller_comparison_20260608_181606) by extension 'ros'
[0.282s] Level 1:colcon.colcon_core.package_identification:_identify(experiments/world_controller_comparison_20260608_181606) by extensions ['cmake', 'python']
[0.282s] Level 1:colcon.colcon_core.package_identification:_identify(experiments/world_controller_comparison_20260608_181606) by extension 'cmake'
[0.282s] Level 1:colcon.colcon_core.package_identification:_identify(experiments/world_controller_comparison_20260608_181606) by extension 'python'
[0.282s] Level 1:colcon.colcon_core.package_identification:_identify(experiments/world_controller_comparison_20260608_181606) by extensions ['python_setup_py']
[0.282s] Level 1:colcon.colcon_core.package_identification:_identify(experiments/world_controller_comparison_20260608_181606) by extension 'python_setup_py'
[0.283s] Level 1:colcon.colcon_core.package_identification:_identify(experiments/world_controller_comparison_20260608_181606/towrow.world_pid) by extensions ['ignore', 'ignore_ament_install']
[0.283s] Level 1:colcon.colcon_core.package_identification:_identify(experiments/world_controller_comparison_20260608_181606/towrow.world_pid) by extension 'ignore'
[0.283s] Level 1:colcon.colcon_core.package_identification:_identify(experiments/world_controller_comparison_20260608_181606/towrow.world_pid) by extension 'ignore_ament_install'
[0.283s] Level 1:colcon.colcon_core.package_identification:_identify(experiments/world_controller_comparison_20260608_181606/towrow.world_pid) by extensions ['colcon_pkg']
[0.283s] Level 1:colcon.colcon_core.package_identification:_identify(experiments/world_controller_comparison_20260608_181606/towrow.world_pid) by extension 'colcon_pkg'
[0.283s] Level 1:colcon.colcon_core.package_identification:_identify(experiments/world_controller_comparison_20260608_181606/towrow.world_pid) by extensions ['colcon_meta']
[0.283s] Level 1:colcon.colcon_core.package_identification:_identify(experiments/world_controller_comparison_20260608_181606/towrow.world_pid) by extension 'colcon_meta'
[0.283s] Level 1:colcon.colcon_core.package_identification:_identify(experiments/world_controller_comparison_20260608_181606/towrow.world_pid) by extensions ['ros']
[0.283s] Level 1:colcon.colcon_core.package_identification:_identify(experiments/world_controller_comparison_20260608_181606/towrow.world_pid) by extension 'ros'
[0.283s] Level 1:colcon.colcon_core.package_identification:_identify(experiments/world_controller_comparison_20260608_181606/towrow.world_pid) by extensions ['cmake', 'python']
[0.283s] Level 1:colcon.colcon_core.package_identification:_identify(experiments/world_controller_comparison_20260608_181606/towrow.world_pid) by extension 'cmake'
[0.283s] Level 1:colcon.colcon_core.package_identification:_identify(experiments/world_controller_comparison_20260608_181606/towrow.world_pid) by extension 'python'
[0.283s] Level 1:colcon.colcon_core.package_identification:_identify(experiments/world_controller_comparison_20260608_181606/towrow.world_pid) by extensions ['python_setup_py']
[0.283s] Level 1:colcon.colcon_core.package_identification:_identify(experiments/world_controller_comparison_20260608_181606/towrow.world_pid) by extension 'python_setup_py'
[0.283s] Level 1:colcon.colcon_core.package_identification:_identify(experiments/world_controller_comparison_20260608_181606/towrow.world_pid/logs) by extensions ['ignore', 'ignore_ament_install']
[0.283s] Level 1:colcon.colcon_core.package_identification:_identify(experiments/world_controller_comparison_20260608_181606/towrow.world_pid/logs) by extension 'ignore'
[0.283s] Level 1:colcon.colcon_core.package_identification:_identify(experiments/world_controller_comparison_20260608_181606/towrow.world_pid/logs) by extension 'ignore_ament_install'
[0.283s] Level 1:colcon.colcon_core.package_identification:_identify(experiments/world_controller_comparison_20260608_181606/towrow.world_pid/logs) by extensions ['colcon_pkg']
[0.283s] Level 1:colcon.colcon_core.package_identification:_identify(experiments/world_controller_comparison_20260608_181606/towrow.world_pid/logs) by extension 'colcon_pkg'
[0.283s] Level 1:colcon.colcon_core.package_identification:_identify(experiments/world_controller_comparison_20260608_181606/towrow.world_pid/logs) by extensions ['colcon_meta']
[0.283s] Level 1:colcon.colcon_core.package_identification:_identify(experiments/world_controller_comparison_20260608_181606/towrow.world_pid/logs) by extension 'colcon_meta'
[0.283s] Level 1:colcon.colcon_core.package_identification:_identify(experiments/world_controller_comparison_20260608_181606/towrow.world_pid/logs) by extensions ['ros']
[0.284s] Level 1:colcon.colcon_core.package_identification:_identify(experiments/world_controller_comparison_20260608_181606/towrow.world_pid/logs) by extension 'ros'
[0.284s] Level 1:colcon.colcon_core.package_identification:_identify(experiments/world_controller_comparison_20260608_181606/towrow.world_pid/logs) by extensions ['cmake', 'python']
[0.284s] Level 1:colcon.colcon_core.package_identification:_identify(experiments/world_controller_comparison_20260608_181606/towrow.world_pid/logs) by extension 'cmake'
[0.284s] Level 1:colcon.colcon_core.package_identification:_identify(experiments/world_controller_comparison_20260608_181606/towrow.world_pid/logs) by extension 'python'
[0.284s] Level 1:colcon.colcon_core.package_identification:_identify(experiments/world_controller_comparison_20260608_181606/towrow.world_pid/logs) by extensions ['python_setup_py']
[0.284s] Level 1:colcon.colcon_core.package_identification:_identify(experiments/world_controller_comparison_20260608_181606/towrow.world_pid/logs) by extension 'python_setup_py'
[0.284s] Level 1:colcon.colcon_core.package_identification:_identify(experiments/world_controller_comparison_20260608_181800) by extensions ['ignore', 'ignore_ament_install']
[0.284s] Level 1:colcon.colcon_core.package_identification:_identify(experiments/world_controller_comparison_20260608_181800) by extension 'ignore'
[0.284s] Level 1:colcon.colcon_core.package_identification:_identify(experiments/world_controller_comparison_20260608_181800) by extension 'ignore_ament_install'
[0.284s] Level 1:colcon.colcon_core.package_identification:_identify(experiments/world_controller_comparison_20260608_181800) by extensions ['colcon_pkg']
[0.284s] Level 1:colcon.colcon_core.package_identification:_identify(experiments/world_controller_comparison_20260608_181800) by extension 'colcon_pkg'
[0.284s] Level 1:colcon.colcon_core.package_identification:_identify(experiments/world_controller_comparison_20260608_181800) by extensions ['colcon_meta']
[0.284s] Level 1:colcon.colcon_core.package_identification:_identify(experiments/world_controller_comparison_20260608_181800) by extension 'colcon_meta'
[0.284s] Level 1:colcon.colcon_core.package_identification:_identify(experiments/world_controller_comparison_20260608_181800) by extensions ['ros']
[0.284s] Level 1:colcon.colcon_core.package_identification:_identify(experiments/world_controller_comparison_20260608_181800) by extension 'ros'
[0.284s] Level 1:colcon.colcon_core.package_identification:_identify(experiments/world_controller_comparison_20260608_181800) by extensions ['cmake', 'python']
[0.284s] Level 1:colcon.colcon_core.package_identification:_identify(experiments/world_controller_comparison_20260608_181800) by extension 'cmake'
[0.284s] Level 1:colcon.colcon_core.package_identification:_identify(experiments/world_controller_comparison_20260608_181800) by extension 'python'
[0.284s] Level 1:colcon.colcon_core.package_identification:_identify(experiments/world_controller_comparison_20260608_181800) by extensions ['python_setup_py']
[0.284s] Level 1:colcon.colcon_core.package_identification:_identify(experiments/world_controller_comparison_20260608_181800) by extension 'python_setup_py'
[0.284s] Level 1:colcon.colcon_core.package_identification:_identify(experiments/world_controller_comparison_20260608_181800/corn_leaf_world.world_pid) by extensions ['ignore', 'ignore_ament_install']
[0.284s] Level 1:colcon.colcon_core.package_identification:_identify(experiments/world_controller_comparison_20260608_181800/corn_leaf_world.world_pid) by extension 'ignore'
[0.285s] Level 1:colcon.colcon_core.package_identification:_identify(experiments/world_controller_comparison_20260608_181800/corn_leaf_world.world_pid) by extension 'ignore_ament_install'
[0.285s] Level 1:colcon.colcon_core.package_identification:_identify(experiments/world_controller_comparison_20260608_181800/corn_leaf_world.world_pid) by extensions ['colcon_pkg']
[0.285s] Level 1:colcon.colcon_core.package_identification:_identify(experiments/world_controller_comparison_20260608_181800/corn_leaf_world.world_pid) by extension 'colcon_pkg'
[0.285s] Level 1:colcon.colcon_core.package_identification:_identify(experiments/world_controller_comparison_20260608_181800/corn_leaf_world.world_pid) by extensions ['colcon_meta']
[0.285s] Level 1:colcon.colcon_core.package_identification:_identify(experiments/world_controller_comparison_20260608_181800/corn_leaf_world.world_pid) by extension 'colcon_meta'
[0.285s] Level 1:colcon.colcon_core.package_identification:_identify(experiments/world_controller_comparison_20260608_181800/corn_leaf_world.world_pid) by extensions ['ros']
[0.285s] Level 1:colcon.colcon_core.package_identification:_identify(experiments/world_controller_comparison_20260608_181800/corn_leaf_world.world_pid) by extension 'ros'
[0.285s] Level 1:colcon.colcon_core.package_identification:_identify(experiments/world_controller_comparison_20260608_181800/corn_leaf_world.world_pid) by extensions ['cmake', 'python']
[0.285s] Level 1:colcon.colcon_core.package_identification:_identify(experiments/world_controller_comparison_20260608_181800/corn_leaf_world.world_pid) by extension 'cmake'
[0.285s] Level 1:colcon.colcon_core.package_identification:_identify(experiments/world_controller_comparison_20260608_181800/corn_leaf_world.world_pid) by extension 'python'
[0.285s] Level 1:colcon.colcon_core.package_identification:_identify(experiments/world_controller_comparison_20260608_181800/corn_leaf_world.world_pid) by extensions ['python_setup_py']
[0.285s] Level 1:colcon.colcon_core.package_identification:_identify(experiments/world_controller_comparison_20260608_181800/corn_leaf_world.world_pid) by extension 'python_setup_py'
[0.285s] Level 1:colcon.colcon_core.package_identification:_identify(experiments/world_controller_comparison_20260608_181800/corn_leaf_world.world_pid/logs) by extensions ['ignore', 'ignore_ament_install']
[0.285s] Level 1:colcon.colcon_core.package_identification:_identify(experiments/world_controller_comparison_20260608_181800/corn_leaf_world.world_pid/logs) by extension 'ignore'
[0.285s] Level 1:colcon.colcon_core.package_identification:_identify(experiments/world_controller_comparison_20260608_181800/corn_leaf_world.world_pid/logs) by extension 'ignore_ament_install'
[0.285s] Level 1:colcon.colcon_core.package_identification:_identify(experiments/world_controller_comparison_20260608_181800/corn_leaf_world.world_pid/logs) by extensions ['colcon_pkg']
[0.285s] Level 1:colcon.colcon_core.package_identification:_identify(experiments/world_controller_comparison_20260608_181800/corn_leaf_world.world_pid/logs) by extension 'colcon_pkg'
[0.285s] Level 1:colcon.colcon_core.package_identification:_identify(experiments/world_controller_comparison_20260608_181800/corn_leaf_world.world_pid/logs) by extensions ['colcon_meta']
[0.285s] Level 1:colcon.colcon_core.package_identification:_identify(experiments/world_controller_comparison_20260608_181800/corn_leaf_world.world_pid/logs) by extension 'colcon_meta'
[0.285s] Level 1:colcon.colcon_core.package_identification:_identify(experiments/world_controller_comparison_20260608_181800/corn_leaf_world.world_pid/logs) by extensions ['ros']
[0.285s] Level 1:colcon.colcon_core.package_identification:_identify(experiments/world_controller_comparison_20260608_181800/corn_leaf_world.world_pid/logs) by extension 'ros'
[0.285s] Level 1:colcon.colcon_core.package_identification:_identify(experiments/world_controller_comparison_20260608_181800/corn_leaf_world.world_pid/logs) by extensions ['cmake', 'python']
[0.285s] Level 1:colcon.colcon_core.package_identification:_identify(experiments/world_controller_comparison_20260608_181800/corn_leaf_world.world_pid/logs) by extension 'cmake'
[0.286s] Level 1:colcon.colcon_core.package_identification:_identify(experiments/world_controller_comparison_20260608_181800/corn_leaf_world.world_pid/logs) by extension 'python'
[0.286s] Level 1:colcon.colcon_core.package_identification:_identify(experiments/world_controller_comparison_20260608_181800/corn_leaf_world.world_pid/logs) by extensions ['python_setup_py']
[0.286s] Level 1:colcon.colcon_core.package_identification:_identify(experiments/world_controller_comparison_20260608_181800/corn_leaf_world.world_pid/logs) by extension 'python_setup_py'
[0.286s] Level 1:colcon.colcon_core.package_identification:_identify(experiments/world_controller_comparison_20260608_181800/corn_leaf_world.world_pure_pursuit) by extensions ['ignore', 'ignore_ament_install']
[0.286s] Level 1:colcon.colcon_core.package_identification:_identify(experiments/world_controller_comparison_20260608_181800/corn_leaf_world.world_pure_pursuit) by extension 'ignore'
[0.286s] Level 1:colcon.colcon_core.package_identification:_identify(experiments/world_controller_comparison_20260608_181800/corn_leaf_world.world_pure_pursuit) by extension 'ignore_ament_install'
[0.286s] Level 1:colcon.colcon_core.package_identification:_identify(experiments/world_controller_comparison_20260608_181800/corn_leaf_world.world_pure_pursuit) by extensions ['colcon_pkg']
[0.286s] Level 1:colcon.colcon_core.package_identification:_identify(experiments/world_controller_comparison_20260608_181800/corn_leaf_world.world_pure_pursuit) by extension 'colcon_pkg'
[0.286s] Level 1:colcon.colcon_core.package_identification:_identify(experiments/world_controller_comparison_20260608_181800/corn_leaf_world.world_pure_pursuit) by extensions ['colcon_meta']
[0.286s] Level 1:colcon.colcon_core.package_identification:_identify(experiments/world_controller_comparison_20260608_181800/corn_leaf_world.world_pure_pursuit) by extension 'colcon_meta'
[0.286s] Level 1:colcon.colcon_core.package_identification:_identify(experiments/world_controller_comparison_20260608_181800/corn_leaf_world.world_pure_pursuit) by extensions ['ros']
[0.286s] Level 1:colcon.colcon_core.package_identification:_identify(experiments/world_controller_comparison_20260608_181800/corn_leaf_world.world_pure_pursuit) by extension 'ros'
[0.286s] Level 1:colcon.colcon_core.package_identification:_identify(experiments/world_controller_comparison_20260608_181800/corn_leaf_world.world_pure_pursuit) by extensions ['cmake', 'python']
[0.286s] Level 1:colcon.colcon_core.package_identification:_identify(experiments/world_controller_comparison_20260608_181800/corn_leaf_world.world_pure_pursuit) by extension 'cmake'
[0.286s] Level 1:colcon.colcon_core.package_identification:_identify(experiments/world_controller_comparison_20260608_181800/corn_leaf_world.world_pure_pursuit) by extension 'python'
[0.286s] Level 1:colcon.colcon_core.package_identification:_identify(experiments/world_controller_comparison_20260608_181800/corn_leaf_world.world_pure_pursuit) by extensions ['python_setup_py']
[0.286s] Level 1:colcon.colcon_core.package_identification:_identify(experiments/world_controller_comparison_20260608_181800/corn_leaf_world.world_pure_pursuit) by extension 'python_setup_py'
[0.286s] Level 1:colcon.colcon_core.package_identification:_identify(experiments/world_controller_comparison_20260608_181800/corn_leaf_world.world_pure_pursuit/logs) by extensions ['ignore', 'ignore_ament_install']
[0.286s] Level 1:colcon.colcon_core.package_identification:_identify(experiments/world_controller_comparison_20260608_181800/corn_leaf_world.world_pure_pursuit/logs) by extension 'ignore'
[0.286s] Level 1:colcon.colcon_core.package_identification:_identify(experiments/world_controller_comparison_20260608_181800/corn_leaf_world.world_pure_pursuit/logs) by extension 'ignore_ament_install'
[0.286s] Level 1:colcon.colcon_core.package_identification:_identify(experiments/world_controller_comparison_20260608_181800/corn_leaf_world.world_pure_pursuit/logs) by extensions ['colcon_pkg']
[0.286s] Level 1:colcon.colcon_core.package_identification:_identify(experiments/world_controller_comparison_20260608_181800/corn_leaf_world.world_pure_pursuit/logs) by extension 'colcon_pkg'
[0.286s] Level 1:colcon.colcon_core.package_identification:_identify(experiments/world_controller_comparison_20260608_181800/corn_leaf_world.world_pure_pursuit/logs) by extensions ['colcon_meta']
[0.287s] Level 1:colcon.colcon_core.package_identification:_identify(experiments/world_controller_comparison_20260608_181800/corn_leaf_world.world_pure_pursuit/logs) by extension 'colcon_meta'
[0.287s] Level 1:colcon.colcon_core.package_identification:_identify(experiments/world_controller_comparison_20260608_181800/corn_leaf_world.world_pure_pursuit/logs) by extensions ['ros']
[0.287s] Level 1:colcon.colcon_core.package_identification:_identify(experiments/world_controller_comparison_20260608_181800/corn_leaf_world.world_pure_pursuit/logs) by extension 'ros'
[0.287s] Level 1:colcon.colcon_core.package_identification:_identify(experiments/world_controller_comparison_20260608_181800/corn_leaf_world.world_pure_pursuit/logs) by extensions ['cmake', 'python']
[0.287s] Level 1:colcon.colcon_core.package_identification:_identify(experiments/world_controller_comparison_20260608_181800/corn_leaf_world.world_pure_pursuit/logs) by extension 'cmake'
[0.287s] Level 1:colcon.colcon_core.package_identification:_identify(experiments/world_controller_comparison_20260608_181800/corn_leaf_world.world_pure_pursuit/logs) by extension 'python'
[0.287s] Level 1:colcon.colcon_core.package_identification:_identify(experiments/world_controller_comparison_20260608_181800/corn_leaf_world.world_pure_pursuit/logs) by extensions ['python_setup_py']
[0.287s] Level 1:colcon.colcon_core.package_identification:_identify(experiments/world_controller_comparison_20260608_181800/corn_leaf_world.world_pure_pursuit/logs) by extension 'python_setup_py'
[0.287s] Level 1:colcon.colcon_core.package_identification:_identify(experiments/world_controller_comparison_20260608_181800/towrow.world_pid) by extensions ['ignore', 'ignore_ament_install']
[0.287s] Level 1:colcon.colcon_core.package_identification:_identify(experiments/world_controller_comparison_20260608_181800/towrow.world_pid) by extension 'ignore'
[0.287s] Level 1:colcon.colcon_core.package_identification:_identify(experiments/world_controller_comparison_20260608_181800/towrow.world_pid) by extension 'ignore_ament_install'
[0.287s] Level 1:colcon.colcon_core.package_identification:_identify(experiments/world_controller_comparison_20260608_181800/towrow.world_pid) by extensions ['colcon_pkg']
[0.287s] Level 1:colcon.colcon_core.package_identification:_identify(experiments/world_controller_comparison_20260608_181800/towrow.world_pid) by extension 'colcon_pkg'
[0.287s] Level 1:colcon.colcon_core.package_identification:_identify(experiments/world_controller_comparison_20260608_181800/towrow.world_pid) by extensions ['colcon_meta']
[0.287s] Level 1:colcon.colcon_core.package_identification:_identify(experiments/world_controller_comparison_20260608_181800/towrow.world_pid) by extension 'colcon_meta'
[0.287s] Level 1:colcon.colcon_core.package_identification:_identify(experiments/world_controller_comparison_20260608_181800/towrow.world_pid) by extensions ['ros']
[0.287s] Level 1:colcon.colcon_core.package_identification:_identify(experiments/world_controller_comparison_20260608_181800/towrow.world_pid) by extension 'ros'
[0.287s] Level 1:colcon.colcon_core.package_identification:_identify(experiments/world_controller_comparison_20260608_181800/towrow.world_pid) by extensions ['cmake', 'python']
[0.287s] Level 1:colcon.colcon_core.package_identification:_identify(experiments/world_controller_comparison_20260608_181800/towrow.world_pid) by extension 'cmake'
[0.287s] Level 1:colcon.colcon_core.package_identification:_identify(experiments/world_controller_comparison_20260608_181800/towrow.world_pid) by extension 'python'
[0.287s] Level 1:colcon.colcon_core.package_identification:_identify(experiments/world_controller_comparison_20260608_181800/towrow.world_pid) by extensions ['python_setup_py']
[0.287s] Level 1:colcon.colcon_core.package_identification:_identify(experiments/world_controller_comparison_20260608_181800/towrow.world_pid) by extension 'python_setup_py'
[0.287s] Level 1:colcon.colcon_core.package_identification:_identify(experiments/world_controller_comparison_20260608_181800/towrow.world_pid/logs) by extensions ['ignore', 'ignore_ament_install']
[0.288s] Level 1:colcon.colcon_core.package_identification:_identify(experiments/world_controller_comparison_20260608_181800/towrow.world_pid/logs) by extension 'ignore'
[0.288s] Level 1:colcon.colcon_core.package_identification:_identify(experiments/world_controller_comparison_20260608_181800/towrow.world_pid/logs) by extension 'ignore_ament_install'
[0.288s] Level 1:colcon.colcon_core.package_identification:_identify(experiments/world_controller_comparison_20260608_181800/towrow.world_pid/logs) by extensions ['colcon_pkg']
[0.288s] Level 1:colcon.colcon_core.package_identification:_identify(experiments/world_controller_comparison_20260608_181800/towrow.world_pid/logs) by extension 'colcon_pkg'
[0.288s] Level 1:colcon.colcon_core.package_identification:_identify(experiments/world_controller_comparison_20260608_181800/towrow.world_pid/logs) by extensions ['colcon_meta']
[0.288s] Level 1:colcon.colcon_core.package_identification:_identify(experiments/world_controller_comparison_20260608_181800/towrow.world_pid/logs) by extension 'colcon_meta'
[0.288s] Level 1:colcon.colcon_core.package_identification:_identify(experiments/world_controller_comparison_20260608_181800/towrow.world_pid/logs) by extensions ['ros']
[0.288s] Level 1:colcon.colcon_core.package_identification:_identify(experiments/world_controller_comparison_20260608_181800/towrow.world_pid/logs) by extension 'ros'
[0.288s] Level 1:colcon.colcon_core.package_identification:_identify(experiments/world_controller_comparison_20260608_181800/towrow.world_pid/logs) by extensions ['cmake', 'python']
[0.288s] Level 1:colcon.colcon_core.package_identification:_identify(experiments/world_controller_comparison_20260608_181800/towrow.world_pid/logs) by extension 'cmake'
[0.288s] Level 1:colcon.colcon_core.package_identification:_identify(experiments/world_controller_comparison_20260608_181800/towrow.world_pid/logs) by extension 'python'
[0.288s] Level 1:colcon.colcon_core.package_identification:_identify(experiments/world_controller_comparison_20260608_181800/towrow.world_pid/logs) by extensions ['python_setup_py']
[0.288s] Level 1:colcon.colcon_core.package_identification:_identify(experiments/world_controller_comparison_20260608_181800/towrow.world_pid/logs) by extension 'python_setup_py'
[0.288s] Level 1:colcon.colcon_core.package_identification:_identify(experiments/world_controller_comparison_20260608_181800/towrow.world_pure_pursuit) by extensions ['ignore', 'ignore_ament_install']
[0.288s] Level 1:colcon.colcon_core.package_identification:_identify(experiments/world_controller_comparison_20260608_181800/towrow.world_pure_pursuit) by extension 'ignore'
[0.288s] Level 1:colcon.colcon_core.package_identification:_identify(experiments/world_controller_comparison_20260608_181800/towrow.world_pure_pursuit) by extension 'ignore_ament_install'
[0.288s] Level 1:colcon.colcon_core.package_identification:_identify(experiments/world_controller_comparison_20260608_181800/towrow.world_pure_pursuit) by extensions ['colcon_pkg']
[0.288s] Level 1:colcon.colcon_core.package_identification:_identify(experiments/world_controller_comparison_20260608_181800/towrow.world_pure_pursuit) by extension 'colcon_pkg'
[0.288s] Level 1:colcon.colcon_core.package_identification:_identify(experiments/world_controller_comparison_20260608_181800/towrow.world_pure_pursuit) by extensions ['colcon_meta']
[0.288s] Level 1:colcon.colcon_core.package_identification:_identify(experiments/world_controller_comparison_20260608_181800/towrow.world_pure_pursuit) by extension 'colcon_meta'
[0.288s] Level 1:colcon.colcon_core.package_identification:_identify(experiments/world_controller_comparison_20260608_181800/towrow.world_pure_pursuit) by extensions ['ros']
[0.288s] Level 1:colcon.colcon_core.package_identification:_identify(experiments/world_controller_comparison_20260608_181800/towrow.world_pure_pursuit) by extension 'ros'
[0.288s] Level 1:colcon.colcon_core.package_identification:_identify(experiments/world_controller_comparison_20260608_181800/towrow.world_pure_pursuit) by extensions ['cmake', 'python']
[0.288s] Level 1:colcon.colcon_core.package_identification:_identify(experiments/world_controller_comparison_20260608_181800/towrow.world_pure_pursuit) by extension 'cmake'
[0.289s] Level 1:colcon.colcon_core.package_identification:_identify(experiments/world_controller_comparison_20260608_181800/towrow.world_pure_pursuit) by extension 'python'
[0.289s] Level 1:colcon.colcon_core.package_identification:_identify(experiments/world_controller_comparison_20260608_181800/towrow.world_pure_pursuit) by extensions ['python_setup_py']
[0.289s] Level 1:colcon.colcon_core.package_identification:_identify(experiments/world_controller_comparison_20260608_181800/towrow.world_pure_pursuit) by extension 'python_setup_py'
[0.289s] Level 1:colcon.colcon_core.package_identification:_identify(experiments/world_controller_comparison_20260608_181800/towrow.world_pure_pursuit/logs) by extensions ['ignore', 'ignore_ament_install']
[0.289s] Level 1:colcon.colcon_core.package_identification:_identify(experiments/world_controller_comparison_20260608_181800/towrow.world_pure_pursuit/logs) by extension 'ignore'
[0.289s] Level 1:colcon.colcon_core.package_identification:_identify(experiments/world_controller_comparison_20260608_181800/towrow.world_pure_pursuit/logs) by extension 'ignore_ament_install'
[0.289s] Level 1:colcon.colcon_core.package_identification:_identify(experiments/world_controller_comparison_20260608_181800/towrow.world_pure_pursuit/logs) by extensions ['colcon_pkg']
[0.289s] Level 1:colcon.colcon_core.package_identification:_identify(experiments/world_controller_comparison_20260608_181800/towrow.world_pure_pursuit/logs) by extension 'colcon_pkg'
[0.289s] Level 1:colcon.colcon_core.package_identification:_identify(experiments/world_controller_comparison_20260608_181800/towrow.world_pure_pursuit/logs) by extensions ['colcon_meta']
[0.289s] Level 1:colcon.colcon_core.package_identification:_identify(experiments/world_controller_comparison_20260608_181800/towrow.world_pure_pursuit/logs) by extension 'colcon_meta'
[0.289s] Level 1:colcon.colcon_core.package_identification:_identify(experiments/world_controller_comparison_20260608_181800/towrow.world_pure_pursuit/logs) by extensions ['ros']
[0.289s] Level 1:colcon.colcon_core.package_identification:_identify(experiments/world_controller_comparison_20260608_181800/towrow.world_pure_pursuit/logs) by extension 'ros'
[0.289s] Level 1:colcon.colcon_core.package_identification:_identify(experiments/world_controller_comparison_20260608_181800/towrow.world_pure_pursuit/logs) by extensions ['cmake', 'python']
[0.289s] Level 1:colcon.colcon_core.package_identification:_identify(experiments/world_controller_comparison_20260608_181800/towrow.world_pure_pursuit/logs) by extension 'cmake'
[0.289s] Level 1:colcon.colcon_core.package_identification:_identify(experiments/world_controller_comparison_20260608_181800/towrow.world_pure_pursuit/logs) by extension 'python'
[0.289s] Level 1:colcon.colcon_core.package_identification:_identify(experiments/world_controller_comparison_20260608_181800/towrow.world_pure_pursuit/logs) by extensions ['python_setup_py']
[0.289s] Level 1:colcon.colcon_core.package_identification:_identify(experiments/world_controller_comparison_20260608_181800/towrow.world_pure_pursuit/logs) by extension 'python_setup_py'
[0.289s] Level 1:colcon.colcon_core.package_identification:_identify(experiments/world_controller_comparison_20260608_201255) by extensions ['ignore', 'ignore_ament_install']
[0.289s] Level 1:colcon.colcon_core.package_identification:_identify(experiments/world_controller_comparison_20260608_201255) by extension 'ignore'
[0.289s] Level 1:colcon.colcon_core.package_identification:_identify(experiments/world_controller_comparison_20260608_201255) by extension 'ignore_ament_install'
[0.289s] Level 1:colcon.colcon_core.package_identification:_identify(experiments/world_controller_comparison_20260608_201255) by extensions ['colcon_pkg']
[0.289s] Level 1:colcon.colcon_core.package_identification:_identify(experiments/world_controller_comparison_20260608_201255) by extension 'colcon_pkg'
[0.289s] Level 1:colcon.colcon_core.package_identification:_identify(experiments/world_controller_comparison_20260608_201255) by extensions ['colcon_meta']
[0.290s] Level 1:colcon.colcon_core.package_identification:_identify(experiments/world_controller_comparison_20260608_201255) by extension 'colcon_meta'
[0.290s] Level 1:colcon.colcon_core.package_identification:_identify(experiments/world_controller_comparison_20260608_201255) by extensions ['ros']
[0.290s] Level 1:colcon.colcon_core.package_identification:_identify(experiments/world_controller_comparison_20260608_201255) by extension 'ros'
[0.290s] Level 1:colcon.colcon_core.package_identification:_identify(experiments/world_controller_comparison_20260608_201255) by extensions ['cmake', 'python']
[0.290s] Level 1:colcon.colcon_core.package_identification:_identify(experiments/world_controller_comparison_20260608_201255) by extension 'cmake'
[0.290s] Level 1:colcon.colcon_core.package_identification:_identify(experiments/world_controller_comparison_20260608_201255) by extension 'python'
[0.290s] Level 1:colcon.colcon_core.package_identification:_identify(experiments/world_controller_comparison_20260608_201255) by extensions ['python_setup_py']
[0.290s] Level 1:colcon.colcon_core.package_identification:_identify(experiments/world_controller_comparison_20260608_201255) by extension 'python_setup_py'
[0.290s] Level 1:colcon.colcon_core.package_identification:_identify(experiments/world_controller_comparison_20260608_201255/corn_leaf_world.world_pid) by extensions ['ignore', 'ignore_ament_install']
[0.290s] Level 1:colcon.colcon_core.package_identification:_identify(experiments/world_controller_comparison_20260608_201255/corn_leaf_world.world_pid) by extension 'ignore'
[0.290s] Level 1:colcon.colcon_core.package_identification:_identify(experiments/world_controller_comparison_20260608_201255/corn_leaf_world.world_pid) by extension 'ignore_ament_install'
[0.290s] Level 1:colcon.colcon_core.package_identification:_identify(experiments/world_controller_comparison_20260608_201255/corn_leaf_world.world_pid) by extensions ['colcon_pkg']
[0.290s] Level 1:colcon.colcon_core.package_identification:_identify(experiments/world_controller_comparison_20260608_201255/corn_leaf_world.world_pid) by extension 'colcon_pkg'
[0.290s] Level 1:colcon.colcon_core.package_identification:_identify(experiments/world_controller_comparison_20260608_201255/corn_leaf_world.world_pid) by extensions ['colcon_meta']
[0.290s] Level 1:colcon.colcon_core.package_identification:_identify(experiments/world_controller_comparison_20260608_201255/corn_leaf_world.world_pid) by extension 'colcon_meta'
[0.290s] Level 1:colcon.colcon_core.package_identification:_identify(experiments/world_controller_comparison_20260608_201255/corn_leaf_world.world_pid) by extensions ['ros']
[0.290s] Level 1:colcon.colcon_core.package_identification:_identify(experiments/world_controller_comparison_20260608_201255/corn_leaf_world.world_pid) by extension 'ros'
[0.290s] Level 1:colcon.colcon_core.package_identification:_identify(experiments/world_controller_comparison_20260608_201255/corn_leaf_world.world_pid) by extensions ['cmake', 'python']
[0.290s] Level 1:colcon.colcon_core.package_identification:_identify(experiments/world_controller_comparison_20260608_201255/corn_leaf_world.world_pid) by extension 'cmake'
[0.290s] Level 1:colcon.colcon_core.package_identification:_identify(experiments/world_controller_comparison_20260608_201255/corn_leaf_world.world_pid) by extension 'python'
[0.290s] Level 1:colcon.colcon_core.package_identification:_identify(experiments/world_controller_comparison_20260608_201255/corn_leaf_world.world_pid) by extensions ['python_setup_py']
[0.290s] Level 1:colcon.colcon_core.package_identification:_identify(experiments/world_controller_comparison_20260608_201255/corn_leaf_world.world_pid) by extension 'python_setup_py'
[0.290s] Level 1:colcon.colcon_core.package_identification:_identify(experiments/world_controller_comparison_20260608_201255/corn_leaf_world.world_pid/logs) by extensions ['ignore', 'ignore_ament_install']
[0.291s] Level 1:colcon.colcon_core.package_identification:_identify(experiments/world_controller_comparison_20260608_201255/corn_leaf_world.world_pid/logs) by extension 'ignore'
[0.291s] Level 1:colcon.colcon_core.package_identification:_identify(experiments/world_controller_comparison_20260608_201255/corn_leaf_world.world_pid/logs) by extension 'ignore_ament_install'
[0.291s] Level 1:colcon.colcon_core.package_identification:_identify(experiments/world_controller_comparison_20260608_201255/corn_leaf_world.world_pid/logs) by extensions ['colcon_pkg']
[0.291s] Level 1:colcon.colcon_core.package_identification:_identify(experiments/world_controller_comparison_20260608_201255/corn_leaf_world.world_pid/logs) by extension 'colcon_pkg'
[0.291s] Level 1:colcon.colcon_core.package_identification:_identify(experiments/world_controller_comparison_20260608_201255/corn_leaf_world.world_pid/logs) by extensions ['colcon_meta']
[0.291s] Level 1:colcon.colcon_core.package_identification:_identify(experiments/world_controller_comparison_20260608_201255/corn_leaf_world.world_pid/logs) by extension 'colcon_meta'
[0.291s] Level 1:colcon.colcon_core.package_identification:_identify(experiments/world_controller_comparison_20260608_201255/corn_leaf_world.world_pid/logs) by extensions ['ros']
[0.291s] Level 1:colcon.colcon_core.package_identification:_identify(experiments/world_controller_comparison_20260608_201255/corn_leaf_world.world_pid/logs) by extension 'ros'
[0.291s] Level 1:colcon.colcon_core.package_identification:_identify(experiments/world_controller_comparison_20260608_201255/corn_leaf_world.world_pid/logs) by extensions ['cmake', 'python']
[0.291s] Level 1:colcon.colcon_core.package_identification:_identify(experiments/world_controller_comparison_20260608_201255/corn_leaf_world.world_pid/logs) by extension 'cmake'
[0.291s] Level 1:colcon.colcon_core.package_identification:_identify(experiments/world_controller_comparison_20260608_201255/corn_leaf_world.world_pid/logs) by extension 'python'
[0.291s] Level 1:colcon.colcon_core.package_identification:_identify(experiments/world_controller_comparison_20260608_201255/corn_leaf_world.world_pid/logs) by extensions ['python_setup_py']
[0.291s] Level 1:colcon.colcon_core.package_identification:_identify(experiments/world_controller_comparison_20260608_201255/corn_leaf_world.world_pid/logs) by extension 'python_setup_py'
[0.291s] Level 1:colcon.colcon_core.package_identification:_identify(experiments/world_controller_comparison_20260608_201255/towrow.world_pid) by extensions ['ignore', 'ignore_ament_install']
[0.291s] Level 1:colcon.colcon_core.package_identification:_identify(experiments/world_controller_comparison_20260608_201255/towrow.world_pid) by extension 'ignore'
[0.291s] Level 1:colcon.colcon_core.package_identification:_identify(experiments/world_controller_comparison_20260608_201255/towrow.world_pid) by extension 'ignore_ament_install'
[0.291s] Level 1:colcon.colcon_core.package_identification:_identify(experiments/world_controller_comparison_20260608_201255/towrow.world_pid) by extensions ['colcon_pkg']
[0.291s] Level 1:colcon.colcon_core.package_identification:_identify(experiments/world_controller_comparison_20260608_201255/towrow.world_pid) by extension 'colcon_pkg'
[0.291s] Level 1:colcon.colcon_core.package_identification:_identify(experiments/world_controller_comparison_20260608_201255/towrow.world_pid) by extensions ['colcon_meta']
[0.291s] Level 1:colcon.colcon_core.package_identification:_identify(experiments/world_controller_comparison_20260608_201255/towrow.world_pid) by extension 'colcon_meta'
[0.291s] Level 1:colcon.colcon_core.package_identification:_identify(experiments/world_controller_comparison_20260608_201255/towrow.world_pid) by extensions ['ros']
[0.291s] Level 1:colcon.colcon_core.package_identification:_identify(experiments/world_controller_comparison_20260608_201255/towrow.world_pid) by extension 'ros'
[0.291s] Level 1:colcon.colcon_core.package_identification:_identify(experiments/world_controller_comparison_20260608_201255/towrow.world_pid) by extensions ['cmake', 'python']
[0.292s] Level 1:colcon.colcon_core.package_identification:_identify(experiments/world_controller_comparison_20260608_201255/towrow.world_pid) by extension 'cmake'
[0.292s] Level 1:colcon.colcon_core.package_identification:_identify(experiments/world_controller_comparison_20260608_201255/towrow.world_pid) by extension 'python'
[0.292s] Level 1:colcon.colcon_core.package_identification:_identify(experiments/world_controller_comparison_20260608_201255/towrow.world_pid) by extensions ['python_setup_py']
[0.292s] Level 1:colcon.colcon_core.package_identification:_identify(experiments/world_controller_comparison_20260608_201255/towrow.world_pid) by extension 'python_setup_py'
[0.292s] Level 1:colcon.colcon_core.package_identification:_identify(experiments/world_controller_comparison_20260608_201255/towrow.world_pid/logs) by extensions ['ignore', 'ignore_ament_install']
[0.292s] Level 1:colcon.colcon_core.package_identification:_identify(experiments/world_controller_comparison_20260608_201255/towrow.world_pid/logs) by extension 'ignore'
[0.292s] Level 1:colcon.colcon_core.package_identification:_identify(experiments/world_controller_comparison_20260608_201255/towrow.world_pid/logs) by extension 'ignore_ament_install'
[0.292s] Level 1:colcon.colcon_core.package_identification:_identify(experiments/world_controller_comparison_20260608_201255/towrow.world_pid/logs) by extensions ['colcon_pkg']
[0.292s] Level 1:colcon.colcon_core.package_identification:_identify(experiments/world_controller_comparison_20260608_201255/towrow.world_pid/logs) by extension 'colcon_pkg'
[0.292s] Level 1:colcon.colcon_core.package_identification:_identify(experiments/world_controller_comparison_20260608_201255/towrow.world_pid/logs) by extensions ['colcon_meta']
[0.292s] Level 1:colcon.colcon_core.package_identification:_identify(experiments/world_controller_comparison_20260608_201255/towrow.world_pid/logs) by extension 'colcon_meta'
[0.292s] Level 1:colcon.colcon_core.package_identification:_identify(experiments/world_controller_comparison_20260608_201255/towrow.world_pid/logs) by extensions ['ros']
[0.292s] Level 1:colcon.colcon_core.package_identification:_identify(experiments/world_controller_comparison_20260608_201255/towrow.world_pid/logs) by extension 'ros'
[0.292s] Level 1:colcon.colcon_core.package_identification:_identify(experiments/world_controller_comparison_20260608_201255/towrow.world_pid/logs) by extensions ['cmake', 'python']
[0.292s] Level 1:colcon.colcon_core.package_identification:_identify(experiments/world_controller_comparison_20260608_201255/towrow.world_pid/logs) by extension 'cmake'
[0.292s] Level 1:colcon.colcon_core.package_identification:_identify(experiments/world_controller_comparison_20260608_201255/towrow.world_pid/logs) by extension 'python'
[0.292s] Level 1:colcon.colcon_core.package_identification:_identify(experiments/world_controller_comparison_20260608_201255/towrow.world_pid/logs) by extensions ['python_setup_py']
[0.292s] Level 1:colcon.colcon_core.package_identification:_identify(experiments/world_controller_comparison_20260608_201255/towrow.world_pid/logs) by extension 'python_setup_py'
[0.292s] Level 1:colcon.colcon_core.package_identification:_identify(experiments/world_controller_comparison_20260608_201255/towrow.world_pure_pursuit) by extensions ['ignore', 'ignore_ament_install']
[0.292s] Level 1:colcon.colcon_core.package_identification:_identify(experiments/world_controller_comparison_20260608_201255/towrow.world_pure_pursuit) by extension 'ignore'
[0.292s] Level 1:colcon.colcon_core.package_identification:_identify(experiments/world_controller_comparison_20260608_201255/towrow.world_pure_pursuit) by extension 'ignore_ament_install'
[0.292s] Level 1:colcon.colcon_core.package_identification:_identify(experiments/world_controller_comparison_20260608_201255/towrow.world_pure_pursuit) by extensions ['colcon_pkg']
[0.293s] Level 1:colcon.colcon_core.package_identification:_identify(experiments/world_controller_comparison_20260608_201255/towrow.world_pure_pursuit) by extension 'colcon_pkg'
[0.293s] Level 1:colcon.colcon_core.package_identification:_identify(experiments/world_controller_comparison_20260608_201255/towrow.world_pure_pursuit) by extensions ['colcon_meta']
[0.293s] Level 1:colcon.colcon_core.package_identification:_identify(experiments/world_controller_comparison_20260608_201255/towrow.world_pure_pursuit) by extension 'colcon_meta'
[0.293s] Level 1:colcon.colcon_core.package_identification:_identify(experiments/world_controller_comparison_20260608_201255/towrow.world_pure_pursuit) by extensions ['ros']
[0.293s] Level 1:colcon.colcon_core.package_identification:_identify(experiments/world_controller_comparison_20260608_201255/towrow.world_pure_pursuit) by extension 'ros'
[0.293s] Level 1:colcon.colcon_core.package_identification:_identify(experiments/world_controller_comparison_20260608_201255/towrow.world_pure_pursuit) by extensions ['cmake', 'python']
[0.293s] Level 1:colcon.colcon_core.package_identification:_identify(experiments/world_controller_comparison_20260608_201255/towrow.world_pure_pursuit) by extension 'cmake'
[0.293s] Level 1:colcon.colcon_core.package_identification:_identify(experiments/world_controller_comparison_20260608_201255/towrow.world_pure_pursuit) by extension 'python'
[0.293s] Level 1:colcon.colcon_core.package_identification:_identify(experiments/world_controller_comparison_20260608_201255/towrow.world_pure_pursuit) by extensions ['python_setup_py']
[0.293s] Level 1:colcon.colcon_core.package_identification:_identify(experiments/world_controller_comparison_20260608_201255/towrow.world_pure_pursuit) by extension 'python_setup_py'
[0.293s] Level 1:colcon.colcon_core.package_identification:_identify(experiments/world_controller_comparison_20260608_201255/towrow.world_pure_pursuit/logs) by extensions ['ignore', 'ignore_ament_install']
[0.293s] Level 1:colcon.colcon_core.package_identification:_identify(experiments/world_controller_comparison_20260608_201255/towrow.world_pure_pursuit/logs) by extension 'ignore'
[0.293s] Level 1:colcon.colcon_core.package_identification:_identify(experiments/world_controller_comparison_20260608_201255/towrow.world_pure_pursuit/logs) by extension 'ignore_ament_install'
[0.293s] Level 1:colcon.colcon_core.package_identification:_identify(experiments/world_controller_comparison_20260608_201255/towrow.world_pure_pursuit/logs) by extensions ['colcon_pkg']
[0.293s] Level 1:colcon.colcon_core.package_identification:_identify(experiments/world_controller_comparison_20260608_201255/towrow.world_pure_pursuit/logs) by extension 'colcon_pkg'
[0.293s] Level 1:colcon.colcon_core.package_identification:_identify(experiments/world_controller_comparison_20260608_201255/towrow.world_pure_pursuit/logs) by extensions ['colcon_meta']
[0.293s] Level 1:colcon.colcon_core.package_identification:_identify(experiments/world_controller_comparison_20260608_201255/towrow.world_pure_pursuit/logs) by extension 'colcon_meta'
[0.293s] Level 1:colcon.colcon_core.package_identification:_identify(experiments/world_controller_comparison_20260608_201255/towrow.world_pure_pursuit/logs) by extensions ['ros']
[0.293s] Level 1:colcon.colcon_core.package_identification:_identify(experiments/world_controller_comparison_20260608_201255/towrow.world_pure_pursuit/logs) by extension 'ros'
[0.293s] Level 1:colcon.colcon_core.package_identification:_identify(experiments/world_controller_comparison_20260608_201255/towrow.world_pure_pursuit/logs) by extensions ['cmake', 'python']
[0.293s] Level 1:colcon.colcon_core.package_identification:_identify(experiments/world_controller_comparison_20260608_201255/towrow.world_pure_pursuit/logs) by extension 'cmake'
[0.293s] Level 1:colcon.colcon_core.package_identification:_identify(experiments/world_controller_comparison_20260608_201255/towrow.world_pure_pursuit/logs) by extension 'python'
[0.294s] Level 1:colcon.colcon_core.package_identification:_identify(experiments/world_controller_comparison_20260608_201255/towrow.world_pure_pursuit/logs) by extensions ['python_setup_py']
[0.294s] Level 1:colcon.colcon_core.package_identification:_identify(experiments/world_controller_comparison_20260608_201255/towrow.world_pure_pursuit/logs) by extension 'python_setup_py'
[0.294s] Level 1:colcon.colcon_core.package_identification:_identify(experiments/world_controller_comparison_20260608_202317) by extensions ['ignore', 'ignore_ament_install']
[0.294s] Level 1:colcon.colcon_core.package_identification:_identify(experiments/world_controller_comparison_20260608_202317) by extension 'ignore'
[0.294s] Level 1:colcon.colcon_core.package_identification:_identify(experiments/world_controller_comparison_20260608_202317) by extension 'ignore_ament_install'
[0.294s] Level 1:colcon.colcon_core.package_identification:_identify(experiments/world_controller_comparison_20260608_202317) by extensions ['colcon_pkg']
[0.294s] Level 1:colcon.colcon_core.package_identification:_identify(experiments/world_controller_comparison_20260608_202317) by extension 'colcon_pkg'
[0.294s] Level 1:colcon.colcon_core.package_identification:_identify(experiments/world_controller_comparison_20260608_202317) by extensions ['colcon_meta']
[0.294s] Level 1:colcon.colcon_core.package_identification:_identify(experiments/world_controller_comparison_20260608_202317) by extension 'colcon_meta'
[0.294s] Level 1:colcon.colcon_core.package_identification:_identify(experiments/world_controller_comparison_20260608_202317) by extensions ['ros']
[0.294s] Level 1:colcon.colcon_core.package_identification:_identify(experiments/world_controller_comparison_20260608_202317) by extension 'ros'
[0.294s] Level 1:colcon.colcon_core.package_identification:_identify(experiments/world_controller_comparison_20260608_202317) by extensions ['cmake', 'python']
[0.294s] Level 1:colcon.colcon_core.package_identification:_identify(experiments/world_controller_comparison_20260608_202317) by extension 'cmake'
[0.294s] Level 1:colcon.colcon_core.package_identification:_identify(experiments/world_controller_comparison_20260608_202317) by extension 'python'
[0.294s] Level 1:colcon.colcon_core.package_identification:_identify(experiments/world_controller_comparison_20260608_202317) by extensions ['python_setup_py']
[0.294s] Level 1:colcon.colcon_core.package_identification:_identify(experiments/world_controller_comparison_20260608_202317) by extension 'python_setup_py'
[0.294s] Level 1:colcon.colcon_core.package_identification:_identify(experiments/world_controller_comparison_20260608_202317/corn_leaf_world.world_pid) by extensions ['ignore', 'ignore_ament_install']
[0.294s] Level 1:colcon.colcon_core.package_identification:_identify(experiments/world_controller_comparison_20260608_202317/corn_leaf_world.world_pid) by extension 'ignore'
[0.294s] Level 1:colcon.colcon_core.package_identification:_identify(experiments/world_controller_comparison_20260608_202317/corn_leaf_world.world_pid) by extension 'ignore_ament_install'
[0.294s] Level 1:colcon.colcon_core.package_identification:_identify(experiments/world_controller_comparison_20260608_202317/corn_leaf_world.world_pid) by extensions ['colcon_pkg']
[0.294s] Level 1:colcon.colcon_core.package_identification:_identify(experiments/world_controller_comparison_20260608_202317/corn_leaf_world.world_pid) by extension 'colcon_pkg'
[0.294s] Level 1:colcon.colcon_core.package_identification:_identify(experiments/world_controller_comparison_20260608_202317/corn_leaf_world.world_pid) by extensions ['colcon_meta']
[0.295s] Level 1:colcon.colcon_core.package_identification:_identify(experiments/world_controller_comparison_20260608_202317/corn_leaf_world.world_pid) by extension 'colcon_meta'
[0.295s] Level 1:colcon.colcon_core.package_identification:_identify(experiments/world_controller_comparison_20260608_202317/corn_leaf_world.world_pid) by extensions ['ros']
[0.295s] Level 1:colcon.colcon_core.package_identification:_identify(experiments/world_controller_comparison_20260608_202317/corn_leaf_world.world_pid) by extension 'ros'
[0.295s] Level 1:colcon.colcon_core.package_identification:_identify(experiments/world_controller_comparison_20260608_202317/corn_leaf_world.world_pid) by extensions ['cmake', 'python']
[0.295s] Level 1:colcon.colcon_core.package_identification:_identify(experiments/world_controller_comparison_20260608_202317/corn_leaf_world.world_pid) by extension 'cmake'
[0.295s] Level 1:colcon.colcon_core.package_identification:_identify(experiments/world_controller_comparison_20260608_202317/corn_leaf_world.world_pid) by extension 'python'
[0.295s] Level 1:colcon.colcon_core.package_identification:_identify(experiments/world_controller_comparison_20260608_202317/corn_leaf_world.world_pid) by extensions ['python_setup_py']
[0.295s] Level 1:colcon.colcon_core.package_identification:_identify(experiments/world_controller_comparison_20260608_202317/corn_leaf_world.world_pid) by extension 'python_setup_py'
[0.295s] Level 1:colcon.colcon_core.package_identification:_identify(experiments/world_controller_comparison_20260608_202317/corn_leaf_world.world_pid/logs) by extensions ['ignore', 'ignore_ament_install']
[0.295s] Level 1:colcon.colcon_core.package_identification:_identify(experiments/world_controller_comparison_20260608_202317/corn_leaf_world.world_pid/logs) by extension 'ignore'
[0.295s] Level 1:colcon.colcon_core.package_identification:_identify(experiments/world_controller_comparison_20260608_202317/corn_leaf_world.world_pid/logs) by extension 'ignore_ament_install'
[0.295s] Level 1:colcon.colcon_core.package_identification:_identify(experiments/world_controller_comparison_20260608_202317/corn_leaf_world.world_pid/logs) by extensions ['colcon_pkg']
[0.295s] Level 1:colcon.colcon_core.package_identification:_identify(experiments/world_controller_comparison_20260608_202317/corn_leaf_world.world_pid/logs) by extension 'colcon_pkg'
[0.295s] Level 1:colcon.colcon_core.package_identification:_identify(experiments/world_controller_comparison_20260608_202317/corn_leaf_world.world_pid/logs) by extensions ['colcon_meta']
[0.295s] Level 1:colcon.colcon_core.package_identification:_identify(experiments/world_controller_comparison_20260608_202317/corn_leaf_world.world_pid/logs) by extension 'colcon_meta'
[0.295s] Level 1:colcon.colcon_core.package_identification:_identify(experiments/world_controller_comparison_20260608_202317/corn_leaf_world.world_pid/logs) by extensions ['ros']
[0.295s] Level 1:colcon.colcon_core.package_identification:_identify(experiments/world_controller_comparison_20260608_202317/corn_leaf_world.world_pid/logs) by extension 'ros'
[0.295s] Level 1:colcon.colcon_core.package_identification:_identify(experiments/world_controller_comparison_20260608_202317/corn_leaf_world.world_pid/logs) by extensions ['cmake', 'python']
[0.295s] Level 1:colcon.colcon_core.package_identification:_identify(experiments/world_controller_comparison_20260608_202317/corn_leaf_world.world_pid/logs) by extension 'cmake'
[0.295s] Level 1:colcon.colcon_core.package_identification:_identify(experiments/world_controller_comparison_20260608_202317/corn_leaf_world.world_pid/logs) by extension 'python'
[0.295s] Level 1:colcon.colcon_core.package_identification:_identify(experiments/world_controller_comparison_20260608_202317/corn_leaf_world.world_pid/logs) by extensions ['python_setup_py']
[0.295s] Level 1:colcon.colcon_core.package_identification:_identify(experiments/world_controller_comparison_20260608_202317/corn_leaf_world.world_pid/logs) by extension 'python_setup_py'
[0.296s] Level 1:colcon.colcon_core.package_identification:_identify(experiments/world_controller_comparison_20260608_202317/corn_leaf_world.world_pure_pursuit) by extensions ['ignore', 'ignore_ament_install']
[0.296s] Level 1:colcon.colcon_core.package_identification:_identify(experiments/world_controller_comparison_20260608_202317/corn_leaf_world.world_pure_pursuit) by extension 'ignore'
[0.296s] Level 1:colcon.colcon_core.package_identification:_identify(experiments/world_controller_comparison_20260608_202317/corn_leaf_world.world_pure_pursuit) by extension 'ignore_ament_install'
[0.296s] Level 1:colcon.colcon_core.package_identification:_identify(experiments/world_controller_comparison_20260608_202317/corn_leaf_world.world_pure_pursuit) by extensions ['colcon_pkg']
[0.296s] Level 1:colcon.colcon_core.package_identification:_identify(experiments/world_controller_comparison_20260608_202317/corn_leaf_world.world_pure_pursuit) by extension 'colcon_pkg'
[0.296s] Level 1:colcon.colcon_core.package_identification:_identify(experiments/world_controller_comparison_20260608_202317/corn_leaf_world.world_pure_pursuit) by extensions ['colcon_meta']
[0.296s] Level 1:colcon.colcon_core.package_identification:_identify(experiments/world_controller_comparison_20260608_202317/corn_leaf_world.world_pure_pursuit) by extension 'colcon_meta'
[0.296s] Level 1:colcon.colcon_core.package_identification:_identify(experiments/world_controller_comparison_20260608_202317/corn_leaf_world.world_pure_pursuit) by extensions ['ros']
[0.296s] Level 1:colcon.colcon_core.package_identification:_identify(experiments/world_controller_comparison_20260608_202317/corn_leaf_world.world_pure_pursuit) by extension 'ros'
[0.296s] Level 1:colcon.colcon_core.package_identification:_identify(experiments/world_controller_comparison_20260608_202317/corn_leaf_world.world_pure_pursuit) by extensions ['cmake', 'python']
[0.296s] Level 1:colcon.colcon_core.package_identification:_identify(experiments/world_controller_comparison_20260608_202317/corn_leaf_world.world_pure_pursuit) by extension 'cmake'
[0.296s] Level 1:colcon.colcon_core.package_identification:_identify(experiments/world_controller_comparison_20260608_202317/corn_leaf_world.world_pure_pursuit) by extension 'python'
[0.296s] Level 1:colcon.colcon_core.package_identification:_identify(experiments/world_controller_comparison_20260608_202317/corn_leaf_world.world_pure_pursuit) by extensions ['python_setup_py']
[0.296s] Level 1:colcon.colcon_core.package_identification:_identify(experiments/world_controller_comparison_20260608_202317/corn_leaf_world.world_pure_pursuit) by extension 'python_setup_py'
[0.296s] Level 1:colcon.colcon_core.package_identification:_identify(experiments/world_controller_comparison_20260608_202317/corn_leaf_world.world_pure_pursuit/logs) by extensions ['ignore', 'ignore_ament_install']
[0.296s] Level 1:colcon.colcon_core.package_identification:_identify(experiments/world_controller_comparison_20260608_202317/corn_leaf_world.world_pure_pursuit/logs) by extension 'ignore'
[0.296s] Level 1:colcon.colcon_core.package_identification:_identify(experiments/world_controller_comparison_20260608_202317/corn_leaf_world.world_pure_pursuit/logs) by extension 'ignore_ament_install'
[0.296s] Level 1:colcon.colcon_core.package_identification:_identify(experiments/world_controller_comparison_20260608_202317/corn_leaf_world.world_pure_pursuit/logs) by extensions ['colcon_pkg']
[0.296s] Level 1:colcon.colcon_core.package_identification:_identify(experiments/world_controller_comparison_20260608_202317/corn_leaf_world.world_pure_pursuit/logs) by extension 'colcon_pkg'
[0.296s] Level 1:colcon.colcon_core.package_identification:_identify(experiments/world_controller_comparison_20260608_202317/corn_leaf_world.world_pure_pursuit/logs) by extensions ['colcon_meta']
[0.296s] Level 1:colcon.colcon_core.package_identification:_identify(experiments/world_controller_comparison_20260608_202317/corn_leaf_world.world_pure_pursuit/logs) by extension 'colcon_meta'
[0.296s] Level 1:colcon.colcon_core.package_identification:_identify(experiments/world_controller_comparison_20260608_202317/corn_leaf_world.world_pure_pursuit/logs) by extensions ['ros']
[0.296s] Level 1:colcon.colcon_core.package_identification:_identify(experiments/world_controller_comparison_20260608_202317/corn_leaf_world.world_pure_pursuit/logs) by extension 'ros'
[0.297s] Level 1:colcon.colcon_core.package_identification:_identify(experiments/world_controller_comparison_20260608_202317/corn_leaf_world.world_pure_pursuit/logs) by extensions ['cmake', 'python']
[0.297s] Level 1:colcon.colcon_core.package_identification:_identify(experiments/world_controller_comparison_20260608_202317/corn_leaf_world.world_pure_pursuit/logs) by extension 'cmake'
[0.297s] Level 1:colcon.colcon_core.package_identification:_identify(experiments/world_controller_comparison_20260608_202317/corn_leaf_world.world_pure_pursuit/logs) by extension 'python'
[0.297s] Level 1:colcon.colcon_core.package_identification:_identify(experiments/world_controller_comparison_20260608_202317/corn_leaf_world.world_pure_pursuit/logs) by extensions ['python_setup_py']
[0.297s] Level 1:colcon.colcon_core.package_identification:_identify(experiments/world_controller_comparison_20260608_202317/corn_leaf_world.world_pure_pursuit/logs) by extension 'python_setup_py'
[0.297s] Level 1:colcon.colcon_core.package_identification:_identify(experiments/world_controller_comparison_20260608_202317/towrow.world_pid) by extensions ['ignore', 'ignore_ament_install']
[0.297s] Level 1:colcon.colcon_core.package_identification:_identify(experiments/world_controller_comparison_20260608_202317/towrow.world_pid) by extension 'ignore'
[0.297s] Level 1:colcon.colcon_core.package_identification:_identify(experiments/world_controller_comparison_20260608_202317/towrow.world_pid) by extension 'ignore_ament_install'
[0.297s] Level 1:colcon.colcon_core.package_identification:_identify(experiments/world_controller_comparison_20260608_202317/towrow.world_pid) by extensions ['colcon_pkg']
[0.297s] Level 1:colcon.colcon_core.package_identification:_identify(experiments/world_controller_comparison_20260608_202317/towrow.world_pid) by extension 'colcon_pkg'
[0.297s] Level 1:colcon.colcon_core.package_identification:_identify(experiments/world_controller_comparison_20260608_202317/towrow.world_pid) by extensions ['colcon_meta']
[0.297s] Level 1:colcon.colcon_core.package_identification:_identify(experiments/world_controller_comparison_20260608_202317/towrow.world_pid) by extension 'colcon_meta'
[0.297s] Level 1:colcon.colcon_core.package_identification:_identify(experiments/world_controller_comparison_20260608_202317/towrow.world_pid) by extensions ['ros']
[0.297s] Level 1:colcon.colcon_core.package_identification:_identify(experiments/world_controller_comparison_20260608_202317/towrow.world_pid) by extension 'ros'
[0.297s] Level 1:colcon.colcon_core.package_identification:_identify(experiments/world_controller_comparison_20260608_202317/towrow.world_pid) by extensions ['cmake', 'python']
[0.297s] Level 1:colcon.colcon_core.package_identification:_identify(experiments/world_controller_comparison_20260608_202317/towrow.world_pid) by extension 'cmake'
[0.297s] Level 1:colcon.colcon_core.package_identification:_identify(experiments/world_controller_comparison_20260608_202317/towrow.world_pid) by extension 'python'
[0.297s] Level 1:colcon.colcon_core.package_identification:_identify(experiments/world_controller_comparison_20260608_202317/towrow.world_pid) by extensions ['python_setup_py']
[0.297s] Level 1:colcon.colcon_core.package_identification:_identify(experiments/world_controller_comparison_20260608_202317/towrow.world_pid) by extension 'python_setup_py'
[0.297s] Level 1:colcon.colcon_core.package_identification:_identify(experiments/world_controller_comparison_20260608_202317/towrow.world_pid/logs) by extensions ['ignore', 'ignore_ament_install']
[0.297s] Level 1:colcon.colcon_core.package_identification:_identify(experiments/world_controller_comparison_20260608_202317/towrow.world_pid/logs) by extension 'ignore'
[0.298s] Level 1:colcon.colcon_core.package_identification:_identify(experiments/world_controller_comparison_20260608_202317/towrow.world_pid/logs) by extension 'ignore_ament_install'
[0.298s] Level 1:colcon.colcon_core.package_identification:_identify(experiments/world_controller_comparison_20260608_202317/towrow.world_pid/logs) by extensions ['colcon_pkg']
[0.298s] Level 1:colcon.colcon_core.package_identification:_identify(experiments/world_controller_comparison_20260608_202317/towrow.world_pid/logs) by extension 'colcon_pkg'
[0.298s] Level 1:colcon.colcon_core.package_identification:_identify(experiments/world_controller_comparison_20260608_202317/towrow.world_pid/logs) by extensions ['colcon_meta']
[0.298s] Level 1:colcon.colcon_core.package_identification:_identify(experiments/world_controller_comparison_20260608_202317/towrow.world_pid/logs) by extension 'colcon_meta'
[0.298s] Level 1:colcon.colcon_core.package_identification:_identify(experiments/world_controller_comparison_20260608_202317/towrow.world_pid/logs) by extensions ['ros']
[0.298s] Level 1:colcon.colcon_core.package_identification:_identify(experiments/world_controller_comparison_20260608_202317/towrow.world_pid/logs) by extension 'ros'
[0.298s] Level 1:colcon.colcon_core.package_identification:_identify(experiments/world_controller_comparison_20260608_202317/towrow.world_pid/logs) by extensions ['cmake', 'python']
[0.298s] Level 1:colcon.colcon_core.package_identification:_identify(experiments/world_controller_comparison_20260608_202317/towrow.world_pid/logs) by extension 'cmake'
[0.298s] Level 1:colcon.colcon_core.package_identification:_identify(experiments/world_controller_comparison_20260608_202317/towrow.world_pid/logs) by extension 'python'
[0.298s] Level 1:colcon.colcon_core.package_identification:_identify(experiments/world_controller_comparison_20260608_202317/towrow.world_pid/logs) by extensions ['python_setup_py']
[0.298s] Level 1:colcon.colcon_core.package_identification:_identify(experiments/world_controller_comparison_20260608_202317/towrow.world_pid/logs) by extension 'python_setup_py'
[0.298s] Level 1:colcon.colcon_core.package_identification:_identify(experiments/world_controller_comparison_20260608_202317/towrow.world_pure_pursuit) by extensions ['ignore', 'ignore_ament_install']
[0.298s] Level 1:colcon.colcon_core.package_identification:_identify(experiments/world_controller_comparison_20260608_202317/towrow.world_pure_pursuit) by extension 'ignore'
[0.298s] Level 1:colcon.colcon_core.package_identification:_identify(experiments/world_controller_comparison_20260608_202317/towrow.world_pure_pursuit) by extension 'ignore_ament_install'
[0.298s] Level 1:colcon.colcon_core.package_identification:_identify(experiments/world_controller_comparison_20260608_202317/towrow.world_pure_pursuit) by extensions ['colcon_pkg']
[0.298s] Level 1:colcon.colcon_core.package_identification:_identify(experiments/world_controller_comparison_20260608_202317/towrow.world_pure_pursuit) by extension 'colcon_pkg'
[0.298s] Level 1:colcon.colcon_core.package_identification:_identify(experiments/world_controller_comparison_20260608_202317/towrow.world_pure_pursuit) by extensions ['colcon_meta']
[0.298s] Level 1:colcon.colcon_core.package_identification:_identify(experiments/world_controller_comparison_20260608_202317/towrow.world_pure_pursuit) by extension 'colcon_meta'
[0.298s] Level 1:colcon.colcon_core.package_identification:_identify(experiments/world_controller_comparison_20260608_202317/towrow.world_pure_pursuit) by extensions ['ros']
[0.298s] Level 1:colcon.colcon_core.package_identification:_identify(experiments/world_controller_comparison_20260608_202317/towrow.world_pure_pursuit) by extension 'ros'
[0.298s] Level 1:colcon.colcon_core.package_identification:_identify(experiments/world_controller_comparison_20260608_202317/towrow.world_pure_pursuit) by extensions ['cmake', 'python']
[0.298s] Level 1:colcon.colcon_core.package_identification:_identify(experiments/world_controller_comparison_20260608_202317/towrow.world_pure_pursuit) by extension 'cmake'
[0.299s] Level 1:colcon.colcon_core.package_identification:_identify(experiments/world_controller_comparison_20260608_202317/towrow.world_pure_pursuit) by extension 'python'
[0.299s] Level 1:colcon.colcon_core.package_identification:_identify(experiments/world_controller_comparison_20260608_202317/towrow.world_pure_pursuit) by extensions ['python_setup_py']
[0.299s] Level 1:colcon.colcon_core.package_identification:_identify(experiments/world_controller_comparison_20260608_202317/towrow.world_pure_pursuit) by extension 'python_setup_py'
[0.299s] Level 1:colcon.colcon_core.package_identification:_identify(experiments/world_controller_comparison_20260608_202317/towrow.world_pure_pursuit/logs) by extensions ['ignore', 'ignore_ament_install']
[0.299s] Level 1:colcon.colcon_core.package_identification:_identify(experiments/world_controller_comparison_20260608_202317/towrow.world_pure_pursuit/logs) by extension 'ignore'
[0.299s] Level 1:colcon.colcon_core.package_identification:_identify(experiments/world_controller_comparison_20260608_202317/towrow.world_pure_pursuit/logs) by extension 'ignore_ament_install'
[0.299s] Level 1:colcon.colcon_core.package_identification:_identify(experiments/world_controller_comparison_20260608_202317/towrow.world_pure_pursuit/logs) by extensions ['colcon_pkg']
[0.299s] Level 1:colcon.colcon_core.package_identification:_identify(experiments/world_controller_comparison_20260608_202317/towrow.world_pure_pursuit/logs) by extension 'colcon_pkg'
[0.299s] Level 1:colcon.colcon_core.package_identification:_identify(experiments/world_controller_comparison_20260608_202317/towrow.world_pure_pursuit/logs) by extensions ['colcon_meta']
[0.299s] Level 1:colcon.colcon_core.package_identification:_identify(experiments/world_controller_comparison_20260608_202317/towrow.world_pure_pursuit/logs) by extension 'colcon_meta'
[0.299s] Level 1:colcon.colcon_core.package_identification:_identify(experiments/world_controller_comparison_20260608_202317/towrow.world_pure_pursuit/logs) by extensions ['ros']
[0.299s] Level 1:colcon.colcon_core.package_identification:_identify(experiments/world_controller_comparison_20260608_202317/towrow.world_pure_pursuit/logs) by extension 'ros'
[0.299s] Level 1:colcon.colcon_core.package_identification:_identify(experiments/world_controller_comparison_20260608_202317/towrow.world_pure_pursuit/logs) by extensions ['cmake', 'python']
[0.299s] Level 1:colcon.colcon_core.package_identification:_identify(experiments/world_controller_comparison_20260608_202317/towrow.world_pure_pursuit/logs) by extension 'cmake'
[0.299s] Level 1:colcon.colcon_core.package_identification:_identify(experiments/world_controller_comparison_20260608_202317/towrow.world_pure_pursuit/logs) by extension 'python'
[0.299s] Level 1:colcon.colcon_core.package_identification:_identify(experiments/world_controller_comparison_20260608_202317/towrow.world_pure_pursuit/logs) by extensions ['python_setup_py']
[0.299s] Level 1:colcon.colcon_core.package_identification:_identify(experiments/world_controller_comparison_20260608_202317/towrow.world_pure_pursuit/logs) by extension 'python_setup_py'
[0.300s] Level 1:colcon.colcon_core.package_identification:_identify(experiments/world_viability_20260608_200037) by extensions ['ignore', 'ignore_ament_install']
[0.300s] Level 1:colcon.colcon_core.package_identification:_identify(experiments/world_viability_20260608_200037) by extension 'ignore'
[0.300s] Level 1:colcon.colcon_core.package_identification:_identify(experiments/world_viability_20260608_200037) by extension 'ignore_ament_install'
[0.300s] Level 1:colcon.colcon_core.package_identification:_identify(experiments/world_viability_20260608_200037) by extensions ['colcon_pkg']
[0.300s] Level 1:colcon.colcon_core.package_identification:_identify(experiments/world_viability_20260608_200037) by extension 'colcon_pkg'
[0.300s] Level 1:colcon.colcon_core.package_identification:_identify(experiments/world_viability_20260608_200037) by extensions ['colcon_meta']
[0.300s] Level 1:colcon.colcon_core.package_identification:_identify(experiments/world_viability_20260608_200037) by extension 'colcon_meta'
[0.300s] Level 1:colcon.colcon_core.package_identification:_identify(experiments/world_viability_20260608_200037) by extensions ['ros']
[0.300s] Level 1:colcon.colcon_core.package_identification:_identify(experiments/world_viability_20260608_200037) by extension 'ros'
[0.300s] Level 1:colcon.colcon_core.package_identification:_identify(experiments/world_viability_20260608_200037) by extensions ['cmake', 'python']
[0.300s] Level 1:colcon.colcon_core.package_identification:_identify(experiments/world_viability_20260608_200037) by extension 'cmake'
[0.300s] Level 1:colcon.colcon_core.package_identification:_identify(experiments/world_viability_20260608_200037) by extension 'python'
[0.300s] Level 1:colcon.colcon_core.package_identification:_identify(experiments/world_viability_20260608_200037) by extensions ['python_setup_py']
[0.300s] Level 1:colcon.colcon_core.package_identification:_identify(experiments/world_viability_20260608_200037) by extension 'python_setup_py'
[0.300s] Level 1:colcon.colcon_core.package_identification:_identify(experiments/world_viability_20260608_200037/corn_leaf_world.world_default) by extensions ['ignore', 'ignore_ament_install']
[0.300s] Level 1:colcon.colcon_core.package_identification:_identify(experiments/world_viability_20260608_200037/corn_leaf_world.world_default) by extension 'ignore'
[0.300s] Level 1:colcon.colcon_core.package_identification:_identify(experiments/world_viability_20260608_200037/corn_leaf_world.world_default) by extension 'ignore_ament_install'
[0.300s] Level 1:colcon.colcon_core.package_identification:_identify(experiments/world_viability_20260608_200037/corn_leaf_world.world_default) by extensions ['colcon_pkg']
[0.300s] Level 1:colcon.colcon_core.package_identification:_identify(experiments/world_viability_20260608_200037/corn_leaf_world.world_default) by extension 'colcon_pkg'
[0.300s] Level 1:colcon.colcon_core.package_identification:_identify(experiments/world_viability_20260608_200037/corn_leaf_world.world_default) by extensions ['colcon_meta']
[0.300s] Level 1:colcon.colcon_core.package_identification:_identify(experiments/world_viability_20260608_200037/corn_leaf_world.world_default) by extension 'colcon_meta'
[0.300s] Level 1:colcon.colcon_core.package_identification:_identify(experiments/world_viability_20260608_200037/corn_leaf_world.world_default) by extensions ['ros']
[0.300s] Level 1:colcon.colcon_core.package_identification:_identify(experiments/world_viability_20260608_200037/corn_leaf_world.world_default) by extension 'ros'
[0.301s] Level 1:colcon.colcon_core.package_identification:_identify(experiments/world_viability_20260608_200037/corn_leaf_world.world_default) by extensions ['cmake', 'python']
[0.301s] Level 1:colcon.colcon_core.package_identification:_identify(experiments/world_viability_20260608_200037/corn_leaf_world.world_default) by extension 'cmake'
[0.301s] Level 1:colcon.colcon_core.package_identification:_identify(experiments/world_viability_20260608_200037/corn_leaf_world.world_default) by extension 'python'
[0.301s] Level 1:colcon.colcon_core.package_identification:_identify(experiments/world_viability_20260608_200037/corn_leaf_world.world_default) by extensions ['python_setup_py']
[0.301s] Level 1:colcon.colcon_core.package_identification:_identify(experiments/world_viability_20260608_200037/corn_leaf_world.world_default) by extension 'python_setup_py'
[0.301s] Level 1:colcon.colcon_core.package_identification:_identify(experiments/world_viability_20260608_200037/corn_leaf_world.world_default/logs) by extensions ['ignore', 'ignore_ament_install']
[0.301s] Level 1:colcon.colcon_core.package_identification:_identify(experiments/world_viability_20260608_200037/corn_leaf_world.world_default/logs) by extension 'ignore'
[0.301s] Level 1:colcon.colcon_core.package_identification:_identify(experiments/world_viability_20260608_200037/corn_leaf_world.world_default/logs) by extension 'ignore_ament_install'
[0.301s] Level 1:colcon.colcon_core.package_identification:_identify(experiments/world_viability_20260608_200037/corn_leaf_world.world_default/logs) by extensions ['colcon_pkg']
[0.301s] Level 1:colcon.colcon_core.package_identification:_identify(experiments/world_viability_20260608_200037/corn_leaf_world.world_default/logs) by extension 'colcon_pkg'
[0.301s] Level 1:colcon.colcon_core.package_identification:_identify(experiments/world_viability_20260608_200037/corn_leaf_world.world_default/logs) by extensions ['colcon_meta']
[0.301s] Level 1:colcon.colcon_core.package_identification:_identify(experiments/world_viability_20260608_200037/corn_leaf_world.world_default/logs) by extension 'colcon_meta'
[0.301s] Level 1:colcon.colcon_core.package_identification:_identify(experiments/world_viability_20260608_200037/corn_leaf_world.world_default/logs) by extensions ['ros']
[0.301s] Level 1:colcon.colcon_core.package_identification:_identify(experiments/world_viability_20260608_200037/corn_leaf_world.world_default/logs) by extension 'ros'
[0.301s] Level 1:colcon.colcon_core.package_identification:_identify(experiments/world_viability_20260608_200037/corn_leaf_world.world_default/logs) by extensions ['cmake', 'python']
[0.301s] Level 1:colcon.colcon_core.package_identification:_identify(experiments/world_viability_20260608_200037/corn_leaf_world.world_default/logs) by extension 'cmake'
[0.301s] Level 1:colcon.colcon_core.package_identification:_identify(experiments/world_viability_20260608_200037/corn_leaf_world.world_default/logs) by extension 'python'
[0.301s] Level 1:colcon.colcon_core.package_identification:_identify(experiments/world_viability_20260608_200037/corn_leaf_world.world_default/logs) by extensions ['python_setup_py']
[0.301s] Level 1:colcon.colcon_core.package_identification:_identify(experiments/world_viability_20260608_200037/corn_leaf_world.world_default/logs) by extension 'python_setup_py'
[0.301s] Level 1:colcon.colcon_core.package_identification:_identify(experiments/world_viability_20260608_200037/corn_leaf_world.world_known_good_relaxed) by extensions ['ignore', 'ignore_ament_install']
[0.301s] Level 1:colcon.colcon_core.package_identification:_identify(experiments/world_viability_20260608_200037/corn_leaf_world.world_known_good_relaxed) by extension 'ignore'
[0.301s] Level 1:colcon.colcon_core.package_identification:_identify(experiments/world_viability_20260608_200037/corn_leaf_world.world_known_good_relaxed) by extension 'ignore_ament_install'
[0.301s] Level 1:colcon.colcon_core.package_identification:_identify(experiments/world_viability_20260608_200037/corn_leaf_world.world_known_good_relaxed) by extensions ['colcon_pkg']
[0.302s] Level 1:colcon.colcon_core.package_identification:_identify(experiments/world_viability_20260608_200037/corn_leaf_world.world_known_good_relaxed) by extension 'colcon_pkg'
[0.302s] Level 1:colcon.colcon_core.package_identification:_identify(experiments/world_viability_20260608_200037/corn_leaf_world.world_known_good_relaxed) by extensions ['colcon_meta']
[0.302s] Level 1:colcon.colcon_core.package_identification:_identify(experiments/world_viability_20260608_200037/corn_leaf_world.world_known_good_relaxed) by extension 'colcon_meta'
[0.302s] Level 1:colcon.colcon_core.package_identification:_identify(experiments/world_viability_20260608_200037/corn_leaf_world.world_known_good_relaxed) by extensions ['ros']
[0.302s] Level 1:colcon.colcon_core.package_identification:_identify(experiments/world_viability_20260608_200037/corn_leaf_world.world_known_good_relaxed) by extension 'ros'
[0.302s] Level 1:colcon.colcon_core.package_identification:_identify(experiments/world_viability_20260608_200037/corn_leaf_world.world_known_good_relaxed) by extensions ['cmake', 'python']
[0.302s] Level 1:colcon.colcon_core.package_identification:_identify(experiments/world_viability_20260608_200037/corn_leaf_world.world_known_good_relaxed) by extension 'cmake'
[0.302s] Level 1:colcon.colcon_core.package_identification:_identify(experiments/world_viability_20260608_200037/corn_leaf_world.world_known_good_relaxed) by extension 'python'
[0.302s] Level 1:colcon.colcon_core.package_identification:_identify(experiments/world_viability_20260608_200037/corn_leaf_world.world_known_good_relaxed) by extensions ['python_setup_py']
[0.302s] Level 1:colcon.colcon_core.package_identification:_identify(experiments/world_viability_20260608_200037/corn_leaf_world.world_known_good_relaxed) by extension 'python_setup_py'
[0.302s] Level 1:colcon.colcon_core.package_identification:_identify(experiments/world_viability_20260608_200037/corn_leaf_world.world_known_good_relaxed/logs) by extensions ['ignore', 'ignore_ament_install']
[0.302s] Level 1:colcon.colcon_core.package_identification:_identify(experiments/world_viability_20260608_200037/corn_leaf_world.world_known_good_relaxed/logs) by extension 'ignore'
[0.302s] Level 1:colcon.colcon_core.package_identification:_identify(experiments/world_viability_20260608_200037/corn_leaf_world.world_known_good_relaxed/logs) by extension 'ignore_ament_install'
[0.302s] Level 1:colcon.colcon_core.package_identification:_identify(experiments/world_viability_20260608_200037/corn_leaf_world.world_known_good_relaxed/logs) by extensions ['colcon_pkg']
[0.302s] Level 1:colcon.colcon_core.package_identification:_identify(experiments/world_viability_20260608_200037/corn_leaf_world.world_known_good_relaxed/logs) by extension 'colcon_pkg'
[0.302s] Level 1:colcon.colcon_core.package_identification:_identify(experiments/world_viability_20260608_200037/corn_leaf_world.world_known_good_relaxed/logs) by extensions ['colcon_meta']
[0.302s] Level 1:colcon.colcon_core.package_identification:_identify(experiments/world_viability_20260608_200037/corn_leaf_world.world_known_good_relaxed/logs) by extension 'colcon_meta'
[0.302s] Level 1:colcon.colcon_core.package_identification:_identify(experiments/world_viability_20260608_200037/corn_leaf_world.world_known_good_relaxed/logs) by extensions ['ros']
[0.302s] Level 1:colcon.colcon_core.package_identification:_identify(experiments/world_viability_20260608_200037/corn_leaf_world.world_known_good_relaxed/logs) by extension 'ros'
[0.302s] Level 1:colcon.colcon_core.package_identification:_identify(experiments/world_viability_20260608_200037/corn_leaf_world.world_known_good_relaxed/logs) by extensions ['cmake', 'python']
[0.302s] Level 1:colcon.colcon_core.package_identification:_identify(experiments/world_viability_20260608_200037/corn_leaf_world.world_known_good_relaxed/logs) by extension 'cmake'
[0.302s] Level 1:colcon.colcon_core.package_identification:_identify(experiments/world_viability_20260608_200037/corn_leaf_world.world_known_good_relaxed/logs) by extension 'python'
[0.302s] Level 1:colcon.colcon_core.package_identification:_identify(experiments/world_viability_20260608_200037/corn_leaf_world.world_known_good_relaxed/logs) by extensions ['python_setup_py']
[0.302s] Level 1:colcon.colcon_core.package_identification:_identify(experiments/world_viability_20260608_200037/corn_leaf_world.world_known_good_relaxed/logs) by extension 'python_setup_py'
[0.303s] Level 1:colcon.colcon_core.package_identification:_identify(experiments/world_viability_20260608_200037/corn_leaf_world.world_sparse_two_row) by extensions ['ignore', 'ignore_ament_install']
[0.303s] Level 1:colcon.colcon_core.package_identification:_identify(experiments/world_viability_20260608_200037/corn_leaf_world.world_sparse_two_row) by extension 'ignore'
[0.303s] Level 1:colcon.colcon_core.package_identification:_identify(experiments/world_viability_20260608_200037/corn_leaf_world.world_sparse_two_row) by extension 'ignore_ament_install'
[0.303s] Level 1:colcon.colcon_core.package_identification:_identify(experiments/world_viability_20260608_200037/corn_leaf_world.world_sparse_two_row) by extensions ['colcon_pkg']
[0.303s] Level 1:colcon.colcon_core.package_identification:_identify(experiments/world_viability_20260608_200037/corn_leaf_world.world_sparse_two_row) by extension 'colcon_pkg'
[0.303s] Level 1:colcon.colcon_core.package_identification:_identify(experiments/world_viability_20260608_200037/corn_leaf_world.world_sparse_two_row) by extensions ['colcon_meta']
[0.303s] Level 1:colcon.colcon_core.package_identification:_identify(experiments/world_viability_20260608_200037/corn_leaf_world.world_sparse_two_row) by extension 'colcon_meta'
[0.303s] Level 1:colcon.colcon_core.package_identification:_identify(experiments/world_viability_20260608_200037/corn_leaf_world.world_sparse_two_row) by extensions ['ros']
[0.303s] Level 1:colcon.colcon_core.package_identification:_identify(experiments/world_viability_20260608_200037/corn_leaf_world.world_sparse_two_row) by extension 'ros'
[0.303s] Level 1:colcon.colcon_core.package_identification:_identify(experiments/world_viability_20260608_200037/corn_leaf_world.world_sparse_two_row) by extensions ['cmake', 'python']
[0.303s] Level 1:colcon.colcon_core.package_identification:_identify(experiments/world_viability_20260608_200037/corn_leaf_world.world_sparse_two_row) by extension 'cmake'
[0.303s] Level 1:colcon.colcon_core.package_identification:_identify(experiments/world_viability_20260608_200037/corn_leaf_world.world_sparse_two_row) by extension 'python'
[0.303s] Level 1:colcon.colcon_core.package_identification:_identify(experiments/world_viability_20260608_200037/corn_leaf_world.world_sparse_two_row) by extensions ['python_setup_py']
[0.303s] Level 1:colcon.colcon_core.package_identification:_identify(experiments/world_viability_20260608_200037/corn_leaf_world.world_sparse_two_row) by extension 'python_setup_py'
[0.303s] Level 1:colcon.colcon_core.package_identification:_identify(experiments/world_viability_20260608_200037/corn_leaf_world.world_sparse_two_row/logs) by extensions ['ignore', 'ignore_ament_install']
[0.303s] Level 1:colcon.colcon_core.package_identification:_identify(experiments/world_viability_20260608_200037/corn_leaf_world.world_sparse_two_row/logs) by extension 'ignore'
[0.303s] Level 1:colcon.colcon_core.package_identification:_identify(experiments/world_viability_20260608_200037/corn_leaf_world.world_sparse_two_row/logs) by extension 'ignore_ament_install'
[0.303s] Level 1:colcon.colcon_core.package_identification:_identify(experiments/world_viability_20260608_200037/corn_leaf_world.world_sparse_two_row/logs) by extensions ['colcon_pkg']
[0.303s] Level 1:colcon.colcon_core.package_identification:_identify(experiments/world_viability_20260608_200037/corn_leaf_world.world_sparse_two_row/logs) by extension 'colcon_pkg'
[0.303s] Level 1:colcon.colcon_core.package_identification:_identify(experiments/world_viability_20260608_200037/corn_leaf_world.world_sparse_two_row/logs) by extensions ['colcon_meta']
[0.303s] Level 1:colcon.colcon_core.package_identification:_identify(experiments/world_viability_20260608_200037/corn_leaf_world.world_sparse_two_row/logs) by extension 'colcon_meta'
[0.303s] Level 1:colcon.colcon_core.package_identification:_identify(experiments/world_viability_20260608_200037/corn_leaf_world.world_sparse_two_row/logs) by extensions ['ros']
[0.304s] Level 1:colcon.colcon_core.package_identification:_identify(experiments/world_viability_20260608_200037/corn_leaf_world.world_sparse_two_row/logs) by extension 'ros'
[0.304s] Level 1:colcon.colcon_core.package_identification:_identify(experiments/world_viability_20260608_200037/corn_leaf_world.world_sparse_two_row/logs) by extensions ['cmake', 'python']
[0.304s] Level 1:colcon.colcon_core.package_identification:_identify(experiments/world_viability_20260608_200037/corn_leaf_world.world_sparse_two_row/logs) by extension 'cmake'
[0.304s] Level 1:colcon.colcon_core.package_identification:_identify(experiments/world_viability_20260608_200037/corn_leaf_world.world_sparse_two_row/logs) by extension 'python'
[0.304s] Level 1:colcon.colcon_core.package_identification:_identify(experiments/world_viability_20260608_200037/corn_leaf_world.world_sparse_two_row/logs) by extensions ['python_setup_py']
[0.304s] Level 1:colcon.colcon_core.package_identification:_identify(experiments/world_viability_20260608_200037/corn_leaf_world.world_sparse_two_row/logs) by extension 'python_setup_py'
[0.304s] Level 1:colcon.colcon_core.package_identification:_identify(experiments/world_viability_20260608_200037/corn_leaf_world.world_wide_two_row) by extensions ['ignore', 'ignore_ament_install']
[0.304s] Level 1:colcon.colcon_core.package_identification:_identify(experiments/world_viability_20260608_200037/corn_leaf_world.world_wide_two_row) by extension 'ignore'
[0.304s] Level 1:colcon.colcon_core.package_identification:_identify(experiments/world_viability_20260608_200037/corn_leaf_world.world_wide_two_row) by extension 'ignore_ament_install'
[0.304s] Level 1:colcon.colcon_core.package_identification:_identify(experiments/world_viability_20260608_200037/corn_leaf_world.world_wide_two_row) by extensions ['colcon_pkg']
[0.304s] Level 1:colcon.colcon_core.package_identification:_identify(experiments/world_viability_20260608_200037/corn_leaf_world.world_wide_two_row) by extension 'colcon_pkg'
[0.304s] Level 1:colcon.colcon_core.package_identification:_identify(experiments/world_viability_20260608_200037/corn_leaf_world.world_wide_two_row) by extensions ['colcon_meta']
[0.304s] Level 1:colcon.colcon_core.package_identification:_identify(experiments/world_viability_20260608_200037/corn_leaf_world.world_wide_two_row) by extension 'colcon_meta'
[0.304s] Level 1:colcon.colcon_core.package_identification:_identify(experiments/world_viability_20260608_200037/corn_leaf_world.world_wide_two_row) by extensions ['ros']
[0.304s] Level 1:colcon.colcon_core.package_identification:_identify(experiments/world_viability_20260608_200037/corn_leaf_world.world_wide_two_row) by extension 'ros'
[0.304s] Level 1:colcon.colcon_core.package_identification:_identify(experiments/world_viability_20260608_200037/corn_leaf_world.world_wide_two_row) by extensions ['cmake', 'python']
[0.304s] Level 1:colcon.colcon_core.package_identification:_identify(experiments/world_viability_20260608_200037/corn_leaf_world.world_wide_two_row) by extension 'cmake'
[0.304s] Level 1:colcon.colcon_core.package_identification:_identify(experiments/world_viability_20260608_200037/corn_leaf_world.world_wide_two_row) by extension 'python'
[0.304s] Level 1:colcon.colcon_core.package_identification:_identify(experiments/world_viability_20260608_200037/corn_leaf_world.world_wide_two_row) by extensions ['python_setup_py']
[0.304s] Level 1:colcon.colcon_core.package_identification:_identify(experiments/world_viability_20260608_200037/corn_leaf_world.world_wide_two_row) by extension 'python_setup_py'
[0.304s] Level 1:colcon.colcon_core.package_identification:_identify(experiments/world_viability_20260608_200037/corn_leaf_world.world_wide_two_row/logs) by extensions ['ignore', 'ignore_ament_install']
[0.304s] Level 1:colcon.colcon_core.package_identification:_identify(experiments/world_viability_20260608_200037/corn_leaf_world.world_wide_two_row/logs) by extension 'ignore'
[0.305s] Level 1:colcon.colcon_core.package_identification:_identify(experiments/world_viability_20260608_200037/corn_leaf_world.world_wide_two_row/logs) by extension 'ignore_ament_install'
[0.305s] Level 1:colcon.colcon_core.package_identification:_identify(experiments/world_viability_20260608_200037/corn_leaf_world.world_wide_two_row/logs) by extensions ['colcon_pkg']
[0.305s] Level 1:colcon.colcon_core.package_identification:_identify(experiments/world_viability_20260608_200037/corn_leaf_world.world_wide_two_row/logs) by extension 'colcon_pkg'
[0.305s] Level 1:colcon.colcon_core.package_identification:_identify(experiments/world_viability_20260608_200037/corn_leaf_world.world_wide_two_row/logs) by extensions ['colcon_meta']
[0.305s] Level 1:colcon.colcon_core.package_identification:_identify(experiments/world_viability_20260608_200037/corn_leaf_world.world_wide_two_row/logs) by extension 'colcon_meta'
[0.305s] Level 1:colcon.colcon_core.package_identification:_identify(experiments/world_viability_20260608_200037/corn_leaf_world.world_wide_two_row/logs) by extensions ['ros']
[0.305s] Level 1:colcon.colcon_core.package_identification:_identify(experiments/world_viability_20260608_200037/corn_leaf_world.world_wide_two_row/logs) by extension 'ros'
[0.305s] Level 1:colcon.colcon_core.package_identification:_identify(experiments/world_viability_20260608_200037/corn_leaf_world.world_wide_two_row/logs) by extensions ['cmake', 'python']
[0.305s] Level 1:colcon.colcon_core.package_identification:_identify(experiments/world_viability_20260608_200037/corn_leaf_world.world_wide_two_row/logs) by extension 'cmake'
[0.305s] Level 1:colcon.colcon_core.package_identification:_identify(experiments/world_viability_20260608_200037/corn_leaf_world.world_wide_two_row/logs) by extension 'python'
[0.305s] Level 1:colcon.colcon_core.package_identification:_identify(experiments/world_viability_20260608_200037/corn_leaf_world.world_wide_two_row/logs) by extensions ['python_setup_py']
[0.305s] Level 1:colcon.colcon_core.package_identification:_identify(experiments/world_viability_20260608_200037/corn_leaf_world.world_wide_two_row/logs) by extension 'python_setup_py'
[0.305s] Level 1:colcon.colcon_core.package_identification:_identify(experiments/world_viability_20260608_200037/cornlinens.world_default) by extensions ['ignore', 'ignore_ament_install']
[0.305s] Level 1:colcon.colcon_core.package_identification:_identify(experiments/world_viability_20260608_200037/cornlinens.world_default) by extension 'ignore'
[0.305s] Level 1:colcon.colcon_core.package_identification:_identify(experiments/world_viability_20260608_200037/cornlinens.world_default) by extension 'ignore_ament_install'
[0.305s] Level 1:colcon.colcon_core.package_identification:_identify(experiments/world_viability_20260608_200037/cornlinens.world_default) by extensions ['colcon_pkg']
[0.305s] Level 1:colcon.colcon_core.package_identification:_identify(experiments/world_viability_20260608_200037/cornlinens.world_default) by extension 'colcon_pkg'
[0.305s] Level 1:colcon.colcon_core.package_identification:_identify(experiments/world_viability_20260608_200037/cornlinens.world_default) by extensions ['colcon_meta']
[0.306s] Level 1:colcon.colcon_core.package_identification:_identify(experiments/world_viability_20260608_200037/cornlinens.world_default) by extension 'colcon_meta'
[0.306s] Level 1:colcon.colcon_core.package_identification:_identify(experiments/world_viability_20260608_200037/cornlinens.world_default) by extensions ['ros']
[0.306s] Level 1:colcon.colcon_core.package_identification:_identify(experiments/world_viability_20260608_200037/cornlinens.world_default) by extension 'ros'
[0.306s] Level 1:colcon.colcon_core.package_identification:_identify(experiments/world_viability_20260608_200037/cornlinens.world_default) by extensions ['cmake', 'python']
[0.306s] Level 1:colcon.colcon_core.package_identification:_identify(experiments/world_viability_20260608_200037/cornlinens.world_default) by extension 'cmake'
[0.306s] Level 1:colcon.colcon_core.package_identification:_identify(experiments/world_viability_20260608_200037/cornlinens.world_default) by extension 'python'
[0.306s] Level 1:colcon.colcon_core.package_identification:_identify(experiments/world_viability_20260608_200037/cornlinens.world_default) by extensions ['python_setup_py']
[0.306s] Level 1:colcon.colcon_core.package_identification:_identify(experiments/world_viability_20260608_200037/cornlinens.world_default) by extension 'python_setup_py'
[0.306s] Level 1:colcon.colcon_core.package_identification:_identify(experiments/world_viability_20260608_200037/cornlinens.world_default/logs) by extensions ['ignore', 'ignore_ament_install']
[0.306s] Level 1:colcon.colcon_core.package_identification:_identify(experiments/world_viability_20260608_200037/cornlinens.world_default/logs) by extension 'ignore'
[0.306s] Level 1:colcon.colcon_core.package_identification:_identify(experiments/world_viability_20260608_200037/cornlinens.world_default/logs) by extension 'ignore_ament_install'
[0.306s] Level 1:colcon.colcon_core.package_identification:_identify(experiments/world_viability_20260608_200037/cornlinens.world_default/logs) by extensions ['colcon_pkg']
[0.306s] Level 1:colcon.colcon_core.package_identification:_identify(experiments/world_viability_20260608_200037/cornlinens.world_default/logs) by extension 'colcon_pkg'
[0.306s] Level 1:colcon.colcon_core.package_identification:_identify(experiments/world_viability_20260608_200037/cornlinens.world_default/logs) by extensions ['colcon_meta']
[0.306s] Level 1:colcon.colcon_core.package_identification:_identify(experiments/world_viability_20260608_200037/cornlinens.world_default/logs) by extension 'colcon_meta'
[0.306s] Level 1:colcon.colcon_core.package_identification:_identify(experiments/world_viability_20260608_200037/cornlinens.world_default/logs) by extensions ['ros']
[0.306s] Level 1:colcon.colcon_core.package_identification:_identify(experiments/world_viability_20260608_200037/cornlinens.world_default/logs) by extension 'ros'
[0.306s] Level 1:colcon.colcon_core.package_identification:_identify(experiments/world_viability_20260608_200037/cornlinens.world_default/logs) by extensions ['cmake', 'python']
[0.307s] Level 1:colcon.colcon_core.package_identification:_identify(experiments/world_viability_20260608_200037/cornlinens.world_default/logs) by extension 'cmake'
[0.307s] Level 1:colcon.colcon_core.package_identification:_identify(experiments/world_viability_20260608_200037/cornlinens.world_default/logs) by extension 'python'
[0.307s] Level 1:colcon.colcon_core.package_identification:_identify(experiments/world_viability_20260608_200037/cornlinens.world_default/logs) by extensions ['python_setup_py']
[0.307s] Level 1:colcon.colcon_core.package_identification:_identify(experiments/world_viability_20260608_200037/cornlinens.world_default/logs) by extension 'python_setup_py'
[0.307s] Level 1:colcon.colcon_core.package_identification:_identify(experiments/world_viability_20260608_200037/cornlinens.world_sparse_two_row) by extensions ['ignore', 'ignore_ament_install']
[0.307s] Level 1:colcon.colcon_core.package_identification:_identify(experiments/world_viability_20260608_200037/cornlinens.world_sparse_two_row) by extension 'ignore'
[0.307s] Level 1:colcon.colcon_core.package_identification:_identify(experiments/world_viability_20260608_200037/cornlinens.world_sparse_two_row) by extension 'ignore_ament_install'
[0.307s] Level 1:colcon.colcon_core.package_identification:_identify(experiments/world_viability_20260608_200037/cornlinens.world_sparse_two_row) by extensions ['colcon_pkg']
[0.307s] Level 1:colcon.colcon_core.package_identification:_identify(experiments/world_viability_20260608_200037/cornlinens.world_sparse_two_row) by extension 'colcon_pkg'
[0.307s] Level 1:colcon.colcon_core.package_identification:_identify(experiments/world_viability_20260608_200037/cornlinens.world_sparse_two_row) by extensions ['colcon_meta']
[0.307s] Level 1:colcon.colcon_core.package_identification:_identify(experiments/world_viability_20260608_200037/cornlinens.world_sparse_two_row) by extension 'colcon_meta'
[0.307s] Level 1:colcon.colcon_core.package_identification:_identify(experiments/world_viability_20260608_200037/cornlinens.world_sparse_two_row) by extensions ['ros']
[0.307s] Level 1:colcon.colcon_core.package_identification:_identify(experiments/world_viability_20260608_200037/cornlinens.world_sparse_two_row) by extension 'ros'
[0.307s] Level 1:colcon.colcon_core.package_identification:_identify(experiments/world_viability_20260608_200037/cornlinens.world_sparse_two_row) by extensions ['cmake', 'python']
[0.307s] Level 1:colcon.colcon_core.package_identification:_identify(experiments/world_viability_20260608_200037/cornlinens.world_sparse_two_row) by extension 'cmake'
[0.307s] Level 1:colcon.colcon_core.package_identification:_identify(experiments/world_viability_20260608_200037/cornlinens.world_sparse_two_row) by extension 'python'
[0.307s] Level 1:colcon.colcon_core.package_identification:_identify(experiments/world_viability_20260608_200037/cornlinens.world_sparse_two_row) by extensions ['python_setup_py']
[0.307s] Level 1:colcon.colcon_core.package_identification:_identify(experiments/world_viability_20260608_200037/cornlinens.world_sparse_two_row) by extension 'python_setup_py'
[0.308s] Level 1:colcon.colcon_core.package_identification:_identify(experiments/world_viability_20260608_200037/cornlinens.world_sparse_two_row/logs) by extensions ['ignore', 'ignore_ament_install']
[0.308s] Level 1:colcon.colcon_core.package_identification:_identify(experiments/world_viability_20260608_200037/cornlinens.world_sparse_two_row/logs) by extension 'ignore'
[0.308s] Level 1:colcon.colcon_core.package_identification:_identify(experiments/world_viability_20260608_200037/cornlinens.world_sparse_two_row/logs) by extension 'ignore_ament_install'
[0.308s] Level 1:colcon.colcon_core.package_identification:_identify(experiments/world_viability_20260608_200037/cornlinens.world_sparse_two_row/logs) by extensions ['colcon_pkg']
[0.308s] Level 1:colcon.colcon_core.package_identification:_identify(experiments/world_viability_20260608_200037/cornlinens.world_sparse_two_row/logs) by extension 'colcon_pkg'
[0.308s] Level 1:colcon.colcon_core.package_identification:_identify(experiments/world_viability_20260608_200037/cornlinens.world_sparse_two_row/logs) by extensions ['colcon_meta']
[0.308s] Level 1:colcon.colcon_core.package_identification:_identify(experiments/world_viability_20260608_200037/cornlinens.world_sparse_two_row/logs) by extension 'colcon_meta'
[0.308s] Level 1:colcon.colcon_core.package_identification:_identify(experiments/world_viability_20260608_200037/cornlinens.world_sparse_two_row/logs) by extensions ['ros']
[0.308s] Level 1:colcon.colcon_core.package_identification:_identify(experiments/world_viability_20260608_200037/cornlinens.world_sparse_two_row/logs) by extension 'ros'
[0.308s] Level 1:colcon.colcon_core.package_identification:_identify(experiments/world_viability_20260608_200037/cornlinens.world_sparse_two_row/logs) by extensions ['cmake', 'python']
[0.308s] Level 1:colcon.colcon_core.package_identification:_identify(experiments/world_viability_20260608_200037/cornlinens.world_sparse_two_row/logs) by extension 'cmake'
[0.308s] Level 1:colcon.colcon_core.package_identification:_identify(experiments/world_viability_20260608_200037/cornlinens.world_sparse_two_row/logs) by extension 'python'
[0.308s] Level 1:colcon.colcon_core.package_identification:_identify(experiments/world_viability_20260608_200037/cornlinens.world_sparse_two_row/logs) by extensions ['python_setup_py']
[0.308s] Level 1:colcon.colcon_core.package_identification:_identify(experiments/world_viability_20260608_200037/cornlinens.world_sparse_two_row/logs) by extension 'python_setup_py'
[0.308s] Level 1:colcon.colcon_core.package_identification:_identify(experiments/world_viability_20260608_200037/cornlinens.world_wide_two_row) by extensions ['ignore', 'ignore_ament_install']
[0.308s] Level 1:colcon.colcon_core.package_identification:_identify(experiments/world_viability_20260608_200037/cornlinens.world_wide_two_row) by extension 'ignore'
[0.308s] Level 1:colcon.colcon_core.package_identification:_identify(experiments/world_viability_20260608_200037/cornlinens.world_wide_two_row) by extension 'ignore_ament_install'
[0.309s] Level 1:colcon.colcon_core.package_identification:_identify(experiments/world_viability_20260608_200037/cornlinens.world_wide_two_row) by extensions ['colcon_pkg']
[0.309s] Level 1:colcon.colcon_core.package_identification:_identify(experiments/world_viability_20260608_200037/cornlinens.world_wide_two_row) by extension 'colcon_pkg'
[0.309s] Level 1:colcon.colcon_core.package_identification:_identify(experiments/world_viability_20260608_200037/cornlinens.world_wide_two_row) by extensions ['colcon_meta']
[0.309s] Level 1:colcon.colcon_core.package_identification:_identify(experiments/world_viability_20260608_200037/cornlinens.world_wide_two_row) by extension 'colcon_meta'
[0.309s] Level 1:colcon.colcon_core.package_identification:_identify(experiments/world_viability_20260608_200037/cornlinens.world_wide_two_row) by extensions ['ros']
[0.309s] Level 1:colcon.colcon_core.package_identification:_identify(experiments/world_viability_20260608_200037/cornlinens.world_wide_two_row) by extension 'ros'
[0.309s] Level 1:colcon.colcon_core.package_identification:_identify(experiments/world_viability_20260608_200037/cornlinens.world_wide_two_row) by extensions ['cmake', 'python']
[0.309s] Level 1:colcon.colcon_core.package_identification:_identify(experiments/world_viability_20260608_200037/cornlinens.world_wide_two_row) by extension 'cmake'
[0.309s] Level 1:colcon.colcon_core.package_identification:_identify(experiments/world_viability_20260608_200037/cornlinens.world_wide_two_row) by extension 'python'
[0.309s] Level 1:colcon.colcon_core.package_identification:_identify(experiments/world_viability_20260608_200037/cornlinens.world_wide_two_row) by extensions ['python_setup_py']
[0.309s] Level 1:colcon.colcon_core.package_identification:_identify(experiments/world_viability_20260608_200037/cornlinens.world_wide_two_row) by extension 'python_setup_py'
[0.309s] Level 1:colcon.colcon_core.package_identification:_identify(experiments/world_viability_20260608_200037/cornlinens.world_wide_two_row/logs) by extensions ['ignore', 'ignore_ament_install']
[0.309s] Level 1:colcon.colcon_core.package_identification:_identify(experiments/world_viability_20260608_200037/cornlinens.world_wide_two_row/logs) by extension 'ignore'
[0.309s] Level 1:colcon.colcon_core.package_identification:_identify(experiments/world_viability_20260608_200037/cornlinens.world_wide_two_row/logs) by extension 'ignore_ament_install'
[0.309s] Level 1:colcon.colcon_core.package_identification:_identify(experiments/world_viability_20260608_200037/cornlinens.world_wide_two_row/logs) by extensions ['colcon_pkg']
[0.309s] Level 1:colcon.colcon_core.package_identification:_identify(experiments/world_viability_20260608_200037/cornlinens.world_wide_two_row/logs) by extension 'colcon_pkg'
[0.309s] Level 1:colcon.colcon_core.package_identification:_identify(experiments/world_viability_20260608_200037/cornlinens.world_wide_two_row/logs) by extensions ['colcon_meta']
[0.309s] Level 1:colcon.colcon_core.package_identification:_identify(experiments/world_viability_20260608_200037/cornlinens.world_wide_two_row/logs) by extension 'colcon_meta'
[0.309s] Level 1:colcon.colcon_core.package_identification:_identify(experiments/world_viability_20260608_200037/cornlinens.world_wide_two_row/logs) by extensions ['ros']
[0.310s] Level 1:colcon.colcon_core.package_identification:_identify(experiments/world_viability_20260608_200037/cornlinens.world_wide_two_row/logs) by extension 'ros'
[0.310s] Level 1:colcon.colcon_core.package_identification:_identify(experiments/world_viability_20260608_200037/cornlinens.world_wide_two_row/logs) by extensions ['cmake', 'python']
[0.310s] Level 1:colcon.colcon_core.package_identification:_identify(experiments/world_viability_20260608_200037/cornlinens.world_wide_two_row/logs) by extension 'cmake'
[0.310s] Level 1:colcon.colcon_core.package_identification:_identify(experiments/world_viability_20260608_200037/cornlinens.world_wide_two_row/logs) by extension 'python'
[0.310s] Level 1:colcon.colcon_core.package_identification:_identify(experiments/world_viability_20260608_200037/cornlinens.world_wide_two_row/logs) by extensions ['python_setup_py']
[0.310s] Level 1:colcon.colcon_core.package_identification:_identify(experiments/world_viability_20260608_200037/cornlinens.world_wide_two_row/logs) by extension 'python_setup_py'
[0.310s] Level 1:colcon.colcon_core.package_identification:_identify(experiments/world_viability_20260608_200037/towrow.world_default) by extensions ['ignore', 'ignore_ament_install']
[0.310s] Level 1:colcon.colcon_core.package_identification:_identify(experiments/world_viability_20260608_200037/towrow.world_default) by extension 'ignore'
[0.310s] Level 1:colcon.colcon_core.package_identification:_identify(experiments/world_viability_20260608_200037/towrow.world_default) by extension 'ignore_ament_install'
[0.310s] Level 1:colcon.colcon_core.package_identification:_identify(experiments/world_viability_20260608_200037/towrow.world_default) by extensions ['colcon_pkg']
[0.310s] Level 1:colcon.colcon_core.package_identification:_identify(experiments/world_viability_20260608_200037/towrow.world_default) by extension 'colcon_pkg'
[0.310s] Level 1:colcon.colcon_core.package_identification:_identify(experiments/world_viability_20260608_200037/towrow.world_default) by extensions ['colcon_meta']
[0.310s] Level 1:colcon.colcon_core.package_identification:_identify(experiments/world_viability_20260608_200037/towrow.world_default) by extension 'colcon_meta'
[0.310s] Level 1:colcon.colcon_core.package_identification:_identify(experiments/world_viability_20260608_200037/towrow.world_default) by extensions ['ros']
[0.310s] Level 1:colcon.colcon_core.package_identification:_identify(experiments/world_viability_20260608_200037/towrow.world_default) by extension 'ros'
[0.310s] Level 1:colcon.colcon_core.package_identification:_identify(experiments/world_viability_20260608_200037/towrow.world_default) by extensions ['cmake', 'python']
[0.310s] Level 1:colcon.colcon_core.package_identification:_identify(experiments/world_viability_20260608_200037/towrow.world_default) by extension 'cmake'
[0.310s] Level 1:colcon.colcon_core.package_identification:_identify(experiments/world_viability_20260608_200037/towrow.world_default) by extension 'python'
[0.311s] Level 1:colcon.colcon_core.package_identification:_identify(experiments/world_viability_20260608_200037/towrow.world_default) by extensions ['python_setup_py']
[0.311s] Level 1:colcon.colcon_core.package_identification:_identify(experiments/world_viability_20260608_200037/towrow.world_default) by extension 'python_setup_py'
[0.311s] Level 1:colcon.colcon_core.package_identification:_identify(experiments/world_viability_20260608_200037/towrow.world_default/logs) by extensions ['ignore', 'ignore_ament_install']
[0.311s] Level 1:colcon.colcon_core.package_identification:_identify(experiments/world_viability_20260608_200037/towrow.world_default/logs) by extension 'ignore'
[0.311s] Level 1:colcon.colcon_core.package_identification:_identify(experiments/world_viability_20260608_200037/towrow.world_default/logs) by extension 'ignore_ament_install'
[0.311s] Level 1:colcon.colcon_core.package_identification:_identify(experiments/world_viability_20260608_200037/towrow.world_default/logs) by extensions ['colcon_pkg']
[0.311s] Level 1:colcon.colcon_core.package_identification:_identify(experiments/world_viability_20260608_200037/towrow.world_default/logs) by extension 'colcon_pkg'
[0.311s] Level 1:colcon.colcon_core.package_identification:_identify(experiments/world_viability_20260608_200037/towrow.world_default/logs) by extensions ['colcon_meta']
[0.311s] Level 1:colcon.colcon_core.package_identification:_identify(experiments/world_viability_20260608_200037/towrow.world_default/logs) by extension 'colcon_meta'
[0.311s] Level 1:colcon.colcon_core.package_identification:_identify(experiments/world_viability_20260608_200037/towrow.world_default/logs) by extensions ['ros']
[0.311s] Level 1:colcon.colcon_core.package_identification:_identify(experiments/world_viability_20260608_200037/towrow.world_default/logs) by extension 'ros'
[0.311s] Level 1:colcon.colcon_core.package_identification:_identify(experiments/world_viability_20260608_200037/towrow.world_default/logs) by extensions ['cmake', 'python']
[0.311s] Level 1:colcon.colcon_core.package_identification:_identify(experiments/world_viability_20260608_200037/towrow.world_default/logs) by extension 'cmake'
[0.311s] Level 1:colcon.colcon_core.package_identification:_identify(experiments/world_viability_20260608_200037/towrow.world_default/logs) by extension 'python'
[0.311s] Level 1:colcon.colcon_core.package_identification:_identify(experiments/world_viability_20260608_200037/towrow.world_default/logs) by extensions ['python_setup_py']
[0.311s] Level 1:colcon.colcon_core.package_identification:_identify(experiments/world_viability_20260608_200037/towrow.world_default/logs) by extension 'python_setup_py'
[0.311s] Level 1:colcon.colcon_core.package_identification:_identify(experiments/world_viability_20260608_200037/towrow.world_known_good_relaxed) by extensions ['ignore', 'ignore_ament_install']
[0.312s] Level 1:colcon.colcon_core.package_identification:_identify(experiments/world_viability_20260608_200037/towrow.world_known_good_relaxed) by extension 'ignore'
[0.312s] Level 1:colcon.colcon_core.package_identification:_identify(experiments/world_viability_20260608_200037/towrow.world_known_good_relaxed) by extension 'ignore_ament_install'
[0.312s] Level 1:colcon.colcon_core.package_identification:_identify(experiments/world_viability_20260608_200037/towrow.world_known_good_relaxed) by extensions ['colcon_pkg']
[0.312s] Level 1:colcon.colcon_core.package_identification:_identify(experiments/world_viability_20260608_200037/towrow.world_known_good_relaxed) by extension 'colcon_pkg'
[0.312s] Level 1:colcon.colcon_core.package_identification:_identify(experiments/world_viability_20260608_200037/towrow.world_known_good_relaxed) by extensions ['colcon_meta']
[0.312s] Level 1:colcon.colcon_core.package_identification:_identify(experiments/world_viability_20260608_200037/towrow.world_known_good_relaxed) by extension 'colcon_meta'
[0.312s] Level 1:colcon.colcon_core.package_identification:_identify(experiments/world_viability_20260608_200037/towrow.world_known_good_relaxed) by extensions ['ros']
[0.312s] Level 1:colcon.colcon_core.package_identification:_identify(experiments/world_viability_20260608_200037/towrow.world_known_good_relaxed) by extension 'ros'
[0.312s] Level 1:colcon.colcon_core.package_identification:_identify(experiments/world_viability_20260608_200037/towrow.world_known_good_relaxed) by extensions ['cmake', 'python']
[0.312s] Level 1:colcon.colcon_core.package_identification:_identify(experiments/world_viability_20260608_200037/towrow.world_known_good_relaxed) by extension 'cmake'
[0.312s] Level 1:colcon.colcon_core.package_identification:_identify(experiments/world_viability_20260608_200037/towrow.world_known_good_relaxed) by extension 'python'
[0.312s] Level 1:colcon.colcon_core.package_identification:_identify(experiments/world_viability_20260608_200037/towrow.world_known_good_relaxed) by extensions ['python_setup_py']
[0.312s] Level 1:colcon.colcon_core.package_identification:_identify(experiments/world_viability_20260608_200037/towrow.world_known_good_relaxed) by extension 'python_setup_py'
[0.312s] Level 1:colcon.colcon_core.package_identification:_identify(experiments/world_viability_20260608_200037/towrow.world_known_good_relaxed/logs) by extensions ['ignore', 'ignore_ament_install']
[0.312s] Level 1:colcon.colcon_core.package_identification:_identify(experiments/world_viability_20260608_200037/towrow.world_known_good_relaxed/logs) by extension 'ignore'
[0.312s] Level 1:colcon.colcon_core.package_identification:_identify(experiments/world_viability_20260608_200037/towrow.world_known_good_relaxed/logs) by extension 'ignore_ament_install'
[0.312s] Level 1:colcon.colcon_core.package_identification:_identify(experiments/world_viability_20260608_200037/towrow.world_known_good_relaxed/logs) by extensions ['colcon_pkg']
[0.312s] Level 1:colcon.colcon_core.package_identification:_identify(experiments/world_viability_20260608_200037/towrow.world_known_good_relaxed/logs) by extension 'colcon_pkg'
[0.313s] Level 1:colcon.colcon_core.package_identification:_identify(experiments/world_viability_20260608_200037/towrow.world_known_good_relaxed/logs) by extensions ['colcon_meta']
[0.313s] Level 1:colcon.colcon_core.package_identification:_identify(experiments/world_viability_20260608_200037/towrow.world_known_good_relaxed/logs) by extension 'colcon_meta'
[0.313s] Level 1:colcon.colcon_core.package_identification:_identify(experiments/world_viability_20260608_200037/towrow.world_known_good_relaxed/logs) by extensions ['ros']
[0.313s] Level 1:colcon.colcon_core.package_identification:_identify(experiments/world_viability_20260608_200037/towrow.world_known_good_relaxed/logs) by extension 'ros'
[0.313s] Level 1:colcon.colcon_core.package_identification:_identify(experiments/world_viability_20260608_200037/towrow.world_known_good_relaxed/logs) by extensions ['cmake', 'python']
[0.313s] Level 1:colcon.colcon_core.package_identification:_identify(experiments/world_viability_20260608_200037/towrow.world_known_good_relaxed/logs) by extension 'cmake'
[0.313s] Level 1:colcon.colcon_core.package_identification:_identify(experiments/world_viability_20260608_200037/towrow.world_known_good_relaxed/logs) by extension 'python'
[0.313s] Level 1:colcon.colcon_core.package_identification:_identify(experiments/world_viability_20260608_200037/towrow.world_known_good_relaxed/logs) by extensions ['python_setup_py']
[0.313s] Level 1:colcon.colcon_core.package_identification:_identify(experiments/world_viability_20260608_200037/towrow.world_known_good_relaxed/logs) by extension 'python_setup_py'
[0.313s] Level 1:colcon.colcon_core.package_identification:_identify(experiments/world_viability_20260608_200037/towrow.world_sparse_two_row) by extensions ['ignore', 'ignore_ament_install']
[0.313s] Level 1:colcon.colcon_core.package_identification:_identify(experiments/world_viability_20260608_200037/towrow.world_sparse_two_row) by extension 'ignore'
[0.313s] Level 1:colcon.colcon_core.package_identification:_identify(experiments/world_viability_20260608_200037/towrow.world_sparse_two_row) by extension 'ignore_ament_install'
[0.313s] Level 1:colcon.colcon_core.package_identification:_identify(experiments/world_viability_20260608_200037/towrow.world_sparse_two_row) by extensions ['colcon_pkg']
[0.313s] Level 1:colcon.colcon_core.package_identification:_identify(experiments/world_viability_20260608_200037/towrow.world_sparse_two_row) by extension 'colcon_pkg'
[0.313s] Level 1:colcon.colcon_core.package_identification:_identify(experiments/world_viability_20260608_200037/towrow.world_sparse_two_row) by extensions ['colcon_meta']
[0.313s] Level 1:colcon.colcon_core.package_identification:_identify(experiments/world_viability_20260608_200037/towrow.world_sparse_two_row) by extension 'colcon_meta'
[0.313s] Level 1:colcon.colcon_core.package_identification:_identify(experiments/world_viability_20260608_200037/towrow.world_sparse_two_row) by extensions ['ros']
[0.313s] Level 1:colcon.colcon_core.package_identification:_identify(experiments/world_viability_20260608_200037/towrow.world_sparse_two_row) by extension 'ros'
[0.314s] Level 1:colcon.colcon_core.package_identification:_identify(experiments/world_viability_20260608_200037/towrow.world_sparse_two_row) by extensions ['cmake', 'python']
[0.314s] Level 1:colcon.colcon_core.package_identification:_identify(experiments/world_viability_20260608_200037/towrow.world_sparse_two_row) by extension 'cmake'
[0.314s] Level 1:colcon.colcon_core.package_identification:_identify(experiments/world_viability_20260608_200037/towrow.world_sparse_two_row) by extension 'python'
[0.314s] Level 1:colcon.colcon_core.package_identification:_identify(experiments/world_viability_20260608_200037/towrow.world_sparse_two_row) by extensions ['python_setup_py']
[0.314s] Level 1:colcon.colcon_core.package_identification:_identify(experiments/world_viability_20260608_200037/towrow.world_sparse_two_row) by extension 'python_setup_py'
[0.314s] Level 1:colcon.colcon_core.package_identification:_identify(experiments/world_viability_20260608_200037/towrow.world_sparse_two_row/logs) by extensions ['ignore', 'ignore_ament_install']
[0.314s] Level 1:colcon.colcon_core.package_identification:_identify(experiments/world_viability_20260608_200037/towrow.world_sparse_two_row/logs) by extension 'ignore'
[0.314s] Level 1:colcon.colcon_core.package_identification:_identify(experiments/world_viability_20260608_200037/towrow.world_sparse_two_row/logs) by extension 'ignore_ament_install'
[0.314s] Level 1:colcon.colcon_core.package_identification:_identify(experiments/world_viability_20260608_200037/towrow.world_sparse_two_row/logs) by extensions ['colcon_pkg']
[0.314s] Level 1:colcon.colcon_core.package_identification:_identify(experiments/world_viability_20260608_200037/towrow.world_sparse_two_row/logs) by extension 'colcon_pkg'
[0.314s] Level 1:colcon.colcon_core.package_identification:_identify(experiments/world_viability_20260608_200037/towrow.world_sparse_two_row/logs) by extensions ['colcon_meta']
[0.314s] Level 1:colcon.colcon_core.package_identification:_identify(experiments/world_viability_20260608_200037/towrow.world_sparse_two_row/logs) by extension 'colcon_meta'
[0.314s] Level 1:colcon.colcon_core.package_identification:_identify(experiments/world_viability_20260608_200037/towrow.world_sparse_two_row/logs) by extensions ['ros']
[0.314s] Level 1:colcon.colcon_core.package_identification:_identify(experiments/world_viability_20260608_200037/towrow.world_sparse_two_row/logs) by extension 'ros'
[0.314s] Level 1:colcon.colcon_core.package_identification:_identify(experiments/world_viability_20260608_200037/towrow.world_sparse_two_row/logs) by extensions ['cmake', 'python']
[0.314s] Level 1:colcon.colcon_core.package_identification:_identify(experiments/world_viability_20260608_200037/towrow.world_sparse_two_row/logs) by extension 'cmake'
[0.314s] Level 1:colcon.colcon_core.package_identification:_identify(experiments/world_viability_20260608_200037/towrow.world_sparse_two_row/logs) by extension 'python'
[0.314s] Level 1:colcon.colcon_core.package_identification:_identify(experiments/world_viability_20260608_200037/towrow.world_sparse_two_row/logs) by extensions ['python_setup_py']
[0.314s] Level 1:colcon.colcon_core.package_identification:_identify(experiments/world_viability_20260608_200037/towrow.world_sparse_two_row/logs) by extension 'python_setup_py'
[0.315s] Level 1:colcon.colcon_core.package_identification:_identify(experiments/world_viability_20260608_200037/towrow.world_wide_two_row) by extensions ['ignore', 'ignore_ament_install']
[0.315s] Level 1:colcon.colcon_core.package_identification:_identify(experiments/world_viability_20260608_200037/towrow.world_wide_two_row) by extension 'ignore'
[0.315s] Level 1:colcon.colcon_core.package_identification:_identify(experiments/world_viability_20260608_200037/towrow.world_wide_two_row) by extension 'ignore_ament_install'
[0.315s] Level 1:colcon.colcon_core.package_identification:_identify(experiments/world_viability_20260608_200037/towrow.world_wide_two_row) by extensions ['colcon_pkg']
[0.315s] Level 1:colcon.colcon_core.package_identification:_identify(experiments/world_viability_20260608_200037/towrow.world_wide_two_row) by extension 'colcon_pkg'
[0.315s] Level 1:colcon.colcon_core.package_identification:_identify(experiments/world_viability_20260608_200037/towrow.world_wide_two_row) by extensions ['colcon_meta']
[0.315s] Level 1:colcon.colcon_core.package_identification:_identify(experiments/world_viability_20260608_200037/towrow.world_wide_two_row) by extension 'colcon_meta'
[0.315s] Level 1:colcon.colcon_core.package_identification:_identify(experiments/world_viability_20260608_200037/towrow.world_wide_two_row) by extensions ['ros']
[0.315s] Level 1:colcon.colcon_core.package_identification:_identify(experiments/world_viability_20260608_200037/towrow.world_wide_two_row) by extension 'ros'
[0.315s] Level 1:colcon.colcon_core.package_identification:_identify(experiments/world_viability_20260608_200037/towrow.world_wide_two_row) by extensions ['cmake', 'python']
[0.315s] Level 1:colcon.colcon_core.package_identification:_identify(experiments/world_viability_20260608_200037/towrow.world_wide_two_row) by extension 'cmake'
[0.315s] Level 1:colcon.colcon_core.package_identification:_identify(experiments/world_viability_20260608_200037/towrow.world_wide_two_row) by extension 'python'
[0.315s] Level 1:colcon.colcon_core.package_identification:_identify(experiments/world_viability_20260608_200037/towrow.world_wide_two_row) by extensions ['python_setup_py']
[0.315s] Level 1:colcon.colcon_core.package_identification:_identify(experiments/world_viability_20260608_200037/towrow.world_wide_two_row) by extension 'python_setup_py'
[0.315s] Level 1:colcon.colcon_core.package_identification:_identify(experiments/world_viability_20260608_200037/towrow.world_wide_two_row/logs) by extensions ['ignore', 'ignore_ament_install']
[0.315s] Level 1:colcon.colcon_core.package_identification:_identify(experiments/world_viability_20260608_200037/towrow.world_wide_two_row/logs) by extension 'ignore'
[0.315s] Level 1:colcon.colcon_core.package_identification:_identify(experiments/world_viability_20260608_200037/towrow.world_wide_two_row/logs) by extension 'ignore_ament_install'
[0.316s] Level 1:colcon.colcon_core.package_identification:_identify(experiments/world_viability_20260608_200037/towrow.world_wide_two_row/logs) by extensions ['colcon_pkg']
[0.316s] Level 1:colcon.colcon_core.package_identification:_identify(experiments/world_viability_20260608_200037/towrow.world_wide_two_row/logs) by extension 'colcon_pkg'
[0.316s] Level 1:colcon.colcon_core.package_identification:_identify(experiments/world_viability_20260608_200037/towrow.world_wide_two_row/logs) by extensions ['colcon_meta']
[0.316s] Level 1:colcon.colcon_core.package_identification:_identify(experiments/world_viability_20260608_200037/towrow.world_wide_two_row/logs) by extension 'colcon_meta'
[0.316s] Level 1:colcon.colcon_core.package_identification:_identify(experiments/world_viability_20260608_200037/towrow.world_wide_two_row/logs) by extensions ['ros']
[0.316s] Level 1:colcon.colcon_core.package_identification:_identify(experiments/world_viability_20260608_200037/towrow.world_wide_two_row/logs) by extension 'ros'
[0.316s] Level 1:colcon.colcon_core.package_identification:_identify(experiments/world_viability_20260608_200037/towrow.world_wide_two_row/logs) by extensions ['cmake', 'python']
[0.316s] Level 1:colcon.colcon_core.package_identification:_identify(experiments/world_viability_20260608_200037/towrow.world_wide_two_row/logs) by extension 'cmake'
[0.316s] Level 1:colcon.colcon_core.package_identification:_identify(experiments/world_viability_20260608_200037/towrow.world_wide_two_row/logs) by extension 'python'
[0.316s] Level 1:colcon.colcon_core.package_identification:_identify(experiments/world_viability_20260608_200037/towrow.world_wide_two_row/logs) by extensions ['python_setup_py']
[0.316s] Level 1:colcon.colcon_core.package_identification:_identify(experiments/world_viability_20260608_200037/towrow.world_wide_two_row/logs) by extension 'python_setup_py'
[0.316s] Level 1:colcon.colcon_core.package_identification:_identify(experiments/world_viability_20260608_200037/twoworld.world_default) by extensions ['ignore', 'ignore_ament_install']
[0.316s] Level 1:colcon.colcon_core.package_identification:_identify(experiments/world_viability_20260608_200037/twoworld.world_default) by extension 'ignore'
[0.316s] Level 1:colcon.colcon_core.package_identification:_identify(experiments/world_viability_20260608_200037/twoworld.world_default) by extension 'ignore_ament_install'
[0.316s] Level 1:colcon.colcon_core.package_identification:_identify(experiments/world_viability_20260608_200037/twoworld.world_default) by extensions ['colcon_pkg']
[0.316s] Level 1:colcon.colcon_core.package_identification:_identify(experiments/world_viability_20260608_200037/twoworld.world_default) by extension 'colcon_pkg'
[0.316s] Level 1:colcon.colcon_core.package_identification:_identify(experiments/world_viability_20260608_200037/twoworld.world_default) by extensions ['colcon_meta']
[0.316s] Level 1:colcon.colcon_core.package_identification:_identify(experiments/world_viability_20260608_200037/twoworld.world_default) by extension 'colcon_meta'
[0.316s] Level 1:colcon.colcon_core.package_identification:_identify(experiments/world_viability_20260608_200037/twoworld.world_default) by extensions ['ros']
[0.317s] Level 1:colcon.colcon_core.package_identification:_identify(experiments/world_viability_20260608_200037/twoworld.world_default) by extension 'ros'
[0.317s] Level 1:colcon.colcon_core.package_identification:_identify(experiments/world_viability_20260608_200037/twoworld.world_default) by extensions ['cmake', 'python']
[0.317s] Level 1:colcon.colcon_core.package_identification:_identify(experiments/world_viability_20260608_200037/twoworld.world_default) by extension 'cmake'
[0.317s] Level 1:colcon.colcon_core.package_identification:_identify(experiments/world_viability_20260608_200037/twoworld.world_default) by extension 'python'
[0.317s] Level 1:colcon.colcon_core.package_identification:_identify(experiments/world_viability_20260608_200037/twoworld.world_default) by extensions ['python_setup_py']
[0.317s] Level 1:colcon.colcon_core.package_identification:_identify(experiments/world_viability_20260608_200037/twoworld.world_default) by extension 'python_setup_py'
[0.317s] Level 1:colcon.colcon_core.package_identification:_identify(experiments/world_viability_20260608_200037/twoworld.world_default/logs) by extensions ['ignore', 'ignore_ament_install']
[0.317s] Level 1:colcon.colcon_core.package_identification:_identify(experiments/world_viability_20260608_200037/twoworld.world_default/logs) by extension 'ignore'
[0.317s] Level 1:colcon.colcon_core.package_identification:_identify(experiments/world_viability_20260608_200037/twoworld.world_default/logs) by extension 'ignore_ament_install'
[0.317s] Level 1:colcon.colcon_core.package_identification:_identify(experiments/world_viability_20260608_200037/twoworld.world_default/logs) by extensions ['colcon_pkg']
[0.317s] Level 1:colcon.colcon_core.package_identification:_identify(experiments/world_viability_20260608_200037/twoworld.world_default/logs) by extension 'colcon_pkg'
[0.317s] Level 1:colcon.colcon_core.package_identification:_identify(experiments/world_viability_20260608_200037/twoworld.world_default/logs) by extensions ['colcon_meta']
[0.317s] Level 1:colcon.colcon_core.package_identification:_identify(experiments/world_viability_20260608_200037/twoworld.world_default/logs) by extension 'colcon_meta'
[0.317s] Level 1:colcon.colcon_core.package_identification:_identify(experiments/world_viability_20260608_200037/twoworld.world_default/logs) by extensions ['ros']
[0.317s] Level 1:colcon.colcon_core.package_identification:_identify(experiments/world_viability_20260608_200037/twoworld.world_default/logs) by extension 'ros'
[0.317s] Level 1:colcon.colcon_core.package_identification:_identify(experiments/world_viability_20260608_200037/twoworld.world_default/logs) by extensions ['cmake', 'python']
[0.317s] Level 1:colcon.colcon_core.package_identification:_identify(experiments/world_viability_20260608_200037/twoworld.world_default/logs) by extension 'cmake'
[0.317s] Level 1:colcon.colcon_core.package_identification:_identify(experiments/world_viability_20260608_200037/twoworld.world_default/logs) by extension 'python'
[0.318s] Level 1:colcon.colcon_core.package_identification:_identify(experiments/world_viability_20260608_200037/twoworld.world_default/logs) by extensions ['python_setup_py']
[0.318s] Level 1:colcon.colcon_core.package_identification:_identify(experiments/world_viability_20260608_200037/twoworld.world_default/logs) by extension 'python_setup_py'
[0.318s] Level 1:colcon.colcon_core.package_identification:_identify(experiments/world_viability_20260608_200037/twoworld.world_known_good_relaxed) by extensions ['ignore', 'ignore_ament_install']
[0.318s] Level 1:colcon.colcon_core.package_identification:_identify(experiments/world_viability_20260608_200037/twoworld.world_known_good_relaxed) by extension 'ignore'
[0.318s] Level 1:colcon.colcon_core.package_identification:_identify(experiments/world_viability_20260608_200037/twoworld.world_known_good_relaxed) by extension 'ignore_ament_install'
[0.318s] Level 1:colcon.colcon_core.package_identification:_identify(experiments/world_viability_20260608_200037/twoworld.world_known_good_relaxed) by extensions ['colcon_pkg']
[0.318s] Level 1:colcon.colcon_core.package_identification:_identify(experiments/world_viability_20260608_200037/twoworld.world_known_good_relaxed) by extension 'colcon_pkg'
[0.318s] Level 1:colcon.colcon_core.package_identification:_identify(experiments/world_viability_20260608_200037/twoworld.world_known_good_relaxed) by extensions ['colcon_meta']
[0.318s] Level 1:colcon.colcon_core.package_identification:_identify(experiments/world_viability_20260608_200037/twoworld.world_known_good_relaxed) by extension 'colcon_meta'
[0.318s] Level 1:colcon.colcon_core.package_identification:_identify(experiments/world_viability_20260608_200037/twoworld.world_known_good_relaxed) by extensions ['ros']
[0.318s] Level 1:colcon.colcon_core.package_identification:_identify(experiments/world_viability_20260608_200037/twoworld.world_known_good_relaxed) by extension 'ros'
[0.318s] Level 1:colcon.colcon_core.package_identification:_identify(experiments/world_viability_20260608_200037/twoworld.world_known_good_relaxed) by extensions ['cmake', 'python']
[0.318s] Level 1:colcon.colcon_core.package_identification:_identify(experiments/world_viability_20260608_200037/twoworld.world_known_good_relaxed) by extension 'cmake'
[0.318s] Level 1:colcon.colcon_core.package_identification:_identify(experiments/world_viability_20260608_200037/twoworld.world_known_good_relaxed) by extension 'python'
[0.318s] Level 1:colcon.colcon_core.package_identification:_identify(experiments/world_viability_20260608_200037/twoworld.world_known_good_relaxed) by extensions ['python_setup_py']
[0.318s] Level 1:colcon.colcon_core.package_identification:_identify(experiments/world_viability_20260608_200037/twoworld.world_known_good_relaxed) by extension 'python_setup_py'
[0.318s] Level 1:colcon.colcon_core.package_identification:_identify(experiments/world_viability_20260608_200037/twoworld.world_known_good_relaxed/logs) by extensions ['ignore', 'ignore_ament_install']
[0.319s] Level 1:colcon.colcon_core.package_identification:_identify(experiments/world_viability_20260608_200037/twoworld.world_known_good_relaxed/logs) by extension 'ignore'
[0.319s] Level 1:colcon.colcon_core.package_identification:_identify(experiments/world_viability_20260608_200037/twoworld.world_known_good_relaxed/logs) by extension 'ignore_ament_install'
[0.319s] Level 1:colcon.colcon_core.package_identification:_identify(experiments/world_viability_20260608_200037/twoworld.world_known_good_relaxed/logs) by extensions ['colcon_pkg']
[0.319s] Level 1:colcon.colcon_core.package_identification:_identify(experiments/world_viability_20260608_200037/twoworld.world_known_good_relaxed/logs) by extension 'colcon_pkg'
[0.319s] Level 1:colcon.colcon_core.package_identification:_identify(experiments/world_viability_20260608_200037/twoworld.world_known_good_relaxed/logs) by extensions ['colcon_meta']
[0.319s] Level 1:colcon.colcon_core.package_identification:_identify(experiments/world_viability_20260608_200037/twoworld.world_known_good_relaxed/logs) by extension 'colcon_meta'
[0.319s] Level 1:colcon.colcon_core.package_identification:_identify(experiments/world_viability_20260608_200037/twoworld.world_known_good_relaxed/logs) by extensions ['ros']
[0.319s] Level 1:colcon.colcon_core.package_identification:_identify(experiments/world_viability_20260608_200037/twoworld.world_known_good_relaxed/logs) by extension 'ros'
[0.319s] Level 1:colcon.colcon_core.package_identification:_identify(experiments/world_viability_20260608_200037/twoworld.world_known_good_relaxed/logs) by extensions ['cmake', 'python']
[0.319s] Level 1:colcon.colcon_core.package_identification:_identify(experiments/world_viability_20260608_200037/twoworld.world_known_good_relaxed/logs) by extension 'cmake'
[0.319s] Level 1:colcon.colcon_core.package_identification:_identify(experiments/world_viability_20260608_200037/twoworld.world_known_good_relaxed/logs) by extension 'python'
[0.319s] Level 1:colcon.colcon_core.package_identification:_identify(experiments/world_viability_20260608_200037/twoworld.world_known_good_relaxed/logs) by extensions ['python_setup_py']
[0.319s] Level 1:colcon.colcon_core.package_identification:_identify(experiments/world_viability_20260608_200037/twoworld.world_known_good_relaxed/logs) by extension 'python_setup_py'
[0.319s] Level 1:colcon.colcon_core.package_identification:_identify(experiments/world_viability_20260608_200037/twoworld.world_sparse_two_row) by extensions ['ignore', 'ignore_ament_install']
[0.319s] Level 1:colcon.colcon_core.package_identification:_identify(experiments/world_viability_20260608_200037/twoworld.world_sparse_two_row) by extension 'ignore'
[0.319s] Level 1:colcon.colcon_core.package_identification:_identify(experiments/world_viability_20260608_200037/twoworld.world_sparse_two_row) by extension 'ignore_ament_install'
[0.319s] Level 1:colcon.colcon_core.package_identification:_identify(experiments/world_viability_20260608_200037/twoworld.world_sparse_two_row) by extensions ['colcon_pkg']
[0.319s] Level 1:colcon.colcon_core.package_identification:_identify(experiments/world_viability_20260608_200037/twoworld.world_sparse_two_row) by extension 'colcon_pkg'
[0.320s] Level 1:colcon.colcon_core.package_identification:_identify(experiments/world_viability_20260608_200037/twoworld.world_sparse_two_row) by extensions ['colcon_meta']
[0.320s] Level 1:colcon.colcon_core.package_identification:_identify(experiments/world_viability_20260608_200037/twoworld.world_sparse_two_row) by extension 'colcon_meta'
[0.320s] Level 1:colcon.colcon_core.package_identification:_identify(experiments/world_viability_20260608_200037/twoworld.world_sparse_two_row) by extensions ['ros']
[0.320s] Level 1:colcon.colcon_core.package_identification:_identify(experiments/world_viability_20260608_200037/twoworld.world_sparse_two_row) by extension 'ros'
[0.320s] Level 1:colcon.colcon_core.package_identification:_identify(experiments/world_viability_20260608_200037/twoworld.world_sparse_two_row) by extensions ['cmake', 'python']
[0.320s] Level 1:colcon.colcon_core.package_identification:_identify(experiments/world_viability_20260608_200037/twoworld.world_sparse_two_row) by extension 'cmake'
[0.320s] Level 1:colcon.colcon_core.package_identification:_identify(experiments/world_viability_20260608_200037/twoworld.world_sparse_two_row) by extension 'python'
[0.320s] Level 1:colcon.colcon_core.package_identification:_identify(experiments/world_viability_20260608_200037/twoworld.world_sparse_two_row) by extensions ['python_setup_py']
[0.320s] Level 1:colcon.colcon_core.package_identification:_identify(experiments/world_viability_20260608_200037/twoworld.world_sparse_two_row) by extension 'python_setup_py'
[0.320s] Level 1:colcon.colcon_core.package_identification:_identify(experiments/world_viability_20260608_200037/twoworld.world_sparse_two_row/logs) by extensions ['ignore', 'ignore_ament_install']
[0.320s] Level 1:colcon.colcon_core.package_identification:_identify(experiments/world_viability_20260608_200037/twoworld.world_sparse_two_row/logs) by extension 'ignore'
[0.320s] Level 1:colcon.colcon_core.package_identification:_identify(experiments/world_viability_20260608_200037/twoworld.world_sparse_two_row/logs) by extension 'ignore_ament_install'
[0.320s] Level 1:colcon.colcon_core.package_identification:_identify(experiments/world_viability_20260608_200037/twoworld.world_sparse_two_row/logs) by extensions ['colcon_pkg']
[0.320s] Level 1:colcon.colcon_core.package_identification:_identify(experiments/world_viability_20260608_200037/twoworld.world_sparse_two_row/logs) by extension 'colcon_pkg'
[0.320s] Level 1:colcon.colcon_core.package_identification:_identify(experiments/world_viability_20260608_200037/twoworld.world_sparse_two_row/logs) by extensions ['colcon_meta']
[0.320s] Level 1:colcon.colcon_core.package_identification:_identify(experiments/world_viability_20260608_200037/twoworld.world_sparse_two_row/logs) by extension 'colcon_meta'
[0.320s] Level 1:colcon.colcon_core.package_identification:_identify(experiments/world_viability_20260608_200037/twoworld.world_sparse_two_row/logs) by extensions ['ros']
[0.320s] Level 1:colcon.colcon_core.package_identification:_identify(experiments/world_viability_20260608_200037/twoworld.world_sparse_two_row/logs) by extension 'ros'
[0.321s] Level 1:colcon.colcon_core.package_identification:_identify(experiments/world_viability_20260608_200037/twoworld.world_sparse_two_row/logs) by extensions ['cmake', 'python']
[0.321s] Level 1:colcon.colcon_core.package_identification:_identify(experiments/world_viability_20260608_200037/twoworld.world_sparse_two_row/logs) by extension 'cmake'
[0.321s] Level 1:colcon.colcon_core.package_identification:_identify(experiments/world_viability_20260608_200037/twoworld.world_sparse_two_row/logs) by extension 'python'
[0.321s] Level 1:colcon.colcon_core.package_identification:_identify(experiments/world_viability_20260608_200037/twoworld.world_sparse_two_row/logs) by extensions ['python_setup_py']
[0.321s] Level 1:colcon.colcon_core.package_identification:_identify(experiments/world_viability_20260608_200037/twoworld.world_sparse_two_row/logs) by extension 'python_setup_py'
[0.321s] Level 1:colcon.colcon_core.package_identification:_identify(experiments/world_viability_20260608_200037/twoworld.world_wide_two_row) by extensions ['ignore', 'ignore_ament_install']
[0.321s] Level 1:colcon.colcon_core.package_identification:_identify(experiments/world_viability_20260608_200037/twoworld.world_wide_two_row) by extension 'ignore'
[0.321s] Level 1:colcon.colcon_core.package_identification:_identify(experiments/world_viability_20260608_200037/twoworld.world_wide_two_row) by extension 'ignore_ament_install'
[0.321s] Level 1:colcon.colcon_core.package_identification:_identify(experiments/world_viability_20260608_200037/twoworld.world_wide_two_row) by extensions ['colcon_pkg']
[0.321s] Level 1:colcon.colcon_core.package_identification:_identify(experiments/world_viability_20260608_200037/twoworld.world_wide_two_row) by extension 'colcon_pkg'
[0.321s] Level 1:colcon.colcon_core.package_identification:_identify(experiments/world_viability_20260608_200037/twoworld.world_wide_two_row) by extensions ['colcon_meta']
[0.321s] Level 1:colcon.colcon_core.package_identification:_identify(experiments/world_viability_20260608_200037/twoworld.world_wide_two_row) by extension 'colcon_meta'
[0.321s] Level 1:colcon.colcon_core.package_identification:_identify(experiments/world_viability_20260608_200037/twoworld.world_wide_two_row) by extensions ['ros']
[0.321s] Level 1:colcon.colcon_core.package_identification:_identify(experiments/world_viability_20260608_200037/twoworld.world_wide_two_row) by extension 'ros'
[0.321s] Level 1:colcon.colcon_core.package_identification:_identify(experiments/world_viability_20260608_200037/twoworld.world_wide_two_row) by extensions ['cmake', 'python']
[0.321s] Level 1:colcon.colcon_core.package_identification:_identify(experiments/world_viability_20260608_200037/twoworld.world_wide_two_row) by extension 'cmake'
[0.321s] Level 1:colcon.colcon_core.package_identification:_identify(experiments/world_viability_20260608_200037/twoworld.world_wide_two_row) by extension 'python'
[0.321s] Level 1:colcon.colcon_core.package_identification:_identify(experiments/world_viability_20260608_200037/twoworld.world_wide_two_row) by extensions ['python_setup_py']
[0.321s] Level 1:colcon.colcon_core.package_identification:_identify(experiments/world_viability_20260608_200037/twoworld.world_wide_two_row) by extension 'python_setup_py'
[0.322s] Level 1:colcon.colcon_core.package_identification:_identify(experiments/world_viability_20260608_200037/twoworld.world_wide_two_row/logs) by extensions ['ignore', 'ignore_ament_install']
[0.322s] Level 1:colcon.colcon_core.package_identification:_identify(experiments/world_viability_20260608_200037/twoworld.world_wide_two_row/logs) by extension 'ignore'
[0.322s] Level 1:colcon.colcon_core.package_identification:_identify(experiments/world_viability_20260608_200037/twoworld.world_wide_two_row/logs) by extension 'ignore_ament_install'
[0.322s] Level 1:colcon.colcon_core.package_identification:_identify(experiments/world_viability_20260608_200037/twoworld.world_wide_two_row/logs) by extensions ['colcon_pkg']
[0.322s] Level 1:colcon.colcon_core.package_identification:_identify(experiments/world_viability_20260608_200037/twoworld.world_wide_two_row/logs) by extension 'colcon_pkg'
[0.322s] Level 1:colcon.colcon_core.package_identification:_identify(experiments/world_viability_20260608_200037/twoworld.world_wide_two_row/logs) by extensions ['colcon_meta']
[0.322s] Level 1:colcon.colcon_core.package_identification:_identify(experiments/world_viability_20260608_200037/twoworld.world_wide_two_row/logs) by extension 'colcon_meta'
[0.322s] Level 1:colcon.colcon_core.package_identification:_identify(experiments/world_viability_20260608_200037/twoworld.world_wide_two_row/logs) by extensions ['ros']
[0.322s] Level 1:colcon.colcon_core.package_identification:_identify(experiments/world_viability_20260608_200037/twoworld.world_wide_two_row/logs) by extension 'ros'
[0.322s] Level 1:colcon.colcon_core.package_identification:_identify(experiments/world_viability_20260608_200037/twoworld.world_wide_two_row/logs) by extensions ['cmake', 'python']
[0.322s] Level 1:colcon.colcon_core.package_identification:_identify(experiments/world_viability_20260608_200037/twoworld.world_wide_two_row/logs) by extension 'cmake'
[0.322s] Level 1:colcon.colcon_core.package_identification:_identify(experiments/world_viability_20260608_200037/twoworld.world_wide_two_row/logs) by extension 'python'
[0.322s] Level 1:colcon.colcon_core.package_identification:_identify(experiments/world_viability_20260608_200037/twoworld.world_wide_two_row/logs) by extensions ['python_setup_py']
[0.322s] Level 1:colcon.colcon_core.package_identification:_identify(experiments/world_viability_20260608_200037/twoworld.world_wide_two_row/logs) by extension 'python_setup_py'
[0.322s] Level 1:colcon.colcon_core.package_identification:_identify(experiments/world_viability_20260608_200957) by extensions ['ignore', 'ignore_ament_install']
[0.322s] Level 1:colcon.colcon_core.package_identification:_identify(experiments/world_viability_20260608_200957) by extension 'ignore'
[0.322s] Level 1:colcon.colcon_core.package_identification:_identify(experiments/world_viability_20260608_200957) by extension 'ignore_ament_install'
[0.322s] Level 1:colcon.colcon_core.package_identification:_identify(experiments/world_viability_20260608_200957) by extensions ['colcon_pkg']
[0.322s] Level 1:colcon.colcon_core.package_identification:_identify(experiments/world_viability_20260608_200957) by extension 'colcon_pkg'
[0.322s] Level 1:colcon.colcon_core.package_identification:_identify(experiments/world_viability_20260608_200957) by extensions ['colcon_meta']
[0.322s] Level 1:colcon.colcon_core.package_identification:_identify(experiments/world_viability_20260608_200957) by extension 'colcon_meta'
[0.322s] Level 1:colcon.colcon_core.package_identification:_identify(experiments/world_viability_20260608_200957) by extensions ['ros']
[0.322s] Level 1:colcon.colcon_core.package_identification:_identify(experiments/world_viability_20260608_200957) by extension 'ros'
[0.323s] Level 1:colcon.colcon_core.package_identification:_identify(experiments/world_viability_20260608_200957) by extensions ['cmake', 'python']
[0.323s] Level 1:colcon.colcon_core.package_identification:_identify(experiments/world_viability_20260608_200957) by extension 'cmake'
[0.323s] Level 1:colcon.colcon_core.package_identification:_identify(experiments/world_viability_20260608_200957) by extension 'python'
[0.323s] Level 1:colcon.colcon_core.package_identification:_identify(experiments/world_viability_20260608_200957) by extensions ['python_setup_py']
[0.323s] Level 1:colcon.colcon_core.package_identification:_identify(experiments/world_viability_20260608_200957) by extension 'python_setup_py'
[0.323s] Level 1:colcon.colcon_core.package_identification:_identify(experiments/world_viability_20260608_200957/corn_leaf_world.world_default) by extensions ['ignore', 'ignore_ament_install']
[0.323s] Level 1:colcon.colcon_core.package_identification:_identify(experiments/world_viability_20260608_200957/corn_leaf_world.world_default) by extension 'ignore'
[0.323s] Level 1:colcon.colcon_core.package_identification:_identify(experiments/world_viability_20260608_200957/corn_leaf_world.world_default) by extension 'ignore_ament_install'
[0.323s] Level 1:colcon.colcon_core.package_identification:_identify(experiments/world_viability_20260608_200957/corn_leaf_world.world_default) by extensions ['colcon_pkg']
[0.323s] Level 1:colcon.colcon_core.package_identification:_identify(experiments/world_viability_20260608_200957/corn_leaf_world.world_default) by extension 'colcon_pkg'
[0.323s] Level 1:colcon.colcon_core.package_identification:_identify(experiments/world_viability_20260608_200957/corn_leaf_world.world_default) by extensions ['colcon_meta']
[0.323s] Level 1:colcon.colcon_core.package_identification:_identify(experiments/world_viability_20260608_200957/corn_leaf_world.world_default) by extension 'colcon_meta'
[0.323s] Level 1:colcon.colcon_core.package_identification:_identify(experiments/world_viability_20260608_200957/corn_leaf_world.world_default) by extensions ['ros']
[0.323s] Level 1:colcon.colcon_core.package_identification:_identify(experiments/world_viability_20260608_200957/corn_leaf_world.world_default) by extension 'ros'
[0.323s] Level 1:colcon.colcon_core.package_identification:_identify(experiments/world_viability_20260608_200957/corn_leaf_world.world_default) by extensions ['cmake', 'python']
[0.323s] Level 1:colcon.colcon_core.package_identification:_identify(experiments/world_viability_20260608_200957/corn_leaf_world.world_default) by extension 'cmake'
[0.323s] Level 1:colcon.colcon_core.package_identification:_identify(experiments/world_viability_20260608_200957/corn_leaf_world.world_default) by extension 'python'
[0.323s] Level 1:colcon.colcon_core.package_identification:_identify(experiments/world_viability_20260608_200957/corn_leaf_world.world_default) by extensions ['python_setup_py']
[0.323s] Level 1:colcon.colcon_core.package_identification:_identify(experiments/world_viability_20260608_200957/corn_leaf_world.world_default) by extension 'python_setup_py'
[0.323s] Level 1:colcon.colcon_core.package_identification:_identify(experiments/world_viability_20260608_200957/corn_leaf_world.world_default/logs) by extensions ['ignore', 'ignore_ament_install']
[0.323s] Level 1:colcon.colcon_core.package_identification:_identify(experiments/world_viability_20260608_200957/corn_leaf_world.world_default/logs) by extension 'ignore'
[0.323s] Level 1:colcon.colcon_core.package_identification:_identify(experiments/world_viability_20260608_200957/corn_leaf_world.world_default/logs) by extension 'ignore_ament_install'
[0.323s] Level 1:colcon.colcon_core.package_identification:_identify(experiments/world_viability_20260608_200957/corn_leaf_world.world_default/logs) by extensions ['colcon_pkg']
[0.324s] Level 1:colcon.colcon_core.package_identification:_identify(experiments/world_viability_20260608_200957/corn_leaf_world.world_default/logs) by extension 'colcon_pkg'
[0.324s] Level 1:colcon.colcon_core.package_identification:_identify(experiments/world_viability_20260608_200957/corn_leaf_world.world_default/logs) by extensions ['colcon_meta']
[0.324s] Level 1:colcon.colcon_core.package_identification:_identify(experiments/world_viability_20260608_200957/corn_leaf_world.world_default/logs) by extension 'colcon_meta'
[0.324s] Level 1:colcon.colcon_core.package_identification:_identify(experiments/world_viability_20260608_200957/corn_leaf_world.world_default/logs) by extensions ['ros']
[0.324s] Level 1:colcon.colcon_core.package_identification:_identify(experiments/world_viability_20260608_200957/corn_leaf_world.world_default/logs) by extension 'ros'
[0.324s] Level 1:colcon.colcon_core.package_identification:_identify(experiments/world_viability_20260608_200957/corn_leaf_world.world_default/logs) by extensions ['cmake', 'python']
[0.324s] Level 1:colcon.colcon_core.package_identification:_identify(experiments/world_viability_20260608_200957/corn_leaf_world.world_default/logs) by extension 'cmake'
[0.324s] Level 1:colcon.colcon_core.package_identification:_identify(experiments/world_viability_20260608_200957/corn_leaf_world.world_default/logs) by extension 'python'
[0.324s] Level 1:colcon.colcon_core.package_identification:_identify(experiments/world_viability_20260608_200957/corn_leaf_world.world_default/logs) by extensions ['python_setup_py']
[0.324s] Level 1:colcon.colcon_core.package_identification:_identify(experiments/world_viability_20260608_200957/corn_leaf_world.world_default/logs) by extension 'python_setup_py'
[0.324s] Level 1:colcon.colcon_core.package_identification:_identify(experiments/world_viability_20260608_200957/corn_leaf_world.world_known_good_relaxed) by extensions ['ignore', 'ignore_ament_install']
[0.324s] Level 1:colcon.colcon_core.package_identification:_identify(experiments/world_viability_20260608_200957/corn_leaf_world.world_known_good_relaxed) by extension 'ignore'
[0.324s] Level 1:colcon.colcon_core.package_identification:_identify(experiments/world_viability_20260608_200957/corn_leaf_world.world_known_good_relaxed) by extension 'ignore_ament_install'
[0.324s] Level 1:colcon.colcon_core.package_identification:_identify(experiments/world_viability_20260608_200957/corn_leaf_world.world_known_good_relaxed) by extensions ['colcon_pkg']
[0.324s] Level 1:colcon.colcon_core.package_identification:_identify(experiments/world_viability_20260608_200957/corn_leaf_world.world_known_good_relaxed) by extension 'colcon_pkg'
[0.324s] Level 1:colcon.colcon_core.package_identification:_identify(experiments/world_viability_20260608_200957/corn_leaf_world.world_known_good_relaxed) by extensions ['colcon_meta']
[0.324s] Level 1:colcon.colcon_core.package_identification:_identify(experiments/world_viability_20260608_200957/corn_leaf_world.world_known_good_relaxed) by extension 'colcon_meta'
[0.324s] Level 1:colcon.colcon_core.package_identification:_identify(experiments/world_viability_20260608_200957/corn_leaf_world.world_known_good_relaxed) by extensions ['ros']
[0.324s] Level 1:colcon.colcon_core.package_identification:_identify(experiments/world_viability_20260608_200957/corn_leaf_world.world_known_good_relaxed) by extension 'ros'
[0.324s] Level 1:colcon.colcon_core.package_identification:_identify(experiments/world_viability_20260608_200957/corn_leaf_world.world_known_good_relaxed) by extensions ['cmake', 'python']
[0.324s] Level 1:colcon.colcon_core.package_identification:_identify(experiments/world_viability_20260608_200957/corn_leaf_world.world_known_good_relaxed) by extension 'cmake'
[0.324s] Level 1:colcon.colcon_core.package_identification:_identify(experiments/world_viability_20260608_200957/corn_leaf_world.world_known_good_relaxed) by extension 'python'
[0.324s] Level 1:colcon.colcon_core.package_identification:_identify(experiments/world_viability_20260608_200957/corn_leaf_world.world_known_good_relaxed) by extensions ['python_setup_py']
[0.324s] Level 1:colcon.colcon_core.package_identification:_identify(experiments/world_viability_20260608_200957/corn_leaf_world.world_known_good_relaxed) by extension 'python_setup_py'
[0.325s] Level 1:colcon.colcon_core.package_identification:_identify(experiments/world_viability_20260608_200957/corn_leaf_world.world_known_good_relaxed/logs) by extensions ['ignore', 'ignore_ament_install']
[0.325s] Level 1:colcon.colcon_core.package_identification:_identify(experiments/world_viability_20260608_200957/corn_leaf_world.world_known_good_relaxed/logs) by extension 'ignore'
[0.325s] Level 1:colcon.colcon_core.package_identification:_identify(experiments/world_viability_20260608_200957/corn_leaf_world.world_known_good_relaxed/logs) by extension 'ignore_ament_install'
[0.325s] Level 1:colcon.colcon_core.package_identification:_identify(experiments/world_viability_20260608_200957/corn_leaf_world.world_known_good_relaxed/logs) by extensions ['colcon_pkg']
[0.325s] Level 1:colcon.colcon_core.package_identification:_identify(experiments/world_viability_20260608_200957/corn_leaf_world.world_known_good_relaxed/logs) by extension 'colcon_pkg'
[0.325s] Level 1:colcon.colcon_core.package_identification:_identify(experiments/world_viability_20260608_200957/corn_leaf_world.world_known_good_relaxed/logs) by extensions ['colcon_meta']
[0.325s] Level 1:colcon.colcon_core.package_identification:_identify(experiments/world_viability_20260608_200957/corn_leaf_world.world_known_good_relaxed/logs) by extension 'colcon_meta'
[0.325s] Level 1:colcon.colcon_core.package_identification:_identify(experiments/world_viability_20260608_200957/corn_leaf_world.world_known_good_relaxed/logs) by extensions ['ros']
[0.325s] Level 1:colcon.colcon_core.package_identification:_identify(experiments/world_viability_20260608_200957/corn_leaf_world.world_known_good_relaxed/logs) by extension 'ros'
[0.325s] Level 1:colcon.colcon_core.package_identification:_identify(experiments/world_viability_20260608_200957/corn_leaf_world.world_known_good_relaxed/logs) by extensions ['cmake', 'python']
[0.325s] Level 1:colcon.colcon_core.package_identification:_identify(experiments/world_viability_20260608_200957/corn_leaf_world.world_known_good_relaxed/logs) by extension 'cmake'
[0.325s] Level 1:colcon.colcon_core.package_identification:_identify(experiments/world_viability_20260608_200957/corn_leaf_world.world_known_good_relaxed/logs) by extension 'python'
[0.325s] Level 1:colcon.colcon_core.package_identification:_identify(experiments/world_viability_20260608_200957/corn_leaf_world.world_known_good_relaxed/logs) by extensions ['python_setup_py']
[0.325s] Level 1:colcon.colcon_core.package_identification:_identify(experiments/world_viability_20260608_200957/corn_leaf_world.world_known_good_relaxed/logs) by extension 'python_setup_py'
[0.325s] Level 1:colcon.colcon_core.package_identification:_identify(experiments/world_viability_20260608_200957/corn_leaf_world.world_sparse_two_row) by extensions ['ignore', 'ignore_ament_install']
[0.325s] Level 1:colcon.colcon_core.package_identification:_identify(experiments/world_viability_20260608_200957/corn_leaf_world.world_sparse_two_row) by extension 'ignore'
[0.325s] Level 1:colcon.colcon_core.package_identification:_identify(experiments/world_viability_20260608_200957/corn_leaf_world.world_sparse_two_row) by extension 'ignore_ament_install'
[0.325s] Level 1:colcon.colcon_core.package_identification:_identify(experiments/world_viability_20260608_200957/corn_leaf_world.world_sparse_two_row) by extensions ['colcon_pkg']
[0.325s] Level 1:colcon.colcon_core.package_identification:_identify(experiments/world_viability_20260608_200957/corn_leaf_world.world_sparse_two_row) by extension 'colcon_pkg'
[0.325s] Level 1:colcon.colcon_core.package_identification:_identify(experiments/world_viability_20260608_200957/corn_leaf_world.world_sparse_two_row) by extensions ['colcon_meta']
[0.325s] Level 1:colcon.colcon_core.package_identification:_identify(experiments/world_viability_20260608_200957/corn_leaf_world.world_sparse_two_row) by extension 'colcon_meta'
[0.325s] Level 1:colcon.colcon_core.package_identification:_identify(experiments/world_viability_20260608_200957/corn_leaf_world.world_sparse_two_row) by extensions ['ros']
[0.325s] Level 1:colcon.colcon_core.package_identification:_identify(experiments/world_viability_20260608_200957/corn_leaf_world.world_sparse_two_row) by extension 'ros'
[0.325s] Level 1:colcon.colcon_core.package_identification:_identify(experiments/world_viability_20260608_200957/corn_leaf_world.world_sparse_two_row) by extensions ['cmake', 'python']
[0.326s] Level 1:colcon.colcon_core.package_identification:_identify(experiments/world_viability_20260608_200957/corn_leaf_world.world_sparse_two_row) by extension 'cmake'
[0.326s] Level 1:colcon.colcon_core.package_identification:_identify(experiments/world_viability_20260608_200957/corn_leaf_world.world_sparse_two_row) by extension 'python'
[0.326s] Level 1:colcon.colcon_core.package_identification:_identify(experiments/world_viability_20260608_200957/corn_leaf_world.world_sparse_two_row) by extensions ['python_setup_py']
[0.326s] Level 1:colcon.colcon_core.package_identification:_identify(experiments/world_viability_20260608_200957/corn_leaf_world.world_sparse_two_row) by extension 'python_setup_py'
[0.326s] Level 1:colcon.colcon_core.package_identification:_identify(experiments/world_viability_20260608_200957/corn_leaf_world.world_sparse_two_row/logs) by extensions ['ignore', 'ignore_ament_install']
[0.326s] Level 1:colcon.colcon_core.package_identification:_identify(experiments/world_viability_20260608_200957/corn_leaf_world.world_sparse_two_row/logs) by extension 'ignore'
[0.326s] Level 1:colcon.colcon_core.package_identification:_identify(experiments/world_viability_20260608_200957/corn_leaf_world.world_sparse_two_row/logs) by extension 'ignore_ament_install'
[0.326s] Level 1:colcon.colcon_core.package_identification:_identify(experiments/world_viability_20260608_200957/corn_leaf_world.world_sparse_two_row/logs) by extensions ['colcon_pkg']
[0.326s] Level 1:colcon.colcon_core.package_identification:_identify(experiments/world_viability_20260608_200957/corn_leaf_world.world_sparse_two_row/logs) by extension 'colcon_pkg'
[0.326s] Level 1:colcon.colcon_core.package_identification:_identify(experiments/world_viability_20260608_200957/corn_leaf_world.world_sparse_two_row/logs) by extensions ['colcon_meta']
[0.326s] Level 1:colcon.colcon_core.package_identification:_identify(experiments/world_viability_20260608_200957/corn_leaf_world.world_sparse_two_row/logs) by extension 'colcon_meta'
[0.326s] Level 1:colcon.colcon_core.package_identification:_identify(experiments/world_viability_20260608_200957/corn_leaf_world.world_sparse_two_row/logs) by extensions ['ros']
[0.326s] Level 1:colcon.colcon_core.package_identification:_identify(experiments/world_viability_20260608_200957/corn_leaf_world.world_sparse_two_row/logs) by extension 'ros'
[0.326s] Level 1:colcon.colcon_core.package_identification:_identify(experiments/world_viability_20260608_200957/corn_leaf_world.world_sparse_two_row/logs) by extensions ['cmake', 'python']
[0.326s] Level 1:colcon.colcon_core.package_identification:_identify(experiments/world_viability_20260608_200957/corn_leaf_world.world_sparse_two_row/logs) by extension 'cmake'
[0.326s] Level 1:colcon.colcon_core.package_identification:_identify(experiments/world_viability_20260608_200957/corn_leaf_world.world_sparse_two_row/logs) by extension 'python'
[0.326s] Level 1:colcon.colcon_core.package_identification:_identify(experiments/world_viability_20260608_200957/corn_leaf_world.world_sparse_two_row/logs) by extensions ['python_setup_py']
[0.326s] Level 1:colcon.colcon_core.package_identification:_identify(experiments/world_viability_20260608_200957/corn_leaf_world.world_sparse_two_row/logs) by extension 'python_setup_py'
[0.326s] Level 1:colcon.colcon_core.package_identification:_identify(experiments/world_viability_20260608_200957/corn_leaf_world.world_wide_two_row) by extensions ['ignore', 'ignore_ament_install']
[0.326s] Level 1:colcon.colcon_core.package_identification:_identify(experiments/world_viability_20260608_200957/corn_leaf_world.world_wide_two_row) by extension 'ignore'
[0.326s] Level 1:colcon.colcon_core.package_identification:_identify(experiments/world_viability_20260608_200957/corn_leaf_world.world_wide_two_row) by extension 'ignore_ament_install'
[0.326s] Level 1:colcon.colcon_core.package_identification:_identify(experiments/world_viability_20260608_200957/corn_leaf_world.world_wide_two_row) by extensions ['colcon_pkg']
[0.326s] Level 1:colcon.colcon_core.package_identification:_identify(experiments/world_viability_20260608_200957/corn_leaf_world.world_wide_two_row) by extension 'colcon_pkg'
[0.327s] Level 1:colcon.colcon_core.package_identification:_identify(experiments/world_viability_20260608_200957/corn_leaf_world.world_wide_two_row) by extensions ['colcon_meta']
[0.327s] Level 1:colcon.colcon_core.package_identification:_identify(experiments/world_viability_20260608_200957/corn_leaf_world.world_wide_two_row) by extension 'colcon_meta'
[0.327s] Level 1:colcon.colcon_core.package_identification:_identify(experiments/world_viability_20260608_200957/corn_leaf_world.world_wide_two_row) by extensions ['ros']
[0.327s] Level 1:colcon.colcon_core.package_identification:_identify(experiments/world_viability_20260608_200957/corn_leaf_world.world_wide_two_row) by extension 'ros'
[0.327s] Level 1:colcon.colcon_core.package_identification:_identify(experiments/world_viability_20260608_200957/corn_leaf_world.world_wide_two_row) by extensions ['cmake', 'python']
[0.327s] Level 1:colcon.colcon_core.package_identification:_identify(experiments/world_viability_20260608_200957/corn_leaf_world.world_wide_two_row) by extension 'cmake'
[0.327s] Level 1:colcon.colcon_core.package_identification:_identify(experiments/world_viability_20260608_200957/corn_leaf_world.world_wide_two_row) by extension 'python'
[0.327s] Level 1:colcon.colcon_core.package_identification:_identify(experiments/world_viability_20260608_200957/corn_leaf_world.world_wide_two_row) by extensions ['python_setup_py']
[0.327s] Level 1:colcon.colcon_core.package_identification:_identify(experiments/world_viability_20260608_200957/corn_leaf_world.world_wide_two_row) by extension 'python_setup_py'
[0.327s] Level 1:colcon.colcon_core.package_identification:_identify(experiments/world_viability_20260608_200957/corn_leaf_world.world_wide_two_row/logs) by extensions ['ignore', 'ignore_ament_install']
[0.327s] Level 1:colcon.colcon_core.package_identification:_identify(experiments/world_viability_20260608_200957/corn_leaf_world.world_wide_two_row/logs) by extension 'ignore'
[0.327s] Level 1:colcon.colcon_core.package_identification:_identify(experiments/world_viability_20260608_200957/corn_leaf_world.world_wide_two_row/logs) by extension 'ignore_ament_install'
[0.327s] Level 1:colcon.colcon_core.package_identification:_identify(experiments/world_viability_20260608_200957/corn_leaf_world.world_wide_two_row/logs) by extensions ['colcon_pkg']
[0.327s] Level 1:colcon.colcon_core.package_identification:_identify(experiments/world_viability_20260608_200957/corn_leaf_world.world_wide_two_row/logs) by extension 'colcon_pkg'
[0.327s] Level 1:colcon.colcon_core.package_identification:_identify(experiments/world_viability_20260608_200957/corn_leaf_world.world_wide_two_row/logs) by extensions ['colcon_meta']
[0.327s] Level 1:colcon.colcon_core.package_identification:_identify(experiments/world_viability_20260608_200957/corn_leaf_world.world_wide_two_row/logs) by extension 'colcon_meta'
[0.327s] Level 1:colcon.colcon_core.package_identification:_identify(experiments/world_viability_20260608_200957/corn_leaf_world.world_wide_two_row/logs) by extensions ['ros']
[0.327s] Level 1:colcon.colcon_core.package_identification:_identify(experiments/world_viability_20260608_200957/corn_leaf_world.world_wide_two_row/logs) by extension 'ros'
[0.327s] Level 1:colcon.colcon_core.package_identification:_identify(experiments/world_viability_20260608_200957/corn_leaf_world.world_wide_two_row/logs) by extensions ['cmake', 'python']
[0.327s] Level 1:colcon.colcon_core.package_identification:_identify(experiments/world_viability_20260608_200957/corn_leaf_world.world_wide_two_row/logs) by extension 'cmake'
[0.327s] Level 1:colcon.colcon_core.package_identification:_identify(experiments/world_viability_20260608_200957/corn_leaf_world.world_wide_two_row/logs) by extension 'python'
[0.327s] Level 1:colcon.colcon_core.package_identification:_identify(experiments/world_viability_20260608_200957/corn_leaf_world.world_wide_two_row/logs) by extensions ['python_setup_py']
[0.327s] Level 1:colcon.colcon_core.package_identification:_identify(experiments/world_viability_20260608_200957/corn_leaf_world.world_wide_two_row/logs) by extension 'python_setup_py'
[0.327s] Level 1:colcon.colcon_core.package_identification:_identify(experiments/world_viability_20260608_200957/towrow.world_default) by extensions ['ignore', 'ignore_ament_install']
[0.328s] Level 1:colcon.colcon_core.package_identification:_identify(experiments/world_viability_20260608_200957/towrow.world_default) by extension 'ignore'
[0.328s] Level 1:colcon.colcon_core.package_identification:_identify(experiments/world_viability_20260608_200957/towrow.world_default) by extension 'ignore_ament_install'
[0.328s] Level 1:colcon.colcon_core.package_identification:_identify(experiments/world_viability_20260608_200957/towrow.world_default) by extensions ['colcon_pkg']
[0.328s] Level 1:colcon.colcon_core.package_identification:_identify(experiments/world_viability_20260608_200957/towrow.world_default) by extension 'colcon_pkg'
[0.328s] Level 1:colcon.colcon_core.package_identification:_identify(experiments/world_viability_20260608_200957/towrow.world_default) by extensions ['colcon_meta']
[0.328s] Level 1:colcon.colcon_core.package_identification:_identify(experiments/world_viability_20260608_200957/towrow.world_default) by extension 'colcon_meta'
[0.328s] Level 1:colcon.colcon_core.package_identification:_identify(experiments/world_viability_20260608_200957/towrow.world_default) by extensions ['ros']
[0.328s] Level 1:colcon.colcon_core.package_identification:_identify(experiments/world_viability_20260608_200957/towrow.world_default) by extension 'ros'
[0.328s] Level 1:colcon.colcon_core.package_identification:_identify(experiments/world_viability_20260608_200957/towrow.world_default) by extensions ['cmake', 'python']
[0.328s] Level 1:colcon.colcon_core.package_identification:_identify(experiments/world_viability_20260608_200957/towrow.world_default) by extension 'cmake'
[0.328s] Level 1:colcon.colcon_core.package_identification:_identify(experiments/world_viability_20260608_200957/towrow.world_default) by extension 'python'
[0.328s] Level 1:colcon.colcon_core.package_identification:_identify(experiments/world_viability_20260608_200957/towrow.world_default) by extensions ['python_setup_py']
[0.328s] Level 1:colcon.colcon_core.package_identification:_identify(experiments/world_viability_20260608_200957/towrow.world_default) by extension 'python_setup_py'
[0.328s] Level 1:colcon.colcon_core.package_identification:_identify(experiments/world_viability_20260608_200957/towrow.world_default/logs) by extensions ['ignore', 'ignore_ament_install']
[0.328s] Level 1:colcon.colcon_core.package_identification:_identify(experiments/world_viability_20260608_200957/towrow.world_default/logs) by extension 'ignore'
[0.328s] Level 1:colcon.colcon_core.package_identification:_identify(experiments/world_viability_20260608_200957/towrow.world_default/logs) by extension 'ignore_ament_install'
[0.328s] Level 1:colcon.colcon_core.package_identification:_identify(experiments/world_viability_20260608_200957/towrow.world_default/logs) by extensions ['colcon_pkg']
[0.328s] Level 1:colcon.colcon_core.package_identification:_identify(experiments/world_viability_20260608_200957/towrow.world_default/logs) by extension 'colcon_pkg'
[0.328s] Level 1:colcon.colcon_core.package_identification:_identify(experiments/world_viability_20260608_200957/towrow.world_default/logs) by extensions ['colcon_meta']
[0.328s] Level 1:colcon.colcon_core.package_identification:_identify(experiments/world_viability_20260608_200957/towrow.world_default/logs) by extension 'colcon_meta'
[0.328s] Level 1:colcon.colcon_core.package_identification:_identify(experiments/world_viability_20260608_200957/towrow.world_default/logs) by extensions ['ros']
[0.328s] Level 1:colcon.colcon_core.package_identification:_identify(experiments/world_viability_20260608_200957/towrow.world_default/logs) by extension 'ros'
[0.329s] Level 1:colcon.colcon_core.package_identification:_identify(experiments/world_viability_20260608_200957/towrow.world_default/logs) by extensions ['cmake', 'python']
[0.329s] Level 1:colcon.colcon_core.package_identification:_identify(experiments/world_viability_20260608_200957/towrow.world_default/logs) by extension 'cmake'
[0.329s] Level 1:colcon.colcon_core.package_identification:_identify(experiments/world_viability_20260608_200957/towrow.world_default/logs) by extension 'python'
[0.329s] Level 1:colcon.colcon_core.package_identification:_identify(experiments/world_viability_20260608_200957/towrow.world_default/logs) by extensions ['python_setup_py']
[0.329s] Level 1:colcon.colcon_core.package_identification:_identify(experiments/world_viability_20260608_200957/towrow.world_default/logs) by extension 'python_setup_py'
[0.329s] Level 1:colcon.colcon_core.package_identification:_identify(experiments/world_viability_20260608_200957/towrow.world_known_good_relaxed) by extensions ['ignore', 'ignore_ament_install']
[0.329s] Level 1:colcon.colcon_core.package_identification:_identify(experiments/world_viability_20260608_200957/towrow.world_known_good_relaxed) by extension 'ignore'
[0.329s] Level 1:colcon.colcon_core.package_identification:_identify(experiments/world_viability_20260608_200957/towrow.world_known_good_relaxed) by extension 'ignore_ament_install'
[0.329s] Level 1:colcon.colcon_core.package_identification:_identify(experiments/world_viability_20260608_200957/towrow.world_known_good_relaxed) by extensions ['colcon_pkg']
[0.329s] Level 1:colcon.colcon_core.package_identification:_identify(experiments/world_viability_20260608_200957/towrow.world_known_good_relaxed) by extension 'colcon_pkg'
[0.329s] Level 1:colcon.colcon_core.package_identification:_identify(experiments/world_viability_20260608_200957/towrow.world_known_good_relaxed) by extensions ['colcon_meta']
[0.329s] Level 1:colcon.colcon_core.package_identification:_identify(experiments/world_viability_20260608_200957/towrow.world_known_good_relaxed) by extension 'colcon_meta'
[0.329s] Level 1:colcon.colcon_core.package_identification:_identify(experiments/world_viability_20260608_200957/towrow.world_known_good_relaxed) by extensions ['ros']
[0.329s] Level 1:colcon.colcon_core.package_identification:_identify(experiments/world_viability_20260608_200957/towrow.world_known_good_relaxed) by extension 'ros'
[0.329s] Level 1:colcon.colcon_core.package_identification:_identify(experiments/world_viability_20260608_200957/towrow.world_known_good_relaxed) by extensions ['cmake', 'python']
[0.329s] Level 1:colcon.colcon_core.package_identification:_identify(experiments/world_viability_20260608_200957/towrow.world_known_good_relaxed) by extension 'cmake'
[0.329s] Level 1:colcon.colcon_core.package_identification:_identify(experiments/world_viability_20260608_200957/towrow.world_known_good_relaxed) by extension 'python'
[0.329s] Level 1:colcon.colcon_core.package_identification:_identify(experiments/world_viability_20260608_200957/towrow.world_known_good_relaxed) by extensions ['python_setup_py']
[0.329s] Level 1:colcon.colcon_core.package_identification:_identify(experiments/world_viability_20260608_200957/towrow.world_known_good_relaxed) by extension 'python_setup_py'
[0.330s] Level 1:colcon.colcon_core.package_identification:_identify(experiments/world_viability_20260608_200957/towrow.world_known_good_relaxed/logs) by extensions ['ignore', 'ignore_ament_install']
[0.330s] Level 1:colcon.colcon_core.package_identification:_identify(experiments/world_viability_20260608_200957/towrow.world_known_good_relaxed/logs) by extension 'ignore'
[0.330s] Level 1:colcon.colcon_core.package_identification:_identify(experiments/world_viability_20260608_200957/towrow.world_known_good_relaxed/logs) by extension 'ignore_ament_install'
[0.330s] Level 1:colcon.colcon_core.package_identification:_identify(experiments/world_viability_20260608_200957/towrow.world_known_good_relaxed/logs) by extensions ['colcon_pkg']
[0.330s] Level 1:colcon.colcon_core.package_identification:_identify(experiments/world_viability_20260608_200957/towrow.world_known_good_relaxed/logs) by extension 'colcon_pkg'
[0.330s] Level 1:colcon.colcon_core.package_identification:_identify(experiments/world_viability_20260608_200957/towrow.world_known_good_relaxed/logs) by extensions ['colcon_meta']
[0.330s] Level 1:colcon.colcon_core.package_identification:_identify(experiments/world_viability_20260608_200957/towrow.world_known_good_relaxed/logs) by extension 'colcon_meta'
[0.330s] Level 1:colcon.colcon_core.package_identification:_identify(experiments/world_viability_20260608_200957/towrow.world_known_good_relaxed/logs) by extensions ['ros']
[0.330s] Level 1:colcon.colcon_core.package_identification:_identify(experiments/world_viability_20260608_200957/towrow.world_known_good_relaxed/logs) by extension 'ros'
[0.330s] Level 1:colcon.colcon_core.package_identification:_identify(experiments/world_viability_20260608_200957/towrow.world_known_good_relaxed/logs) by extensions ['cmake', 'python']
[0.330s] Level 1:colcon.colcon_core.package_identification:_identify(experiments/world_viability_20260608_200957/towrow.world_known_good_relaxed/logs) by extension 'cmake'
[0.330s] Level 1:colcon.colcon_core.package_identification:_identify(experiments/world_viability_20260608_200957/towrow.world_known_good_relaxed/logs) by extension 'python'
[0.330s] Level 1:colcon.colcon_core.package_identification:_identify(experiments/world_viability_20260608_200957/towrow.world_known_good_relaxed/logs) by extensions ['python_setup_py']
[0.330s] Level 1:colcon.colcon_core.package_identification:_identify(experiments/world_viability_20260608_200957/towrow.world_known_good_relaxed/logs) by extension 'python_setup_py'
[0.330s] Level 1:colcon.colcon_core.package_identification:_identify(experiments/world_viability_20260608_200957/towrow.world_sparse_two_row) by extensions ['ignore', 'ignore_ament_install']
[0.330s] Level 1:colcon.colcon_core.package_identification:_identify(experiments/world_viability_20260608_200957/towrow.world_sparse_two_row) by extension 'ignore'
[0.330s] Level 1:colcon.colcon_core.package_identification:_identify(experiments/world_viability_20260608_200957/towrow.world_sparse_two_row) by extension 'ignore_ament_install'
[0.331s] Level 1:colcon.colcon_core.package_identification:_identify(experiments/world_viability_20260608_200957/towrow.world_sparse_two_row) by extensions ['colcon_pkg']
[0.331s] Level 1:colcon.colcon_core.package_identification:_identify(experiments/world_viability_20260608_200957/towrow.world_sparse_two_row) by extension 'colcon_pkg'
[0.331s] Level 1:colcon.colcon_core.package_identification:_identify(experiments/world_viability_20260608_200957/towrow.world_sparse_two_row) by extensions ['colcon_meta']
[0.331s] Level 1:colcon.colcon_core.package_identification:_identify(experiments/world_viability_20260608_200957/towrow.world_sparse_two_row) by extension 'colcon_meta'
[0.331s] Level 1:colcon.colcon_core.package_identification:_identify(experiments/world_viability_20260608_200957/towrow.world_sparse_two_row) by extensions ['ros']
[0.331s] Level 1:colcon.colcon_core.package_identification:_identify(experiments/world_viability_20260608_200957/towrow.world_sparse_two_row) by extension 'ros'
[0.331s] Level 1:colcon.colcon_core.package_identification:_identify(experiments/world_viability_20260608_200957/towrow.world_sparse_two_row) by extensions ['cmake', 'python']
[0.331s] Level 1:colcon.colcon_core.package_identification:_identify(experiments/world_viability_20260608_200957/towrow.world_sparse_two_row) by extension 'cmake'
[0.331s] Level 1:colcon.colcon_core.package_identification:_identify(experiments/world_viability_20260608_200957/towrow.world_sparse_two_row) by extension 'python'
[0.331s] Level 1:colcon.colcon_core.package_identification:_identify(experiments/world_viability_20260608_200957/towrow.world_sparse_two_row) by extensions ['python_setup_py']
[0.331s] Level 1:colcon.colcon_core.package_identification:_identify(experiments/world_viability_20260608_200957/towrow.world_sparse_two_row) by extension 'python_setup_py'
[0.331s] Level 1:colcon.colcon_core.package_identification:_identify(experiments/world_viability_20260608_200957/towrow.world_sparse_two_row/logs) by extensions ['ignore', 'ignore_ament_install']
[0.331s] Level 1:colcon.colcon_core.package_identification:_identify(experiments/world_viability_20260608_200957/towrow.world_sparse_two_row/logs) by extension 'ignore'
[0.331s] Level 1:colcon.colcon_core.package_identification:_identify(experiments/world_viability_20260608_200957/towrow.world_sparse_two_row/logs) by extension 'ignore_ament_install'
[0.331s] Level 1:colcon.colcon_core.package_identification:_identify(experiments/world_viability_20260608_200957/towrow.world_sparse_two_row/logs) by extensions ['colcon_pkg']
[0.331s] Level 1:colcon.colcon_core.package_identification:_identify(experiments/world_viability_20260608_200957/towrow.world_sparse_two_row/logs) by extension 'colcon_pkg'
[0.331s] Level 1:colcon.colcon_core.package_identification:_identify(experiments/world_viability_20260608_200957/towrow.world_sparse_two_row/logs) by extensions ['colcon_meta']
[0.331s] Level 1:colcon.colcon_core.package_identification:_identify(experiments/world_viability_20260608_200957/towrow.world_sparse_two_row/logs) by extension 'colcon_meta'
[0.331s] Level 1:colcon.colcon_core.package_identification:_identify(experiments/world_viability_20260608_200957/towrow.world_sparse_two_row/logs) by extensions ['ros']
[0.331s] Level 1:colcon.colcon_core.package_identification:_identify(experiments/world_viability_20260608_200957/towrow.world_sparse_two_row/logs) by extension 'ros'
[0.331s] Level 1:colcon.colcon_core.package_identification:_identify(experiments/world_viability_20260608_200957/towrow.world_sparse_two_row/logs) by extensions ['cmake', 'python']
[0.332s] Level 1:colcon.colcon_core.package_identification:_identify(experiments/world_viability_20260608_200957/towrow.world_sparse_two_row/logs) by extension 'cmake'
[0.332s] Level 1:colcon.colcon_core.package_identification:_identify(experiments/world_viability_20260608_200957/towrow.world_sparse_two_row/logs) by extension 'python'
[0.332s] Level 1:colcon.colcon_core.package_identification:_identify(experiments/world_viability_20260608_200957/towrow.world_sparse_two_row/logs) by extensions ['python_setup_py']
[0.332s] Level 1:colcon.colcon_core.package_identification:_identify(experiments/world_viability_20260608_200957/towrow.world_sparse_two_row/logs) by extension 'python_setup_py'
[0.332s] Level 1:colcon.colcon_core.package_identification:_identify(experiments/world_viability_20260608_200957/towrow.world_wide_two_row) by extensions ['ignore', 'ignore_ament_install']
[0.332s] Level 1:colcon.colcon_core.package_identification:_identify(experiments/world_viability_20260608_200957/towrow.world_wide_two_row) by extension 'ignore'
[0.332s] Level 1:colcon.colcon_core.package_identification:_identify(experiments/world_viability_20260608_200957/towrow.world_wide_two_row) by extension 'ignore_ament_install'
[0.332s] Level 1:colcon.colcon_core.package_identification:_identify(experiments/world_viability_20260608_200957/towrow.world_wide_two_row) by extensions ['colcon_pkg']
[0.332s] Level 1:colcon.colcon_core.package_identification:_identify(experiments/world_viability_20260608_200957/towrow.world_wide_two_row) by extension 'colcon_pkg'
[0.332s] Level 1:colcon.colcon_core.package_identification:_identify(experiments/world_viability_20260608_200957/towrow.world_wide_two_row) by extensions ['colcon_meta']
[0.332s] Level 1:colcon.colcon_core.package_identification:_identify(experiments/world_viability_20260608_200957/towrow.world_wide_two_row) by extension 'colcon_meta'
[0.332s] Level 1:colcon.colcon_core.package_identification:_identify(experiments/world_viability_20260608_200957/towrow.world_wide_two_row) by extensions ['ros']
[0.332s] Level 1:colcon.colcon_core.package_identification:_identify(experiments/world_viability_20260608_200957/towrow.world_wide_two_row) by extension 'ros'
[0.332s] Level 1:colcon.colcon_core.package_identification:_identify(experiments/world_viability_20260608_200957/towrow.world_wide_two_row) by extensions ['cmake', 'python']
[0.332s] Level 1:colcon.colcon_core.package_identification:_identify(experiments/world_viability_20260608_200957/towrow.world_wide_two_row) by extension 'cmake'
[0.332s] Level 1:colcon.colcon_core.package_identification:_identify(experiments/world_viability_20260608_200957/towrow.world_wide_two_row) by extension 'python'
[0.332s] Level 1:colcon.colcon_core.package_identification:_identify(experiments/world_viability_20260608_200957/towrow.world_wide_two_row) by extensions ['python_setup_py']
[0.332s] Level 1:colcon.colcon_core.package_identification:_identify(experiments/world_viability_20260608_200957/towrow.world_wide_two_row) by extension 'python_setup_py'
[0.332s] Level 1:colcon.colcon_core.package_identification:_identify(experiments/world_viability_20260608_200957/towrow.world_wide_two_row/logs) by extensions ['ignore', 'ignore_ament_install']
[0.332s] Level 1:colcon.colcon_core.package_identification:_identify(experiments/world_viability_20260608_200957/towrow.world_wide_two_row/logs) by extension 'ignore'
[0.332s] Level 1:colcon.colcon_core.package_identification:_identify(experiments/world_viability_20260608_200957/towrow.world_wide_two_row/logs) by extension 'ignore_ament_install'
[0.332s] Level 1:colcon.colcon_core.package_identification:_identify(experiments/world_viability_20260608_200957/towrow.world_wide_two_row/logs) by extensions ['colcon_pkg']
[0.332s] Level 1:colcon.colcon_core.package_identification:_identify(experiments/world_viability_20260608_200957/towrow.world_wide_two_row/logs) by extension 'colcon_pkg'
[0.333s] Level 1:colcon.colcon_core.package_identification:_identify(experiments/world_viability_20260608_200957/towrow.world_wide_two_row/logs) by extensions ['colcon_meta']
[0.333s] Level 1:colcon.colcon_core.package_identification:_identify(experiments/world_viability_20260608_200957/towrow.world_wide_two_row/logs) by extension 'colcon_meta'
[0.333s] Level 1:colcon.colcon_core.package_identification:_identify(experiments/world_viability_20260608_200957/towrow.world_wide_two_row/logs) by extensions ['ros']
[0.333s] Level 1:colcon.colcon_core.package_identification:_identify(experiments/world_viability_20260608_200957/towrow.world_wide_two_row/logs) by extension 'ros'
[0.333s] Level 1:colcon.colcon_core.package_identification:_identify(experiments/world_viability_20260608_200957/towrow.world_wide_two_row/logs) by extensions ['cmake', 'python']
[0.333s] Level 1:colcon.colcon_core.package_identification:_identify(experiments/world_viability_20260608_200957/towrow.world_wide_two_row/logs) by extension 'cmake'
[0.333s] Level 1:colcon.colcon_core.package_identification:_identify(experiments/world_viability_20260608_200957/towrow.world_wide_two_row/logs) by extension 'python'
[0.333s] Level 1:colcon.colcon_core.package_identification:_identify(experiments/world_viability_20260608_200957/towrow.world_wide_two_row/logs) by extensions ['python_setup_py']
[0.333s] Level 1:colcon.colcon_core.package_identification:_identify(experiments/world_viability_20260608_200957/towrow.world_wide_two_row/logs) by extension 'python_setup_py'
[0.333s] Level 1:colcon.colcon_core.package_identification:_identify(experiments/world_viability_20260608_200957/twoworld.world_default) by extensions ['ignore', 'ignore_ament_install']
[0.333s] Level 1:colcon.colcon_core.package_identification:_identify(experiments/world_viability_20260608_200957/twoworld.world_default) by extension 'ignore'
[0.333s] Level 1:colcon.colcon_core.package_identification:_identify(experiments/world_viability_20260608_200957/twoworld.world_default) by extension 'ignore_ament_install'
[0.333s] Level 1:colcon.colcon_core.package_identification:_identify(experiments/world_viability_20260608_200957/twoworld.world_default) by extensions ['colcon_pkg']
[0.333s] Level 1:colcon.colcon_core.package_identification:_identify(experiments/world_viability_20260608_200957/twoworld.world_default) by extension 'colcon_pkg'
[0.333s] Level 1:colcon.colcon_core.package_identification:_identify(experiments/world_viability_20260608_200957/twoworld.world_default) by extensions ['colcon_meta']
[0.333s] Level 1:colcon.colcon_core.package_identification:_identify(experiments/world_viability_20260608_200957/twoworld.world_default) by extension 'colcon_meta'
[0.333s] Level 1:colcon.colcon_core.package_identification:_identify(experiments/world_viability_20260608_200957/twoworld.world_default) by extensions ['ros']
[0.333s] Level 1:colcon.colcon_core.package_identification:_identify(experiments/world_viability_20260608_200957/twoworld.world_default) by extension 'ros'
[0.334s] Level 1:colcon.colcon_core.package_identification:_identify(experiments/world_viability_20260608_200957/twoworld.world_default) by extensions ['cmake', 'python']
[0.334s] Level 1:colcon.colcon_core.package_identification:_identify(experiments/world_viability_20260608_200957/twoworld.world_default) by extension 'cmake'
[0.334s] Level 1:colcon.colcon_core.package_identification:_identify(experiments/world_viability_20260608_200957/twoworld.world_default) by extension 'python'
[0.334s] Level 1:colcon.colcon_core.package_identification:_identify(experiments/world_viability_20260608_200957/twoworld.world_default) by extensions ['python_setup_py']
[0.334s] Level 1:colcon.colcon_core.package_identification:_identify(experiments/world_viability_20260608_200957/twoworld.world_default) by extension 'python_setup_py'
[0.334s] Level 1:colcon.colcon_core.package_identification:_identify(experiments/world_viability_20260608_200957/twoworld.world_default/logs) by extensions ['ignore', 'ignore_ament_install']
[0.334s] Level 1:colcon.colcon_core.package_identification:_identify(experiments/world_viability_20260608_200957/twoworld.world_default/logs) by extension 'ignore'
[0.334s] Level 1:colcon.colcon_core.package_identification:_identify(experiments/world_viability_20260608_200957/twoworld.world_default/logs) by extension 'ignore_ament_install'
[0.334s] Level 1:colcon.colcon_core.package_identification:_identify(experiments/world_viability_20260608_200957/twoworld.world_default/logs) by extensions ['colcon_pkg']
[0.334s] Level 1:colcon.colcon_core.package_identification:_identify(experiments/world_viability_20260608_200957/twoworld.world_default/logs) by extension 'colcon_pkg'
[0.334s] Level 1:colcon.colcon_core.package_identification:_identify(experiments/world_viability_20260608_200957/twoworld.world_default/logs) by extensions ['colcon_meta']
[0.334s] Level 1:colcon.colcon_core.package_identification:_identify(experiments/world_viability_20260608_200957/twoworld.world_default/logs) by extension 'colcon_meta'
[0.334s] Level 1:colcon.colcon_core.package_identification:_identify(experiments/world_viability_20260608_200957/twoworld.world_default/logs) by extensions ['ros']
[0.334s] Level 1:colcon.colcon_core.package_identification:_identify(experiments/world_viability_20260608_200957/twoworld.world_default/logs) by extension 'ros'
[0.334s] Level 1:colcon.colcon_core.package_identification:_identify(experiments/world_viability_20260608_200957/twoworld.world_default/logs) by extensions ['cmake', 'python']
[0.334s] Level 1:colcon.colcon_core.package_identification:_identify(experiments/world_viability_20260608_200957/twoworld.world_default/logs) by extension 'cmake'
[0.334s] Level 1:colcon.colcon_core.package_identification:_identify(experiments/world_viability_20260608_200957/twoworld.world_default/logs) by extension 'python'
[0.334s] Level 1:colcon.colcon_core.package_identification:_identify(experiments/world_viability_20260608_200957/twoworld.world_default/logs) by extensions ['python_setup_py']
[0.334s] Level 1:colcon.colcon_core.package_identification:_identify(experiments/world_viability_20260608_200957/twoworld.world_default/logs) by extension 'python_setup_py'
[0.335s] Level 1:colcon.colcon_core.package_identification:_identify(install) by extensions ['ignore', 'ignore_ament_install']
[0.335s] Level 1:colcon.colcon_core.package_identification:_identify(install) by extension 'ignore'
[0.335s] Level 1:colcon.colcon_core.package_identification:_identify(install) ignored
[0.335s] Level 1:colcon.colcon_core.package_identification:_identify(log) by extensions ['ignore', 'ignore_ament_install']
[0.335s] Level 1:colcon.colcon_core.package_identification:_identify(log) by extension 'ignore'
[0.335s] Level 1:colcon.colcon_core.package_identification:_identify(log) ignored
[0.335s] Level 1:colcon.colcon_core.package_identification:_identify(scripts) by extensions ['ignore', 'ignore_ament_install']
[0.335s] Level 1:colcon.colcon_core.package_identification:_identify(scripts) by extension 'ignore'
[0.335s] Level 1:colcon.colcon_core.package_identification:_identify(scripts) by extension 'ignore_ament_install'
[0.335s] Level 1:colcon.colcon_core.package_identification:_identify(scripts) by extensions ['colcon_pkg']
[0.335s] Level 1:colcon.colcon_core.package_identification:_identify(scripts) by extension 'colcon_pkg'
[0.335s] Level 1:colcon.colcon_core.package_identification:_identify(scripts) by extensions ['colcon_meta']
[0.335s] Level 1:colcon.colcon_core.package_identification:_identify(scripts) by extension 'colcon_meta'
[0.335s] Level 1:colcon.colcon_core.package_identification:_identify(scripts) by extensions ['ros']
[0.335s] Level 1:colcon.colcon_core.package_identification:_identify(scripts) by extension 'ros'
[0.336s] Level 1:colcon.colcon_core.package_identification:_identify(scripts) by extensions ['cmake', 'python']
[0.336s] Level 1:colcon.colcon_core.package_identification:_identify(scripts) by extension 'cmake'
[0.336s] Level 1:colcon.colcon_core.package_identification:_identify(scripts) by extension 'python'
[0.336s] Level 1:colcon.colcon_core.package_identification:_identify(scripts) by extensions ['python_setup_py']
[0.336s] Level 1:colcon.colcon_core.package_identification:_identify(scripts) by extension 'python_setup_py'
[0.336s] Level 1:colcon.colcon_core.package_identification:_identify(src) by extensions ['ignore', 'ignore_ament_install']
[0.336s] Level 1:colcon.colcon_core.package_identification:_identify(src) by extension 'ignore'
[0.336s] Level 1:colcon.colcon_core.package_identification:_identify(src) by extension 'ignore_ament_install'
[0.336s] Level 1:colcon.colcon_core.package_identification:_identify(src) by extensions ['colcon_pkg']
[0.336s] Level 1:colcon.colcon_core.package_identification:_identify(src) by extension 'colcon_pkg'
[0.336s] Level 1:colcon.colcon_core.package_identification:_identify(src) by extensions ['colcon_meta']
[0.336s] Level 1:colcon.colcon_core.package_identification:_identify(src) by extension 'colcon_meta'
[0.336s] Level 1:colcon.colcon_core.package_identification:_identify(src) by extensions ['ros']
[0.336s] Level 1:colcon.colcon_core.package_identification:_identify(src) by extension 'ros'
[0.336s] Level 1:colcon.colcon_core.package_identification:_identify(src) by extensions ['cmake', 'python']
[0.336s] Level 1:colcon.colcon_core.package_identification:_identify(src) by extension 'cmake'
[0.336s] Level 1:colcon.colcon_core.package_identification:_identify(src) by extension 'python'
[0.336s] Level 1:colcon.colcon_core.package_identification:_identify(src) by extensions ['python_setup_py']
[0.336s] Level 1:colcon.colcon_core.package_identification:_identify(src) by extension 'python_setup_py'
[0.337s] Level 1:colcon.colcon_core.package_identification:_identify(src/FAST_LIO) by extensions ['ignore', 'ignore_ament_install']
[0.337s] Level 1:colcon.colcon_core.package_identification:_identify(src/FAST_LIO) by extension 'ignore'
[0.337s] Level 1:colcon.colcon_core.package_identification:_identify(src/FAST_LIO) by extension 'ignore_ament_install'
[0.337s] Level 1:colcon.colcon_core.package_identification:_identify(src/FAST_LIO) by extensions ['colcon_pkg']
[0.337s] Level 1:colcon.colcon_core.package_identification:_identify(src/FAST_LIO) by extension 'colcon_pkg'
[0.337s] Level 1:colcon.colcon_core.package_identification:_identify(src/FAST_LIO) by extensions ['colcon_meta']
[0.337s] Level 1:colcon.colcon_core.package_identification:_identify(src/FAST_LIO) by extension 'colcon_meta'
[0.337s] Level 1:colcon.colcon_core.package_identification:_identify(src/FAST_LIO) by extensions ['ros']
[0.337s] Level 1:colcon.colcon_core.package_identification:_identify(src/FAST_LIO) by extension 'ros'
[0.340s] DEBUG:colcon.colcon_core.package_identification:Package 'src/FAST_LIO' with type 'ros.ament_cmake' and name 'fast_lio'
[0.340s] Level 1:colcon.colcon_core.package_identification:_identify(src/agribot_simulation) by extensions ['ignore', 'ignore_ament_install']
[0.340s] Level 1:colcon.colcon_core.package_identification:_identify(src/agribot_simulation) by extension 'ignore'
[0.340s] Level 1:colcon.colcon_core.package_identification:_identify(src/agribot_simulation) by extension 'ignore_ament_install'
[0.340s] Level 1:colcon.colcon_core.package_identification:_identify(src/agribot_simulation) by extensions ['colcon_pkg']
[0.340s] Level 1:colcon.colcon_core.package_identification:_identify(src/agribot_simulation) by extension 'colcon_pkg'
[0.340s] Level 1:colcon.colcon_core.package_identification:_identify(src/agribot_simulation) by extensions ['colcon_meta']
[0.340s] Level 1:colcon.colcon_core.package_identification:_identify(src/agribot_simulation) by extension 'colcon_meta'
[0.340s] Level 1:colcon.colcon_core.package_identification:_identify(src/agribot_simulation) by extensions ['ros']
[0.340s] Level 1:colcon.colcon_core.package_identification:_identify(src/agribot_simulation) by extension 'ros'
[0.341s] DEBUG:colcon.colcon_core.package_identification:Package 'src/agribot_simulation' with type 'ros.ament_cmake' and name 'agribot_simulation'
[0.341s] Level 1:colcon.colcon_core.package_identification:_identify(src/centerline_extraction) by extensions ['ignore', 'ignore_ament_install']
[0.341s] Level 1:colcon.colcon_core.package_identification:_identify(src/centerline_extraction) by extension 'ignore'
[0.341s] Level 1:colcon.colcon_core.package_identification:_identify(src/centerline_extraction) by extension 'ignore_ament_install'
[0.341s] Level 1:colcon.colcon_core.package_identification:_identify(src/centerline_extraction) by extensions ['colcon_pkg']
[0.341s] Level 1:colcon.colcon_core.package_identification:_identify(src/centerline_extraction) by extension 'colcon_pkg'
[0.341s] Level 1:colcon.colcon_core.package_identification:_identify(src/centerline_extraction) by extensions ['colcon_meta']
[0.341s] Level 1:colcon.colcon_core.package_identification:_identify(src/centerline_extraction) by extension 'colcon_meta'
[0.341s] Level 1:colcon.colcon_core.package_identification:_identify(src/centerline_extraction) by extensions ['ros']
[0.341s] Level 1:colcon.colcon_core.package_identification:_identify(src/centerline_extraction) by extension 'ros'
[0.342s] DEBUG:colcon.colcon_core.package_identification:Package 'src/centerline_extraction' with type 'ros.ament_cmake' and name 'centerline_extraction'
[0.342s] Level 1:colcon.colcon_core.package_identification:_identify(src/diff_drive_robot) by extensions ['ignore', 'ignore_ament_install']
[0.342s] Level 1:colcon.colcon_core.package_identification:_identify(src/diff_drive_robot) by extension 'ignore'
[0.342s] Level 1:colcon.colcon_core.package_identification:_identify(src/diff_drive_robot) by extension 'ignore_ament_install'
[0.343s] Level 1:colcon.colcon_core.package_identification:_identify(src/diff_drive_robot) by extensions ['colcon_pkg']
[0.343s] Level 1:colcon.colcon_core.package_identification:_identify(src/diff_drive_robot) by extension 'colcon_pkg'
[0.343s] Level 1:colcon.colcon_core.package_identification:_identify(src/diff_drive_robot) by extensions ['colcon_meta']
[0.343s] Level 1:colcon.colcon_core.package_identification:_identify(src/diff_drive_robot) by extension 'colcon_meta'
[0.343s] Level 1:colcon.colcon_core.package_identification:_identify(src/diff_drive_robot) by extensions ['ros']
[0.343s] Level 1:colcon.colcon_core.package_identification:_identify(src/diff_drive_robot) by extension 'ros'
[0.344s] DEBUG:colcon.colcon_core.package_identification:Package 'src/diff_drive_robot' with type 'ros.ament_cmake' and name 'diff_drive_robot'
[0.344s] Level 1:colcon.colcon_core.package_identification:_identify(src/livox_laser_simulation_ros2) by extensions ['ignore', 'ignore_ament_install']
[0.344s] Level 1:colcon.colcon_core.package_identification:_identify(src/livox_laser_simulation_ros2) by extension 'ignore'
[0.344s] Level 1:colcon.colcon_core.package_identification:_identify(src/livox_laser_simulation_ros2) by extension 'ignore_ament_install'
[0.344s] Level 1:colcon.colcon_core.package_identification:_identify(src/livox_laser_simulation_ros2) by extensions ['colcon_pkg']
[0.344s] Level 1:colcon.colcon_core.package_identification:_identify(src/livox_laser_simulation_ros2) by extension 'colcon_pkg'
[0.344s] Level 1:colcon.colcon_core.package_identification:_identify(src/livox_laser_simulation_ros2) by extensions ['colcon_meta']
[0.344s] Level 1:colcon.colcon_core.package_identification:_identify(src/livox_laser_simulation_ros2) by extension 'colcon_meta'
[0.344s] Level 1:colcon.colcon_core.package_identification:_identify(src/livox_laser_simulation_ros2) by extensions ['ros']
[0.344s] Level 1:colcon.colcon_core.package_identification:_identify(src/livox_laser_simulation_ros2) by extension 'ros'
[0.345s] DEBUG:colcon.colcon_core.package_identification:Package 'src/livox_laser_simulation_ros2' with type 'ros.ament_cmake' and name 'ros2_livox_simulation'
[0.345s] Level 1:colcon.colcon_core.package_identification:_identify(src/livox_ros_driver2) by extensions ['ignore', 'ignore_ament_install']
[0.345s] Level 1:colcon.colcon_core.package_identification:_identify(src/livox_ros_driver2) by extension 'ignore'
[0.345s] Level 1:colcon.colcon_core.package_identification:_identify(src/livox_ros_driver2) by extension 'ignore_ament_install'
[0.346s] Level 1:colcon.colcon_core.package_identification:_identify(src/livox_ros_driver2) by extensions ['colcon_pkg']
[0.346s] Level 1:colcon.colcon_core.package_identification:_identify(src/livox_ros_driver2) by extension 'colcon_pkg'
[0.346s] Level 1:colcon.colcon_core.package_identification:_identify(src/livox_ros_driver2) by extensions ['colcon_meta']
[0.346s] Level 1:colcon.colcon_core.package_identification:_identify(src/livox_ros_driver2) by extension 'colcon_meta'
[0.346s] Level 1:colcon.colcon_core.package_identification:_identify(src/livox_ros_driver2) by extensions ['ros']
[0.346s] Level 1:colcon.colcon_core.package_identification:_identify(src/livox_ros_driver2) by extension 'ros'
[0.347s] DEBUG:colcon.colcon_core.package_identification:Package 'src/livox_ros_driver2' with type 'ros.ament_cmake' and name 'livox_ros_driver2'
[0.347s] Level 1:colcon.colcon_core.package_identification:_identify(src/simple_diff_test) by extensions ['ignore', 'ignore_ament_install']
[0.347s] Level 1:colcon.colcon_core.package_identification:_identify(src/simple_diff_test) by extension 'ignore'
[0.347s] Level 1:colcon.colcon_core.package_identification:_identify(src/simple_diff_test) by extension 'ignore_ament_install'
[0.347s] Level 1:colcon.colcon_core.package_identification:_identify(src/simple_diff_test) by extensions ['colcon_pkg']
[0.347s] Level 1:colcon.colcon_core.package_identification:_identify(src/simple_diff_test) by extension 'colcon_pkg'
[0.347s] Level 1:colcon.colcon_core.package_identification:_identify(src/simple_diff_test) by extensions ['colcon_meta']
[0.347s] Level 1:colcon.colcon_core.package_identification:_identify(src/simple_diff_test) by extension 'colcon_meta'
[0.347s] Level 1:colcon.colcon_core.package_identification:_identify(src/simple_diff_test) by extensions ['ros']
[0.347s] Level 1:colcon.colcon_core.package_identification:_identify(src/simple_diff_test) by extension 'ros'
[0.347s] Level 1:colcon.colcon_core.package_identification:_identify(src/simple_diff_test) by extensions ['cmake', 'python']
[0.347s] Level 1:colcon.colcon_core.package_identification:_identify(src/simple_diff_test) by extension 'cmake'
[0.347s] Level 1:colcon.colcon_core.package_identification:_identify(src/simple_diff_test) by extension 'python'
[0.347s] Level 1:colcon.colcon_core.package_identification:_identify(src/simple_diff_test) by extensions ['python_setup_py']
[0.348s] Level 1:colcon.colcon_core.package_identification:_identify(src/simple_diff_test) by extension 'python_setup_py'
[0.348s] Level 1:colcon.colcon_core.package_identification:_identify(src/simple_diff_test/config) by extensions ['ignore', 'ignore_ament_install']
[0.348s] Level 1:colcon.colcon_core.package_identification:_identify(src/simple_diff_test/config) by extension 'ignore'
[0.348s] Level 1:colcon.colcon_core.package_identification:_identify(src/simple_diff_test/config) by extension 'ignore_ament_install'
[0.348s] Level 1:colcon.colcon_core.package_identification:_identify(src/simple_diff_test/config) by extensions ['colcon_pkg']
[0.348s] Level 1:colcon.colcon_core.package_identification:_identify(src/simple_diff_test/config) by extension 'colcon_pkg'
[0.348s] Level 1:colcon.colcon_core.package_identification:_identify(src/simple_diff_test/config) by extensions ['colcon_meta']
[0.348s] Level 1:colcon.colcon_core.package_identification:_identify(src/simple_diff_test/config) by extension 'colcon_meta'
[0.348s] Level 1:colcon.colcon_core.package_identification:_identify(src/simple_diff_test/config) by extensions ['ros']
[0.348s] Level 1:colcon.colcon_core.package_identification:_identify(src/simple_diff_test/config) by extension 'ros'
[0.348s] Level 1:colcon.colcon_core.package_identification:_identify(src/simple_diff_test/config) by extensions ['cmake', 'python']
[0.348s] Level 1:colcon.colcon_core.package_identification:_identify(src/simple_diff_test/config) by extension 'cmake'
[0.348s] Level 1:colcon.colcon_core.package_identification:_identify(src/simple_diff_test/config) by extension 'python'
[0.348s] Level 1:colcon.colcon_core.package_identification:_identify(src/simple_diff_test/config) by extensions ['python_setup_py']
[0.348s] Level 1:colcon.colcon_core.package_identification:_identify(src/simple_diff_test/config) by extension 'python_setup_py'
[0.348s] Level 1:colcon.colcon_core.package_identification:_identify(src/simple_diff_test/launch) by extensions ['ignore', 'ignore_ament_install']
[0.348s] Level 1:colcon.colcon_core.package_identification:_identify(src/simple_diff_test/launch) by extension 'ignore'
[0.349s] Level 1:colcon.colcon_core.package_identification:_identify(src/simple_diff_test/launch) by extension 'ignore_ament_install'
[0.349s] Level 1:colcon.colcon_core.package_identification:_identify(src/simple_diff_test/launch) by extensions ['colcon_pkg']
[0.349s] Level 1:colcon.colcon_core.package_identification:_identify(src/simple_diff_test/launch) by extension 'colcon_pkg'
[0.349s] Level 1:colcon.colcon_core.package_identification:_identify(src/simple_diff_test/launch) by extensions ['colcon_meta']
[0.349s] Level 1:colcon.colcon_core.package_identification:_identify(src/simple_diff_test/launch) by extension 'colcon_meta'
[0.349s] Level 1:colcon.colcon_core.package_identification:_identify(src/simple_diff_test/launch) by extensions ['ros']
[0.349s] Level 1:colcon.colcon_core.package_identification:_identify(src/simple_diff_test/launch) by extension 'ros'
[0.349s] Level 1:colcon.colcon_core.package_identification:_identify(src/simple_diff_test/launch) by extensions ['cmake', 'python']
[0.349s] Level 1:colcon.colcon_core.package_identification:_identify(src/simple_diff_test/launch) by extension 'cmake'
[0.349s] Level 1:colcon.colcon_core.package_identification:_identify(src/simple_diff_test/launch) by extension 'python'
[0.349s] Level 1:colcon.colcon_core.package_identification:_identify(src/simple_diff_test/launch) by extensions ['python_setup_py']
[0.349s] Level 1:colcon.colcon_core.package_identification:_identify(src/simple_diff_test/launch) by extension 'python_setup_py'
[0.349s] Level 1:colcon.colcon_core.package_identification:_identify(src/simple_diff_test/urdf) by extensions ['ignore', 'ignore_ament_install']
[0.349s] Level 1:colcon.colcon_core.package_identification:_identify(src/simple_diff_test/urdf) by extension 'ignore'
[0.349s] Level 1:colcon.colcon_core.package_identification:_identify(src/simple_diff_test/urdf) by extension 'ignore_ament_install'
[0.349s] Level 1:colcon.colcon_core.package_identification:_identify(src/simple_diff_test/urdf) by extensions ['colcon_pkg']
[0.349s] Level 1:colcon.colcon_core.package_identification:_identify(src/simple_diff_test/urdf) by extension 'colcon_pkg'
[0.349s] Level 1:colcon.colcon_core.package_identification:_identify(src/simple_diff_test/urdf) by extensions ['colcon_meta']
[0.349s] Level 1:colcon.colcon_core.package_identification:_identify(src/simple_diff_test/urdf) by extension 'colcon_meta'
[0.350s] Level 1:colcon.colcon_core.package_identification:_identify(src/simple_diff_test/urdf) by extensions ['ros']
[0.350s] Level 1:colcon.colcon_core.package_identification:_identify(src/simple_diff_test/urdf) by extension 'ros'
[0.350s] Level 1:colcon.colcon_core.package_identification:_identify(src/simple_diff_test/urdf) by extensions ['cmake', 'python']
[0.350s] Level 1:colcon.colcon_core.package_identification:_identify(src/simple_diff_test/urdf) by extension 'cmake'
[0.350s] Level 1:colcon.colcon_core.package_identification:_identify(src/simple_diff_test/urdf) by extension 'python'
[0.350s] Level 1:colcon.colcon_core.package_identification:_identify(src/simple_diff_test/urdf) by extensions ['python_setup_py']
[0.350s] Level 1:colcon.colcon_core.package_identification:_identify(src/simple_diff_test/urdf) by extension 'python_setup_py'
[0.350s] Level 1:colcon.colcon_core.package_discovery:discover_packages(recursive) using defaults
[0.350s] Level 1:colcon.colcon_core.package_discovery:discover_packages(ignore) discover
[0.350s] Level 1:colcon.colcon_core.package_discovery:discover_packages(ignore) using defaults
[0.350s] Level 1:colcon.colcon_core.package_discovery:discover_packages(path) discover
[0.350s] Level 1:colcon.colcon_core.package_discovery:discover_packages(path) using defaults
[0.375s] Level 1:colcon.colcon_core.package_discovery:discover_packages(prefix_path) check parameters
[0.376s] Level 1:colcon.colcon_core.package_discovery:discover_packages(prefix_path) discover
[0.377s] DEBUG:colcon.colcon_installed_package_information.package_discovery:Found 7 installed packages in /home/xkai/agribot/agribot_ws/install
[0.379s] DEBUG:colcon.colcon_installed_package_information.package_discovery:Found 334 installed packages in /opt/ros/humble
[0.380s] Level 1:colcon.colcon_core.package_discovery:discover_packages(prefix_path) using defaults
[0.417s] Level 5:colcon.colcon_core.verb:set package 'agribot_simulation' build argument 'cmake_args' from command line to 'None'
[0.417s] Level 5:colcon.colcon_core.verb:set package 'agribot_simulation' build argument 'cmake_target' from command line to 'None'
[0.417s] Level 5:colcon.colcon_core.verb:set package 'agribot_simulation' build argument 'cmake_target_skip_unavailable' from command line to 'False'
[0.418s] Level 5:colcon.colcon_core.verb:set package 'agribot_simulation' build argument 'cmake_clean_cache' from command line to 'False'
[0.418s] Level 5:colcon.colcon_core.verb:set package 'agribot_simulation' build argument 'cmake_clean_first' from command line to 'False'
[0.418s] Level 5:colcon.colcon_core.verb:set package 'agribot_simulation' build argument 'cmake_force_configure' from command line to 'False'
[0.418s] Level 5:colcon.colcon_core.verb:set package 'agribot_simulation' build argument 'ament_cmake_args' from command line to 'None'
[0.418s] Level 5:colcon.colcon_core.verb:set package 'agribot_simulation' build argument 'catkin_cmake_args' from command line to 'None'
[0.418s] Level 5:colcon.colcon_core.verb:set package 'agribot_simulation' build argument 'catkin_skip_building_tests' from command line to 'False'
[0.418s] DEBUG:colcon.colcon_core.verb:Building package 'agribot_simulation' with the following arguments: {'ament_cmake_args': None, 'build_base': '/home/xkai/agribot/agribot_ws/build/agribot_simulation', 'catkin_cmake_args': None, 'catkin_skip_building_tests': False, 'cmake_args': None, 'cmake_clean_cache': False, 'cmake_clean_first': False, 'cmake_force_configure': False, 'cmake_target': None, 'cmake_target_skip_unavailable': False, 'install_base': '/home/xkai/agribot/agribot_ws/install/agribot_simulation', 'merge_install': False, 'path': '/home/xkai/agribot/agribot_ws/src/agribot_simulation', 'symlink_install': False, 'test_result_base': None}
[0.418s] Level 5:colcon.colcon_core.verb:set package 'centerline_extraction' build argument 'cmake_args' from command line to 'None'
[0.418s] Level 5:colcon.colcon_core.verb:set package 'centerline_extraction' build argument 'cmake_target' from command line to 'None'
[0.418s] Level 5:colcon.colcon_core.verb:set package 'centerline_extraction' build argument 'cmake_target_skip_unavailable' from command line to 'False'
[0.418s] Level 5:colcon.colcon_core.verb:set package 'centerline_extraction' build argument 'cmake_clean_cache' from command line to 'False'
[0.418s] Level 5:colcon.colcon_core.verb:set package 'centerline_extraction' build argument 'cmake_clean_first' from command line to 'False'
[0.418s] Level 5:colcon.colcon_core.verb:set package 'centerline_extraction' build argument 'cmake_force_configure' from command line to 'False'
[0.418s] Level 5:colcon.colcon_core.verb:set package 'centerline_extraction' build argument 'ament_cmake_args' from command line to 'None'
[0.418s] Level 5:colcon.colcon_core.verb:set package 'centerline_extraction' build argument 'catkin_cmake_args' from command line to 'None'
[0.418s] Level 5:colcon.colcon_core.verb:set package 'centerline_extraction' build argument 'catkin_skip_building_tests' from command line to 'False'
[0.418s] DEBUG:colcon.colcon_core.verb:Building package 'centerline_extraction' with the following arguments: {'ament_cmake_args': None, 'build_base': '/home/xkai/agribot/agribot_ws/build/centerline_extraction', 'catkin_cmake_args': None, 'catkin_skip_building_tests': False, 'cmake_args': None, 'cmake_clean_cache': False, 'cmake_clean_first': False, 'cmake_force_configure': False, 'cmake_target': None, 'cmake_target_skip_unavailable': False, 'install_base': '/home/xkai/agribot/agribot_ws/install/centerline_extraction', 'merge_install': False, 'path': '/home/xkai/agribot/agribot_ws/src/centerline_extraction', 'symlink_install': False, 'test_result_base': None}
[0.419s] Level 5:colcon.colcon_core.verb:set package 'diff_drive_robot' build argument 'cmake_args' from command line to 'None'
[0.419s] Level 5:colcon.colcon_core.verb:set package 'diff_drive_robot' build argument 'cmake_target' from command line to 'None'
[0.419s] Level 5:colcon.colcon_core.verb:set package 'diff_drive_robot' build argument 'cmake_target_skip_unavailable' from command line to 'False'
[0.419s] Level 5:colcon.colcon_core.verb:set package 'diff_drive_robot' build argument 'cmake_clean_cache' from command line to 'False'
[0.419s] Level 5:colcon.colcon_core.verb:set package 'diff_drive_robot' build argument 'cmake_clean_first' from command line to 'False'
[0.419s] Level 5:colcon.colcon_core.verb:set package 'diff_drive_robot' build argument 'cmake_force_configure' from command line to 'False'
[0.419s] Level 5:colcon.colcon_core.verb:set package 'diff_drive_robot' build argument 'ament_cmake_args' from command line to 'None'
[0.419s] Level 5:colcon.colcon_core.verb:set package 'diff_drive_robot' build argument 'catkin_cmake_args' from command line to 'None'
[0.419s] Level 5:colcon.colcon_core.verb:set package 'diff_drive_robot' build argument 'catkin_skip_building_tests' from command line to 'False'
[0.419s] DEBUG:colcon.colcon_core.verb:Building package 'diff_drive_robot' with the following arguments: {'ament_cmake_args': None, 'build_base': '/home/xkai/agribot/agribot_ws/build/diff_drive_robot', 'catkin_cmake_args': None, 'catkin_skip_building_tests': False, 'cmake_args': None, 'cmake_clean_cache': False, 'cmake_clean_first': False, 'cmake_force_configure': False, 'cmake_target': None, 'cmake_target_skip_unavailable': False, 'install_base': '/home/xkai/agribot/agribot_ws/install/diff_drive_robot', 'merge_install': False, 'path': '/home/xkai/agribot/agribot_ws/src/diff_drive_robot', 'symlink_install': False, 'test_result_base': None}
[0.419s] Level 5:colcon.colcon_core.verb:set package 'livox_ros_driver2' build argument 'cmake_args' from command line to 'None'
[0.419s] Level 5:colcon.colcon_core.verb:set package 'livox_ros_driver2' build argument 'cmake_target' from command line to 'None'
[0.419s] Level 5:colcon.colcon_core.verb:set package 'livox_ros_driver2' build argument 'cmake_target_skip_unavailable' from command line to 'False'
[0.419s] Level 5:colcon.colcon_core.verb:set package 'livox_ros_driver2' build argument 'cmake_clean_cache' from command line to 'False'
[0.419s] Level 5:colcon.colcon_core.verb:set package 'livox_ros_driver2' build argument 'cmake_clean_first' from command line to 'False'
[0.419s] Level 5:colcon.colcon_core.verb:set package 'livox_ros_driver2' build argument 'cmake_force_configure' from command line to 'False'
[0.419s] Level 5:colcon.colcon_core.verb:set package 'livox_ros_driver2' build argument 'ament_cmake_args' from command line to 'None'
[0.419s] Level 5:colcon.colcon_core.verb:set package 'livox_ros_driver2' build argument 'catkin_cmake_args' from command line to 'None'
[0.419s] Level 5:colcon.colcon_core.verb:set package 'livox_ros_driver2' build argument 'catkin_skip_building_tests' from command line to 'False'
[0.419s] DEBUG:colcon.colcon_core.verb:Building package 'livox_ros_driver2' with the following arguments: {'ament_cmake_args': None, 'build_base': '/home/xkai/agribot/agribot_ws/build/livox_ros_driver2', 'catkin_cmake_args': None, 'catkin_skip_building_tests': False, 'cmake_args': None, 'cmake_clean_cache': False, 'cmake_clean_first': False, 'cmake_force_configure': False, 'cmake_target': None, 'cmake_target_skip_unavailable': False, 'install_base': '/home/xkai/agribot/agribot_ws/install/livox_ros_driver2', 'merge_install': False, 'path': '/home/xkai/agribot/agribot_ws/src/livox_ros_driver2', 'symlink_install': False, 'test_result_base': None}
[0.420s] Level 5:colcon.colcon_core.verb:set package 'fast_lio' build argument 'cmake_args' from command line to 'None'
[0.420s] Level 5:colcon.colcon_core.verb:set package 'fast_lio' build argument 'cmake_target' from command line to 'None'
[0.420s] Level 5:colcon.colcon_core.verb:set package 'fast_lio' build argument 'cmake_target_skip_unavailable' from command line to 'False'
[0.420s] Level 5:colcon.colcon_core.verb:set package 'fast_lio' build argument 'cmake_clean_cache' from command line to 'False'
[0.420s] Level 5:colcon.colcon_core.verb:set package 'fast_lio' build argument 'cmake_clean_first' from command line to 'False'
[0.420s] Level 5:colcon.colcon_core.verb:set package 'fast_lio' build argument 'cmake_force_configure' from command line to 'False'
[0.420s] Level 5:colcon.colcon_core.verb:set package 'fast_lio' build argument 'ament_cmake_args' from command line to 'None'
[0.420s] Level 5:colcon.colcon_core.verb:set package 'fast_lio' build argument 'catkin_cmake_args' from command line to 'None'
[0.420s] Level 5:colcon.colcon_core.verb:set package 'fast_lio' build argument 'catkin_skip_building_tests' from command line to 'False'
[0.420s] DEBUG:colcon.colcon_core.verb:Building package 'fast_lio' with the following arguments: {'ament_cmake_args': None, 'build_base': '/home/xkai/agribot/agribot_ws/build/fast_lio', 'catkin_cmake_args': None, 'catkin_skip_building_tests': False, 'cmake_args': None, 'cmake_clean_cache': False, 'cmake_clean_first': False, 'cmake_force_configure': False, 'cmake_target': None, 'cmake_target_skip_unavailable': False, 'install_base': '/home/xkai/agribot/agribot_ws/install/fast_lio', 'merge_install': False, 'path': '/home/xkai/agribot/agribot_ws/src/FAST_LIO', 'symlink_install': False, 'test_result_base': None}
[0.420s] Level 5:colcon.colcon_core.verb:set package 'ros2_livox_simulation' build argument 'cmake_args' from command line to 'None'
[0.420s] Level 5:colcon.colcon_core.verb:set package 'ros2_livox_simulation' build argument 'cmake_target' from command line to 'None'
[0.420s] Level 5:colcon.colcon_core.verb:set package 'ros2_livox_simulation' build argument 'cmake_target_skip_unavailable' from command line to 'False'
[0.420s] Level 5:colcon.colcon_core.verb:set package 'ros2_livox_simulation' build argument 'cmake_clean_cache' from command line to 'False'
[0.420s] Level 5:colcon.colcon_core.verb:set package 'ros2_livox_simulation' build argument 'cmake_clean_first' from command line to 'False'
[0.420s] Level 5:colcon.colcon_core.verb:set package 'ros2_livox_simulation' build argument 'cmake_force_configure' from command line to 'False'
[0.420s] Level 5:colcon.colcon_core.verb:set package 'ros2_livox_simulation' build argument 'ament_cmake_args' from command line to 'None'
[0.420s] Level 5:colcon.colcon_core.verb:set package 'ros2_livox_simulation' build argument 'catkin_cmake_args' from command line to 'None'
[0.420s] Level 5:colcon.colcon_core.verb:set package 'ros2_livox_simulation' build argument 'catkin_skip_building_tests' from command line to 'False'
[0.420s] DEBUG:colcon.colcon_core.verb:Building package 'ros2_livox_simulation' with the following arguments: {'ament_cmake_args': None, 'build_base': '/home/xkai/agribot/agribot_ws/build/ros2_livox_simulation', 'catkin_cmake_args': None, 'catkin_skip_building_tests': False, 'cmake_args': None, 'cmake_clean_cache': False, 'cmake_clean_first': False, 'cmake_force_configure': False, 'cmake_target': None, 'cmake_target_skip_unavailable': False, 'install_base': '/home/xkai/agribot/agribot_ws/install/ros2_livox_simulation', 'merge_install': False, 'path': '/home/xkai/agribot/agribot_ws/src/livox_laser_simulation_ros2', 'symlink_install': False, 'test_result_base': None}
[0.420s] INFO:colcon.colcon_core.executor:Executing jobs using 'parallel' executor
[0.421s] DEBUG:colcon.colcon_parallel_executor.executor.parallel:run_until_complete
[0.421s] INFO:colcon.colcon_ros.task.ament_cmake.build:Building ROS package in '/home/xkai/agribot/agribot_ws/src/livox_ros_driver2' with build type 'ament_cmake'
[0.421s] INFO:colcon.colcon_cmake.task.cmake.build:Building CMake package in '/home/xkai/agribot/agribot_ws/src/livox_ros_driver2'
[0.423s] INFO:colcon.colcon_core.plugin_system:Skipping extension 'colcon_core.shell.bat': Not used on non-Windows systems
[0.423s] INFO:colcon.colcon_core.shell:Skip shell extension 'powershell' for command environment: Not usable outside of PowerShell
[0.423s] DEBUG:colcon.colcon_core.shell:Skip shell extension 'dsv' for command environment
[0.426s] INFO:colcon.colcon_ros.task.ament_cmake.build:Building ROS package in '/home/xkai/agribot/agribot_ws/src/agribot_simulation' with build type 'ament_cmake'
[0.426s] INFO:colcon.colcon_cmake.task.cmake.build:Building CMake package in '/home/xkai/agribot/agribot_ws/src/agribot_simulation'
[0.427s] INFO:colcon.colcon_core.shell:Skip shell extension 'powershell' for command environment: Not usable outside of PowerShell
[0.427s] DEBUG:colcon.colcon_core.shell:Skip shell extension 'dsv' for command environment
[0.430s] INFO:colcon.colcon_ros.task.ament_cmake.build:Building ROS package in '/home/xkai/agribot/agribot_ws/src/centerline_extraction' with build type 'ament_cmake'
[0.430s] INFO:colcon.colcon_cmake.task.cmake.build:Building CMake package in '/home/xkai/agribot/agribot_ws/src/centerline_extraction'
[0.430s] INFO:colcon.colcon_core.shell:Skip shell extension 'powershell' for command environment: Not usable outside of PowerShell
[0.430s] DEBUG:colcon.colcon_core.shell:Skip shell extension 'dsv' for command environment
[0.435s] INFO:colcon.colcon_ros.task.ament_cmake.build:Building ROS package in '/home/xkai/agribot/agribot_ws/src/diff_drive_robot' with build type 'ament_cmake'
[0.435s] INFO:colcon.colcon_cmake.task.cmake.build:Building CMake package in '/home/xkai/agribot/agribot_ws/src/diff_drive_robot'
[0.435s] INFO:colcon.colcon_core.shell:Skip shell extension 'powershell' for command environment: Not usable outside of PowerShell
[0.436s] DEBUG:colcon.colcon_core.shell:Skip shell extension 'dsv' for command environment
[0.445s] DEBUG:colcon.colcon_core.event_handler.log_command:Invoking command in '/home/xkai/agribot/agribot_ws/build/livox_ros_driver2': CMAKE_PREFIX_PATH=${CMAKE_PREFIX_PATH}:/opt/ros/humble /usr/bin/cmake --build /home/xkai/agribot/agribot_ws/build/livox_ros_driver2 -- -j8 -l8
[0.447s] DEBUG:colcon.colcon_core.event_handler.log_command:Invoking command in '/home/xkai/agribot/agribot_ws/build/agribot_simulation': CMAKE_PREFIX_PATH=${CMAKE_PREFIX_PATH}:/opt/ros/humble /usr/bin/cmake --build /home/xkai/agribot/agribot_ws/build/agribot_simulation -- -j8 -l8
[0.450s] DEBUG:colcon.colcon_core.event_handler.log_command:Invoking command in '/home/xkai/agribot/agribot_ws/build/centerline_extraction': CMAKE_PREFIX_PATH=${CMAKE_PREFIX_PATH}:/opt/ros/humble /usr/bin/cmake /home/xkai/agribot/agribot_ws/src/centerline_extraction -DCMAKE_INSTALL_PREFIX=/home/xkai/agribot/agribot_ws/install/centerline_extraction
[0.457s] DEBUG:colcon.colcon_core.event_handler.log_command:Invoking command in '/home/xkai/agribot/agribot_ws/build/diff_drive_robot': CMAKE_PREFIX_PATH=${CMAKE_PREFIX_PATH}:/opt/ros/humble /usr/bin/cmake /home/xkai/agribot/agribot_ws/src/diff_drive_robot -DCMAKE_INSTALL_PREFIX=/home/xkai/agribot/agribot_ws/install/diff_drive_robot
[0.484s] DEBUG:colcon.colcon_core.event_handler.log_command:Invoked command in '/home/xkai/agribot/agribot_ws/build/agribot_simulation' returned '0': CMAKE_PREFIX_PATH=${CMAKE_PREFIX_PATH}:/opt/ros/humble /usr/bin/cmake --build /home/xkai/agribot/agribot_ws/build/agribot_simulation -- -j8 -l8
[0.494s] DEBUG:colcon.colcon_core.event_handler.log_command:Invoking command in '/home/xkai/agribot/agribot_ws/build/agribot_simulation': CMAKE_PREFIX_PATH=${CMAKE_PREFIX_PATH}:/opt/ros/humble /usr/bin/cmake --install /home/xkai/agribot/agribot_ws/build/agribot_simulation
[0.548s] Level 1:colcon.colcon_core.environment:create_environment_scripts_only(agribot_simulation)
[0.548s] DEBUG:colcon.colcon_core.event_handler.log_command:Invoked command in '/home/xkai/agribot/agribot_ws/build/agribot_simulation' returned '0': CMAKE_PREFIX_PATH=${CMAKE_PREFIX_PATH}:/opt/ros/humble /usr/bin/cmake --install /home/xkai/agribot/agribot_ws/build/agribot_simulation
[0.551s] Level 1:colcon.colcon_core.environment:checking '/home/xkai/agribot/agribot_ws/install/agribot_simulation' for CMake module files
[0.552s] Level 1:colcon.colcon_core.environment:checking '/home/xkai/agribot/agribot_ws/install/agribot_simulation' for CMake config files
[0.553s] Level 1:colcon.colcon_core.shell:create_environment_hook('agribot_simulation', 'cmake_prefix_path')
[0.553s] INFO:colcon.colcon_core.shell:Creating environment hook '/home/xkai/agribot/agribot_ws/install/agribot_simulation/share/agribot_simulation/hook/cmake_prefix_path.ps1'
[0.554s] INFO:colcon.colcon_core.shell:Creating environment descriptor '/home/xkai/agribot/agribot_ws/install/agribot_simulation/share/agribot_simulation/hook/cmake_prefix_path.dsv'
[0.555s] INFO:colcon.colcon_core.shell:Creating environment hook '/home/xkai/agribot/agribot_ws/install/agribot_simulation/share/agribot_simulation/hook/cmake_prefix_path.sh'
[0.556s] Level 1:colcon.colcon_core.environment:checking '/home/xkai/agribot/agribot_ws/install/agribot_simulation/bin'
[0.556s] Level 1:colcon.colcon_core.environment:checking '/home/xkai/agribot/agribot_ws/install/agribot_simulation/lib/pkgconfig/agribot_simulation.pc'
[0.557s] Level 1:colcon.colcon_core.environment:checking '/home/xkai/agribot/agribot_ws/install/agribot_simulation/lib/python3.10/site-packages'
[0.557s] Level 1:colcon.colcon_core.environment:checking '/home/xkai/agribot/agribot_ws/install/agribot_simulation/bin'
[0.558s] INFO:colcon.colcon_core.shell:Creating package script '/home/xkai/agribot/agribot_ws/install/agribot_simulation/share/agribot_simulation/package.ps1'
[0.559s] INFO:colcon.colcon_core.shell:Creating package descriptor '/home/xkai/agribot/agribot_ws/install/agribot_simulation/share/agribot_simulation/package.dsv'
[0.560s] INFO:colcon.colcon_core.shell:Creating package script '/home/xkai/agribot/agribot_ws/install/agribot_simulation/share/agribot_simulation/package.sh'
[0.560s] INFO:colcon.colcon_core.shell:Creating package script '/home/xkai/agribot/agribot_ws/install/agribot_simulation/share/agribot_simulation/package.bash'
[0.561s] INFO:colcon.colcon_core.shell:Creating package script '/home/xkai/agribot/agribot_ws/install/agribot_simulation/share/agribot_simulation/package.zsh'
[0.562s] Level 1:colcon.colcon_core.environment:create_file_with_runtime_dependencies(/home/xkai/agribot/agribot_ws/install/agribot_simulation/share/colcon-core/packages/agribot_simulation)
[0.562s] Level 1:colcon.colcon_core.environment:create_environment_scripts_only(agribot_simulation)
[0.563s] Level 1:colcon.colcon_core.environment:checking '/home/xkai/agribot/agribot_ws/install/agribot_simulation' for CMake module files
[0.563s] Level 1:colcon.colcon_core.environment:checking '/home/xkai/agribot/agribot_ws/install/agribot_simulation' for CMake config files
[0.564s] Level 1:colcon.colcon_core.shell:create_environment_hook('agribot_simulation', 'cmake_prefix_path')
[0.564s] INFO:colcon.colcon_core.shell:Creating environment hook '/home/xkai/agribot/agribot_ws/install/agribot_simulation/share/agribot_simulation/hook/cmake_prefix_path.ps1'
[0.565s] INFO:colcon.colcon_core.shell:Creating environment descriptor '/home/xkai/agribot/agribot_ws/install/agribot_simulation/share/agribot_simulation/hook/cmake_prefix_path.dsv'
[0.565s] INFO:colcon.colcon_core.shell:Creating environment hook '/home/xkai/agribot/agribot_ws/install/agribot_simulation/share/agribot_simulation/hook/cmake_prefix_path.sh'
[0.566s] Level 1:colcon.colcon_core.environment:checking '/home/xkai/agribot/agribot_ws/install/agribot_simulation/bin'
[0.566s] Level 1:colcon.colcon_core.environment:checking '/home/xkai/agribot/agribot_ws/install/agribot_simulation/lib/pkgconfig/agribot_simulation.pc'
[0.566s] Level 1:colcon.colcon_core.environment:checking '/home/xkai/agribot/agribot_ws/install/agribot_simulation/lib/python3.10/site-packages'
[0.566s] Level 1:colcon.colcon_core.environment:checking '/home/xkai/agribot/agribot_ws/install/agribot_simulation/bin'
[0.567s] INFO:colcon.colcon_core.shell:Creating package script '/home/xkai/agribot/agribot_ws/install/agribot_simulation/share/agribot_simulation/package.ps1'
[0.568s] INFO:colcon.colcon_core.shell:Creating package descriptor '/home/xkai/agribot/agribot_ws/install/agribot_simulation/share/agribot_simulation/package.dsv'
[0.569s] INFO:colcon.colcon_core.shell:Creating package script '/home/xkai/agribot/agribot_ws/install/agribot_simulation/share/agribot_simulation/package.sh'
[0.569s] INFO:colcon.colcon_core.shell:Creating package script '/home/xkai/agribot/agribot_ws/install/agribot_simulation/share/agribot_simulation/package.bash'
[0.570s] INFO:colcon.colcon_core.shell:Creating package script '/home/xkai/agribot/agribot_ws/install/agribot_simulation/share/agribot_simulation/package.zsh'
[0.570s] Level 1:colcon.colcon_core.environment:create_file_with_runtime_dependencies(/home/xkai/agribot/agribot_ws/install/agribot_simulation/share/colcon-core/packages/agribot_simulation)
[0.882s] DEBUG:colcon.colcon_core.event_handler.log_command:Invoked command in '/home/xkai/agribot/agribot_ws/build/livox_ros_driver2' returned '0': CMAKE_PREFIX_PATH=${CMAKE_PREFIX_PATH}:/opt/ros/humble /usr/bin/cmake --build /home/xkai/agribot/agribot_ws/build/livox_ros_driver2 -- -j8 -l8
[0.884s] DEBUG:colcon.colcon_core.event_handler.log_command:Invoking command in '/home/xkai/agribot/agribot_ws/build/livox_ros_driver2': CMAKE_PREFIX_PATH=${CMAKE_PREFIX_PATH}:/opt/ros/humble /usr/bin/cmake --install /home/xkai/agribot/agribot_ws/build/livox_ros_driver2
[0.955s] Level 1:colcon.colcon_core.environment:create_environment_scripts_only(livox_ros_driver2)
[0.955s] Level 1:colcon.colcon_core.environment:checking '/home/xkai/agribot/agribot_ws/install/livox_ros_driver2' for CMake module files
[0.956s] DEBUG:colcon.colcon_core.event_handler.log_command:Invoked command in '/home/xkai/agribot/agribot_ws/build/livox_ros_driver2' returned '0': CMAKE_PREFIX_PATH=${CMAKE_PREFIX_PATH}:/opt/ros/humble /usr/bin/cmake --install /home/xkai/agribot/agribot_ws/build/livox_ros_driver2
[0.956s] Level 1:colcon.colcon_core.environment:checking '/home/xkai/agribot/agribot_ws/install/livox_ros_driver2' for CMake config files
[0.957s] Level 1:colcon.colcon_core.shell:create_environment_hook('livox_ros_driver2', 'cmake_prefix_path')
[0.957s] INFO:colcon.colcon_core.shell:Creating environment hook '/home/xkai/agribot/agribot_ws/install/livox_ros_driver2/share/livox_ros_driver2/hook/cmake_prefix_path.ps1'
[0.958s] INFO:colcon.colcon_core.shell:Creating environment descriptor '/home/xkai/agribot/agribot_ws/install/livox_ros_driver2/share/livox_ros_driver2/hook/cmake_prefix_path.dsv'
[0.958s] INFO:colcon.colcon_core.shell:Creating environment hook '/home/xkai/agribot/agribot_ws/install/livox_ros_driver2/share/livox_ros_driver2/hook/cmake_prefix_path.sh'
[0.959s] Level 1:colcon.colcon_core.environment:checking '/home/xkai/agribot/agribot_ws/install/livox_ros_driver2/lib'
[0.959s] Level 1:colcon.colcon_core.shell:create_environment_hook('livox_ros_driver2', 'ld_library_path_lib')
[0.959s] INFO:colcon.colcon_core.shell:Creating environment hook '/home/xkai/agribot/agribot_ws/install/livox_ros_driver2/share/livox_ros_driver2/hook/ld_library_path_lib.ps1'
[0.960s] INFO:colcon.colcon_core.shell:Creating environment descriptor '/home/xkai/agribot/agribot_ws/install/livox_ros_driver2/share/livox_ros_driver2/hook/ld_library_path_lib.dsv'
[0.960s] INFO:colcon.colcon_core.shell:Creating environment hook '/home/xkai/agribot/agribot_ws/install/livox_ros_driver2/share/livox_ros_driver2/hook/ld_library_path_lib.sh'
[0.961s] Level 1:colcon.colcon_core.environment:checking '/home/xkai/agribot/agribot_ws/install/livox_ros_driver2/bin'
[0.961s] Level 1:colcon.colcon_core.environment:checking '/home/xkai/agribot/agribot_ws/install/livox_ros_driver2/lib/pkgconfig/livox_ros_driver2.pc'
[0.961s] Level 1:colcon.colcon_core.environment:checking '/home/xkai/agribot/agribot_ws/install/livox_ros_driver2/lib/python3.10/site-packages'
[0.962s] Level 1:colcon.colcon_core.environment:checking '/home/xkai/agribot/agribot_ws/install/livox_ros_driver2/bin'
[0.962s] INFO:colcon.colcon_core.shell:Creating package script '/home/xkai/agribot/agribot_ws/install/livox_ros_driver2/share/livox_ros_driver2/package.ps1'
[0.964s] INFO:colcon.colcon_core.shell:Creating package descriptor '/home/xkai/agribot/agribot_ws/install/livox_ros_driver2/share/livox_ros_driver2/package.dsv'
[0.965s] INFO:colcon.colcon_core.shell:Creating package script '/home/xkai/agribot/agribot_ws/install/livox_ros_driver2/share/livox_ros_driver2/package.sh'
[0.965s] INFO:colcon.colcon_core.shell:Creating package script '/home/xkai/agribot/agribot_ws/install/livox_ros_driver2/share/livox_ros_driver2/package.bash'
[0.966s] INFO:colcon.colcon_core.shell:Creating package script '/home/xkai/agribot/agribot_ws/install/livox_ros_driver2/share/livox_ros_driver2/package.zsh'
[0.967s] Level 1:colcon.colcon_core.environment:create_file_with_runtime_dependencies(/home/xkai/agribot/agribot_ws/install/livox_ros_driver2/share/colcon-core/packages/livox_ros_driver2)
[0.967s] Level 1:colcon.colcon_core.environment:create_environment_scripts_only(livox_ros_driver2)
[0.968s] Level 1:colcon.colcon_core.environment:checking '/home/xkai/agribot/agribot_ws/install/livox_ros_driver2' for CMake module files
[0.969s] Level 1:colcon.colcon_core.environment:checking '/home/xkai/agribot/agribot_ws/install/livox_ros_driver2' for CMake config files
[0.969s] Level 1:colcon.colcon_core.shell:create_environment_hook('livox_ros_driver2', 'cmake_prefix_path')
[0.970s] INFO:colcon.colcon_core.shell:Creating environment hook '/home/xkai/agribot/agribot_ws/install/livox_ros_driver2/share/livox_ros_driver2/hook/cmake_prefix_path.ps1'
[0.970s] INFO:colcon.colcon_core.shell:Creating environment descriptor '/home/xkai/agribot/agribot_ws/install/livox_ros_driver2/share/livox_ros_driver2/hook/cmake_prefix_path.dsv'
[0.971s] INFO:colcon.colcon_core.shell:Creating environment hook '/home/xkai/agribot/agribot_ws/install/livox_ros_driver2/share/livox_ros_driver2/hook/cmake_prefix_path.sh'
[0.972s] Level 1:colcon.colcon_core.environment:checking '/home/xkai/agribot/agribot_ws/install/livox_ros_driver2/lib'
[0.972s] Level 1:colcon.colcon_core.shell:create_environment_hook('livox_ros_driver2', 'ld_library_path_lib')
[0.972s] INFO:colcon.colcon_core.shell:Creating environment hook '/home/xkai/agribot/agribot_ws/install/livox_ros_driver2/share/livox_ros_driver2/hook/ld_library_path_lib.ps1'
[0.973s] INFO:colcon.colcon_core.shell:Creating environment descriptor '/home/xkai/agribot/agribot_ws/install/livox_ros_driver2/share/livox_ros_driver2/hook/ld_library_path_lib.dsv'
[0.974s] INFO:colcon.colcon_core.shell:Creating environment hook '/home/xkai/agribot/agribot_ws/install/livox_ros_driver2/share/livox_ros_driver2/hook/ld_library_path_lib.sh'
[0.974s] Level 1:colcon.colcon_core.environment:checking '/home/xkai/agribot/agribot_ws/install/livox_ros_driver2/bin'
[0.974s] Level 1:colcon.colcon_core.environment:checking '/home/xkai/agribot/agribot_ws/install/livox_ros_driver2/lib/pkgconfig/livox_ros_driver2.pc'
[0.975s] Level 1:colcon.colcon_core.environment:checking '/home/xkai/agribot/agribot_ws/install/livox_ros_driver2/lib/python3.10/site-packages'
[0.975s] Level 1:colcon.colcon_core.environment:checking '/home/xkai/agribot/agribot_ws/install/livox_ros_driver2/bin'
[0.976s] INFO:colcon.colcon_core.shell:Creating package script '/home/xkai/agribot/agribot_ws/install/livox_ros_driver2/share/livox_ros_driver2/package.ps1'
[0.977s] INFO:colcon.colcon_core.shell:Creating package descriptor '/home/xkai/agribot/agribot_ws/install/livox_ros_driver2/share/livox_ros_driver2/package.dsv'
[0.978s] INFO:colcon.colcon_core.shell:Creating package script '/home/xkai/agribot/agribot_ws/install/livox_ros_driver2/share/livox_ros_driver2/package.sh'
[0.978s] INFO:colcon.colcon_core.shell:Creating package script '/home/xkai/agribot/agribot_ws/install/livox_ros_driver2/share/livox_ros_driver2/package.bash'
[0.979s] INFO:colcon.colcon_core.shell:Creating package script '/home/xkai/agribot/agribot_ws/install/livox_ros_driver2/share/livox_ros_driver2/package.zsh'
[0.979s] Level 1:colcon.colcon_core.environment:create_file_with_runtime_dependencies(/home/xkai/agribot/agribot_ws/install/livox_ros_driver2/share/colcon-core/packages/livox_ros_driver2)
[0.980s] INFO:colcon.colcon_ros.task.ament_cmake.build:Building ROS package in '/home/xkai/agribot/agribot_ws/src/FAST_LIO' with build type 'ament_cmake'
[0.980s] INFO:colcon.colcon_cmake.task.cmake.build:Building CMake package in '/home/xkai/agribot/agribot_ws/src/FAST_LIO'
[0.980s] INFO:colcon.colcon_core.shell:Skip shell extension 'powershell' for command environment: Not usable outside of PowerShell
[0.980s] DEBUG:colcon.colcon_core.shell:Skip shell extension 'dsv' for command environment
[0.987s] INFO:colcon.colcon_ros.task.ament_cmake.build:Building ROS package in '/home/xkai/agribot/agribot_ws/src/livox_laser_simulation_ros2' with build type 'ament_cmake'
[0.987s] INFO:colcon.colcon_cmake.task.cmake.build:Building CMake package in '/home/xkai/agribot/agribot_ws/src/livox_laser_simulation_ros2'
[0.987s] INFO:colcon.colcon_core.shell:Skip shell extension 'powershell' for command environment: Not usable outside of PowerShell
[0.987s] DEBUG:colcon.colcon_core.shell:Skip shell extension 'dsv' for command environment
[1.007s] DEBUG:colcon.colcon_core.event_handler.log_command:Invoking command in '/home/xkai/agribot/agribot_ws/build/fast_lio': CMAKE_PREFIX_PATH=/home/xkai/agribot/agribot_ws/install/livox_ros_driver2:/home/xkai/agribot/agribot_ws/install/simple_diff_test:/home/xkai/agribot/agribot_ws/install/ros2_livox_simulation:/home/xkai/agribot/agribot_ws/install/fast_lio:/home/xkai/agribot/agribot_ws/install/diff_drive_robot:/home/xkai/agribot/agribot_ws/install/centerline_extraction:/home/xkai/agribot/agribot_ws/install/agribot_simulation:/opt/ros/humble LD_LIBRARY_PATH=/home/xkai/agribot/agribot_ws/install/livox_ros_driver2/lib:/home/xkai/agribot/agribot_ws/install/ros2_livox_simulation/lib:/home/xkai/agribot/agribot_ws/install/fast_lio/lib:/usr/lib/x86_64-linux-gnu/gazebo-11/plugins:/opt/ros/humble/opt/rviz_ogre_vendor/lib:/opt/ros/humble/lib/x86_64-linux-gnu:/opt/ros/humble/lib /usr/bin/cmake --build /home/xkai/agribot/agribot_ws/build/fast_lio -- -j8 -l8
[1.017s] DEBUG:colcon.colcon_core.event_handler.log_command:Invoking command in '/home/xkai/agribot/agribot_ws/build/ros2_livox_simulation': CMAKE_PREFIX_PATH=/home/xkai/agribot/agribot_ws/install/livox_ros_driver2:/home/xkai/agribot/agribot_ws/install/simple_diff_test:/home/xkai/agribot/agribot_ws/install/ros2_livox_simulation:/home/xkai/agribot/agribot_ws/install/fast_lio:/home/xkai/agribot/agribot_ws/install/diff_drive_robot:/home/xkai/agribot/agribot_ws/install/centerline_extraction:/home/xkai/agribot/agribot_ws/install/agribot_simulation:/opt/ros/humble LD_LIBRARY_PATH=/home/xkai/agribot/agribot_ws/install/livox_ros_driver2/lib:/home/xkai/agribot/agribot_ws/install/ros2_livox_simulation/lib:/home/xkai/agribot/agribot_ws/install/fast_lio/lib:/usr/lib/x86_64-linux-gnu/gazebo-11/plugins:/opt/ros/humble/opt/rviz_ogre_vendor/lib:/opt/ros/humble/lib/x86_64-linux-gnu:/opt/ros/humble/lib /usr/bin/cmake --build /home/xkai/agribot/agribot_ws/build/ros2_livox_simulation -- -j8 -l8
[1.186s] DEBUG:colcon.colcon_core.event_handler.log_command:Invoked command in '/home/xkai/agribot/agribot_ws/build/ros2_livox_simulation' returned '0': CMAKE_PREFIX_PATH=/home/xkai/agribot/agribot_ws/install/livox_ros_driver2:/home/xkai/agribot/agribot_ws/install/simple_diff_test:/home/xkai/agribot/agribot_ws/install/ros2_livox_simulation:/home/xkai/agribot/agribot_ws/install/fast_lio:/home/xkai/agribot/agribot_ws/install/diff_drive_robot:/home/xkai/agribot/agribot_ws/install/centerline_extraction:/home/xkai/agribot/agribot_ws/install/agribot_simulation:/opt/ros/humble LD_LIBRARY_PATH=/home/xkai/agribot/agribot_ws/install/livox_ros_driver2/lib:/home/xkai/agribot/agribot_ws/install/ros2_livox_simulation/lib:/home/xkai/agribot/agribot_ws/install/fast_lio/lib:/usr/lib/x86_64-linux-gnu/gazebo-11/plugins:/opt/ros/humble/opt/rviz_ogre_vendor/lib:/opt/ros/humble/lib/x86_64-linux-gnu:/opt/ros/humble/lib /usr/bin/cmake --build /home/xkai/agribot/agribot_ws/build/ros2_livox_simulation -- -j8 -l8
[1.188s] DEBUG:colcon.colcon_core.event_handler.log_command:Invoking command in '/home/xkai/agribot/agribot_ws/build/ros2_livox_simulation': CMAKE_PREFIX_PATH=/home/xkai/agribot/agribot_ws/install/livox_ros_driver2:/home/xkai/agribot/agribot_ws/install/simple_diff_test:/home/xkai/agribot/agribot_ws/install/ros2_livox_simulation:/home/xkai/agribot/agribot_ws/install/fast_lio:/home/xkai/agribot/agribot_ws/install/diff_drive_robot:/home/xkai/agribot/agribot_ws/install/centerline_extraction:/home/xkai/agribot/agribot_ws/install/agribot_simulation:/opt/ros/humble LD_LIBRARY_PATH=/home/xkai/agribot/agribot_ws/install/livox_ros_driver2/lib:/home/xkai/agribot/agribot_ws/install/ros2_livox_simulation/lib:/home/xkai/agribot/agribot_ws/install/fast_lio/lib:/usr/lib/x86_64-linux-gnu/gazebo-11/plugins:/opt/ros/humble/opt/rviz_ogre_vendor/lib:/opt/ros/humble/lib/x86_64-linux-gnu:/opt/ros/humble/lib /usr/bin/cmake --install /home/xkai/agribot/agribot_ws/build/ros2_livox_simulation
[1.231s] Level 1:colcon.colcon_core.environment:create_environment_scripts_only(ros2_livox_simulation)
[1.231s] Level 1:colcon.colcon_core.environment:checking '/home/xkai/agribot/agribot_ws/install/ros2_livox_simulation' for CMake module files
[1.232s] Level 1:colcon.colcon_core.environment:checking '/home/xkai/agribot/agribot_ws/install/ros2_livox_simulation' for CMake config files
[1.232s] Level 1:colcon.colcon_core.shell:create_environment_hook('ros2_livox_simulation', 'cmake_prefix_path')
[1.232s] INFO:colcon.colcon_core.shell:Creating environment hook '/home/xkai/agribot/agribot_ws/install/ros2_livox_simulation/share/ros2_livox_simulation/hook/cmake_prefix_path.ps1'
[1.235s] INFO:colcon.colcon_core.shell:Creating environment descriptor '/home/xkai/agribot/agribot_ws/install/ros2_livox_simulation/share/ros2_livox_simulation/hook/cmake_prefix_path.dsv'
[1.237s] DEBUG:colcon.colcon_core.event_handler.log_command:Invoked command in '/home/xkai/agribot/agribot_ws/build/ros2_livox_simulation' returned '0': CMAKE_PREFIX_PATH=/home/xkai/agribot/agribot_ws/install/livox_ros_driver2:/home/xkai/agribot/agribot_ws/install/simple_diff_test:/home/xkai/agribot/agribot_ws/install/ros2_livox_simulation:/home/xkai/agribot/agribot_ws/install/fast_lio:/home/xkai/agribot/agribot_ws/install/diff_drive_robot:/home/xkai/agribot/agribot_ws/install/centerline_extraction:/home/xkai/agribot/agribot_ws/install/agribot_simulation:/opt/ros/humble LD_LIBRARY_PATH=/home/xkai/agribot/agribot_ws/install/livox_ros_driver2/lib:/home/xkai/agribot/agribot_ws/install/ros2_livox_simulation/lib:/home/xkai/agribot/agribot_ws/install/fast_lio/lib:/usr/lib/x86_64-linux-gnu/gazebo-11/plugins:/opt/ros/humble/opt/rviz_ogre_vendor/lib:/opt/ros/humble/lib/x86_64-linux-gnu:/opt/ros/humble/lib /usr/bin/cmake --install /home/xkai/agribot/agribot_ws/build/ros2_livox_simulation
[1.237s] INFO:colcon.colcon_core.shell:Creating environment hook '/home/xkai/agribot/agribot_ws/install/ros2_livox_simulation/share/ros2_livox_simulation/hook/cmake_prefix_path.sh'
[1.239s] Level 1:colcon.colcon_core.environment:checking '/home/xkai/agribot/agribot_ws/install/ros2_livox_simulation/lib'
[1.239s] Level 1:colcon.colcon_core.shell:create_environment_hook('ros2_livox_simulation', 'ld_library_path_lib')
[1.240s] INFO:colcon.colcon_core.shell:Creating environment hook '/home/xkai/agribot/agribot_ws/install/ros2_livox_simulation/share/ros2_livox_simulation/hook/ld_library_path_lib.ps1'
[1.242s] INFO:colcon.colcon_core.shell:Creating environment descriptor '/home/xkai/agribot/agribot_ws/install/ros2_livox_simulation/share/ros2_livox_simulation/hook/ld_library_path_lib.dsv'
[1.244s] INFO:colcon.colcon_core.shell:Creating environment hook '/home/xkai/agribot/agribot_ws/install/ros2_livox_simulation/share/ros2_livox_simulation/hook/ld_library_path_lib.sh'
[1.245s] Level 1:colcon.colcon_core.environment:checking '/home/xkai/agribot/agribot_ws/install/ros2_livox_simulation/bin'
[1.245s] Level 1:colcon.colcon_core.environment:checking '/home/xkai/agribot/agribot_ws/install/ros2_livox_simulation/lib/pkgconfig/ros2_livox_simulation.pc'
[1.246s] Level 1:colcon.colcon_core.environment:checking '/home/xkai/agribot/agribot_ws/install/ros2_livox_simulation/lib/python3.10/site-packages'
[1.246s] Level 1:colcon.colcon_core.environment:checking '/home/xkai/agribot/agribot_ws/install/ros2_livox_simulation/bin'
[1.247s] INFO:colcon.colcon_core.shell:Creating package script '/home/xkai/agribot/agribot_ws/install/ros2_livox_simulation/share/ros2_livox_simulation/package.ps1'
[1.249s] INFO:colcon.colcon_core.shell:Creating package descriptor '/home/xkai/agribot/agribot_ws/install/ros2_livox_simulation/share/ros2_livox_simulation/package.dsv'
[1.250s] INFO:colcon.colcon_core.shell:Creating package script '/home/xkai/agribot/agribot_ws/install/ros2_livox_simulation/share/ros2_livox_simulation/package.sh'
[1.250s] INFO:colcon.colcon_core.shell:Creating package script '/home/xkai/agribot/agribot_ws/install/ros2_livox_simulation/share/ros2_livox_simulation/package.bash'
[1.252s] INFO:colcon.colcon_core.shell:Creating package script '/home/xkai/agribot/agribot_ws/install/ros2_livox_simulation/share/ros2_livox_simulation/package.zsh'
[1.253s] Level 1:colcon.colcon_core.environment:create_file_with_runtime_dependencies(/home/xkai/agribot/agribot_ws/install/ros2_livox_simulation/share/colcon-core/packages/ros2_livox_simulation)
[1.253s] Level 1:colcon.colcon_core.environment:create_environment_scripts_only(ros2_livox_simulation)
[1.254s] Level 1:colcon.colcon_core.environment:checking '/home/xkai/agribot/agribot_ws/install/ros2_livox_simulation' for CMake module files
[1.254s] Level 1:colcon.colcon_core.environment:checking '/home/xkai/agribot/agribot_ws/install/ros2_livox_simulation' for CMake config files
[1.255s] Level 1:colcon.colcon_core.shell:create_environment_hook('ros2_livox_simulation', 'cmake_prefix_path')
[1.255s] INFO:colcon.colcon_core.shell:Creating environment hook '/home/xkai/agribot/agribot_ws/install/ros2_livox_simulation/share/ros2_livox_simulation/hook/cmake_prefix_path.ps1'
[1.256s] INFO:colcon.colcon_core.shell:Creating environment descriptor '/home/xkai/agribot/agribot_ws/install/ros2_livox_simulation/share/ros2_livox_simulation/hook/cmake_prefix_path.dsv'
[1.256s] INFO:colcon.colcon_core.shell:Creating environment hook '/home/xkai/agribot/agribot_ws/install/ros2_livox_simulation/share/ros2_livox_simulation/hook/cmake_prefix_path.sh'
[1.258s] Level 1:colcon.colcon_core.environment:checking '/home/xkai/agribot/agribot_ws/install/ros2_livox_simulation/lib'
[1.258s] Level 1:colcon.colcon_core.shell:create_environment_hook('ros2_livox_simulation', 'ld_library_path_lib')
[1.258s] INFO:colcon.colcon_core.shell:Creating environment hook '/home/xkai/agribot/agribot_ws/install/ros2_livox_simulation/share/ros2_livox_simulation/hook/ld_library_path_lib.ps1'
[1.259s] INFO:colcon.colcon_core.shell:Creating environment descriptor '/home/xkai/agribot/agribot_ws/install/ros2_livox_simulation/share/ros2_livox_simulation/hook/ld_library_path_lib.dsv'
[1.259s] INFO:colcon.colcon_core.shell:Creating environment hook '/home/xkai/agribot/agribot_ws/install/ros2_livox_simulation/share/ros2_livox_simulation/hook/ld_library_path_lib.sh'
[1.260s] Level 1:colcon.colcon_core.environment:checking '/home/xkai/agribot/agribot_ws/install/ros2_livox_simulation/bin'
[1.260s] Level 1:colcon.colcon_core.environment:checking '/home/xkai/agribot/agribot_ws/install/ros2_livox_simulation/lib/pkgconfig/ros2_livox_simulation.pc'
[1.260s] Level 1:colcon.colcon_core.environment:checking '/home/xkai/agribot/agribot_ws/install/ros2_livox_simulation/lib/python3.10/site-packages'
[1.261s] Level 1:colcon.colcon_core.environment:checking '/home/xkai/agribot/agribot_ws/install/ros2_livox_simulation/bin'
[1.262s] INFO:colcon.colcon_core.shell:Creating package script '/home/xkai/agribot/agribot_ws/install/ros2_livox_simulation/share/ros2_livox_simulation/package.ps1'
[1.263s] INFO:colcon.colcon_core.shell:Creating package descriptor '/home/xkai/agribot/agribot_ws/install/ros2_livox_simulation/share/ros2_livox_simulation/package.dsv'
[1.264s] INFO:colcon.colcon_core.shell:Creating package script '/home/xkai/agribot/agribot_ws/install/ros2_livox_simulation/share/ros2_livox_simulation/package.sh'
[1.265s] INFO:colcon.colcon_core.shell:Creating package script '/home/xkai/agribot/agribot_ws/install/ros2_livox_simulation/share/ros2_livox_simulation/package.bash'
[1.265s] INFO:colcon.colcon_core.shell:Creating package script '/home/xkai/agribot/agribot_ws/install/ros2_livox_simulation/share/ros2_livox_simulation/package.zsh'
[1.266s] Level 1:colcon.colcon_core.environment:create_file_with_runtime_dependencies(/home/xkai/agribot/agribot_ws/install/ros2_livox_simulation/share/colcon-core/packages/ros2_livox_simulation)
[1.277s] DEBUG:colcon.colcon_core.event_handler.log_command:Invoked command in '/home/xkai/agribot/agribot_ws/build/diff_drive_robot' returned '0': CMAKE_PREFIX_PATH=${CMAKE_PREFIX_PATH}:/opt/ros/humble /usr/bin/cmake /home/xkai/agribot/agribot_ws/src/diff_drive_robot -DCMAKE_INSTALL_PREFIX=/home/xkai/agribot/agribot_ws/install/diff_drive_robot
[1.279s] DEBUG:colcon.colcon_core.event_handler.log_command:Invoking command in '/home/xkai/agribot/agribot_ws/build/diff_drive_robot': CMAKE_PREFIX_PATH=${CMAKE_PREFIX_PATH}:/opt/ros/humble /usr/bin/cmake --build /home/xkai/agribot/agribot_ws/build/diff_drive_robot -- -j8 -l8
[1.353s] DEBUG:colcon.colcon_core.event_handler.log_command:Invoked command in '/home/xkai/agribot/agribot_ws/build/diff_drive_robot' returned '0': CMAKE_PREFIX_PATH=${CMAKE_PREFIX_PATH}:/opt/ros/humble /usr/bin/cmake --build /home/xkai/agribot/agribot_ws/build/diff_drive_robot -- -j8 -l8
[1.354s] DEBUG:colcon.colcon_core.event_handler.log_command:Invoking command in '/home/xkai/agribot/agribot_ws/build/diff_drive_robot': CMAKE_PREFIX_PATH=${CMAKE_PREFIX_PATH}:/opt/ros/humble /usr/bin/cmake --install /home/xkai/agribot/agribot_ws/build/diff_drive_robot
[1.384s] Level 1:colcon.colcon_core.environment:create_environment_scripts_only(diff_drive_robot)
[1.385s] Level 1:colcon.colcon_core.environment:checking '/home/xkai/agribot/agribot_ws/install/diff_drive_robot' for CMake module files
[1.385s] Level 1:colcon.colcon_core.environment:checking '/home/xkai/agribot/agribot_ws/install/diff_drive_robot' for CMake config files
[1.386s] Level 1:colcon.colcon_core.shell:create_environment_hook('diff_drive_robot', 'cmake_prefix_path')
[1.386s] INFO:colcon.colcon_core.shell:Creating environment hook '/home/xkai/agribot/agribot_ws/install/diff_drive_robot/share/diff_drive_robot/hook/cmake_prefix_path.ps1'
[1.386s] INFO:colcon.colcon_core.shell:Creating environment descriptor '/home/xkai/agribot/agribot_ws/install/diff_drive_robot/share/diff_drive_robot/hook/cmake_prefix_path.dsv'
[1.387s] INFO:colcon.colcon_core.shell:Creating environment hook '/home/xkai/agribot/agribot_ws/install/diff_drive_robot/share/diff_drive_robot/hook/cmake_prefix_path.sh'
[1.387s] Level 1:colcon.colcon_core.environment:checking '/home/xkai/agribot/agribot_ws/install/diff_drive_robot/bin'
[1.388s] Level 1:colcon.colcon_core.environment:checking '/home/xkai/agribot/agribot_ws/install/diff_drive_robot/lib/pkgconfig/diff_drive_robot.pc'
[1.388s] Level 1:colcon.colcon_core.environment:checking '/home/xkai/agribot/agribot_ws/install/diff_drive_robot/lib/python3.10/site-packages'
[1.388s] DEBUG:colcon.colcon_core.event_handler.log_command:Invoked command in '/home/xkai/agribot/agribot_ws/build/diff_drive_robot' returned '0': CMAKE_PREFIX_PATH=${CMAKE_PREFIX_PATH}:/opt/ros/humble /usr/bin/cmake --install /home/xkai/agribot/agribot_ws/build/diff_drive_robot
[1.389s] Level 1:colcon.colcon_core.environment:checking '/home/xkai/agribot/agribot_ws/install/diff_drive_robot/bin'
[1.390s] INFO:colcon.colcon_core.shell:Creating package script '/home/xkai/agribot/agribot_ws/install/diff_drive_robot/share/diff_drive_robot/package.ps1'
[1.391s] INFO:colcon.colcon_core.shell:Creating package descriptor '/home/xkai/agribot/agribot_ws/install/diff_drive_robot/share/diff_drive_robot/package.dsv'
[1.391s] INFO:colcon.colcon_core.shell:Creating package script '/home/xkai/agribot/agribot_ws/install/diff_drive_robot/share/diff_drive_robot/package.sh'
[1.392s] INFO:colcon.colcon_core.shell:Creating package script '/home/xkai/agribot/agribot_ws/install/diff_drive_robot/share/diff_drive_robot/package.bash'
[1.393s] INFO:colcon.colcon_core.shell:Creating package script '/home/xkai/agribot/agribot_ws/install/diff_drive_robot/share/diff_drive_robot/package.zsh'
[1.393s] Level 1:colcon.colcon_core.environment:create_file_with_runtime_dependencies(/home/xkai/agribot/agribot_ws/install/diff_drive_robot/share/colcon-core/packages/diff_drive_robot)
[1.396s] Level 1:colcon.colcon_core.environment:create_environment_scripts_only(diff_drive_robot)
[1.396s] Level 1:colcon.colcon_core.environment:checking '/home/xkai/agribot/agribot_ws/install/diff_drive_robot' for CMake module files
[1.397s] Level 1:colcon.colcon_core.environment:checking '/home/xkai/agribot/agribot_ws/install/diff_drive_robot' for CMake config files
[1.398s] Level 1:colcon.colcon_core.shell:create_environment_hook('diff_drive_robot', 'cmake_prefix_path')
[1.398s] INFO:colcon.colcon_core.shell:Creating environment hook '/home/xkai/agribot/agribot_ws/install/diff_drive_robot/share/diff_drive_robot/hook/cmake_prefix_path.ps1'
[1.399s] INFO:colcon.colcon_core.shell:Creating environment descriptor '/home/xkai/agribot/agribot_ws/install/diff_drive_robot/share/diff_drive_robot/hook/cmake_prefix_path.dsv'
[1.400s] INFO:colcon.colcon_core.shell:Creating environment hook '/home/xkai/agribot/agribot_ws/install/diff_drive_robot/share/diff_drive_robot/hook/cmake_prefix_path.sh'
[1.400s] Level 1:colcon.colcon_core.environment:checking '/home/xkai/agribot/agribot_ws/install/diff_drive_robot/bin'
[1.401s] Level 1:colcon.colcon_core.environment:checking '/home/xkai/agribot/agribot_ws/install/diff_drive_robot/lib/pkgconfig/diff_drive_robot.pc'
[1.401s] Level 1:colcon.colcon_core.environment:checking '/home/xkai/agribot/agribot_ws/install/diff_drive_robot/lib/python3.10/site-packages'
[1.401s] Level 1:colcon.colcon_core.environment:checking '/home/xkai/agribot/agribot_ws/install/diff_drive_robot/bin'
[1.402s] INFO:colcon.colcon_core.shell:Creating package script '/home/xkai/agribot/agribot_ws/install/diff_drive_robot/share/diff_drive_robot/package.ps1'
[1.407s] INFO:colcon.colcon_core.shell:Creating package descriptor '/home/xkai/agribot/agribot_ws/install/diff_drive_robot/share/diff_drive_robot/package.dsv'
[1.408s] INFO:colcon.colcon_core.shell:Creating package script '/home/xkai/agribot/agribot_ws/install/diff_drive_robot/share/diff_drive_robot/package.sh'
[1.409s] INFO:colcon.colcon_core.shell:Creating package script '/home/xkai/agribot/agribot_ws/install/diff_drive_robot/share/diff_drive_robot/package.bash'
[1.409s] INFO:colcon.colcon_core.shell:Creating package script '/home/xkai/agribot/agribot_ws/install/diff_drive_robot/share/diff_drive_robot/package.zsh'
[1.410s] Level 1:colcon.colcon_core.environment:create_file_with_runtime_dependencies(/home/xkai/agribot/agribot_ws/install/diff_drive_robot/share/colcon-core/packages/diff_drive_robot)
[1.523s] DEBUG:colcon.colcon_core.event_handler.log_command:Invoked command in '/home/xkai/agribot/agribot_ws/build/fast_lio' returned '0': CMAKE_PREFIX_PATH=/home/xkai/agribot/agribot_ws/install/livox_ros_driver2:/home/xkai/agribot/agribot_ws/install/simple_diff_test:/home/xkai/agribot/agribot_ws/install/ros2_livox_simulation:/home/xkai/agribot/agribot_ws/install/fast_lio:/home/xkai/agribot/agribot_ws/install/diff_drive_robot:/home/xkai/agribot/agribot_ws/install/centerline_extraction:/home/xkai/agribot/agribot_ws/install/agribot_simulation:/opt/ros/humble LD_LIBRARY_PATH=/home/xkai/agribot/agribot_ws/install/livox_ros_driver2/lib:/home/xkai/agribot/agribot_ws/install/ros2_livox_simulation/lib:/home/xkai/agribot/agribot_ws/install/fast_lio/lib:/usr/lib/x86_64-linux-gnu/gazebo-11/plugins:/opt/ros/humble/opt/rviz_ogre_vendor/lib:/opt/ros/humble/lib/x86_64-linux-gnu:/opt/ros/humble/lib /usr/bin/cmake --build /home/xkai/agribot/agribot_ws/build/fast_lio -- -j8 -l8
[1.525s] DEBUG:colcon.colcon_core.event_handler.log_command:Invoking command in '/home/xkai/agribot/agribot_ws/build/fast_lio': CMAKE_PREFIX_PATH=/home/xkai/agribot/agribot_ws/install/livox_ros_driver2:/home/xkai/agribot/agribot_ws/install/simple_diff_test:/home/xkai/agribot/agribot_ws/install/ros2_livox_simulation:/home/xkai/agribot/agribot_ws/install/fast_lio:/home/xkai/agribot/agribot_ws/install/diff_drive_robot:/home/xkai/agribot/agribot_ws/install/centerline_extraction:/home/xkai/agribot/agribot_ws/install/agribot_simulation:/opt/ros/humble LD_LIBRARY_PATH=/home/xkai/agribot/agribot_ws/install/livox_ros_driver2/lib:/home/xkai/agribot/agribot_ws/install/ros2_livox_simulation/lib:/home/xkai/agribot/agribot_ws/install/fast_lio/lib:/usr/lib/x86_64-linux-gnu/gazebo-11/plugins:/opt/ros/humble/opt/rviz_ogre_vendor/lib:/opt/ros/humble/lib/x86_64-linux-gnu:/opt/ros/humble/lib /usr/bin/cmake --install /home/xkai/agribot/agribot_ws/build/fast_lio
[1.600s] Level 1:colcon.colcon_core.environment:create_environment_scripts_only(fast_lio)
[1.600s] Level 1:colcon.colcon_core.environment:checking '/home/xkai/agribot/agribot_ws/install/fast_lio' for CMake module files
[1.600s] DEBUG:colcon.colcon_core.event_handler.log_command:Invoked command in '/home/xkai/agribot/agribot_ws/build/fast_lio' returned '0': CMAKE_PREFIX_PATH=/home/xkai/agribot/agribot_ws/install/livox_ros_driver2:/home/xkai/agribot/agribot_ws/install/simple_diff_test:/home/xkai/agribot/agribot_ws/install/ros2_livox_simulation:/home/xkai/agribot/agribot_ws/install/fast_lio:/home/xkai/agribot/agribot_ws/install/diff_drive_robot:/home/xkai/agribot/agribot_ws/install/centerline_extraction:/home/xkai/agribot/agribot_ws/install/agribot_simulation:/opt/ros/humble LD_LIBRARY_PATH=/home/xkai/agribot/agribot_ws/install/livox_ros_driver2/lib:/home/xkai/agribot/agribot_ws/install/ros2_livox_simulation/lib:/home/xkai/agribot/agribot_ws/install/fast_lio/lib:/usr/lib/x86_64-linux-gnu/gazebo-11/plugins:/opt/ros/humble/opt/rviz_ogre_vendor/lib:/opt/ros/humble/lib/x86_64-linux-gnu:/opt/ros/humble/lib /usr/bin/cmake --install /home/xkai/agribot/agribot_ws/build/fast_lio
[1.601s] Level 1:colcon.colcon_core.environment:checking '/home/xkai/agribot/agribot_ws/install/fast_lio' for CMake config files
[1.602s] Level 1:colcon.colcon_core.shell:create_environment_hook('fast_lio', 'cmake_prefix_path')
[1.602s] INFO:colcon.colcon_core.shell:Creating environment hook '/home/xkai/agribot/agribot_ws/install/fast_lio/share/fast_lio/hook/cmake_prefix_path.ps1'
[1.603s] INFO:colcon.colcon_core.shell:Creating environment descriptor '/home/xkai/agribot/agribot_ws/install/fast_lio/share/fast_lio/hook/cmake_prefix_path.dsv'
[1.603s] INFO:colcon.colcon_core.shell:Creating environment hook '/home/xkai/agribot/agribot_ws/install/fast_lio/share/fast_lio/hook/cmake_prefix_path.sh'
[1.604s] Level 1:colcon.colcon_core.environment:checking '/home/xkai/agribot/agribot_ws/install/fast_lio/lib'
[1.604s] Level 1:colcon.colcon_core.shell:create_environment_hook('fast_lio', 'ld_library_path_lib')
[1.605s] INFO:colcon.colcon_core.shell:Creating environment hook '/home/xkai/agribot/agribot_ws/install/fast_lio/share/fast_lio/hook/ld_library_path_lib.ps1'
[1.605s] INFO:colcon.colcon_core.shell:Creating environment descriptor '/home/xkai/agribot/agribot_ws/install/fast_lio/share/fast_lio/hook/ld_library_path_lib.dsv'
[1.606s] INFO:colcon.colcon_core.shell:Creating environment hook '/home/xkai/agribot/agribot_ws/install/fast_lio/share/fast_lio/hook/ld_library_path_lib.sh'
[1.606s] Level 1:colcon.colcon_core.environment:checking '/home/xkai/agribot/agribot_ws/install/fast_lio/bin'
[1.606s] Level 1:colcon.colcon_core.environment:checking '/home/xkai/agribot/agribot_ws/install/fast_lio/lib/pkgconfig/fast_lio.pc'
[1.606s] Level 1:colcon.colcon_core.environment:checking '/home/xkai/agribot/agribot_ws/install/fast_lio/lib/python3.10/site-packages'
[1.607s] Level 1:colcon.colcon_core.environment:checking '/home/xkai/agribot/agribot_ws/install/fast_lio/bin'
[1.607s] INFO:colcon.colcon_core.shell:Creating package script '/home/xkai/agribot/agribot_ws/install/fast_lio/share/fast_lio/package.ps1'
[1.608s] INFO:colcon.colcon_core.shell:Creating package descriptor '/home/xkai/agribot/agribot_ws/install/fast_lio/share/fast_lio/package.dsv'
[1.609s] INFO:colcon.colcon_core.shell:Creating package script '/home/xkai/agribot/agribot_ws/install/fast_lio/share/fast_lio/package.sh'
[1.610s] INFO:colcon.colcon_core.shell:Creating package script '/home/xkai/agribot/agribot_ws/install/fast_lio/share/fast_lio/package.bash'
[1.610s] INFO:colcon.colcon_core.shell:Creating package script '/home/xkai/agribot/agribot_ws/install/fast_lio/share/fast_lio/package.zsh'
[1.610s] Level 1:colcon.colcon_core.environment:create_file_with_runtime_dependencies(/home/xkai/agribot/agribot_ws/install/fast_lio/share/colcon-core/packages/fast_lio)
[1.611s] Level 1:colcon.colcon_core.environment:create_environment_scripts_only(fast_lio)
[1.612s] Level 1:colcon.colcon_core.environment:checking '/home/xkai/agribot/agribot_ws/install/fast_lio' for CMake module files
[1.613s] Level 1:colcon.colcon_core.environment:checking '/home/xkai/agribot/agribot_ws/install/fast_lio' for CMake config files
[1.613s] Level 1:colcon.colcon_core.shell:create_environment_hook('fast_lio', 'cmake_prefix_path')
[1.614s] INFO:colcon.colcon_core.shell:Creating environment hook '/home/xkai/agribot/agribot_ws/install/fast_lio/share/fast_lio/hook/cmake_prefix_path.ps1'
[1.614s] INFO:colcon.colcon_core.shell:Creating environment descriptor '/home/xkai/agribot/agribot_ws/install/fast_lio/share/fast_lio/hook/cmake_prefix_path.dsv'
[1.615s] INFO:colcon.colcon_core.shell:Creating environment hook '/home/xkai/agribot/agribot_ws/install/fast_lio/share/fast_lio/hook/cmake_prefix_path.sh'
[1.616s] Level 1:colcon.colcon_core.environment:checking '/home/xkai/agribot/agribot_ws/install/fast_lio/lib'
[1.616s] Level 1:colcon.colcon_core.shell:create_environment_hook('fast_lio', 'ld_library_path_lib')
[1.616s] INFO:colcon.colcon_core.shell:Creating environment hook '/home/xkai/agribot/agribot_ws/install/fast_lio/share/fast_lio/hook/ld_library_path_lib.ps1'
[1.617s] INFO:colcon.colcon_core.shell:Creating environment descriptor '/home/xkai/agribot/agribot_ws/install/fast_lio/share/fast_lio/hook/ld_library_path_lib.dsv'
[1.617s] INFO:colcon.colcon_core.shell:Creating environment hook '/home/xkai/agribot/agribot_ws/install/fast_lio/share/fast_lio/hook/ld_library_path_lib.sh'
[1.617s] Level 1:colcon.colcon_core.environment:checking '/home/xkai/agribot/agribot_ws/install/fast_lio/bin'
[1.618s] Level 1:colcon.colcon_core.environment:checking '/home/xkai/agribot/agribot_ws/install/fast_lio/lib/pkgconfig/fast_lio.pc'
[1.618s] Level 1:colcon.colcon_core.environment:checking '/home/xkai/agribot/agribot_ws/install/fast_lio/lib/python3.10/site-packages'
[1.618s] Level 1:colcon.colcon_core.environment:checking '/home/xkai/agribot/agribot_ws/install/fast_lio/bin'
[1.618s] INFO:colcon.colcon_core.shell:Creating package script '/home/xkai/agribot/agribot_ws/install/fast_lio/share/fast_lio/package.ps1'
[1.619s] INFO:colcon.colcon_core.shell:Creating package descriptor '/home/xkai/agribot/agribot_ws/install/fast_lio/share/fast_lio/package.dsv'
[1.620s] INFO:colcon.colcon_core.shell:Creating package script '/home/xkai/agribot/agribot_ws/install/fast_lio/share/fast_lio/package.sh'
[1.620s] INFO:colcon.colcon_core.shell:Creating package script '/home/xkai/agribot/agribot_ws/install/fast_lio/share/fast_lio/package.bash'
[1.620s] INFO:colcon.colcon_core.shell:Creating package script '/home/xkai/agribot/agribot_ws/install/fast_lio/share/fast_lio/package.zsh'
[1.621s] Level 1:colcon.colcon_core.environment:create_file_with_runtime_dependencies(/home/xkai/agribot/agribot_ws/install/fast_lio/share/colcon-core/packages/fast_lio)
[2.784s] DEBUG:colcon.colcon_core.event_handler.log_command:Invoked command in '/home/xkai/agribot/agribot_ws/build/centerline_extraction' returned '0': CMAKE_PREFIX_PATH=${CMAKE_PREFIX_PATH}:/opt/ros/humble /usr/bin/cmake /home/xkai/agribot/agribot_ws/src/centerline_extraction -DCMAKE_INSTALL_PREFIX=/home/xkai/agribot/agribot_ws/install/centerline_extraction
[2.785s] DEBUG:colcon.colcon_core.event_handler.log_command:Invoking command in '/home/xkai/agribot/agribot_ws/build/centerline_extraction': CMAKE_PREFIX_PATH=${CMAKE_PREFIX_PATH}:/opt/ros/humble /usr/bin/cmake --build /home/xkai/agribot/agribot_ws/build/centerline_extraction -- -j8 -l8
[2.912s] DEBUG:colcon.colcon_core.event_handler.log_command:Invoked command in '/home/xkai/agribot/agribot_ws/build/centerline_extraction' returned '0': CMAKE_PREFIX_PATH=${CMAKE_PREFIX_PATH}:/opt/ros/humble /usr/bin/cmake --build /home/xkai/agribot/agribot_ws/build/centerline_extraction -- -j8 -l8
[2.915s] DEBUG:colcon.colcon_core.event_handler.log_command:Invoking command in '/home/xkai/agribot/agribot_ws/build/centerline_extraction': CMAKE_PREFIX_PATH=${CMAKE_PREFIX_PATH}:/opt/ros/humble /usr/bin/cmake --install /home/xkai/agribot/agribot_ws/build/centerline_extraction
[2.962s] Level 1:colcon.colcon_core.environment:create_environment_scripts_only(centerline_extraction)
[2.963s] Level 1:colcon.colcon_core.environment:checking '/home/xkai/agribot/agribot_ws/install/centerline_extraction' for CMake module files
[2.964s] Level 1:colcon.colcon_core.environment:checking '/home/xkai/agribot/agribot_ws/install/centerline_extraction' for CMake config files
[2.964s] Level 1:colcon.colcon_core.shell:create_environment_hook('centerline_extraction', 'cmake_prefix_path')
[2.964s] INFO:colcon.colcon_core.shell:Creating environment hook '/home/xkai/agribot/agribot_ws/install/centerline_extraction/share/centerline_extraction/hook/cmake_prefix_path.ps1'
[2.965s] INFO:colcon.colcon_core.shell:Creating environment descriptor '/home/xkai/agribot/agribot_ws/install/centerline_extraction/share/centerline_extraction/hook/cmake_prefix_path.dsv'
[2.965s] INFO:colcon.colcon_core.shell:Creating environment hook '/home/xkai/agribot/agribot_ws/install/centerline_extraction/share/centerline_extraction/hook/cmake_prefix_path.sh'
[2.966s] Level 1:colcon.colcon_core.environment:checking '/home/xkai/agribot/agribot_ws/install/centerline_extraction/lib'
[2.966s] Level 1:colcon.colcon_core.environment:checking '/home/xkai/agribot/agribot_ws/install/centerline_extraction/bin'
[2.966s] Level 1:colcon.colcon_core.environment:checking '/home/xkai/agribot/agribot_ws/install/centerline_extraction/lib/pkgconfig/centerline_extraction.pc'
[2.967s] Level 1:colcon.colcon_core.environment:checking '/home/xkai/agribot/agribot_ws/install/centerline_extraction/lib/python3.10/site-packages'
[2.969s] Level 1:colcon.colcon_core.environment:checking '/home/xkai/agribot/agribot_ws/install/centerline_extraction/bin'
[2.969s] DEBUG:colcon.colcon_core.event_handler.log_command:Invoked command in '/home/xkai/agribot/agribot_ws/build/centerline_extraction' returned '0': CMAKE_PREFIX_PATH=${CMAKE_PREFIX_PATH}:/opt/ros/humble /usr/bin/cmake --install /home/xkai/agribot/agribot_ws/build/centerline_extraction
[2.970s] INFO:colcon.colcon_core.shell:Creating package script '/home/xkai/agribot/agribot_ws/install/centerline_extraction/share/centerline_extraction/package.ps1'
[2.972s] INFO:colcon.colcon_core.shell:Creating package descriptor '/home/xkai/agribot/agribot_ws/install/centerline_extraction/share/centerline_extraction/package.dsv'
[2.972s] INFO:colcon.colcon_core.shell:Creating package script '/home/xkai/agribot/agribot_ws/install/centerline_extraction/share/centerline_extraction/package.sh'
[2.973s] INFO:colcon.colcon_core.shell:Creating package script '/home/xkai/agribot/agribot_ws/install/centerline_extraction/share/centerline_extraction/package.bash'
[2.973s] INFO:colcon.colcon_core.shell:Creating package script '/home/xkai/agribot/agribot_ws/install/centerline_extraction/share/centerline_extraction/package.zsh'
[2.975s] Level 1:colcon.colcon_core.environment:create_file_with_runtime_dependencies(/home/xkai/agribot/agribot_ws/install/centerline_extraction/share/colcon-core/packages/centerline_extraction)
[2.975s] Level 1:colcon.colcon_core.environment:create_environment_scripts_only(centerline_extraction)
[2.976s] Level 1:colcon.colcon_core.environment:checking '/home/xkai/agribot/agribot_ws/install/centerline_extraction' for CMake module files
[2.976s] Level 1:colcon.colcon_core.environment:checking '/home/xkai/agribot/agribot_ws/install/centerline_extraction' for CMake config files
[2.977s] Level 1:colcon.colcon_core.shell:create_environment_hook('centerline_extraction', 'cmake_prefix_path')
[2.977s] INFO:colcon.colcon_core.shell:Creating environment hook '/home/xkai/agribot/agribot_ws/install/centerline_extraction/share/centerline_extraction/hook/cmake_prefix_path.ps1'
[2.978s] INFO:colcon.colcon_core.shell:Creating environment descriptor '/home/xkai/agribot/agribot_ws/install/centerline_extraction/share/centerline_extraction/hook/cmake_prefix_path.dsv'
[2.978s] INFO:colcon.colcon_core.shell:Creating environment hook '/home/xkai/agribot/agribot_ws/install/centerline_extraction/share/centerline_extraction/hook/cmake_prefix_path.sh'
[2.979s] Level 1:colcon.colcon_core.environment:checking '/home/xkai/agribot/agribot_ws/install/centerline_extraction/lib'
[2.979s] Level 1:colcon.colcon_core.environment:checking '/home/xkai/agribot/agribot_ws/install/centerline_extraction/bin'
[2.979s] Level 1:colcon.colcon_core.environment:checking '/home/xkai/agribot/agribot_ws/install/centerline_extraction/lib/pkgconfig/centerline_extraction.pc'
[2.979s] Level 1:colcon.colcon_core.environment:checking '/home/xkai/agribot/agribot_ws/install/centerline_extraction/lib/python3.10/site-packages'
[2.979s] Level 1:colcon.colcon_core.environment:checking '/home/xkai/agribot/agribot_ws/install/centerline_extraction/bin'
[2.979s] INFO:colcon.colcon_core.shell:Creating package script '/home/xkai/agribot/agribot_ws/install/centerline_extraction/share/centerline_extraction/package.ps1'
[2.980s] INFO:colcon.colcon_core.shell:Creating package descriptor '/home/xkai/agribot/agribot_ws/install/centerline_extraction/share/centerline_extraction/package.dsv'
[2.980s] INFO:colcon.colcon_core.shell:Creating package script '/home/xkai/agribot/agribot_ws/install/centerline_extraction/share/centerline_extraction/package.sh'
[2.981s] INFO:colcon.colcon_core.shell:Creating package script '/home/xkai/agribot/agribot_ws/install/centerline_extraction/share/centerline_extraction/package.bash'
[2.981s] INFO:colcon.colcon_core.shell:Creating package script '/home/xkai/agribot/agribot_ws/install/centerline_extraction/share/centerline_extraction/package.zsh'
[2.982s] Level 1:colcon.colcon_core.environment:create_file_with_runtime_dependencies(/home/xkai/agribot/agribot_ws/install/centerline_extraction/share/colcon-core/packages/centerline_extraction)
[2.982s] DEBUG:colcon.colcon_parallel_executor.executor.parallel:closing loop
[2.982s] DEBUG:colcon.colcon_parallel_executor.executor.parallel:loop closed
[2.982s] DEBUG:colcon.colcon_parallel_executor.executor.parallel:run_until_complete finished with '0'
[2.982s] DEBUG:colcon.colcon_core.event_reactor:joining thread
[2.987s] INFO:colcon.colcon_core.plugin_system:Skipping extension 'colcon_notification.desktop_notification.terminal_notifier': Not used on non-Darwin systems
[2.987s] INFO:colcon.colcon_core.plugin_system:Skipping extension 'colcon_notification.desktop_notification.win32': Not used on non-Windows systems
[2.987s] INFO:colcon.colcon_notification.desktop_notification:Sending desktop notification using 'notify2'
[3.003s] DEBUG:colcon.colcon_core.event_reactor:joined thread
[3.003s] INFO:colcon.colcon_core.shell:Creating prefix script '/home/xkai/agribot/agribot_ws/install/local_setup.ps1'
[3.004s] INFO:colcon.colcon_core.shell:Creating prefix util module '/home/xkai/agribot/agribot_ws/install/_local_setup_util_ps1.py'
[3.006s] INFO:colcon.colcon_core.shell:Creating prefix chain script '/home/xkai/agribot/agribot_ws/install/setup.ps1'
[3.007s] INFO:colcon.colcon_core.shell:Creating prefix script '/home/xkai/agribot/agribot_ws/install/local_setup.sh'
[3.008s] INFO:colcon.colcon_core.shell:Creating prefix util module '/home/xkai/agribot/agribot_ws/install/_local_setup_util_sh.py'
[3.008s] INFO:colcon.colcon_core.shell:Creating prefix chain script '/home/xkai/agribot/agribot_ws/install/setup.sh'
[3.010s] INFO:colcon.colcon_core.shell:Creating prefix script '/home/xkai/agribot/agribot_ws/install/local_setup.bash'
[3.010s] INFO:colcon.colcon_core.shell:Creating prefix chain script '/home/xkai/agribot/agribot_ws/install/setup.bash'
[3.011s] INFO:colcon.colcon_core.shell:Creating prefix script '/home/xkai/agribot/agribot_ws/install/local_setup.zsh'
[3.012s] INFO:colcon.colcon_core.shell:Creating prefix chain script '/home/xkai/agribot/agribot_ws/install/setup.zsh'
