trial,t_wall,t_sim,x,y,yaw,linear_x,angular_z,confidence,width,safety_margin,obstacle,center_points
1,0.10467796999728307,0.37400000000002365,0.03845329326829543,0.005018640315926365,-0.09876564271650864,0.2118356188136442,-0.940821905931779,0.8490458130836487,1.3189176321029663,0.3917367160320282,False,21
1,0.22302276000118582,0.4420000000000073,0.046552561280401986,0.005810039737822404,-0.12003048627399326,0.2,1.0,0.8578730821609497,1.3045721054077148,0.38988521695137024,False,19
1,0.34253657599765575,0.5439999999999827,0.05743383541443743,0.006195036678689283,-0.14357232380456883,0.2,-1.0,0.8634122014045715,1.3211721181869507,0.3918296992778778,False,20
1,0.44364506299461937,0.5439999999999827,0.05743383541443743,0.006195036678689283,-0.14357232380456883,0.4,-0.06364374510099305,0.8634122014045715,1.3211721181869507,0.3918296992778778,False,20
1,0.5632842699997127,0.6459999999999582,0.06966070481607402,0.005885517862531452,-0.1640547071987119,0.2,1.0,0.8611031770706177,1.2895457744598389,0.39188477396965027,False,20
1,0.6868168559958576,0.7479999999999336,0.0818273483121884,0.0046355341425549906,-0.17472354450014674,0.2,-1.0,0.861517608165741,1.3084050416946411,0.38379988074302673,False,21
1,0.788134294001793,0.7479999999999336,0.0818273483121884,0.0046355341425549906,-0.17472354450014674,0.29530698820909584,-0.5234650589545209,0.861517608165741,1.3084050416946411,0.38379988074302673,False,21
1,0.9111263480008347,0.8500000000000227,0.09500241963829587,0.003633880154257801,-0.1935244971092053,0.2,1.0,0.864050567150116,1.305851936340332,0.38111159205436707,False,21
1,1.0307061839994276,0.9519999999999982,0.10862126956635754,0.0016517600540148828,-0.20262833951983344,0.27077292721276747,0.6461353639361627,0.863654613494873,1.2925857305526733,0.37150344252586365,False,21
1,1.1367872409973643,0.98599999999999,0.11318839296137966,0.0005928192328125738,-0.19903078887510367,0.3421059430878544,-0.2894702845607279,0.863654613494873,1.2925857305526733,0.37150344252586365,False,21
1,1.254879362997599,1.0539999999999736,0.12213623994943491,-0.0011195184778149787,-0.20088035323948625,0.22049322886811085,0.8975338556594459,0.8612294793128967,1.2985068559646606,0.3671432435512543,False,21
1,1.3716607059977832,1.155999999999949,0.13569898721295962,-0.0039054741486838533,-0.19702008366371918,0.2,-1.0,0.8496887683868408,1.297565221786499,0.3593514859676361,False,20
1,1.4740220699968631,1.1899999999999409,0.14047565983044819,-0.004876948807938119,-0.19703448768005138,0.2413431991906917,-0.7932840040465416,0.8496887683868408,1.297565221786499,0.3593514859676361,False,20
1,1.5926077819967759,1.2579999999999245,0.15002404676571426,-0.006776684595711448,-0.1975999100450087,0.4,-0.058068471077783484,0.8649128675460815,1.2920012474060059,0.3767409026622772,False,21
1,1.713471833994845,1.3600000000000136,0.16665234167771045,-0.009970292976889087,-0.19962385990617315,0.3044972109905355,0.4775139450473226,0.8627750873565674,1.3094749450683594,0.3576243221759796,False,21
1,1.8142558769977768,1.3940000000000055,0.1719007208353945,-0.011002969744141347,-0.19942242148268266,0.2872201892840877,0.5638990535795615,0.8627750873565674,1.3094749450683594,0.3576243221759796,False,21
1,1.9332519589952426,1.461999999999989,0.18217098059549303,-0.013116251827814627,-0.19814263643582322,0.4,0.0825629503487653,0.8600196838378906,1.2881526947021484,0.37161490321159363,False,21
1,2.0556355270018685,1.5639999999999645,0.19735324179002078,-0.01626266538041677,-0.1966575333290943,0.37026627336559326,0.148668633172034,0.8665745258331299,1.267616868019104,0.3667762577533722,False,21
1,2.1582592990016565,1.5979999999999563,0.2025171698345785,-0.017405489063382483,-0.19493626442074644,0.3750367822710499,0.12481608864475044,0.855803906917572,1.2889134883880615,0.3728794753551483,False,19
1,2.2933313159956015,1.6319999999999482,0.2078594281708784,-0.01861920497458219,-0.19280967510217598,0.28434781136306475,0.5782609431846764,0.855803906917572,1.2889134883880615,0.3728794753551483,False,19
1,2.413849165001011,1.7340000000000373,0.2215279237268497,-0.022138048427300487,-0.1809199902804761,0.2681192537058266,-0.659403731470867,0.8582583665847778,1.322534203529358,0.38167604804039,False,19
1,2.5324958709970815,1.8360000000000127,0.23357153034198866,-0.0250946566946054,-0.16964057983807113,0.2,1.0,0.8620534539222717,1.3354558944702148,0.37170693278312683,False,21
1,2.6333124859957024,1.8700000000000045,0.23774724643008363,-0.02610740095644477,-0.1654986508172793,0.2,1.0,0.8620534539222717,1.3354558944702148,0.37170693278312683,False,21
1,2.752050552997389,1.9379999999999882,0.24531352144217478,-0.028558784583019334,-0.14920526863593736,0.3708699683741564,0.1456501581292181,0.8438478112220764,1.322323203086853,0.375125914812088,False,21
1,2.87333208599739,2.0399999999999636,0.25614262009903677,-0.03281020901579568,-0.11219010394048323,0.2,1.0,0.8625897765159607,1.3340997695922852,0.38710257411003113,False,21
1,2.973977711997577,2.0399999999999636,0.25614262009903677,-0.03281020901579568,-0.11219010394048323,0.21894352946386686,-0.9052823526806656,0.8625897765159607,1.3340997695922852,0.38710257411003113,False,21
1,3.093522416995256,2.141999999999939,0.2660151101374686,-0.036720006275985144,-0.07341331634419442,0.2,-1.0,0.8640155792236328,1.300225853919983,0.3783847391605377,False,20
1,3.216193939995719,2.244000000000028,0.27589496168330835,-0.03913108324312083,-0.05023248801158163,0.2,1.0,0.859235405921936,1.3343254327774048,0.38577815890312195,False,20
1,3.317446989000018,2.244000000000028,0.27589496168330835,-0.03913108324312083,-0.05023248801158163,0.3673889717557659,-0.16305514122117082,0.859235405921936,1.3343254327774048,0.38577815890312195,False,20
1,3.439292317001673,2.3460000000000036,0.28701168505181596,-0.04233781164605993,-0.0138824403312749,0.2,-1.0,0.8565574884414673,1.3083771467208862,0.38291940093040466,False,21
1,3.559039474996098,2.447999999999979,0.2987813990031891,-0.04325732208521218,-0.002846721384419453,0.2,1.0,0.8631210327148438,1.333669900894165,0.38247475028038025,False,20
1,3.6610234649997437,2.481999999999971,0.30303953685642704,-0.04360102459733812,0.0014625108671334271,0.25621497583201835,0.7189251208399084,0.8631210327148438,1.333669900894165,0.38247475028038025,False,20
1,3.7796058409949183,2.5499999999999545,0.31153039000228033,-0.045055395099143136,0.021094930740500215,0.2,-1.0,0.8716667890548706,1.3316644430160522,0.38000115752220154,False,21
1,3.901868740998907,2.65199999999993,0.3227712688984269,-0.04607497765555996,0.03891775458616551,0.2,-1.0,0.864477813243866,1.3008050918579102,0.3866083323955536,False,21
1,4.007997713000805,2.6860000000000355,0.3265398829015916,-0.04594132340970508,0.03842198321387127,0.4,0.012612221222858752,0.864477813243866,1.3008050918579102,0.3866083323955536,False,21
1,4.125816403997305,2.754000000000019,0.33499863841808225,-0.04563729412395474,0.03917858138802498,0.2,-1.0,0.8522501587867737,1.3155062198638916,0.3696672022342682,False,21
1,4.2467081299982965,2.8559999999999945,0.34791405830234745,-0.044561192031559956,0.029567675270379196,0.2,1.0,0.8532227277755737,1.2970716953277588,0.37756845355033875,False,21
1,4.349799869996787,2.8899999999999864,0.3521643863207778,-0.04417719128499816,0.0260478744782536,0.2,1.0,0.8532227277755737,1.2970716953277588,0.37756845355033875,False,21
1,4.468651069997577,2.95799999999997,0.36100222989457204,-0.04392553570968326,0.026065331557479008,0.2889353353628651,-0.5553233231856747,0.8531256914138794,1.314018964767456,0.3140064775943756,False,21
1,4.588373908001813,3.0599999999999454,0.37457429634810946,-0.04275074778526249,0.014005413728502445,0.2,1.0,0.8514102697372437,1.3064048290252686,0.3248128890991211,False,20
1,4.694878207999864,3.0599999999999454,0.37457429634810946,-0.04275074778526249,0.014005413728502445,0.2,1.0,0.8514102697372437,1.2897688150405884,0.3248128890991211,False,20
1,4.814153380000789,3.1620000000000346,0.38791377163767565,-0.042259519760264645,0.009559494538802955,0.3458460456733538,0.270769771633231,0.85255366563797,1.2897688150405884,0.3200483024120331,False,19
1,4.9357645560012315,3.26400000000001,0.4015707515679073,-0.041820290943146904,0.0055593939025892335,0.3010166961455454,0.49491651927227326,0.8557531237602234,1.334473967552185,0.30404648184776306,False,21
1,5.039874039997812,3.298000000000002,0.4061671495865269,-0.042041724088226436,0.009147629284242292,0.3766940157307456,0.11652992134627196,0.8707301616668701,1.3410942554473877,0.3163987100124359,False,21
1,5.174452697996458,3.3319999999999936,0.41124081534055545,-0.04228110729956055,0.013323645120570897,0.2787529219698886,-0.606235390150557,0.8707301616668701,1.3410942554473877,0.3163987100124359,False,21
1,5.294601693000004,3.433999999999969,0.42547761577765925,-0.042426785052293366,0.018218516041832458,0.3137472738013054,0.4312636309934732,0.8569037914276123,1.2874858379364014,0.31140732765197754,False,21
1,5.418445821997011,3.5359999999999445,0.4400223066447675,-0.04242810083544079,0.021697501256109565,0.2,1.0,0.872195303440094,1.3528542518615723,0.3161243796348572,False,21
1,5.519224719995691,3.5359999999999445,0.4400223066447675,-0.04242810083544079,0.021697501256109565,0.37999395919490947,0.10003020402545276,0.872195303440094,1.3528542518615723,0.3161243796348572,False,21
1,5.639170520000334,3.6380000000000337,0.4538647347972449,-0.043229461173360136,0.037249547570754674,0.2,-1.0,0.8623533844947815,1.3116261959075928,0.28206178545951843,False,20
1,5.761100345000159,3.740000000000009,0.46656254984380924,-0.043493824756158206,0.048034488843002134,0.2742071438253326,-0.6289642808733369,0.8738152384757996,1.3350294828414917,0.2721359431743622,False,20
1,5.862255426996853,3.740000000000009,0.46656254984380924,-0.043493824756158206,0.048034488843002134,0.32922926283469883,0.35385368582650595,0.8738152384757996,1.3350294828414917,0.2721359431743622,False,20
1,5.982546792998619,3.8419999999999845,0.47997262140614866,-0.04326502542175764,0.05349678729352554,0.2,-1.0,0.8490273356437683,1.285189151763916,0.24081262946128845,False,20
1,6.103503250000358,3.94399999999996,0.49379957093290977,-0.042586708751246954,0.053312352510483406,0.2,1.0,0.8692127466201782,1.3442778587341309,0.3131358325481415,False,21
1,6.204800209001405,3.977999999999952,0.49839381524903525,-0.04233176326553493,0.053676968911731314,0.22481875773198495,0.8759062113400754,0.8692127466201782,1.3442778587341309,0.3131358325481415,False,21
1,6.32324399099889,4.045999999999935,0.5073727818090898,-0.0424605727553604,0.06188842176188304,0.22453881368147935,-0.8773059315926032,0.8761496543884277,1.3587125539779663,0.32762372493743896,False,20
1,6.443905344996892,4.148000000000025,0.5197857977314737,-0.04254209818708843,0.07433514441357905,0.2,1.0,0.8941960334777832,1.3729397058486938,0.40449556708335876,False,20
1,6.544682469000691,4.148000000000025,0.5197857977314737,-0.04254209818708843,0.07433514441357905,0.30515851090760865,0.47420744546195703,0.8941960334777832,1.3729397058486938,0.40449556708335876,False,20
1,6.667886199997156,4.25,0.5329439571569196,-0.04318243704772743,0.0964404351524235,0.2,-1.0,0.871314525604248,1.3389455080032349,0.4131813943386078,False,21
1,6.790258690001792,4.351999999999975,0.5462760977163216,-0.04226337397817353,0.10188014129496464,0.2,-1.0,0.8860272765159607,1.3493188619613647,0.4118015468120575,False,20
1,6.893807385997206,4.385999999999967,0.5508005360190132,-0.041805323704145136,0.10133431997565094,0.31503843730245534,0.42480781348772345,0.8860272765159607,1.3493188619613647,0.4118015468120575,False,20
1,7.01245301200106,4.453999999999951,0.5600285204723918,-0.04127082601337477,0.10725394559973499,0.2,-1.0,0.8630936741828918,1.3181653022766113,0.40157780051231384,False,20
1,7.132848768000258,4.555999999999926,0.5735618983504595,-0.03977086459219301,0.10525688356986994,0.2,1.0,0.8729037046432495,1.3623197078704834,0.4068467915058136,False,21
1,7.238714651000919,4.590000000000032,0.5780235570726114,-0.03927063993012539,0.10508081456862468,0.20049710206378202,0.9975144896810899,0.8729037046432495,1.3623197078704834,0.4068467915058136,False,21
1,7.357615521999833,4.6580000000000155,0.5873705479820024,-0.03828684908513562,0.10542399676039478,0.35026874462760055,-0.24865627686199732,0.8586887121200562,1.3325754404067993,0.4068041741847992,False,21
1,7.478954968995822,4.759999999999991,0.6021495789571568,-0.036543433422646036,0.10157167798839137,0.2,-1.0,0.8659205436706543,1.3539440631866455,0.4153415262699127,False,20
1,7.585613978000765,4.759999999999991,0.6021495789571568,-0.036543433422646036,0.10157167798839137,0.3537349197883468,0.23132540105826607,0.8659205436706543,1.35233473777771,0.4153415262699127,False,20
1,7.705018963999464,4.861999999999966,0.6165344220907298,-0.034930818495267385,0.09996721041604133,0.32475659885652003,-0.3762170057173999,0.8767048120498657,1.35233473777771,0.4100421369075775,False,21
1,7.828737536001427,4.963999999999942,0.629915235344561,-0.03249386564678591,0.08427296749648405,0.2,1.0,0.8502377867698669,1.340828537940979,0.40438368916511536,False,20
1,7.929139251995366,4.963999999999942,0.629915235344561,-0.03249386564678591,0.08427296749648405,0.2,1.0,0.8502377867698669,1.310228705406189,0.40438368916511536,False,20
1,8.068992255997728,5.031999999999925,0.638399232949261,-0.03164223182771262,0.08285067193012044,0.2,-1.0,0.8642852306365967,1.310228705406189,0.3995610177516937,False,19
1,8.1945111909954,5.1340000000000146,0.6508757085596406,-0.029632674607267855,0.0687326693725887,0.2,1.0,0.8655680418014526,1.3155139684677124,0.4034624993801117,False,21
1,8.323577934999776,5.23599999999999,0.6623072301491816,-0.027244103052632106,0.0459048204839688,0.2,1.0,0.876604437828064,1.354675054550171,0.4051147997379303,False,21
1,8.424375381997379,5.23599999999999,0.6623072301491816,-0.027244103052632106,0.0459048204839688,0.2,1.0,0.876604437828064,1.354675054550171,0.4051147997379303,False,21
1,8.548444758998812,5.337999999999965,0.6748158795979577,-0.02660119699502119,0.04468662455820813,0.34867161827973564,-0.25664190860132174,0.8827964067459106,1.3682117462158203,0.4071774184703827,False,19
1,8.670689922000747,5.439999999999941,0.6880354180026554,-0.02593253909719013,0.043629242069886075,0.2,1.0,0.8900359272956848,1.3697786331176758,0.41198644042015076,False,20
1,8.77206757300155,5.439999999999941,0.6880354180026554,-0.02593253909719013,0.043629242069886075,0.31385670824791667,0.43071645876041664,0.8900359272956848,1.3697786331176758,0.41198644042015076,False,20
1,8.89780144499673,5.54200000000003,0.7019068176124138,-0.025394555169636304,0.04589970347708176,0.35853188998468566,0.20734055007657198,0.9103071093559265,1.4006028175354004,0.4132516086101532,False,20
1,9.019587896000303,5.6440000000000055,0.7166389798355643,-0.025093885183151515,0.05172728754979256,0.2,1.0,0.902877688407898,1.3877947330474854,0.4060060679912567,False,19
1,9.120407640999474,5.6440000000000055,0.7166389798355643,-0.025093885183151515,0.05172728754979256,0.3294987054515893,-0.3525064727420535,0.902877688407898,1.3877947330474854,0.4060060679912567,False,19
1,9.24781207399792,5.745999999999981,0.7317116809732203,-0.02451900783368127,0.054117682048477805,0.2941490760226379,0.5292546198868106,0.9037926197052002,1.3988511562347412,0.41297468543052673,False,20
1,9.369195938001212,5.847999999999956,0.7461526866806601,-0.024218794673241343,0.061078844044149726,0.2,1.0,0.8897283673286438,1.3680791854858398,0.4026345908641815,False,21
1,9.4701698439967,5.847999999999956,0.7461526866806601,-0.024218794673241343,0.061078844044149726,0.2,-1.0,0.8897283673286438,1.3680791854858398,0.4026345908641815,False,21
1,9.59190734099684,5.949999999999932,0.7591391230700911,-0.023972391072034086,0.06895978642512098,0.2740006867214719,0.6299965663926406,0.9166060090065002,1.395388126373291,0.4109242856502533,False,21
1,9.714897707999626,6.052000000000021,0.7727747367009538,-0.024103136385937515,0.08447251048032664,0.36238873274950106,-0.18805633625249465,0.8984404802322388,1.3743574619293213,0.4015580117702484,False,20
1,9.819634611994843,6.086000000000013,0.7775811571433544,-0.023875585639604298,0.08679401593173432,0.2,-1.0,0.8984404802322388,1.3743574619293213,0.4015580117702484,False,20
1,9.938570760001312,6.153999999999996,0.7873472530129881,-0.02303673337518863,0.08627514588505872,0.3483985095453893,0.25800745227305355,0.8946563005447388,1.3778777122497559,0.39780429005622864,False,20
1,10.059634926001308,6.255999999999972,0.802095540075057,-0.021972403917961198,0.08975690288762385,0.4,-0.05301227292058409,0.9028111696243286,1.3688766956329346,0.4008336365222931,False,20
1,10.164453596997191,6.289999999999964,0.8074822297243974,-0.021679202157963165,0.09242621730036014,0.2,-1.0,0.9028111696243286,1.3688766956329346,0.4008336365222931,False,20
1,10.283816912000475,6.357999999999947,0.8175994466723635,-0.020770155928594564,0.09144519563210068,0.2955557216185257,0.5222213919073714,0.9206746220588684,1.4099607467651367,0.4115617573261261,False,21
1,10.405644152000605,6.460000000000036,0.8322178291521466,-0.019669126920735185,0.09605069402206957,0.2,-1.0,0.9103962182998657,1.3365259170532227,0.3793201744556427,False,20
1,10.512557850997837,6.494000000000028,0.8372577811237453,-0.01923722026854368,0.0963914433341784,0.2,-1.0,0.9103962182998657,1.3365259170532227,0.3793201744556427,False,20
1,10.631236444998649,6.562000000000012,0.8470928327023992,-0.018257976554294335,0.09559336234891797,0.36850678921408075,0.15746605392959617,0.9144253730773926,1.3586270809173584,0.4090602695941925,False,21
1,10.754275883999071,6.663999999999987,0.8621494167051391,-0.016873201127238564,0.09701774328147608,0.4,-0.007729410859914257,0.9049462676048279,1.368342638015747,0.3945954144001007,False,19
1,10.854403924000508,6.663999999999987,0.8621494167051391,-0.016873201127238564,0.09701774328147608,0.3000416569411517,-0.4997917152942418,0.9049462676048279,1.4151595830917358,0.3945954144001007,False,19
1,10.993577484994603,6.731999999999971,0.8730772092746435,-0.015832121006850258,0.0969800775190114,0.3358532526698837,0.3207337366505817,0.935010552406311,1.4151595830917358,0.49379512667655945,False,19
1,11.119764648996352,6.833999999999946,0.8885044851870991,-0.01493796509707131,0.1062080660993099,0.2,-1.0,0.8351828455924988,1.2902092933654785,0.38919398188591003,False,21
1,11.243986287998268,6.9360000000000355,0.9032913404462184,-0.013393414713651344,0.10524405543461475,0.2,-1.0,0.9262619018554688,1.4245496988296509,0.49331411719322205,False,20
1,11.344763829998556,6.9360000000000355,0.9032913404462184,-0.013393414713651344,0.10524405543461475,0.2,-1.0,0.9262619018554688,1.4245496988296509,0.49331411719322205,False,20
1,11.471487629998592,7.038000000000011,0.9157740863785757,-0.011056922095474469,0.09095096351062257,0.2,1.0,0.9440616369247437,1.4015530347824097,0.5053706169128418,False,21
1,11.59369119299663,7.139999999999986,0.9277388202147221,-0.009667363923058146,0.086637234566672,0.2,-1.0,0.9405390620231628,1.4167560338974,0.5074560642242432,False,21
1,11.694275112000469,7.139999999999986,0.9277388202147221,-0.009667363923058146,0.086637234566672,0.28301892271262047,-0.5849053864368975,0.9405390620231628,1.4167560338974,0.5074560642242432,False,21
1,11.81687148999481,7.241999999999962,0.94067922323538,-0.007003820364517973,0.06455602544486104,0.2,1.0,0.9177590608596802,1.3694429397583008,0.3893488943576813,False,20
1,11.940645306000079,7.343999999999937,0.9546068992846708,-0.005768552975821815,0.059725049882978706,0.2,-1.0,0.8969355821609497,1.3325554132461548,0.39920321106910706,False,20
1,12.041549987996405,7.343999999999937,0.9546068992846708,-0.005768552975821815,0.059725049882978706,0.2856757405056956,-0.5716212974715221,0.8969355821609497,1.3325554132461548,0.39920321106910706,False,20
1,12.164753215998644,7.446000000000026,0.9683962184666317,-0.004085069789897368,0.04771881417635731,0.2,1.0,0.9000458717346191,1.351109504699707,0.3850822150707245,False,20
1,12.286726426995301,7.548000000000002,0.9805815089169245,-0.0026723342754947583,0.03623760518114108,0.2,-1.0,0.9286293983459473,1.3805166482925415,0.3932698667049408,False,21
1,12.387797654999304,7.548000000000002,0.9805815089169245,-0.0026723342754947583,0.03623760518114108,0.29800775386613104,-0.5099612306693448,0.9286293983459473,1.3805166482925415,0.3932698667049408,False,21
1,12.514429082999413,7.649999999999977,0.9934590783932186,-0.001152364195068115,0.020744580153199854,0.2,1.0,0.8979178667068481,1.3514719009399414,0.381232351064682,False,19
1,12.63465462000022,7.751999999999953,1.0059323370018642,-0.00019892532510050944,0.01114364919617741,0.2,1.0,0.9196650981903076,1.3779377937316895,0.3890434205532074,False,21
1,12.735708479995083,7.751999999999953,1.0059323370018642,-0.00019892532510050944,0.01114364919617741,0.4,-0.09327147087160624,0.9196650981903076,1.3779377937316895,0.3890434205532074,False,21
1,12.863230443996144,7.853999999999928,1.0194897501386653,-0.00037727538027898397,0.016293277321565984,0.4,0.020647650982739633,0.9094752073287964,1.3506580591201782,0.3517841398715973,False,21
1,12.987171194996336,7.956000000000017,1.034339906803237,7.700082184489108e-05,0.012813248008082572,0.2,-1.0,0.9335023164749146,1.3832091093063354,0.3300389051437378,False,20
1,13.08784301099513,7.956000000000017,1.034339906803237,7.700082184489108e-05,0.012813248008082572,0.35447403098888847,-0.22762984505555794,0.9335023164749146,1.3832091093063354,0.3300389051437378,False,20
1,13.214962120000564,8.057999999999993,1.0492813023212795,0.0002708593788648919,0.012177754737137876,0.23761203602189937,-0.8119398198905031,0.8785566687583923,1.2635619640350342,0.3217867314815521,False,20
1,13.33838681600173,8.159999999999968,1.0633393649498284,0.0009422424822678,0.0054136564455808086,0.2,1.0,0.9166761040687561,1.360379934310913,0.31770482659339905,False,20
1,13.446192035997228,8.19399999999996,1.067708507403484,0.0010096733996608567,0.004837956187489851,0.22234104886669998,0.8882947556665002,0.9166761040687561,1.360379934310913,0.31770482659339905,False,20
1,13.564778073996422,8.261999999999944,1.0765158267344461,0.0010543775993408114,0.004764648722814353,0.4,-0.09707325155228512,0.9193211793899536,1.3648290634155273,0.3178311586380005,False,21
1,13.68884064300073,8.364000000000033,1.090495450880062,0.0011308732610595426,0.004991372382193266,0.2577509530092607,-0.7112452349536965,0.9041450023651123,1.3314634561538696,0.3065617084503174,False,21
1,13.794327618001262,8.364000000000033,1.090495450880062,0.0011308732610595426,0.004991372382193266,0.30359573440542653,-0.48202132797286745,0.9041450023651123,1.3237265348434448,0.3065617084503174,False,21
1,13.916121476999251,8.466000000000008,1.1040917577346463,0.0026416847736565057,-0.014983562243702703,0.2,1.0,0.8939917683601379,1.3237265348434448,0.3075573742389679,False,19
1,14.059583605994703,8.533999999999992,1.112653027017625,0.0028995469476071384,-0.020274545020445976,0.3289568644430804,0.3552156777845981,0.9313510656356812,1.375244140625,0.31769487261772156,False,19
1,14.182365850996575,8.635999999999967,1.126674241714397,0.0021775691468469394,-0.012639069784137164,0.2,1.0,0.9154926538467407,1.358524203300476,0.3131231367588043,False,21
1,14.283187041000929,8.635999999999967,1.126674241714397,0.0021775691468469394,-0.012639069784137164,0.2452730748157743,-0.7736346259211286,0.9154926538467407,1.358524203300476,0.3131231367588043,False,21
1,14.405260517996794,8.737999999999943,1.1408554112742735,0.0017243759256073174,-0.00919120455439923,0.3136208218482643,0.4318958907586786,0.9366609454154968,1.3855937719345093,0.32085278630256653,False,19
1,14.52747848299623,8.840000000000032,1.1551892105292276,0.0010151156328894403,-0.0006491843960530086,0.24182814125578656,0.7908592937210671,0.9230955839157104,1.3760110139846802,0.3178812861442566,False,21
1,14.628268914995715,8.840000000000032,1.1551892105292276,0.0010151156328894403,-0.0006491843960530086,0.2,-1.0,0.9230955839157104,1.3760110139846802,0.3178812861442566,False,21
1,14.751392209996993,8.942000000000007,1.168869570023706,0.0005981505847441873,0.004407786987682117,0.25240614523208843,0.7379692738395578,0.9381129145622253,1.4081518650054932,0.33829349279403687,False,20
1,14.87653046700143,9.043999999999983,1.183461148564892,0.0005282628544135297,0.007428847927246962,0.2,-1.0,0.9370548725128174,1.3665416240692139,0.4497680366039276,False,20
1,14.977492410995183,9.043999999999983,1.183461148564892,0.0005282628544135297,0.007428847927246962,0.28477706257399243,-0.5761146871300378,0.9370548725128174,1.3665416240692139,0.4497680366039276,False,20
1,15.103280898998491,9.145999999999958,1.1986319327351809,0.0006063000734799211,0.007125450563939848,0.4,0.07515901759980403,0.9296836853027344,1.3813151121139526,0.32540300488471985,False,21
1,15.225060156997642,9.247999999999934,1.2138096475099776,0.0006860761667523562,0.008218419582682603,0.2068542881417857,0.9657285592910715,0.9268266558647156,1.3815034627914429,0.3917439877986908,False,20
1,15.32585767799901,9.247999999999934,1.2138096475099776,0.0006860761667523562,0.008218419582682603,0.37097041221022586,-0.14514793894887068,0.9268266558647156,1.3815034627914429,0.3917439877986908,False,20
1,15.454117212997517,9.350000000000023,1.2290623320516532,0.0007321357564690499,0.009518237922267473,0.29446949315238197,-0.5276525342380902,0.9015640020370483,1.342595100402832,0.3956821858882904,False,21
1,15.577732938996633,9.451999999999998,1.2442315494353327,0.001200696644487701,0.0040321568147116274,0.2,-1.0,0.8933806419372559,1.3325014114379883,0.3980291187763214,False,21
1,15.683360021001135,9.48599999999999,1.2487709525502713,0.0016547047774680551,-0.0016647013775864822,0.2712243329041996,0.6438783354790021,0.8933806419372559,1.3325014114379883,0.3980291187763214,False,21
1,15.801964614998724,9.553999999999974,1.2581531409743554,0.0017002831100885803,-0.0026516517319070637,0.3506458286373655,-0.2467708568131727,0.9402729272842407,1.4145948886871338,0.5281867980957031,False,21
1,15.92724969599658,9.655999999999949,1.2726957437537967,0.002029849741731128,-0.007528578551952501,0.2,1.0,0.9259180426597595,1.4152541160583496,0.515906810760498,False,20
1,16.035507597000105,9.68999999999994,1.2775515574290606,0.0020657981959155305,-0.00855403164761073,0.2,1.0,0.9259180426597595,1.4152541160583496,0.515906810760498,False,20
1,16.154329486998904,9.757999999999925,1.286842726977953,0.0017611077471025639,-0.004491502967967614,0.2485275798218678,-0.757362100890661,0.9434512853622437,1.4080137014389038,0.5056309700012207,False,21
1,16.2814082219993,9.860000000000014,1.2999241354140663,0.0013233314182412095,0.0009109630280923879,0.2,1.0,0.953325629234314,1.4127085208892822,0.5302836894989014,False,21
1,16.393007129998296,9.894000000000005,1.3043690899855962,0.0011915466095618133,0.00300791007259363,0.28166719896600373,0.5916640051699813,0.953325629234314,1.4127085208892822,0.5302836894989014,False,21
1,16.511535480996827,9.961999999999989,1.3138616643376224,0.0003303774077186614,0.015370582046739493,0.2,-1.0,0.9440633654594421,1.4255478382110596,0.5272252559661865,False,21
1,16.637322144997597,10.063999999999965,1.327153230256797,-0.00012930137872596136,0.024175827754713268,0.31127148643198377,-0.44364256784008127,0.9498910307884216,1.4072178602218628,0.5153083801269531,False,21
1,16.73932563499693,10.063999999999965,1.327153230256797,-0.00012930137872596136,0.024175827754713268,0.2935083976604356,0.5324580116978219,0.9522627592086792,1.4072178602218628,0.5153083801269531,False,21
1,16.86224364300142,10.16599999999994,1.3403887877712057,0.0004398951196967134,0.021132590585156243,0.4,0.04113787547537473,0.9522627592086792,1.4124361276626587,0.5078520774841309,False,21
1,17.005440978995466,10.234000000000037,1.349662382449294,-0.00012858076649569828,0.03175600111544673,0.2,-1.0,0.9375088810920715,1.4161977767944336,0.5256260633468628,False,21
1,17.132396210996376,10.336000000000013,1.3628431254776558,-0.000288363526727249,0.039389896639117364,0.2,1.0,0.9590586423873901,1.4189341068267822,0.5173016786575317,False,21
1,17.23332920300163,10.336000000000013,1.3628431254776558,-0.000288363526727249,0.039389896639117364,0.24303827605504164,0.7848086197247919,0.9590586423873901,1.4189341068267822,0.5173016786575317,False,21
1,17.361185039000702,10.437999999999988,1.3765113763632082,-0.000602123863918446,0.05226715395308015,0.2,-1.0,0.954369068145752,1.4014345407485962,0.5156432390213013,False,21
1,17.48495079699933,10.539999999999964,1.391011194534868,6.38976090104504e-05,0.05313003948300057,0.2,1.0,0.9533473253250122,1.4180928468704224,0.5154738426208496,False,20
1,17.58573257199896,10.539999999999964,1.391011194534868,6.38976090104504e-05,0.05313003948300057,0.3507648928707916,0.24617553564604217,0.9533473253250122,1.4180928468704224,0.5154738426208496,False,20
1,17.7097965139983,10.641999999999939,1.4056305368255875,0.000613309855758789,0.056748043214048874,0.21959663274898014,-0.9020168362550993,0.9534018635749817,1.4215818643569946,0.5279808044433594,False,21
1,17.836514406997594,10.744000000000028,1.4206082246567937,0.0014476092399976135,0.05628908488359148,0.4,0.052636628334112326,0.9531537890434265,1.422763705253601,0.5240432024002075,False,21
1,17.937443599999824,10.744000000000028,1.4206082246567937,0.0014476092399976135,0.05628908488359148,0.37386592499125143,0.13067037504374301,0.9531537890434265,1.422763705253601,0.5240432024002075,False,21
1,18.06120818999625,10.846000000000004,1.4374513063362055,0.0023352476112092455,0.05796416484293027,0.25121265412798105,-0.7439367293600947,0.9431155323982239,1.40445077419281,0.5206276178359985,False,20
1,18.186160304001532,10.947999999999979,1.45282471686416,0.0032833873234708686,0.05599325138113484,0.2,-1.0,0.931382954120636,1.3841801881790161,0.4223615229129791,False,20
1,18.287188178001088,10.947999999999979,1.45282471686416,0.0032833873234708686,0.05599325138113484,0.4,0.07874002343258357,0.931382954120636,1.3841801881790161,0.4223615229129791,False,20
1,18.41294812400156,11.049999999999955,1.46728033143734,0.004699073286602629,0.04733263309098279,0.25323107844015535,0.7338446077992233,0.9228938221931458,1.351986289024353,0.41084370017051697,False,21
1,18.54334531800123,11.15199999999993,1.4816941313446763,0.005721780759945376,0.04232265069869938,0.2,-1.0,0.9219330549240112,1.348132848739624,0.40370938181877136,False,20
1,18.64416267699562,11.15199999999993,1.4816941313446763,0.005721780759945376,0.04232265069869938,0.23513327600522552,-0.8243336199738724,0.9219330549240112,1.348132848739624,0.40370938181877136,False,20
1,18.768635077998624,11.254000000000019,1.4952279899098604,0.00690434445851918,0.033931075682441664,0.2,1.0,0.9001337885856628,1.3325444459915161,0.4033348262310028,False,21
1,18.893162617998314,11.355999999999995,1.5075052293491136,0.008141459460929213,0.022006663026714862,0.24847438739347957,0.7576280630326022,0.940972626209259,1.39298677444458,0.42323604226112366,False,21
1,19.00118826099788,11.389999999999986,1.511892437184619,0.008264411236129523,0.022720326454515997,0.4,-0.010397172714607758,0.940972626209259,1.39298677444458,0.42323604226112366,False,21
1,19.12036102899583,11.45799999999997,1.5215584112522476,0.00849732583997981,0.021579595005969444,0.4,0.0201690715954414,0.907654881477356,1.3322421312332153,0.40396854281425476,False,21
1,19.24435477899533,11.559999999999945,1.536985986814226,0.009579703888801076,0.010265910215102597,0.2268515296137312,0.8657423519313441,0.9271080493927002,1.3735320568084717,0.4109528362751007,False,21
1,19.353617526998278,11.593999999999937,1.542182170948826,0.0096568181506556,0.01043631162546502,0.3157849758000593,0.4210751209997035,0.9271080493927002,1.3735320568084717,0.4109528362751007,False,21
1,19.472293547994923,11.662000000000035,1.552196311923579,0.009717895465549586,0.010890552626303228,0.4,0.028695941172711063,0.9111721515655518,1.3534116744995117,0.4013395607471466,False,21
1,19.600017463999393,11.76400000000001,1.568326283984113,0.009754049308152223,0.013865778710958447,0.3095731625807636,-0.45213418709618225,0.9339922070503235,1.3755764961242676,0.4154861867427826,False,21
1,19.705267229997844,11.76400000000001,1.568326283984113,0.009754049308152223,0.013865778710958447,0.2915184871031419,-0.5424075644842907,0.9461224675178528,1.3755764961242676,0.4154861867427826,False,21
1,19.82736528699752,11.865999999999985,1.5838946682151909,0.009941899316306138,0.01360416291807486,0.4,-0.08710194085890728,0.9461224675178528,1.4066689014434814,0.47300800681114197,False,21
1,19.96889250399545,11.933999999999969,1.5946717287263692,0.010083104829710228,0.014126119910365654,0.36499232249172475,0.17503838754137635,0.9485039710998535,1.389343500137329,0.40896305441856384,False,21
1,20.096267793996958,12.035999999999945,1.6109176127527143,0.010001080064627325,0.01900843246756468,0.2,-1.0,0.9356099367141724,1.3794255256652832,0.4335591495037079,False,21
1,20.197372126996925,12.035999999999945,1.6109176127527143,0.010001080064627325,0.01900843246756468,0.23043235756887556,-0.8478382121556223,0.9356099367141724,1.3794255256652832,0.4335591495037079,False,21
1,20.32078832299885,12.138000000000034,1.6271508231636873,0.010339029326270396,0.0174960168286973,0.30198738533191294,0.4900630733404354,0.9299666881561279,1.363936185836792,0.4104258716106415,False,21
1,20.445796155996504,12.240000000000009,1.6427194654570065,0.010553099122572534,0.019474077488190418,0.2,1.0,0.9371368885040283,1.3760113716125488,0.4069722592830658,False,21
1,20.54662706599629,12.240000000000009,1.6427194654570065,0.010553099122572534,0.019474077488190418,0.37827409317854366,-0.10862953410728177,0.9371368885040283,1.3760113716125488,0.4069722592830658,False,21
1,20.676265242997033,12.341999999999985,1.6586289174207807,0.010776697209806209,0.020509734637697848,0.4,0.08587211391269156,0.9151036143302917,1.3301399946212769,0.3120209872722626,False,20
1,20.80202051699598,12.44399999999996,1.6751234075286978,0.011012174526060983,0.022236731147790397,0.2,-1.0,0.8878477215766907,1.3147027492523193,0.3178168833255768,False,21
1,20.90313800599688,12.44399999999996,1.6751234075286978,0.011012174526060983,0.022236731147790397,0.2711546448257537,-0.6442267758712317,0.8878477215766907,1.3147027492523193,0.3178168833255768,False,21
1,21.024817615994834,12.545999999999935,1.6907429135189624,0.011329287229660836,0.02137150943857719,0.3585069964164414,-0.20746501791779304,0.8983809947967529,1.3345061540603638,0.32242822647094727,False,21
1,21.153185603994643,12.648000000000025,1.7060173242027292,0.01201638619445605,0.016334639436925622,0.4,-0.053478382175263066,0.898834764957428,1.3343087434768677,0.32657143473625183,False,20
1,21.25398220599891,12.648000000000025,1.7060173242027292,0.01201638619445605,0.016334639436925622,0.26319828854951793,0.6840085572524105,0.898834764957428,1.3343087434768677,0.32657143473625183,False,20
1,21.381217182999535,12.75,1.722378022176347,0.012446953615325985,0.01437023731955148,0.4,-0.01628646408227535,0.9302523732185364,1.3692152500152588,0.4454602897167206,False,21
1,21.506076507997932,12.851999999999975,1.7379786501493306,0.012623435321839054,0.015361425832367378,0.20840425872029977,-0.9579787063985014,0.9156965613365173,1.3607559204101562,0.38985785841941833,False,20
1,21.607169773997157,12.851999999999975,1.7379786501493306,0.012623435321839054,0.015361425832367378,0.34183729909657945,-0.29081350451710264,0.9156965613365173,1.3607559204101562,0.38985785841941833,False,20
1,21.732241958001396,12.95399999999995,1.753713566094827,0.012966027039630814,0.012718626383644826,0.28196185115427147,0.5901907442286427,0.9494589567184448,1.4054839611053467,0.4799666106700897,False,21
1,21.85888653699658,13.055999999999926,1.7691484921192917,0.01304552753650681,0.015440154121758877,0.2,1.0,0.9413672685623169,1.3836569786071777,0.4451909363269806,False,21
1,21.965159791994665,13.090000000000032,1.773961989361386,0.012924945578431535,0.01801555689608572,0.3528713257836764,-0.23564337108161804,0.9413672685623169,1.3836569786071777,0.4451909363269806,False,21
1,22.083990100996743,13.158000000000015,1.7841711762688302,0.013085441647333426,0.017781360889505618,0.2867297125288543,0.5663514373557286,0.9263964891433716,1.3669527769088745,0.41833123564720154,False,21
1,22.209064153001236,13.259999999999991,1.7986184590666718,0.012836052473517635,0.025079239310483514,0.2,1.0,0.9480679631233215,1.4032468795776367,0.461302787065506,False,21
1,22.319241053999576,13.293999999999983,1.8028519284556062,0.0124387258595252,0.03165210890594607,0.2,-1.0,0.9480679631233215,1.4032468795776367,0.461302787065506,False,21
1,22.43835899899568,13.361999999999966,1.8114074997673053,0.012603585218753885,0.03288355973730307,0.25929351706328857,0.7035324146835572,0.9583082795143127,1.4091557264328003,0.5276347398757935,False,21
1,22.563483890997304,13.463999999999942,1.8245490136319504,0.01218992580849594,0.04501519166778555,0.2,-1.0,0.9464067816734314,1.3907771110534668,0.4530738294124603,False,21
1,22.677624267998908,13.497999999999934,1.8288714224089768,0.012358820889590852,0.0446854063669121,0.27188127586423694,-0.6405936206788153,0.9464067816734314,1.3907771110534668,0.4530738294124603,False,21
1,22.79611314000067,13.566000000000031,1.8376431120952514,0.013000193423423938,0.040646289351945336,0.3040586213576355,0.4797068932118227,0.9556588530540466,1.4241160154342651,0.5363661050796509,False,21
1,22.939719679001428,13.634000000000015,1.8465363070043355,0.013053239857445205,0.045603944819761905,0.2,-1.0,0.9518114924430847,1.4042112827301025,0.5093463659286499,False,20
1,23.06430271499994,13.73599999999999,1.861141756596991,0.013195319528450163,0.052656324435149095,0.27984217025722397,-0.6007891487138802,0.9561611413955688,1.4124071598052979,0.5375497341156006,False,21
1,23.16539044700039,13.73599999999999,1.861141756596991,0.013195319528450163,0.052656324435149095,0.3465440017688306,0.2672799911558469,0.9561611413955688,1.4124071598052979,0.5375497341156006,False,21
1,23.292828159996134,13.837999999999965,1.875379153345485,0.014049715908983837,0.05146986841650248,0.2,-1.0,0.9572240114212036,1.4005593061447144,0.5229495763778687,False,21
1,23.41834544899757,13.93999999999994,1.88920276412603,0.014787608038791636,0.04972753935417086,0.2,-1.0,0.912310004234314,1.3408082723617554,0.40801534056663513,False,20
1,23.51930586399976,13.93999999999994,1.88920276412603,0.014787608038791636,0.04972753935417086,0.4,0.0025539064696516248,0.912310004234314,1.3408082723617554,0.40801534056663513,False,20
1,23.64252978199511,14.04200000000003,1.9040403232833718,0.01588579885669163,0.04409736261267615,0.3132601900353363,0.43369904982331875,0.9155439734458923,1.3554408550262451,0.40321019291877747,False,21
1,23.76848365100159,14.144000000000005,1.9196237784850063,0.016729821121569774,0.04253141609896048,0.2,-1.0,0.9272931218147278,1.3611769676208496,0.4084024727344513,False,20
1,23.86929432099714,14.144000000000005,1.9196237784850063,0.016729821121569774,0.04253141609896048,0.34586769349187896,-0.2706615325406052,0.9272931218147278,1.3611769676208496,0.4084024727344513,False,20
1,23.99702078599512,14.245999999999981,1.9351484743359215,0.017611640949321324,0.03820305304323887,0.3249850664031481,0.3750746679842595,0.8946229815483093,1.3216379880905151,0.4057054817676544,False,19
1,24.126221918995725,14.347999999999956,1.950440084877506,0.018365192849691295,0.036423719097318334,0.2,-1.0,0.9110912084579468,1.347564697265625,0.4017108976840973,False,20
1,24.227104325000255,14.347999999999956,1.950440084877506,0.018365192849691295,0.036423719097318334,0.32407250349888383,-0.37963748250558116,0.9110912084579468,1.347564697265625,0.4017108976840973,False,20
1,24.351687497997773,14.449999999999932,1.965433824861827,0.019362786288060846,0.029468704097589473,0.2,1.0,0.9186694025993347,1.353880763053894,0.40790650248527527,False,21
1,24.452129222998337,14.518000000000029,1.9761397571500667,0.020007677383519995,0.024535134871138557,0.3738868446724621,0.1305657766376897,0.9321298003196716,1.3547520637512207,0.4220273196697235,False,21
1,24.5865471290017,14.552000000000021,1.9811343753331945,0.020136990877722832,0.025004577774389126,0.3411272209130673,-0.2943638954346636,0.9321298003196716,1.3547520637512207,0.4220273196697235,False,21
1,24.720108376997814,14.653999999999996,1.9971122363179434,0.020610916571067388,0.023219217918120833,0.31659389294253065,0.41703053528734696,0.9075865745544434,1.3353022336959839,0.4063074290752411,False,21
1,24.849030869998387,14.755999999999972,2.0124258148057037,0.021104103100283194,0.021757658464828303,0.4,-0.07018942764414585,0.9165999889373779,1.3614815473556519,0.4108528792858124,False,19
1,24.957486585997685,14.789999999999964,2.0181383247538167,0.021226578427426444,0.021639985782910685,0.4,-0.08234356581858103,0.9165999889373779,1.3614815473556519,0.4108528792858124,False,19
1,25.07617946100072,14.857999999999947,2.029732834192096,0.02147293057972751,0.02113476127749639,0.4,-0.0836813463233034,0.8935333490371704,1.343489170074463,0.4034174382686615,False,21
1,25.204886417996022,14.960000000000036,2.046592659798603,0.021945075878501582,0.019351203189958487,0.2,1.0,0.9028586149215698,1.3557337522506714,0.40629586577415466,False,21
1,25.310349861996656,14.994000000000028,2.0520100141347135,0.022082745406654575,0.018926281356111452,0.308710586851388,0.45644706574305993,0.9028586149215698,1.3557337522506714,0.40629586577415466,False,21
1,25.429041365998273,15.062000000000012,2.0628766635645075,0.02230070067214749,0.01982080546655766,0.35496688991236036,-0.2251655504381982,0.9149054288864136,1.3341795206069946,0.409535676240921,False,20
1,25.556506139000703,15.163999999999987,2.078874421760694,0.022647574775749312,0.018243266895089035,0.32208793509715916,0.3895603245142042,0.9197477698326111,1.3584587574005127,0.40915051102638245,False,21
1,25.659811181001714,15.163999999999987,2.078874421760694,0.022647574775749312,0.018243266895089035,0.4,0.010140170787935096,0.9197477698326111,1.3517210483551025,0.40915051102638245,False,21
1,25.78261349999957,15.265999999999963,2.0953297567027103,0.02295939715492872,0.018337246043382327,0.4,0.0435877848543808,0.9102070331573486,1.3517210483551025,0.40306755900382996,False,21
1,25.923611899997923,15.333999999999946,2.1063089669502313,0.023315049827385855,0.015935317327581487,0.4,0.029711657821889743,0.923875629901886,1.369302749633789,0.40219810605049133,False,21
1,26.047930354994605,15.436000000000035,2.123038310452348,0.023593023531009564,0.016372514360796238,0.22759332247269692,-0.8620333876365154,0.9116587042808533,1.3573716878890991,0.4094837009906769,False,20
1,26.148955320000823,15.436000000000035,2.123038310452348,0.023593023531009564,0.016372514360796238,0.4,0.053530755570854356,0.9116587042808533,1.3573716878890991,0.4094837009906769,False,20
1,26.276600329998473,15.538000000000011,2.139021734090764,0.02389720447558157,0.015270824513505738,0.33032228953661863,-0.3483885523169071,0.9100173115730286,1.3380591869354248,0.41015735268592834,False,21
1,26.403548636997584,15.639999999999986,2.153667330364228,0.02502547162150219,0.0029725315796091307,0.2,-1.0,0.8923619389533997,1.3422188758850098,0.3520255982875824,False,20
1,26.50432916799764,15.639999999999986,2.153667330364228,0.02502547162150219,0.0029725315796091307,0.2,1.0,0.8923619389533997,1.3422188758850098,0.3520255982875824,False,20
1,26.631677833996946,15.741999999999962,2.16612835287623,0.025755236255666936,-0.006546826426315516,0.30662683836848653,-0.4668658081575675,0.9092278480529785,1.3423012495040894,0.4153989851474762,False,20
1,26.762398498998664,15.843999999999937,2.180224120965727,0.0260609342682214,-0.012414238358371467,0.3237382865062812,-0.3813085674685942,0.8971735835075378,1.3352892398834229,0.4039299786090851,False,21
1,26.863256885997544,15.843999999999937,2.180224120965727,0.0260609342682214,-0.012414238358371467,0.2,1.0,0.8971735835075378,1.3352892398834229,0.4039299786090851,False,21
1,26.989143676000822,15.946000000000026,2.1944323756075077,0.02650331948290258,-0.0207477438522843,0.37169834064531204,-0.14150829677343993,0.9430566430091858,1.4004032611846924,0.51649010181427,False,21
1,27.116525523000746,16.048000000000002,2.208739840444423,0.02595830741814211,-0.017577610986515627,0.3204776439156687,0.39761178042165685,0.9290209412574768,1.3701157569885254,0.3606894910335541,False,21
1,27.217418289001216,16.048000000000002,2.208739840444423,0.02595830741814211,-0.017577610986515627,0.33736232337358174,0.3131883831320914,0.9290209412574768,1.3701157569885254,0.3606894910335541,False,21
1,27.343207200996403,16.149999999999977,2.223584098391821,0.02516003619386228,-0.008724171171622936,0.32524894840495455,-0.3737552579752273,0.9270222187042236,1.3669612407684326,0.46250709891319275,False,21
1,27.468823789000453,16.251999999999953,2.237953115939582,0.025419188164233494,-0.015438051689918665,0.2,1.0,0.9254400134086609,1.372776985168457,0.3508165776729584,False,21
1,27.570096939001814,16.251999999999953,2.237953115939582,0.025419188164233494,-0.015438051689918665,0.2,1.0,0.9254400134086609,1.372776985168457,0.3508165776729584,False,21
1,27.70001913699525,16.353999999999928,2.2529117647910306,0.02521820530588839,-0.015232600826724918,0.36073535486875136,0.1963232256562432,0.9207135438919067,1.378008484840393,0.3580549657344818,False,19
1,27.800061638001353,16.422000000000025,2.2625612357985037,0.02506671864021931,-0.01466841172294543,0.36202246403243277,0.18988767983783622,0.9172399640083313,1.3514773845672607,0.3623485267162323,False,21
1,27.935010850000253,16.456000000000017,2.2677572672555066,0.024833000728439712,-0.012521895846205522,0.2965754294740332,-0.5171228526298342,0.9172399640083313,1.3514773845672607,0.3623485267162323,False,21
1,28.06991924099566,16.557999999999993,2.282490804524354,0.024487496719255934,-0.010978783904972695,0.2,1.0,0.9118683338165283,1.3367996215820312,0.3382090628147125,False,21
1,28.19797133999964,16.659999999999968,2.2963370957530556,0.02463057601150081,-0.014234918091631046,0.28041884792591,-0.59790576037045,0.8985332250595093,1.351683497428894,0.34069767594337463,False,21
1,28.305660676000116,16.69399999999996,2.3009037632756195,0.0245519859284814,-0.014661328358562672,0.34125753588365126,-0.2937123205817438,0.8985332250595093,1.351683497428894,0.34069767594337463,False,21
1,28.42463127800147,16.761999999999944,2.3105731610854763,0.024520304592496274,-0.0165515626579853,0.3479521745696574,0.2602391271517132,0.8844894170761108,1.3350962400436401,0.3457798659801483,False,21
1,28.55249036299938,16.864000000000033,2.3253218280127648,0.02413915458841371,-0.01366853037076538,0.32193609534348905,0.3903195232825548,0.9074285626411438,1.3508121967315674,0.35097143054008484,False,21
1,28.65907712999615,16.864000000000033,2.3253218280127648,0.02413915458841371,-0.01366853037076538,0.34509639046539214,-0.2745180476730392,0.9074285626411438,1.3771320581436157,0.35097143054008484,False,21
1,28.780891074995452,16.966000000000008,2.3404958856946165,0.023733559359065428,-0.011719916968509958,0.26498821137419404,0.67505894312903,0.9039446711540222,1.3771320581436157,0.3472900688648224,False,21
1,28.924018619996787,17.033999999999992,2.350654448543986,0.023633393165100623,-0.010805723074315522,0.4,-0.09618880915174233,0.9155181050300598,1.3772339820861816,0.3558622896671295,False,19
1,29.049854263997986,17.135999999999967,2.367532904100575,0.023415664490370434,-0.01040392827038929,0.2591761250180979,0.7041193749095106,0.9140459895133972,1.3601518869400024,0.41313353180885315,False,20
1,29.15069563200086,17.135999999999967,2.367532904100575,0.023415664490370434,-0.01040392827038929,0.4,0.029559352902637562,0.9140459895133972,1.3601518869400024,0.41313353180885315,False,20
1,29.278427063996787,17.237999999999943,2.384499169130915,0.023132914761250983,-0.008590679480231539,0.34617066274121777,-0.26914668629391136,0.9056680798530579,1.3475894927978516,0.40282341837882996,False,21
1,29.41025122499559,17.340000000000032,2.400863401056111,0.022863757308632108,-0.0077512358831488505,0.22176964038671404,0.8911517980664299,0.9247511029243469,1.3796178102493286,0.40867409110069275,False,21
1,29.51108737300092,17.340000000000032,2.400863401056111,0.022863757308632108,-0.0077512358831488505,0.34484530174470446,0.27577349127647766,0.9247511029243469,1.3796178102493286,0.40867409110069275,False,21
1,29.640770403995703,17.442000000000007,2.416639093465448,0.022420919624860185,-0.002352951971152642,0.2,-1.0,0.8916217088699341,1.3439714908599854,0.4030548632144928,False,21
1,29.765576295001665,17.543999999999983,2.431715549733052,0.022350545513592848,-0.002352107087014553,0.2,1.0,0.9297234416007996,1.3843859434127808,0.4376079738140106,False,21
1,29.866334278995055,17.543999999999983,2.431715549733052,0.022350545513592848,-0.002352107087014553,0.36704144336411,0.1647927831794503,0.9297234416007996,1.3843859434127808,0.4376079738140106,False,21
1,29.992582922997826,17.645999999999958,2.44693831197236,0.022208823579583484,-0.00033917506939669937,0.2987820633578557,-0.5060896832107216,0.9103929400444031,1.3682045936584473,0.4261314570903778,False,21
1,30.121889427995484,17.747999999999934,2.4624197683070372,0.022202011572800294,-0.0015081817549118354,0.2,1.0,0.9336371421813965,1.3826221227645874,0.42763522267341614,False,21
1,30.22280884799693,17.747999999999934,2.4624197683070372,0.022202011572800294,-0.0015081817549118354,0.3224422703880656,0.38778864805967206,0.9336371421813965,1.3826221227645874,0.42763522267341614,False,21
1,30.349163421000412,17.850000000000023,2.4777635847053987,0.021933398158367437,0.0030888544242443218,0.2633546322602444,-0.683226838698778,0.8994154334068298,1.334857702255249,0.4086533486843109,False,21
1,30.475809259995003,17.951999999999998,2.4925660824760163,0.021858423751811004,0.003894874599126398,0.2,-1.0,0.8778308629989624,1.3276652097702026,0.39035215973854065,False,21
1,30.57662335499481,17.951999999999998,2.4925660824760163,0.021858423751811004,0.003894874599126398,0.2,1.0,0.8778308629989624,1.3276652097702026,0.39035215973854065,False,21
1,30.7024706709999,18.053999999999974,2.506303181988993,0.02204553185183774,0.0028313386472470416,0.2767682005604523,-0.6161589971977387,0.913079023361206,1.3583753108978271,0.3998638093471527,False,21
1,30.833652961999178,18.15599999999995,2.5203491099628583,0.022403003785463237,-0.0029722830714001185,0.2,1.0,0.9023245573043823,1.3407851457595825,0.39126208424568176,False,21
1,30.941074367998226,18.18999999999994,2.525323807017699,0.022418615840896494,-0.002886952485242621,0.2,1.0,0.9023245573043823,1.3407851457595825,0.39126208424568176,False,21
1,31.059767366001324,18.257999999999925,2.5349620179059613,0.022394313436443516,-0.0024051493752510747,0.3782509859132827,0.10874507043358653,0.9038874506950378,1.3676552772521973,0.3999193012714386,False,21
1,31.18909514600091,18.360000000000014,2.5500865600194125,0.02207603837750434,0.0016900660707718654,0.2645004614658439,0.6774976926707806,0.9347172975540161,1.3831605911254883,0.4466221034526825,False,21
1,31.29011096299655,18.360000000000014,2.5500865600194125,0.02207603837750434,0.0016900660707718654,0.29988973011120096,-0.5005513494439953,0.9347172975540161,1.3831605911254883,0.4466221034526825,False,21
1,31.422362584999064,18.46199999999999,2.565434571667693,0.02190041513581593,0.003790265881422708,0.3492541772594832,0.2537291137025841,0.9003231525421143,1.3533329963684082,0.389846533536911,False,21
1,31.548546776000876,18.563999999999965,2.5806073778565506,0.021999182525976248,0.003004834615112782,0.33722695807338154,-0.31386520963309245,0.8986813426017761,1.3439794778823853,0.38814422488212585,False,21
1,31.656664344998717,18.563999999999965,2.5806073778565506,0.021999182525976248,0.003004834615112782,0.34013621421441453,0.29931892892792755,0.9063469767570496,1.3439794778823853,0.38814422488212585,False,21
1,31.77912220000144,18.66599999999994,2.5952807000884106,0.022336665092257724,-0.0007057921250252074,0.37861851983982764,-0.10690740080086181,0.9063469767570496,1.3514738082885742,0.39194390177726746,False,21
1,31.882178836000094,18.734000000000037,2.604941543829892,0.02192228940739716,0.00529564647124871,0.3421565467688393,-0.2892172661558036,0.8836401104927063,1.3164327144622803,0.3848973214626312,False,19
1,31.98314790600125,18.734000000000037,2.604941543829892,0.02192228940739716,0.00529564647124871,0.2,-1.0,0.8836401104927063,1.3164327144622803,0.3848973214626312,False,19
1,32.11134730200138,18.836000000000013,2.619356458309346,0.022076011598442417,0.0030469555338950957,0.3671762132947363,0.16411893352631846,0.8941409587860107,1.336179494857788,0.3881395757198334,False,20
1,32.23697407799773,18.937999999999988,2.635892218031951,0.02224782561620554,0.0015547978730600556,0.36863011422861053,-0.15684942885694755,0.9136945605278015,1.361616849899292,0.3851024806499481,False,21
1,32.33785954299674,18.937999999999988,2.635892218031951,0.02224782561620554,0.0015547978730600556,0.3712094335007468,-0.14395283249626595,0.9136945605278015,1.361616849899292,0.3851024806499481,False,21
1,32.47141752999596,19.039999999999964,2.6521086013761743,0.022546654495236858,-0.0028873155457260365,0.29648617451762904,0.5175691274118547,0.8986734747886658,1.3618634939193726,0.39069369435310364,False,21
1,32.600878083998396,19.14199999999994,2.6676573327933593,0.022532774351706298,-0.002113916817713371,0.2501014976793459,-0.7494925116032704,0.9193486571311951,1.3432989120483398,0.3959828317165375,False,21
1,32.701930919000006,19.14199999999994,2.6676573327933593,0.022532774351706298,-0.002113916817713371,0.37709663525020964,-0.11451682374895183,0.9193486571311951,1.3432989120483398,0.3959828317165375,False,21
1,32.8341389490015,19.244000000000028,2.683835254427148,0.02248645249470406,-0.002750305035617009,0.36890662276265146,-0.15546688618674281,0.9106431007385254,1.364624261856079,0.37952157855033875,False,19
1,32.961900703994615,19.346000000000004,2.6999295135987675,0.0226207722871079,-0.005696087353596068,0.2,1.0,0.9163497686386108,1.3829795122146606,0.39442357420921326,False,19
1,33.06275314199593,19.346000000000004,2.6999295135987675,0.0226207722871079,-0.005696087353596068,0.33760444891544017,0.31197775542279915,0.9163497686386108,1.3829795122146606,0.39442357420921326,False,19
1,33.190036403000704,19.44799999999998,2.715293245088679,0.0225594387491645,-0.004818991209793623,0.3393042378991262,-0.303478810504369,0.9105299711227417,1.358299732208252,0.37911078333854675,False,21
1,33.30123467199883,19.515999999999963,2.7253234081862154,0.02254670178155817,-0.006366753575885935,0.3657003276440501,-0.17149836177974961,0.9066436290740967,1.3751795291900635,0.37758687138557434,False,21
1,33.44393246099935,19.549999999999955,2.7305758753347655,0.022698767326535668,-0.008826807440472028,0.32524735019430717,0.37376324902846425,0.9066436290740967,1.3751795291900635,0.37758687138557434,False,21
1,33.57860572599748,19.65199999999993,2.745441145388008,0.02278530652491105,-0.011563123632437245,0.348015985432471,-0.2599200728376452,0.9045172333717346,1.374301791191101,0.3850969970226288,False,20
1,33.684965282998746,19.686000000000035,2.7502157030334833,0.02272836183695333,-0.011515665056387186,0.35241537047664684,-0.23792314761676608,0.8813220262527466,1.374301791191101,0.3850969970226288,False,20
1,33.82956846799789,19.75400000000002,2.7602520713818173,0.02291400484245254,-0.016174872182946123,0.32470976471846386,0.37645117640768067,0.8813220262527466,1.3069535493850708,0.3212449848651886,False,21
1,33.978549062994716,19.855999999999995,2.7744177785356725,0.02312865725058955,-0.022704998397203392,0.4,0.046991592074580854,0.9058378338813782,1.3468170166015625,0.3306846618652344,False,21
1,34.08194035899942,19.923999999999978,2.784366353269706,0.022927168005696642,-0.022504601913629657,0.30284564803237324,-0.485771759838134,0.8690672516822815,1.2226961851119995,0.32223251461982727,False,21
1,34.216596405996825,19.95799999999997,2.789334891956817,0.022853787880707094,-0.023500571678109608,0.2,-1.0,0.8690672516822815,1.2226961851119995,0.32223251461982727,False,21
1,34.34778451999591,20.059999999999945,2.8022765385292674,0.02349361032080131,-0.03603430184412751,0.2,1.0,0.8882080912590027,1.3416497707366943,0.31612104177474976,False,21
1,34.47410038999806,20.162000000000035,2.8146098627052476,0.023203690965213318,-0.037759596939023976,0.2,-1.0,0.8849250078201294,1.305946707725525,0.3075738847255707,False,20
1,34.58439564899891,20.162000000000035,2.8146098627052476,0.023203690965213318,-0.037759596939023976,0.21068079891292193,-0.9465960054353904,0.8849250078201294,1.337465763092041,0.3075738847255707,False,20
1,34.70366524999554,20.26400000000001,2.8274198920196896,0.023977448071650594,-0.05522617137967293,0.2,1.0,0.8841550946235657,1.337465763092041,0.31779012084007263,False,20
1,34.83567139499792,20.365999999999985,2.8397683204089956,0.02378394222494936,-0.06137903685237647,0.22813002055653842,0.8593498972173078,0.9009928107261658,1.3768043518066406,0.3054180443286896,False,21
1,34.944511549998424,20.365999999999985,2.8397683204089956,0.02378394222494936,-0.06137903685237647,0.36353606042340114,0.18231969788299446,0.9009928107261658,1.3506242036819458,0.3054180443286896,False,21
1,35.064231570999254,20.46799999999996,2.852866764617499,0.02200438693546057,-0.0465529586016863,0.2,-1.0,0.8941692113876343,1.3506242036819458,0.31119662523269653,False,20
1,35.207893733000674,20.535999999999945,2.861325316121725,0.021551910849671875,-0.046081714488520435,0.2014945896084103,0.9925270519579487,0.9104822278022766,1.3796257972717285,0.3286745846271515,False,21
1,35.33874517399818,20.638000000000034,2.87396160738515,0.020117608360885005,-0.03302896903195848,0.2,1.0,0.9171468019485474,1.3911402225494385,0.42865118384361267,False,20
1,35.43962360599835,20.638000000000034,2.87396160738515,0.020117608360885005,-0.03302896903195848,0.2,-1.0,0.9171468019485474,1.3911402225494385,0.42865118384361267,False,20
1,35.56624269399617,20.74000000000001,2.88505706943927,0.01852739923766443,-0.0156481315351671,0.367760740249275,0.161196298753625,0.9041043519973755,1.3387219905853271,0.3129880130290985,False,21
1,35.69017461399926,20.841999999999985,2.897232420704922,0.018335480547063573,-0.015458371276473266,0.2,1.0,0.9342211484909058,1.395727276802063,0.50306236743927,False,19
1,35.79130330699991,20.841999999999985,2.897232420704922,0.018335480547063573,-0.015458371276473266,0.3170737006190967,0.4146314969045167,0.9342211484909058,1.395727276802063,0.50306236743927,False,19
1,35.91965091699967,20.94399999999996,2.911046904507563,0.017026674804108115,0.0005522439088267354,0.2,-1.0,0.9348331689834595,1.384099006652832,0.4640086591243744,False,21
1,36.04557665700122,21.045999999999935,2.924939171779189,0.01641431900755861,0.009065401689293172,0.2,1.0,0.9348344206809998,1.3989819288253784,0.49814578890800476,False,21
1,36.14639285899466,21.045999999999935,2.924939171779189,0.01641431900755861,0.009065401689293172,0.3085377262670853,0.45731136866457356,0.9348344206809998,1.3989819288253784,0.49814578890800476,False,21
1,36.27642350899987,21.148000000000025,2.9389684218353658,0.015856279945906583,0.019348150692375086,0.2,-1.0,0.9387349486351013,1.405303716659546,0.4962930977344513,False,21
1,36.40491314099927,21.25,2.9525367830537577,0.01565126033625413,0.025433481548192773,0.2,1.0,0.9325511455535889,1.3882195949554443,0.4917925298213959,False,21
1,36.505792431999,21.25,2.9525367830537577,0.01565126033625413,0.025433481548192773,0.26812360535951807,0.6593819732024098,0.9325511455535889,1.3882195949554443,0.4917925298213959,False,21
1,36.63933841999824,21.351999999999975,2.966581537122311,0.01532403920258066,0.0358995126945015,0.2,-1.0,0.9395363330841064,1.4074167013168335,0.48116937279701233,False,21
1,36.747203219994844,21.41999999999996,2.975660107063074,0.015160747995480032,0.04273726279416825,0.31089978519174927,-0.4455010740412538,0.9471503496170044,1.3995819091796875,0.503447413444519,False,21
1,36.88198559799639,21.45399999999995,2.9801532350435775,0.015343959296526835,0.041948114153873256,0.32349370637819813,0.3825314681090096,0.9471503496170044,1.3995819091796875,0.503447413444519,False,21
1,37.026563366998744,21.555999999999926,2.9932468256470117,0.01600419417440504,0.040801966283004566,0.2704989696294477,-0.6475051518527615,0.9392297863960266,1.413780927658081,0.5153713226318359,False,20
1,37.137646422001126,21.624000000000024,3.001605495618642,0.01591608927601021,0.046632608855017146,0.323627526880351,-0.3818623655982451,0.9362009763717651,1.3905612230300903,0.5046989917755127,False,21
1,37.27395967699704,21.658000000000015,3.005944276025496,0.01611204073768539,0.04600745145297449,0.3724921839893802,0.1375390800530991,0.9362009763717651,1.3905612230300903,0.5046989917755127,False,21
1,37.4060486390008,21.75999999999999,3.0195839681402563,0.01709859445479598,0.04046393044831996,0.34263305373781644,-0.28683473131091775,0.9152041077613831,1.3681851625442505,0.3951244056224823,False,21
1,37.533715164994646,21.861999999999966,3.0342571366901088,0.017969127397847662,0.035388982030131313,0.2,-1.0,0.8835211992263794,1.3386266231536865,0.39088883996009827,False,21
1,37.6474662959954,21.895999999999958,3.039149224813885,0.018332712195740185,0.03284242843546402,0.32551660117440706,0.3724169941279648,0.8835211992263794,1.3386266231536865,0.39088883996009827,False,21
1,37.764270833999035,21.963999999999942,3.0492992148355818,0.018690413285929262,0.033074159078642695,0.2,-1.0,0.8672904968261719,1.3214133977890015,0.3891630470752716,False,21
1,37.894657243996335,22.06600000000003,3.0630720176614896,0.01931231657776275,0.030262367241058886,0.24142387114344635,0.7928806442827683,0.905968964099884,1.341835856437683,0.38868948817253113,False,21
1,38.00461378199543,22.06600000000003,3.0630720176614896,0.01931231657776275,0.030262367241058886,0.3614462921030751,-0.19276853948462455,0.905968964099884,1.3628664016723633,0.38868948817253113,False,21
1,38.14313100199797,22.134000000000015,3.072235365552254,0.019618294745831478,0.030407352294850993,0.20481495671870578,-0.9759252164064712,0.8923882842063904,1.3628664016723633,0.38268277049064636,False,21
1,38.27017110599991,22.23599999999999,3.085596120703444,0.020619726260811228,0.02179217699620482,0.2,1.0,0.890766978263855,1.354701280593872,0.38381895422935486,False,20
1,38.39960024099855,22.337999999999965,3.098322230565358,0.021065671986142457,0.01927437094210577,0.34661636157815784,0.26691819210921097,0.9080942869186401,1.37013840675354,0.38099154829978943,False,21
1,38.50022532999719,22.337999999999965,3.098322230565358,0.021065671986142457,0.01927437094210577,0.36564166832904266,-0.1717916583547867,0.9080942869186401,1.37013840675354,0.38099154829978943,False,21
1,38.624866250997,22.43999999999994,3.1126693604226845,0.021541578092347288,0.016654970467206372,0.33285005393620604,0.33574973031897015,0.8806442022323608,1.333891749382019,0.38772985339164734,False,18
1,38.750294997997116,22.54200000000003,3.1270471053139324,0.022150377803015413,0.011022170954376164,0.3120844123902454,0.439577938048773,0.8906561732292175,1.3616080284118652,0.38615408539772034,False,21
1,38.85156741299579,22.54200000000003,3.1270471053139324,0.022150377803015413,0.011022170954376164,0.32928272283040444,-0.3535863858479781,0.8906561732292175,1.3616080284118652,0.38615408539772034,False,21
1,38.98000228499586,22.644000000000005,3.141999911541493,0.022675870198943866,0.006230563930209493,0.2669901728159654,0.6650491359201731,0.888274073600769,1.3227747678756714,0.38695773482322693,False,21
1,39.10483127599582,22.74599999999998,3.155450257668401,0.023148749790683903,0.000418401226077157,0.4,0.08442780042085288,0.8975828289985657,1.3476613759994507,0.3910282552242279,False,21
1,39.205641205000575,22.74599999999998,3.155450257668401,0.023148749790683903,0.000418401226077157,0.3112879691128305,-0.4435601544358475,0.8975828289985657,1.3476613759994507,0.3910282552242279,False,21
1,39.33005285300169,22.847999999999956,3.170732458105735,0.023638610062095194,-0.006205057201761423,0.2,1.0,0.8885706067085266,1.3436832427978516,0.38548001646995544,False,21
1,39.457090482996136,22.949999999999932,3.184941672087571,0.023585613294614394,-0.00675461352466165,0.2,1.0,0.9120231866836548,1.3746858835220337,0.38983020186424255,False,21
1,39.55774864799605,22.949999999999932,3.184941672087571,0.023585613294614394,-0.00675461352466165,0.4,0.06844990213315241,0.9120231866836548,1.3746858835220337,0.38983020186424255,False,21
1,39.6808434859995,23.05200000000002,3.1998344213453014,0.023489973761551864,-0.0068084716536489865,0.3533912477773542,0.23304376111322914,0.8949440717697144,1.355082392692566,0.39147111773490906,False,21
1,39.78273642099521,23.120000000000005,3.2097635851642567,0.02338763010352635,-0.005222930076537399,0.4,-0.07644966970895395,0.9239347577095032,1.3639757633209229,0.385721355676651,False,21
1,39.91841458399722,23.153999999999996,3.2151369540699624,0.023288525307157477,-0.004204208906127646,0.3568477215115098,-0.21576139244245124,0.9239347577095032,1.3639757633209229,0.385721355676651,False,21
1,40.05781799899705,23.255999999999972,3.2306045931895664,0.023123649108331992,-0.003636973326212612,0.3601753709530029,0.19912314523498556,0.8872722387313843,1.3263006210327148,0.3955710232257843,False,21
1,40.16125838099833,23.323999999999955,3.2409152363251925,0.0230376705206432,-0.0020898646023578336,0.3789162672431937,0.10541866378403153,0.8942473530769348,1.357253074645996,0.38386425375938416,False,19
1,40.296483265999996,23.357999999999947,3.246409882410383,0.022901920063362786,-0.00037039701592051915,0.32623292096800527,-0.3688353951599739,0.8942473530769348,1.357253074645996,0.38386425375938416,False,19
1,40.43564306299959,23.460000000000036,3.2620132414617276,0.022736447651204045,0.0008382971868488543,0.33288713730434305,0.3355643134782849,0.9019789695739746,1.3595274686813354,0.39266273379325867,False,21
1,40.55211285499536,23.52800000000002,3.2722182041550743,0.022667727162802374,0.0029437273229697123,0.3546073949960369,0.2269630250198158,0.9064253568649292,1.3668897151947021,0.3897232711315155,False,21
1,40.686381360996165,23.562000000000012,3.277403306351145,0.02238361842310712,0.006899471768084025,0.2,-1.0,0.9064253568649292,1.3668897151947021,0.3897232711315155,False,21
1,40.82399555399752,23.663999999999987,3.291654610640363,0.022135281897001657,0.011060029981627624,0.2775645352894151,0.6121773235529246,0.914168655872345,1.3603075742721558,0.3953878581523895,False,21
1,40.93750941899634,23.73199999999997,3.300987952865878,0.02199618175798305,0.015291268329476082,0.4,0.050703406795873464,0.9222704768180847,1.38552725315094,0.39761725068092346,False,21
1,41.07115135299682,23.765999999999963,3.3061200280592753,0.021748519050272048,0.019941563504379135,0.2,-1.0,0.9222704768180847,1.38552725315094,0.39761725068092346,False,21
1,41.22032408299856,23.833999999999946,3.316024040298902,0.021904980989380235,0.020053627720575177,0.3774685957707148,-0.11265702114642615,0.9124851226806641,1.3669042587280273,0.39243772625923157,False,19
1,41.349570870996104,23.936000000000035,3.3314189870565603,0.022464017790561796,0.015296080391569834,0.3412302754060969,0.2938486229695155,0.938995897769928,1.393040657043457,0.4964369833469391,False,20
1,41.48250045399618,24.03800000000001,3.3480112449594586,0.022757114903981242,0.01477596016866482,0.3446712517837222,-0.276643741081389,0.9248172044754028,1.3926193714141846,0.4869469106197357,False,21
1,41.58356124299462,24.03800000000001,3.3480112449594586,0.022757114903981242,0.01477596016866482,0.3619480717212047,0.19025964139397672,0.9248172044754028,1.3926193714141846,0.4869469106197357,False,21
1,41.712875810000696,24.139999999999986,3.3635254234902283,0.023070010793628404,0.014211626814484611,0.2,-1.0,0.9024092555046082,1.319857120513916,0.3305601179599762,False,21
1,41.84327045099781,24.241999999999962,3.378298377834756,0.02324891282024556,0.013561139910824636,0.2,-1.0,0.9014098048210144,1.3561229705810547,0.32519593834877014,False,21
1,41.94436019999557,24.241999999999962,3.378298377834756,0.02324891282024556,0.013561139910824636,0.3704896626247861,-0.14755168687606965,0.9014098048210144,1.3561229705810547,0.32519593834877014,False,21
1,42.07571927599929,24.343999999999937,3.3930772158886127,0.023784061671703195,0.00880666332695889,0.21241613832720496,0.9379193083639751,0.9059756398200989,1.351886510848999,0.3213755190372467,False,19
1,42.20790649399714,24.446000000000026,3.408043856854341,0.0239486236141701,0.008685247729299019,0.2,-1.0,0.8989515900611877,1.3429535627365112,0.31100401282310486,False,21
1,42.30895524299558,24.446000000000026,3.408043856854341,0.0239486236141701,0.008685247729299019,0.3614728876955419,-0.19263556152229058,0.8989515900611877,1.3429535627365112,0.31100401282310486,False,21
1,42.438720101999934,24.548000000000002,3.4228490775021365,0.024312180846518698,0.00513312240468348,0.21263003562671967,0.9368498218664015,0.8880032896995544,1.3640565872192383,0.311592161655426,False,21
1,42.56414539599791,24.649999999999977,3.4379758144425985,0.02443291214214076,0.005184134158335476,0.31371016656973705,0.4314491671513147,0.8889881372451782,1.330119252204895,0.3155881464481354,False,20
1,42.66505852300179,24.649999999999977,3.4379758144425985,0.02443291214214076,0.005184134158335476,0.4,-0.06851820968974162,0.8889881372451782,1.330119252204895,0.3155881464481354,False,20
1,42.8002025349997,24.751999999999953,3.453759093766348,0.024349748987115706,0.0073507099854432136,0.3735907980248673,0.13204600987566378,0.9058593511581421,1.347975730895996,0.313488632440567,False,21
1,42.92904132499825,24.853999999999928,3.4696759572797338,0.02452173942033168,0.0067332385969677295,0.2487823886662382,-0.7560880566688091,0.8934166431427002,1.3473271131515503,0.3095302879810333,False,21
1,43.03010056600033,24.853999999999928,3.4696759572797338,0.02452173942033168,0.0067332385969677295,0.37251094528027706,-0.1374452735986149,0.8934166431427002,1.3473271131515503,0.3095302879810333,False,21
1,43.159503169001255,24.956000000000017,3.486187486933203,0.02478683894400438,0.003949833688584367,0.31604401611217253,0.4197799194391374,0.911313533782959,1.3615808486938477,0.32239121198654175,False,19
1,43.28524001700134,25.057999999999993,3.5023158876658615,0.024875850496765047,0.0037839209091548908,0.2,1.0,0.9357823729515076,1.4080559015274048,0.4961998760700226,False,20
1,43.38610321500164,25.057999999999993,3.5023158876658615,0.024875850496765047,0.0037839209091548908,0.338588922546384,0.3070553872680801,0.9357823729515076,1.4080559015274048,0.4961998760700226,False,20
1,43.51763556899823,25.159999999999968,3.517847998790418,0.02468805584786608,0.008465230275673686,0.2,-1.0,0.8983365893363953,1.3507791757583618,0.38144025206565857,False,20
1,43.642125100996054,25.261999999999944,3.532668081031387,0.02494326252208959,0.0056579456978945505,0.2,-1.0,0.9017186760902405,1.3655165433883667,0.3819981515407562,False,21
1,43.75139773800038,25.261999999999944,3.532668081031387,0.02494326252208959,0.0056579456978945505,0.3058896081496197,0.4705519592519017,0.9135580658912659,1.3655165433883667,0.3819981515407562,False,21
1,43.87160722199769,25.364000000000033,3.546139494786903,0.02528260723626464,0.0021425248829400278,0.33134472735554044,-0.34327636322229793,0.9135580658912659,1.3788526058197021,0.38052478432655334,False,21
1,44.00043652699969,25.466000000000008,3.5608194409850538,0.026082986976755006,-0.009310924363156822,0.2,1.0,0.9102015495300293,1.3510717153549194,0.385213702917099,False,21
1,44.10561669099843,25.466000000000008,3.5608194409850538,0.026082986976755006,-0.009310924363156822,0.25381846940024444,0.7309076529987778,0.9102015495300293,1.3778797388076782,0.385213702917099,False,21
1,44.24602415499976,25.533999999999992,3.5702800658655587,0.02593938890048493,-0.007465847737937717,0.2836378450273922,-0.581810774863039,0.914885401725769,1.3778797388076782,0.39545539021492004,False,21
1,44.375198410998564,25.635999999999967,3.584456615879877,0.025346433427358685,-0.0010658466289331311,0.3468308938276745,0.26584553086162765,0.9139565229415894,1.3880428075790405,0.39543357491493225,False,19
1,44.50614387499809,25.737999999999943,3.5989364330447455,0.025173547061099467,0.0020862103265729204,0.2,-1.0,0.9233877062797546,1.387231469154358,0.39508405327796936,False,21
1,44.60690245699516,25.737999999999943,3.5989364330447455,0.025173547061099467,0.0020862103265729204,0.2850228926699875,-0.5748855366500627,0.9233877062797546,1.387231469154358,0.39508405327796936,False,21
1,44.73672655599512,25.840000000000032,3.6141059312880564,0.025249841487632308,0.0002764880074227046,0.4,0.012275232344089074,0.9027080535888672,1.3511836528778076,0.3903913199901581,False,20
1,44.865375146997394,25.942000000000007,3.629676185661278,0.025489260021059307,-0.00315327756228211,0.2,1.0,0.9230009913444519,1.3846131563186646,0.405752032995224,False,20
1,44.9663058369988,25.942000000000007,3.629676185661278,0.025489260021059307,-0.00315327756228211,0.2866443917239622,0.5667780413801887,0.9230009913444519,1.3846131563186646,0.405752032995224,False,20
1,45.09690625000076,26.043999999999983,3.6453588420829806,0.02544690046153086,-0.0020518968261781655,0.3753840084769703,0.12307995761514859,0.9069471955299377,1.3617885112762451,0.39051327109336853,False,21
1,45.226421984996705,26.145999999999958,3.661083283734157,0.025092397248886986,0.0024735565770461153,0.2,1.0,0.9256020784378052,1.3908029794692993,0.3995582163333893,False,20
1,45.327255710995814,26.145999999999958,3.661083283734157,0.025092397248886986,0.0024735565770461153,0.25897880373236454,-0.7051059813381773,0.9256020784378052,1.3908029794692993,0.3995582163333893,False,20
1,45.458239734995004,26.247999999999934,3.676000082088123,0.02490735074142266,0.0047305612430013615,0.20982665277536727,0.9508667361231636,0.9257632493972778,1.386380672454834,0.49487587809562683,False,20
1,45.58932181599812,26.350000000000023,3.69005703089247,0.024709725041936366,0.009323969683435641,0.2,1.0,0.937001645565033,1.3839715719223022,0.45136716961860657,False,21
1,45.69007466399489,26.350000000000023,3.69005703089247,0.024709725041936366,0.009323969683435641,0.3321281056168179,-0.33935947191591087,0.937001645565033,1.3839715719223022,0.45136716961860657,False,21
1,45.81848763099697,26.451999999999998,3.702937583939102,0.024243283381639984,0.01792053295779295,0.2985949451236496,0.507025274381752,0.9341184496879578,1.3860989809036255,0.4326097071170807,False,20
1,45.945431186999485,26.553999999999974,3.7165663525927615,0.02321695346577802,0.0353689543741284,0.2,-1.0,0.9488757252693176,1.4164087772369385,0.5071854591369629,False,21
1,46.04631251299725,26.553999999999974,3.7165663525927615,0.02321695346577802,0.0353689543741284,0.2,-1.0,0.9488757252693176,1.4164087772369385,0.5071854591369629,False,21
1,46.17707530700136,26.65599999999995,3.7308414850973466,0.023546264743216715,0.037554478824924936,0.3643430637863927,0.1782846810680367,0.9497782588005066,1.3979021310806274,0.4980253279209137,False,21
1,46.30459671599965,26.757999999999925,3.745607384590018,0.024072711433937598,0.03849485689892288,0.2,-1.0,0.9117207527160645,1.3284492492675781,0.4240957796573639,False,20
1,46.40505192699493,26.757999999999925,3.745607384590018,0.024072711433937598,0.03849485689892288,0.2692401732918414,-0.6537991335407929,0.9117207527160645,1.3284492492675781,0.4240957796573639,False,20
1,46.53366291400016,26.860000000000014,3.760551493283989,0.024783376169225792,0.0353458128600052,0.31522596291578814,0.4238701854210595,0.9359229803085327,1.4051793813705444,0.4425823390483856,False,21
1,46.66096218999883,26.96199999999999,3.7755943363088984,0.025257640404967804,0.03661340827545192,0.2,-1.0,0.9487536549568176,1.3906458616256714,0.4897277057170868,False,21
1,46.7706055919989,26.96199999999999,3.7755943363088984,0.025257640404967804,0.03661340827545192,0.36742013926141043,-0.16289930369294808,0.9487536549568176,1.378308653831482,0.4897277057170868,False,21
1,46.89167889199598,27.063999999999965,3.7899889612417272,0.025805077027871905,0.03594940834906776,0.36112640963109377,-0.19436795184453132,0.9408918023109436,1.378308653831482,0.3417203426361084,False,20
1,47.01928667000175,27.16599999999994,3.8047376327432354,0.027109066516087545,0.02446086129618783,0.21067635562728554,0.9466182218635725,0.9168373942375183,1.3271089792251587,0.33402183651924133,False,21
1,47.12664185599715,27.16599999999994,3.8047376327432354,0.027109066516087545,0.02446086129618783,0.2,1.0,0.934019923210144,1.3271089792251587,0.33402183651924133,False,21
1,47.266519076001714,27.234000000000037,3.8139611507603326,0.027373734180148816,0.024479131394530278,0.31167583769255885,-0.44162081153720567,0.934019923210144,1.3596261739730835,0.32299742102622986,False,19
1,47.39636084799713,27.336000000000013,3.82863274761549,0.02818191741990663,0.017434075176798607,0.2,1.0,0.9271361827850342,1.3758623600006104,0.4244692623615265,False,21
1,47.52157612999872,27.437999999999988,3.843653531662949,0.02848329569193185,0.01738781716070056,0.2,-1.0,0.9205995202064514,1.3376998901367188,0.30901873111724854,False,21
1,47.62242654799775,27.437999999999988,3.843653531662949,0.02848329569193185,0.01738781716070056,0.351384166780496,-0.24307916609752,0.9205995202064514,1.3376998901367188,0.30901873111724854,False,21
1,47.75019285699818,27.539999999999964,3.8584786291613464,0.02903879104159068,0.012670820539290075,0.20328838506731045,0.9835580746634478,0.9457911252975464,1.3705976009368896,0.3280671536922455,False,21
1,47.877029366994975,27.64199999999994,3.87353051238245,0.029263675150839392,0.012754908376094677,0.3544401878878056,0.22779906056097182,0.9364331364631653,1.3703324794769287,0.32809334993362427,False,19
1,47.978062548994785,27.64199999999994,3.87353051238245,0.029263675150839392,0.012754908376094677,0.4,-0.07259611604896889,0.9364331364631653,1.3703324794769287,0.32809334993362427,False,19
1,48.1062837999998,27.744000000000028,3.8893740732828284,0.02926742632440898,0.01578469657927248,0.4,0.029619116080468286,0.9284034967422485,1.3615491390228271,0.30903947353363037,False,20
1,48.234425292001106,27.846000000000004,3.9056598338866886,0.02961664562628907,0.013731837598181843,0.2,1.0,0.9312279224395752,1.3470163345336914,0.30921658873558044,False,21
1,48.33550218000164,27.846000000000004,3.9056598338866886,0.02961664562628907,0.013731837598181843,0.4,0.06296415658931387,0.9312279224395752,1.3470163345336914,0.30921658873558044,False,21
1,48.46330715799559,27.94799999999998,3.922540788887404,0.029862518368992366,0.0138737944596881,0.35595456072651854,-0.22022719636740745,0.9493739604949951,1.3585290908813477,0.31772932410240173,False,20
1,48.58882010399975,28.049999999999955,3.938309105759056,0.030520543767729464,0.00741529871025817,0.2,1.0,0.9466901421546936,1.3855420351028442,0.3144933879375458,False,20
1,48.689536979996774,28.049999999999955,3.938309105759056,0.030520543767729464,0.00741529871025817,0.2,1.0,0.9466901421546936,1.3855420351028442,0.3144933879375458,False,20
1,48.836550353997154,28.15199999999993,3.9535019511522638,0.030665383364831923,0.007455763362844679,0.4,-0.042021349146423144,0.9322999119758606,1.3524166345596313,0.38920000195503235,False,21
1,48.958386048994726,28.25400000000002,3.969970928722818,0.030786264594664874,0.007083833707890175,0.3410226777526883,0.2948866112365588,0.9323387145996094,1.3728249073028564,0.33181872963905334,False,19
1,49.05948925399571,28.25400000000002,3.969970928722818,0.030786264594664874,0.007083833707890175,0.3723993918232224,0.1380030408838882,0.9323387145996094,1.3728249073028564,0.33181872963905334,False,19
1,49.18787046899524,28.355999999999995,3.9863552538054625,0.030847027082456298,0.008552473654180898,0.37852197316852587,0.10739013415737095,0.9409753680229187,1.371254801750183,0.3487650156021118,False,19
1,49.318700061994605,28.45799999999997,4.002833891382003,0.030873698203137737,0.01061286889999508,0.2,1.0,0.9437161684036255,1.3780282735824585,0.414183109998703,False,21
1,49.41971690499486,28.45799999999997,4.002833891382003,0.030873698203137737,0.01061286889999508,0.4,-0.0123464431336376,0.9437161684036255,1.3780282735824585,0.414183109998703,False,21
1,49.54912411199621,28.559999999999945,4.019717512226526,0.030894463127118302,0.01295911349996551,0.32966925316221896,-0.3516537341889054,0.9574570655822754,1.4022889137268066,0.5206524133682251,False,21
1,49.67528582999512,28.662000000000035,4.0359950243866365,0.030968970700251227,0.014149729965929673,0.22710310901795552,0.8644844549102225,0.942626416683197,1.3763915300369263,0.4181079566478729,False,20
1,49.786897678997775,28.662000000000035,4.0359950243866365,0.030968970700251227,0.014149729965929673,0.35333212216889737,0.23333938915551342,0.942626416683197,1.4015568494796753,0.4181079566478729,False,20
1,49.90666844399675,28.76400000000001,4.052158444870715,0.03100762256193754,0.017663493287115098,0.33168575805334116,-0.34157120973329447,0.9604599475860596,1.4015568494796753,0.5078787803649902,False,21
1,50.034990577994904,28.865999999999985,4.067980304630142,0.03129695124256409,0.017175667784824072,0.2986248508996755,0.5068757455016226,0.9407102465629578,1.3759664297103882,0.45063886046409607,False,20
1,50.143210814996564,28.865999999999985,4.067980304630142,0.03129695124256409,0.017175667784824072,0.3620594596728782,-0.18970270163560904,0.9494616985321045,1.3759664297103882,0.45063886046409607,False,20
1,50.26502990299923,28.96799999999996,4.082838999537938,0.03136335749796253,0.01904293133741009,0.3653569390024989,0.17321530498750554,0.9494616985321045,1.3763772249221802,0.4598240554332733,False,19
1,50.408456773999205,29.035999999999945,4.0933726550482,0.03157572657826634,0.01980978654397319,0.2996697319974431,-0.5016513400127846,0.9550543427467346,1.3995813131332397,0.5162304639816284,False,21
1,50.53497126699949,29.138000000000034,4.108901977512545,0.03216512693998192,0.014432991258874858,0.2944444496518073,0.5277777517409634,0.9552156329154968,1.3994157314300537,0.5182874202728271,False,21
1,50.635841080998944,29.138000000000034,4.108901977512545,0.03216512693998192,0.014432991258874858,0.23918881151396967,0.8040559424301517,0.9552156329154968,1.3994157314300537,0.5182874202728271,False,21
1,50.76424793800106,29.24000000000001,4.124375629082361,0.03242090815200997,0.014846361858843405,0.4,5.57568273503407e-05,0.9228949546813965,1.385453224182129,0.4950750172138214,False,21
1,50.89443051000126,29.341999999999985,4.140482178294411,0.03246183013942539,0.01742705542968064,0.2090472565687573,-0.9547637171562136,0.9516901969909668,1.394053339958191,0.5118407011032104,False,21
1,50.995315781998215,29.341999999999985,4.140482178294411,0.03246183013942539,0.01742705542968064,0.3694347730880814,0.15282613455959299,0.9516901969909668,1.394053339958191,0.5118407011032104,False,21
1,51.12734062399977,29.44399999999996,4.156285828281049,0.03274793745409448,0.017991239344305774,0.37152972975701215,-0.14235135121493941,0.959854781627655,1.3939406871795654,0.509466290473938,False,21
1,51.252514544001315,29.545999999999935,4.172797570976476,0.033108691908416796,0.015987530016192936,0.322691619316616,0.3865419034169202,0.9453405737876892,1.3750298023223877,0.4230247437953949,False,20
1,51.353264031000435,29.545999999999935,4.172797570976476,0.033108691908416796,0.015987530016192936,0.35475506331596907,0.22622468342015478,0.9453405737876892,1.3750298023223877,0.4230247437953949,False,20
1,51.481070328001806,29.648000000000025,4.1892747382869615,0.03333567161657536,0.017369747734549912,0.3777106067991994,-0.11144696600400307,0.9520605206489563,1.3706154823303223,0.453501433134079,False,20
1,51.608813942999404,29.75,4.205727704698595,0.033646774894865734,0.01611467352732665,0.3249539957048766,-0.375230021475617,0.9450439214706421,1.357363224029541,0.38882455229759216,False,21
1,51.70972536599584,29.75,4.205727704698595,0.033646774894865734,0.01611467352732665,0.37772533750076775,0.11137331249616125,0.9450439214706421,1.357363224029541,0.38882455229759216,False,21
1,51.838767468994774,29.851999999999975,4.222347073015158,0.03398291850702739,0.015839677820983035,0.4,-0.06251090389932124,0.9498952031135559,1.3852647542953491,0.5058339834213257,False,20
1,51.963454609998735,29.95399999999995,4.239742737682726,0.03424765744463636,0.015423907783330047,0.33077368788668127,-0.34613156056659367,0.9545995593070984,1.387116551399231,0.48786547780036926,False,21
1,52.06496140699892,29.95399999999995,4.239742737682726,0.03424765744463636,0.015423907783330047,0.35611861455637495,-0.21940692721812546,0.9545995593070984,1.387116551399231,0.48786547780036926,False,21
1,52.19042208999599,30.055999999999926,4.2560266515057,0.0349065553750094,0.009111160248759754,0.20821323052428997,0.9589338473785503,0.9582690000534058,1.3929804563522339,0.5193349123001099,False,21
1,52.322997524999664,30.158000000000015,4.271887318451203,0.03507676165280576,0.009063627877398095,0.3085156518908026,0.45742174054598705,0.9473692774772644,1.3684580326080322,0.42895957827568054,False,21
1,52.4236464889982,30.158000000000015,4.271887318451203,0.03507676165280576,0.009063627877398095,0.37650815445080626,0.11745922774596868,0.9473692774772644,1.3684580326080322,0.42895957827568054,False,21
1,52.54929973799881,30.25999999999999,4.288179560085244,0.03511597711240248,0.011277301082625415,0.4,-0.003214416546386871,0.9366817474365234,1.3674341440200806,0.460122674703598,False,20
1,52.67763265899703,30.361999999999966,4.305092706737482,0.03528473556499934,0.011705201249426353,0.2,-1.0,0.9078537225723267,1.3133490085601807,0.40393635630607605,False,21
1,52.78679113499675,30.361999999999966,4.305092706737482,0.03528473556499934,0.011705201249426353,0.26742196985292344,-0.6628901507353829,0.9078537225723267,1.2998015880584717,0.40393635630607605,False,21
1,52.907077181000204,30.463999999999942,4.320136526482765,0.03543396894325438,0.011376086858735463,0.3133038128328634,-0.43348093583568315,0.8866962194442749,1.2998015880584717,0.40207991003990173,False,21
1,53.0356498580004,30.56600000000003,4.334576276417624,0.03674143227573364,-0.005139605965574454,0.2,1.0,0.9239808320999146,1.3737536668777466,0.4283911883831024,False,21
1,53.14517977099604,30.56600000000003,4.334576276417624,0.03674143227573364,-0.005139605965574454,0.2,1.0,0.9239808320999146,1.3954877853393555,0.4283911883831024,False,21
1,53.26619662199664,30.668000000000006,4.348793714406295,0.03688953886661218,-0.007391914707324649,0.4,-0.03651021878906292,0.9459413886070251,1.3954877853393555,0.5192937850952148,False,20
1,53.368952507997165,30.73599999999999,4.359197761080297,0.03675878210950467,-0.006558123773756954,0.28066075190088147,0.5966962404955927,0.9530978202819824,1.391151785850525,0.5253740549087524,False,21
1,53.4697092139977,30.73599999999999,4.359197761080297,0.03675878210950467,-0.006558123773756954,0.37276361674441155,0.1361819162779423,0.9530978202819824,1.391151785850525,0.5253740549087524,False,21
1,53.59615895099705,30.837999999999965,4.374968874772842,0.03635129456088943,-0.0021733202782337167,0.37252127519427414,-0.13739362402862965,0.9399283528327942,1.3709657192230225,0.4660424292087555,False,19
1,53.72416867499851,30.93999999999994,4.390488332499752,0.03610386075740786,0.0010867320072279454,0.2,1.0,0.923169732093811,1.35710608959198,0.41159793734550476,False,21
1,53.82495097100036,30.93999999999994,4.390488332499752,0.03610386075740786,0.0010867320072279454,0.3663863749800007,0.16806812509999663,0.923169732093811,1.35710608959198,0.41159793734550476,False,21
1,53.961185549997026,31.04200000000003,4.405939158028549,0.03547273902800675,0.010048137607664308,0.2,-1.0,0.9082205891609192,1.3290163278579712,0.40121325850486755,False,21
1,54.088849765001214,31.144000000000005,4.420627466816219,0.03559299186257134,0.010519740142661192,0.28795626541312974,-0.5602186729343512,0.9252592921257019,1.351106882095337,0.4054394066333771,False,20
1,54.189610178000294,31.144000000000005,4.420627466816219,0.03559299186257134,0.010519740142661192,0.4,0.03838024202078652,0.9252592921257019,1.351106882095337,0.4054394066333771,False,20
1,54.315988358997856,31.24599999999998,4.436120608748471,0.035789929407804566,0.009585989480732467,0.4,-0.04602940090965988,0.9014691114425659,1.3276453018188477,0.40164026618003845,False,20
1,54.443672028995934,31.347999999999956,4.452672029147515,0.035975249386460934,0.008595830145731714,0.2,-1.0,0.9209532141685486,1.3388043642044067,0.36913231015205383,False,20
1,54.54443331500079,31.347999999999956,4.452672029147515,0.035975249386460934,0.008595830145731714,0.4,0.02732811742783209,0.9209532141685486,1.3388043642044067,0.36913231015205383,False,20
1,54.670164481998654,31.449999999999932,4.4685867169204965,0.03611309198034733,0.009225249388739925,0.34195832679289917,-0.2902083660355044,0.9373854398727417,1.3668657541275024,0.40902069211006165,False,21
1,54.7992399729992,31.55200000000002,4.484148399103002,0.03632053861264421,0.007076779042123904,0.3174863242099754,-0.4125683789501231,0.9287964105606079,1.3294471502304077,0.3333619236946106,False,19
1,54.90013237799576,31.55200000000002,4.484148399103002,0.03632053861264421,0.007076779042123904,0.35040630320092364,0.247968483995382,0.9287964105606079,1.3294471502304077,0.3333619236946106,False,19
1,55.02570452999498,31.653999999999996,4.499341805986226,0.03641817149936582,0.007974164960606336,0.2089474453245672,-0.9552627733771641,0.9295457005500793,1.3220857381820679,0.33042600750923157,False,20
1,55.15555296299863,31.755999999999972,4.514220290499969,0.03650561225834517,0.007696913019345452,0.2,-1.0,0.9167580604553223,1.2904837131500244,0.3290508985519409,False,21
1,55.26269169199804,31.789999999999964,4.5189041201222775,0.03654178421538914,0.007599905461783615,0.37570929121434155,-0.12145354392829241,0.9167580604553223,1.2904837131500244,0.3290508985519409,False,21
1,55.38124196900026,31.857999999999947,4.52953570429793,0.036654826191653965,0.006745172053717694,0.36016291015727386,-0.19918544921363074,0.9077561497688293,1.2890899181365967,0.3224423825740814,False,21
1,55.50636996999674,31.960000000000036,4.544729068489242,0.03739002379068921,-0.0018924352107844377,0.2,1.0,0.9303977489471436,1.31069016456604,0.32126450538635254,False,20
1,55.615011736997985,31.994000000000028,4.549523904149567,0.03747971055787601,-0.0032987028225961463,0.2,1.0,0.9303977489471436,1.31069016456604,0.32126450538635254,False,20
1,55.7335356889962,32.06200000000001,4.559242124059402,0.03746819070625407,-0.003062097273734106,0.3550229188460752,-0.2248854057696244,0.9131230711936951,1.3176813125610352,0.3213839530944824,False,21
1,55.863030291999166,32.16399999999999,4.574823274112345,0.03766288448807207,-0.006780233542752109,0.2,1.0,0.9290539026260376,1.320866584777832,0.32508060336112976,False,20
1,55.9693292699958,32.16399999999999,4.574823274112345,0.03766288448807207,-0.006780233542752109,0.36445269172162886,0.17773654139185563,0.9290539026260376,1.3529226779937744,0.32508060336112976,False,20
1,56.0912318970004,32.26599999999996,4.589575884562563,0.03756480408150327,-0.006448946803033904,0.4,0.09883178486870194,0.9424875974655151,1.3529226779937744,0.3499980866909027,False,21
1,56.217097490000015,32.36799999999994,4.60533266446999,0.03757216941173488,-0.00830695275676614,0.3556066835590067,0.2219665822049666,0.9041395783424377,1.2930835485458374,0.32770004868507385,False,21
1,56.318540246997145,32.36799999999994,4.60533266446999,0.03757216941173488,-0.00830695275676614,0.3779126418115976,-0.11043679094201211,0.9041395783424377,1.3425089120864868,0.32770004868507385,False,21
1,56.45947308700124,32.436000000000035,4.615826964784447,0.03739865216121598,-0.006957591639733913,0.37916409063007434,0.1041795468496285,0.9244745969772339,1.3425089120864868,0.4014831483364105,False,21
1,56.58694021299743,32.53800000000001,4.631763457741007,0.03729788270157955,-0.0067109151921768495,0.32249474965277125,-0.3875262517361438,0.9250127077102661,1.3612114191055298,0.4147115647792816,False,21
1,56.71443531299883,32.639999999999986,4.646983858285791,0.03708453567254711,-0.005931666123343065,0.24971773039300188,0.7514113480349908,0.9279164671897888,1.352125644683838,0.4088033139705658,False,21
1,56.81533187099558,32.639999999999986,4.646983858285791,0.03708453567254711,-0.005931666123343065,0.36074353959150174,0.19628230204249136,0.9279164671897888,1.352125644683838,0.4088033139705658,False,21
1,56.9434814549968,32.74199999999996,4.662820887479846,0.03699329033893834,-0.00493826213894106,0.4,0.03627737337686231,0.9339693188667297,1.3558324575424194,0.402914434671402,False,21
1,57.071190450995346,32.84399999999994,4.67957812697978,0.036792953442004665,-0.0033129398660801993,0.4,-0.010832958483710593,0.9272821545600891,1.3533074855804443,0.42318853735923767,False,21
1,57.17235677399731,32.84399999999994,4.67957812697978,0.036792953442004665,-0.0033129398660801993,0.37612361881289796,0.11938190593551024,0.9272821545600891,1.3533074855804443,0.42318853735923767,False,21
1,57.298616688996844,32.946000000000026,4.696370690713248,0.03660323629749388,-0.0011444122567645704,0.3704033399263516,-0.14798330036824212,0.9518425464630127,1.3693797588348389,0.504783034324646,False,21
1,57.40977798200038,33.01400000000001,4.706587048749203,0.03646270419006471,5.8044922990819105e-05,0.4,-0.01695837938604637,0.9431443810462952,1.3587485551834106,0.40288808941841125,False,20
1,57.54173351099598,33.048,4.712268605473295,0.03646143056478506,2.2123701927858297e-05,0.3466719771287616,0.2666401143561923,0.9431443810462952,1.3587485551834106,0.40288808941841125,False,20
1,57.663866762995895,33.14999999999998,4.727931908447418,0.03607991523362547,0.005962874929736512,0.2,-1.0,0.9508665800094604,1.380003571510315,0.49941286444664,False,19
1,57.78848923299665,33.25199999999995,4.742989649171481,0.035819644594289074,0.010319046805794919,0.3447804435717927,-0.2760977821410364,0.9371388554573059,1.3691502809524536,0.49428531527519226,False,21
1,57.88907622999977,33.25199999999995,4.742989649171481,0.035819644594289074,0.010319046805794919,0.3220728728401766,0.389635635799117,0.9371388554573059,1.3691502809524536,0.49428531527519226,False,21
1,58.015833182995266,33.35399999999993,4.757786876916261,0.036171920100092125,0.008034267623626147,0.2783322671826689,-0.6083386640866555,0.9048194885253906,1.29171621799469,0.4003901183605194,False,20
1,58.14331896400108,33.45600000000002,4.772267080578959,0.036553345407524314,0.002914002980935606,0.2,1.0,0.928311288356781,1.3726698160171509,0.5013160705566406,False,21
1,58.24442915099644,33.45600000000002,4.772267080578959,0.036553345407524314,0.002914002980935606,0.2,1.0,0.928311288356781,1.3726698160171509,0.5013160705566406,False,21
1,58.37212909899972,33.55799999999999,4.7869927449903065,0.036629949340249685,0.0034876611085893562,0.4,-0.022073965171269687,0.9484303593635559,1.3699003458023071,0.48344776034355164,False,21
1,58.49868471700029,33.65999999999997,4.802305248433721,0.03665695614910864,0.003901119009561842,0.2,1.0,0.9467453956604004,1.366411805152893,0.4902906119823456,False,21
1,58.599219391995575,33.65999999999997,4.802305248433721,0.03665695614910864,0.003901119009561842,0.4,-0.0811162292889123,0.9467453956604004,1.366411805152893,0.4902906119823456,False,21
1,58.72827171099925,33.761999999999944,4.818161527272355,0.03654058609386011,0.006498355893712561,0.36274304632598003,-0.18628476837009994,0.9481903910636902,1.3445899486541748,0.4339812099933624,False,21
1,58.85623771500104,33.86400000000003,4.833897139194957,0.03653183589299945,0.007262031872864539,0.2,1.0,0.950710654258728,1.374334454536438,0.5083632469177246,False,21
1,58.96495508799853,33.898000000000025,4.839059660534912,0.03657014106271038,0.007460024702057367,0.32369544564829944,0.38152277175850274,0.950710654258728,1.374334454536438,0.5083632469177246,False,21
1,59.08358428900101,33.96600000000001,4.8492296980360585,0.03629117301276098,0.012883772464673827,0.2300967188097539,-0.8495164059512306,0.947870135307312,1.3742828369140625,0.5047823190689087,False,21
1,59.2125101079946,34.067999999999984,4.862759632448245,0.03605041433794456,0.01824023793576901,0.4,-0.07946419223172363,0.8920329213142395,1.2982556819915771,0.3854449689388275,False,21
1,59.32441590700182,34.101999999999975,4.86771032636692,0.03613997414889871,0.018140505539097122,0.3044676891996715,0.4776615540016427,0.8920329213142395,1.2982556819915771,0.3854449689388275,False,21
1,59.45956185799878,34.13599999999997,4.872636112003955,0.036219638223694554,0.01911704821647345,0.2,1.0,0.9444321990013123,1.3759565353393555,0.5084806680679321,False,21
1,59.586181136997766,34.23799999999994,4.888120277323669,0.03621413119715741,0.023572981161172034,0.34706079277458723,-0.2646960361270638,0.9323064684867859,1.3572685718536377,0.49624523520469666,False,21
1,59.71381066399772,34.34000000000003,4.903487068682495,0.03642289194503215,0.02491034296592283,0.21836050205471003,0.9081974897264499,0.9501845240592957,1.3608942031860352,0.4991479814052582,False,21
1,59.815185021994694,34.34000000000003,4.903487068682495,0.03642289194503215,0.02491034296592283,0.2,1.0,0.9501845240592957,1.3608942031860352,0.4991479814052582,False,21
1,59.94096842499857,34.44200000000001,4.917912310134001,0.03676850678582956,0.026229307499997575,0.3639452818884575,-0.1802735905577126,0.9363158941268921,1.3534176349639893,0.46218785643577576,False,20
2,0.12218869799835375,0.4419999999998936,0.058194674984612164,0.0011570836289342954,-0.009349014508434594,0.2,-1.0,0.8602114915847778,1.3058229684829712,0.38837477564811707,False,20
2,0.2280790020013228,0.4759999999999991,0.061965240850743945,0.001955836560924163,-0.020159605694851576,0.4,0.006517369170970566,0.8602114915847778,1.3058229684829712,0.38837477564811707,False,20
2,0.34666174599988153,0.5439999999999827,0.06990418823452454,0.0034999749139016925,-0.04321760956739761,0.2,1.0,0.8698598146438599,1.288190245628357,0.38559380173683167,False,20
2,0.46863731399935205,0.6459999999999582,0.08048022427604354,0.005694249216246375,-0.07942285538816801,0.2,-1.0,0.8741280436515808,1.2616552114486694,0.3861643970012665,False,21
2,0.5754709969987744,0.67999999999995,0.08392800983584707,0.006654248464041343,-0.09534074177642085,0.2,1.0,0.8741280436515808,1.2616552114486694,0.3861643970012665,False,21
2,0.6941823870001826,0.7479999999999336,0.09104272594181129,0.007597315541148673,-0.11722710003216869,0.2,1.0,0.8576876521110535,1.2594001293182373,0.38720521330833435,False,20
2,0.8145355290034786,0.849999999999909,0.10224246371499796,0.008431794477283582,-0.1469338063948985,0.2,1.0,0.8649794459342957,1.3167622089385986,0.3859464228153229,False,21
2,0.9203992370021297,0.8839999999999009,0.10613913177683776,0.008097589846745476,-0.15013809067062464,0.2,1.0,0.8649794459342957,1.3167622089385986,0.3859464228153229,False,21
2,1.0393801059981342,0.9519999999999982,0.11393623989695052,0.007098155478972634,-0.1523035325144157,0.3450320955945495,-0.27483952202725254,0.8625845909118652,1.295870304107666,0.3741709887981415,False,20
2,1.160057084998698,1.0539999999999736,0.12645319801435717,0.006821381898459376,-0.1749865837115265,0.2,1.0,0.8540006279945374,1.2612625360488892,0.3713483512401581,False,20
2,1.2601058420041227,1.0539999999999736,0.12645319801435717,0.006821381898459376,-0.1749865837115265,0.2,1.0,0.8540006279945374,1.3114033937454224,0.3799625337123871,False,21
2,1.399548481000238,1.1219999999999573,0.13426185772154076,0.005677406739023331,-0.17782873808812222,0.2,-1.0,0.856827974319458,1.3114033937454224,0.3799625337123871,False,21
2,1.5234848809996038,1.2239999999999327,0.14641907968565387,0.0047816138381869665,-0.1959705305700465,0.2,1.0,0.8620123267173767,1.3200193643569946,0.38202062249183655,False,21
2,1.6462141150041134,1.3259999999999081,0.1593290412932416,0.002668613496951959,-0.2023734370318605,0.2,1.0,0.8600311279296875,1.3254408836364746,0.38427266478538513,False,20
2,1.7469726280032774,1.3259999999999081,0.1593290412932416,0.002668613496951959,-0.2023734370318605,0.4,-0.02636582832101851,0.8600311279296875,1.3254408836364746,0.38427266478538513,False,20
2,1.8677698620012961,1.4279999999999973,0.1736292431392222,-0.0001735806790964247,-0.2029916750668308,0.2592481730308814,0.703759134845593,0.8599568605422974,1.2838417291641235,0.36572954058647156,False,21
2,1.9917810460028704,1.5299999999999727,0.18816930457870276,-0.003163567139447108,-0.20002778857884157,0.2,1.0,0.8325530290603638,1.2968171834945679,0.3576402962207794,False,21
2,2.0925714109980618,1.5299999999999727,0.18816930457870276,-0.003163567139447108,-0.20002778857884157,0.37028454221606005,-0.14857728891969998,0.8325530290603638,1.2968171834945679,0.3576402962207794,False,21
2,2.2135848839971004,1.6319999999999482,0.20313319085431056,-0.006151376522929962,-0.19861807163609477,0.2,1.0,0.8584490418434143,1.3228142261505127,0.3797400891780853,False,21
2,2.337362525999197,1.7339999999999236,0.21681685474586562,-0.008970371244167134,-0.19523907125977893,0.2,1.0,0.8559913635253906,1.3243848085403442,0.3532157242298126,False,21
2,2.438252795000153,1.7339999999999236,0.21681685474586562,-0.008970371244167134,-0.19523907125977893,0.2,1.0,0.8559913635253906,1.3243848085403442,0.3532157242298126,False,21
2,2.5611462829983793,1.835999999999899,0.22854826548588142,-0.012347304271207213,-0.175707003347706,0.32034639425890604,0.39826802870546985,0.8500863313674927,1.3217979669570923,0.3871156871318817,False,20
2,2.6843080010003177,1.9379999999999882,0.23943863343237515,-0.016469727955281104,-0.14109791850414585,0.2,1.0,0.8613579869270325,1.3298124074935913,0.37135711312294006,False,20
2,2.7852307749999454,1.9379999999999882,0.23943863343237515,-0.016469727955281104,-0.14109791850414585,0.2598698857892064,-0.7006505710539682,0.8613579869270325,1.3298124074935913,0.37135711312294006,False,20
2,2.9076729029984563,2.0399999999999636,0.2492962773314963,-0.020357883923297744,-0.10380687325536402,0.2,-1.0,0.8513498902320862,1.315929651260376,0.38165464997291565,False,21
2,3.0330483709985856,2.141999999999939,0.25852882442658154,-0.02453876567953208,-0.05934766199942707,0.2,1.0,0.8592531085014343,1.3413722515106201,0.38791319727897644,False,21
2,3.1364297500040266,2.175999999999931,0.2615734772137435,-0.026175681322258514,-0.040515249827672725,0.2,-1.0,0.8592531085014343,1.3413722515106201,0.38791319727897644,False,21
2,3.2552281800017226,2.2439999999999145,0.26803517379233605,-0.028526084886628406,-0.012510229062220914,0.2,-1.0,0.864517092704773,1.324411153793335,0.38694027066230774,False,21
2,3.3777065419999417,2.3460000000000036,0.27857307655119157,-0.02992209317901882,0.00503590916012443,0.2,-1.0,0.8662128448486328,1.3459223508834839,0.37986359000205994,False,21
2,3.485510427002737,2.3799999999999955,0.2822472039632813,-0.029950537309862177,0.005702753738066402,0.3267333679700444,-0.36633316014977846,0.8662128448486328,1.3459223508834839,0.37986359000205994,False,21
2,3.604132826003479,2.447999999999979,0.29022150909780087,-0.03008965050261637,0.008248357077479528,0.27365653118534083,-0.6317173440732959,0.8634751439094543,1.3155198097229004,0.38480380177497864,False,21
2,3.7245794600021327,2.5499999999999545,0.3021789486512522,-0.029915713016120487,0.006659661901918523,0.2,-1.0,0.8630064129829407,1.2959864139556885,0.38113150000572205,False,21
2,3.825996462001058,2.5499999999999545,0.3021789486512522,-0.029915713016120487,0.006659661901918523,0.23196228969281485,-0.8401885515359259,0.8630064129829407,1.3075835704803467,0.38113150000572205,False,21
2,3.9455054409991135,2.65199999999993,0.31443340552824217,-0.029142986055082566,-0.0035401934166399557,0.22743627247201068,0.8628186376399467,0.8529151082038879,1.3075835704803467,0.3801886737346649,False,20
2,4.069049702004122,2.7539999999999054,0.32617026671711524,-0.029409724770532573,0.00041761766082021074,0.2,-1.0,0.8618425726890564,1.2992497682571411,0.38264718651771545,False,21
2,4.171210836000682,2.7539999999999054,0.32617026671711524,-0.029409724770532573,0.00041761766082021074,0.3294741069298387,-0.3526294653508065,0.8514862060546875,1.2992497682571411,0.38264718651771545,False,21
2,4.310539149999386,2.8220000000000027,0.3346260083249827,-0.029120577062744922,-0.00443713412758616,0.2,1.0,0.8514862060546875,1.3160796165466309,0.34640589356422424,False,21
2,4.4369119350012625,2.923999999999978,0.34817470700932995,-0.029565800146347423,0.0022683030951832807,0.2,-1.0,0.85833340883255,1.3210910558700562,0.37610670924186707,False,20
2,4.5600881060017855,3.0259999999999536,0.36196566644018086,-0.029274336744832492,-0.0022093817167503425,0.2,1.0,0.8606352210044861,1.331581711769104,0.37626323103904724,False,21
2,4.660922214003222,3.0259999999999536,0.36196566644018086,-0.029274336744832492,-0.0022093817167503425,0.2,1.0,0.8606352210044861,1.331581711769104,0.37626323103904724,False,21
2,4.784666104998905,3.127999999999929,0.3759681518168624,-0.029243661895041437,-0.002585217072449384,0.2901468420391859,0.5492657898040706,0.8673050999641418,1.3111910820007324,0.32606711983680725,False,21
2,4.905042331003642,3.2299999999999045,0.38971510525521574,-0.030101294683471308,0.008877439548750964,0.2,-1.0,0.8606585264205933,1.3081246614456177,0.3090907335281372,False,20
2,5.005811652998091,3.2299999999999045,0.38971510525521574,-0.030101294683471308,0.008877439548750964,0.2,-1.0,0.8606585264205933,1.3081246614456177,0.3090907335281372,False,20
2,5.127001248001761,3.3319999999999936,0.4032883933702535,-0.03003695910660435,0.0089726396806305,0.2,1.0,0.8563130497932434,1.305420160293579,0.3073374629020691,False,19
2,5.2487360869999975,3.433999999999969,0.41661688184957274,-0.030321680751870025,0.015378663385475342,0.2,1.0,0.8617531061172485,1.3271180391311646,0.3158614933490753,False,19
2,5.349537237001641,3.433999999999969,0.41661688184957274,-0.030321680751870025,0.015378663385475342,0.3023290607302158,-0.488354696348921,0.8617531061172485,1.3271180391311646,0.3158614933490753,False,19
2,5.472201787997619,3.5359999999999445,0.42899002254102303,-0.031042122262515473,0.028728197187062997,0.34086889593836295,-0.29565552030818554,0.8591997027397156,1.3070259094238281,0.2975154221057892,False,21
2,5.59500304699759,3.63799999999992,0.44292248532832085,-0.03057137576850034,0.02769129655778982,0.2,-1.0,0.8520426154136658,1.2980424165725708,0.2940346300601959,False,19
2,5.695810468998388,3.63799999999992,0.44292248532832085,-0.03057137576850034,0.02769129655778982,0.4,-0.06376312417141841,0.8520426154136658,1.2980424165725708,0.2940346300601959,False,19
2,5.817731009003182,3.7399999999998954,0.45753945297316256,-0.030181721839389823,0.0276998981520509,0.3491482087686995,0.2542589561565026,0.8810107707977295,1.3293993473052979,0.3160358965396881,False,20
2,5.94122299800074,3.8419999999999845,0.47205765166597324,-0.03045586676949577,0.03683568440894322,0.2,1.0,0.8715880513191223,1.3468568325042725,0.3079492151737213,False,21
2,6.045479574997444,3.8759999999999764,0.4763993021539171,-0.03079478637509955,0.0433463931331179,0.2,-1.0,0.8715880513191223,1.3468568325042725,0.3079492151737213,False,21
2,6.164190795003378,3.94399999999996,0.48508648820907196,-0.030519093222177062,0.04444952745979198,0.35345599609087786,-0.23272001954561067,0.8732438683509827,1.3082175254821777,0.327504962682724,False,21
2,6.287863265999476,4.045999999999935,0.49973793183134396,-0.029591679701116078,0.039837076792607916,0.2,1.0,0.8633676171302795,1.3327550888061523,0.324508398771286,False,21
2,6.396230739999737,4.079999999999927,0.5049473310640296,-0.029364371181525448,0.039916727090710286,0.3028541192958225,0.48572940352088734,0.8633676171302795,1.3327550888061523,0.324508398771286,False,21
2,6.51487157199881,4.147999999999911,0.514965064436904,-0.028967158116046488,0.03997257089793302,0.35239014017008774,0.2380492991495616,0.8771355748176575,1.3309459686279297,0.32056015729904175,False,19
2,6.639717145000759,4.25,0.5293778414752892,-0.028449519271205474,0.04089386993891601,0.2,-1.0,0.8593887090682983,1.2885806560516357,0.369879812002182,False,21
2,6.73973066900362,4.25,0.5293778414752892,-0.028449519271205474,0.04089386993891601,0.2844169185815731,-0.5779154070921346,0.873855471611023,1.360535979270935,0.369879812002182,False,21
2,6.861650689999806,4.351999999999975,0.5433065658838624,-0.02768012629691844,0.037292092826792765,0.4,-0.04602084510931953,0.873855471611023,1.360535979270935,0.40052518248558044,False,21
2,6.986075925000478,4.453999999999951,0.5575763523577854,-0.027151271012660717,0.037739651875208294,0.26964495711690567,0.6517752144154719,0.867369532585144,1.3374831676483154,0.40438851714134216,False,21
2,7.08633937400009,4.453999999999951,0.5575763523577854,-0.027151271012660717,0.037739651875208294,0.27647408418893166,0.6176295790553419,0.8816097974777222,1.3374831676483154,0.40438851714134216,False,21
2,7.226345693001349,4.5219999999999345,0.5666455874108783,-0.02768884640076906,0.049445126033651844,0.2,-1.0,0.8816097974777222,1.3421930074691772,0.4074169099330902,False,21
2,7.348874565002916,4.62399999999991,0.5799880076958721,-0.027273977943248665,0.052560937084593175,0.2615275183388559,0.6923624083057206,0.8652199506759644,1.369337558746338,0.40945562720298767,False,21
2,7.473843774998386,4.725999999999999,0.5935856074647777,-0.027432384377559724,0.06478072171522294,0.2,-1.0,0.8849959373474121,1.3563472032546997,0.4092516601085663,False,20
2,7.574883048000629,4.725999999999999,0.5935856074647777,-0.027432384377559724,0.06478072171522294,0.2,-1.0,0.8849959373474121,1.3563472032546997,0.4092516601085663,False,20
2,7.69948380599817,4.8279999999999745,0.6067363427086467,-0.026849241646865536,0.06753189865547553,0.4,0.06917890850246369,0.8705369830131531,1.335232138633728,0.4008682072162628,False,20
2,7.82114822499716,4.92999999999995,0.6207390864627127,-0.025406509812630068,0.05990592039571375,0.2,-1.0,0.868455708026886,1.3211472034454346,0.3975898325443268,False,20
2,7.921952130003774,4.92999999999995,0.6207390864627127,-0.025406509812630068,0.05990592039571375,0.2694657861577174,-0.652671069211413,0.868455708026886,1.3211472034454346,0.3975898325443268,False,20
2,8.048359442997025,5.031999999999925,0.6341737708210242,-0.023579942895062753,0.04597446526427435,0.2,1.0,0.8821126222610474,1.3714433908462524,0.406300812959671,False,19
2,8.17129138099699,5.133999999999901,0.6469477782765126,-0.022805140070032127,0.04416807814662029,0.2,1.0,0.8786123991012573,1.3406202793121338,0.3999699056148529,False,20
2,8.272183070999745,5.133999999999901,0.6469477782765126,-0.022805140070032127,0.04416807814662029,0.2758449852702171,-0.6207750736489145,0.8786123991012573,1.3406202793121338,0.3999699056148529,False,20
2,8.396257489999698,5.23599999999999,0.6595003594746867,-0.022574286506863266,0.04765846460022605,0.24135540794854765,0.7932229602572617,0.9050223231315613,1.3978769779205322,0.41111239790916443,False,21
2,8.524697804001335,5.337999999999965,0.672300870105177,-0.022531147414965914,0.05664349526811867,0.2,1.0,0.9128010272979736,1.3958946466445923,0.40470412373542786,False,21
2,8.62554293100402,5.337999999999965,0.672300870105177,-0.022531147414965914,0.05664349526811867,0.2,-1.0,0.9128010272979736,1.3958946466445923,0.40470412373542786,False,21
2,8.752441201999318,5.439999999999941,0.6852724234970785,-0.022216068892843263,0.06296810454005786,0.3114352735607624,0.44282363219618825,0.9129964709281921,1.3900045156478882,0.40968963503837585,False,21
2,8.876170925002953,5.541999999999916,0.6992165980368951,-0.02243337002362359,0.07819035978478382,0.24755177360191172,0.7622411319904414,0.9155613780021667,1.3877135515213013,0.40973666310310364,False,19
2,8.97697003200301,5.541999999999916,0.6992165980368951,-0.02243337002362359,0.07819035978478382,0.2,-1.0,0.9155613780021667,1.3877135515213013,0.40973666310310364,False,19
2,9.103229268999712,5.643999999999892,0.7126754780681229,-0.022051332069081577,0.08716170027601487,0.2966093927633,0.5169530361835,0.9135088920593262,1.3791321516036987,0.41092953085899353,False,21
2,9.226012396000442,5.745999999999981,0.7265696003128101,-0.021738712009432164,0.10041156778807346,0.2,-1.0,0.9193651080131531,1.3962920904159546,0.41143545508384705,False,21
2,9.334440083999652,5.779999999999973,0.7314378488417906,-0.02142435942764995,0.1028088415304702,0.2,-1.0,0.9193651080131531,1.3962920904159546,0.41143545508384705,False,21
2,9.453377628000453,5.847999999999956,0.7408467258881675,-0.02042470465206005,0.1009091534396882,0.3174270074892158,0.4128649625539208,0.8915351629257202,1.3693879842758179,0.4012977182865143,False,19
2,9.577150675999292,5.949999999999932,0.7551518277195843,-0.018627049532992535,0.09613511734874856,0.2,-1.0,0.8843666315078735,1.3409031629562378,0.40127769112586975,False,21
2,9.682762643999013,5.983999999999924,0.75969215888069,-0.018190485168455,0.09558312213235494,0.2,-1.0,0.8843666315078735,1.3409031629562378,0.40127769112586975,False,21
2,9.801272666998557,6.051999999999907,0.7683699802403103,-0.016964965254402685,0.08949532379838536,0.2,1.0,0.8978734612464905,1.371084451675415,0.40546390414237976,False,19
2,9.943232092999096,6.1200000000000045,0.7770867925058035,-0.016050866993704265,0.08814145753009772,0.2429772269986306,-0.7851138650068471,0.8784687519073486,1.3492963314056396,0.3948417007923126,False,21
2,10.066838473001553,6.22199999999998,0.7904298457536767,-0.014023906869887125,0.07518309065439698,0.2,1.0,0.915158212184906,1.390197515487671,0.41151878237724304,False,20
2,10.167674283999077,6.22199999999998,0.7904298457536767,-0.014023906869887125,0.07518309065439698,0.2,1.0,0.915158212184906,1.390197515487671,0.41151878237724304,False,20
2,10.291620682997745,6.323999999999955,0.8045383304746202,-0.01283295299907133,0.07428625833426329,0.35552032648545645,-0.22239836757271786,0.9274328351020813,1.4000390768051147,0.40445777773857117,False,21
2,10.41606292600045,6.425999999999931,0.8188585221287226,-0.011918053394939225,0.07642900438439788,0.2,1.0,0.9218217730522156,1.405447244644165,0.4017857015132904,False,19
2,10.516831804998219,6.425999999999931,0.8188585221287226,-0.011918053394939225,0.07642900438439788,0.3312009773793072,0.3439951131034642,0.9218217730522156,1.405447244644165,0.4017857015132904,False,19
2,10.64073744900088,6.527999999999906,0.8334049614523847,-0.01138786917879236,0.0848939441548802,0.2,-1.0,0.8971841931343079,1.3755570650100708,0.39051756262779236,False,21
2,10.764112892000412,6.6299999999999955,0.8488511235532935,-0.010331874100024802,0.08749903894015072,0.28098391328343447,-0.5950804335828278,0.9043087959289551,1.3813819885253906,0.39567431807518005,False,21
2,10.864941644002101,6.6299999999999955,0.8488511235532935,-0.010331874100024802,0.08749903894015072,0.3361707232562062,0.319146383718969,0.9043087959289551,1.3813819885253906,0.39567431807518005,False,21
2,10.989409522997448,6.731999999999971,0.8631505403336965,-0.009025427821741651,0.08728380829958572,0.20392779779047757,-0.9803610110476122,0.8880961537361145,1.3517835140228271,0.39346763491630554,False,21
2,11.11265193500003,6.833999999999946,0.877190826577769,-0.007767234838191221,0.08577446163533657,0.2,-1.0,0.8890030384063721,1.3391088247299194,0.3946984112262726,False,20
2,11.213501785998233,6.833999999999946,0.877190826577769,-0.007767234838191221,0.08577446163533657,0.3669684902207307,-0.16515754889634665,0.8890030384063721,1.3391088247299194,0.3946984112262726,False,20
2,11.338763248997566,6.935999999999922,0.8919051745456658,-0.006177030068398807,0.08085390208837229,0.30221671450659776,0.4889164274670113,0.9295802116394043,1.3956178426742554,0.453497976064682,False,21
2,11.460129969003901,7.037999999999897,0.906916096009092,-0.0047362530016394,0.07802413817958173,0.36213165147006254,-0.1893417426496874,0.938534140586853,1.4066129922866821,0.507399320602417,False,20
2,11.56089032300224,7.037999999999897,0.906916096009092,-0.0047362530016394,0.07802413817958173,0.3410743076963763,-0.2946284615181185,0.938534140586853,1.4066129922866821,0.507399320602417,False,20
2,11.685807271998783,7.139999999999986,0.9227691909396745,-0.002910169823114684,0.06880267971212252,0.2,1.0,0.942882239818573,1.4161452054977417,0.5070873498916626,False,21
2,11.812079397997877,7.241999999999962,0.9375161316602787,-0.0015837311344366308,0.06495902733853647,0.2,-1.0,0.9311985969543457,1.411078691482544,0.5004000663757324,False,20
2,11.913175059002242,7.241999999999962,0.9375161316602787,-0.0015837311344366308,0.06495902733853647,0.2285823350568987,-0.8570883247155064,0.9311985969543457,1.411078691482544,0.5004000663757324,False,20
2,12.036853317003988,7.343999999999937,0.9513569824758628,-0.0004990784012403129,0.0608536359179988,0.34467059345141887,0.2766470327429057,0.8934220671653748,1.331669807434082,0.399692565202713,False,21
2,12.16355419500178,7.445999999999913,0.9651245886639235,0.000636547367905788,0.056157009936655754,0.2,-1.0,0.9199150800704956,1.3826876878738403,0.3880583941936493,False,20
2,12.26440483800252,7.445999999999913,0.9651245886639235,0.000636547367905788,0.056157009936655754,0.2402073424070178,-0.798963287964911,0.9199150800704956,1.3826876878738403,0.3880583941936493,False,20
2,12.392841610999312,7.548000000000002,0.9784613080623823,0.0022809418141956955,0.04404364065477397,0.2,1.0,0.9183849096298218,1.37942373752594,0.38383564352989197,False,20
2,12.522089044003224,7.649999999999977,0.9903122920962102,0.003862155439231115,0.028886562290118746,0.2,-1.0,0.9230353832244873,1.35947585105896,0.38132503628730774,False,21
2,12.632622267003171,7.683999999999969,0.9944292438291676,0.004317574752478923,0.024460663563309202,0.3646180723670015,-0.17690963816499256,0.9230353832244873,1.35947585105896,0.38132503628730774,False,21
2,12.751613054999325,7.751999999999953,1.0039251065304684,0.005318356055180666,0.013201708099550912,0.2,1.0,0.9262784123420715,1.3763506412506104,0.33139386773109436,False,19
2,12.876858919997176,7.853999999999928,1.0180668402115867,0.0054982921071599945,0.013964513981980266,0.34900313588367493,-0.25498432058162546,0.9157052040100098,1.3531243801116943,0.3488970100879669,False,20
2,12.984605814999668,7.853999999999928,1.0180668402115867,0.0054982921071599945,0.013964513981980266,0.2,-1.0,0.9157052040100098,1.335644006729126,0.3488970100879669,False,20
2,13.120745992004231,7.921999999999912,1.0272932682168994,0.005606367732242025,0.013510377068785866,0.3468856275330118,-0.26557186233494123,0.914212703704834,1.335644006729126,0.3291279971599579,False,21
2,13.24841002500034,8.024000000000001,1.041588342021562,0.006382157279946055,0.004260912372627375,0.3376396357576479,0.3118018212117607,0.8877227306365967,1.3122087717056274,0.3275267779827118,False,21
2,13.371955896000145,8.125999999999976,1.0559721538129152,0.0068761712734642785,-0.001922887833178476,0.2,1.0,0.9075057506561279,1.33426833152771,0.3135583698749542,False,21
2,13.472870140998566,8.125999999999976,1.0559721538129152,0.0068761712734642785,-0.001922887833178476,0.29312893080822205,0.5343553459588899,0.9075057506561279,1.33426833152771,0.3135583698749542,False,21
2,13.59895409100136,8.227999999999952,1.070198926217809,0.006759417164290807,-0.00012420099485281518,0.37244902227343435,-0.1377548886328284,0.9236464500427246,1.3563745021820068,0.3292290270328522,False,20
2,13.72231517599721,8.329999999999927,1.0846189742876975,0.0068088122266114146,-0.0012221947708764673,0.2,1.0,0.9409875273704529,1.4089354276657104,0.4429701864719391,False,21
2,13.82355907800229,8.329999999999927,1.0846189742876975,0.0068088122266114146,-0.0012221947708764673,0.30837464000330533,0.45812679998347344,0.9409875273704529,1.4089354276657104,0.4429701864719391,False,21
2,13.946928502999071,8.431999999999903,1.0991038326488602,0.006712271148122445,0.0009938311101525073,0.308333156783054,-0.45833421608473013,0.910584568977356,1.3260871171951294,0.30538511276245117,False,21
2,14.071730987998308,8.533999999999992,1.113501637449658,0.007286910177341806,-0.007643942063649561,0.2,1.0,0.9225739240646362,1.3342087268829346,0.3114698529243469,False,21
2,14.172559113998432,8.533999999999992,1.113501637449658,0.007286910177341806,-0.007643942063649561,0.2,1.0,0.9225739240646362,1.3342087268829346,0.3114698529243469,False,21
2,14.298529302002862,8.635999999999967,1.1282632930923213,0.007248373995357434,-0.008194915445049975,0.4,-0.07077850099926855,0.938583254814148,1.3942052125930786,0.43873724341392517,False,21
2,14.422797806000744,8.737999999999943,1.1446865920959302,0.007044601261719723,-0.007569996494077959,0.3232389415636869,0.3838052921815657,0.9278068542480469,1.3878148794174194,0.3377387523651123,False,21
2,14.523904287998448,8.737999999999943,1.1446865920959302,0.007044601261719723,-0.007569996494077959,0.365619297374909,0.17190351312545524,0.9278068542480469,1.3878148794174194,0.3377387523651123,False,21
2,14.650899095002387,8.839999999999918,1.1605344119346452,0.006776814950995604,-0.005131584163461006,0.36518061854276856,0.17409690728615745,0.9279031157493591,1.3994230031967163,0.34340956807136536,False,20
2,14.777081375999842,8.941999999999894,1.1773584035113889,0.006687996190201283,-0.004680138370939284,0.37319994900792886,-0.13400025496035572,0.9303339719772339,1.380755066871643,0.347374826669693,False,20
2,14.878102889997535,8.941999999999894,1.1773584035113889,0.006687996190201283,-0.004680138370939284,0.37435667855679,0.1282166072160499,0.9303339719772339,1.380755066871643,0.347374826669693,False,20
2,15.00346700099908,9.043999999999983,1.194089185794949,0.006594335254737083,-0.004023750521907266,0.3438702148587711,-0.28064892570614436,0.9102364778518677,1.3769639730453491,0.39325711131095886,False,19
2,15.13066185599746,9.145999999999958,1.210591357227695,0.006504529282931823,-0.0048816141862162155,0.2,-1.0,0.9023087024688721,1.350792407989502,0.3854094445705414,False,20
2,15.23909831399942,9.17999999999995,1.2158511270138344,0.006494700000641182,-0.005177864969632545,0.3690391842770868,-0.15480407861456594,0.9023087024688721,1.350792407989502,0.3854094445705414,False,20
2,15.357599554001354,9.247999999999934,1.2266673199440217,0.006763515120404276,-0.009724483219736072,0.34027243235520005,0.2986378382239998,0.903021514415741,1.3393474817276,0.39265748858451843,False,21
2,15.48298599300324,9.349999999999909,1.2421847813249074,0.006774402247311212,-0.011019378174687119,0.2,1.0,0.9443427324295044,1.4029515981674194,0.5015037059783936,False,20
2,15.59017550200224,9.349999999999909,1.2421847813249074,0.006774402247311212,-0.011019378174687119,0.4,0.033496079265248904,0.9443427324295044,1.4144939184188843,0.5015037059783936,False,20
2,15.709893106999516,9.451999999999998,1.2577469980743343,0.006577150042761161,-0.01054073191326233,0.3685705358700488,0.15714732064975628,0.9235137701034546,1.4144939184188843,0.5262043476104736,False,20
2,15.8376786000008,9.553999999999974,1.2731438150345278,0.005827114675306085,-0.001991102609125232,0.3089811809340951,-0.4550940953295246,0.9291830658912659,1.4245291948318481,0.5341101884841919,False,19
2,15.943285433997517,9.553999999999974,1.2731438150345278,0.005827114675306085,-0.001991102609125232,0.3061995209433355,-0.46900239528332244,0.953026533126831,1.4245291948318481,0.5341101884841919,False,19
2,16.08260779400007,9.621999999999957,1.2828984558754553,0.006002678046526842,-0.005567100139173312,0.2,1.0,0.953026533126831,1.4032913446426392,0.5048643350601196,False,21
2,16.20913960300095,9.723999999999933,1.2966945153198446,0.00568613976823188,-0.0013939308545291005,0.322685939840693,-0.386570300796535,0.9377202391624451,1.4321355819702148,0.5243914127349854,False,21
2,16.333347029001743,9.825999999999908,1.3095143428027263,0.005152711871835687,0.006257192399522805,0.2,1.0,0.9401099681854248,1.4103467464447021,0.5236475467681885,False,21
2,16.434365350003645,9.825999999999908,1.3095143428027263,0.005152711871835687,0.006257192399522805,0.2679878187878233,0.6600609060608835,0.9401099681854248,1.4103467464447021,0.5236475467681885,False,21
2,16.564968728001986,9.927999999999997,1.322993211407413,0.0039433725560379515,0.024015513173417307,0.2,-1.0,0.9439833760261536,1.3816696405410767,0.4296339452266693,False,21
2,16.691334643997834,10.029999999999973,1.3370559323684608,0.00407452867775099,0.026677041740045333,0.2141488005108177,0.9292559974459115,0.9362562894821167,1.375449538230896,0.4875199496746063,False,19
2,16.792157919997408,10.029999999999973,1.3370559323684608,0.00407452867775099,0.026677041740045333,0.30770690076781143,0.46146549616094307,0.9362562894821167,1.375449538230896,0.4875199496746063,False,19
2,16.919583408001927,10.131999999999948,1.3511007412430633,0.003692448968707129,0.037416222782194565,0.2,-1.0,0.9243835210800171,1.3598992824554443,0.42787352204322815,False,19
2,17.043836686003488,10.233999999999924,1.365336973053742,0.00410806533633685,0.03838168085425046,0.3096336906621293,0.45183154668935366,0.9539292454719543,1.405195713043213,0.5047184228897095,False,21
2,17.144689854998433,10.233999999999924,1.365336973053742,0.00410806533633685,0.03838168085425046,0.3681086471390855,0.15945676430457278,0.9539292454719543,1.405195713043213,0.5047184228897095,False,21
2,17.270585735997884,10.335999999999899,1.381104097572653,0.004567584272007565,0.040741017780816416,0.3767304412912218,0.11634779354389133,0.9588891267776489,1.429110050201416,0.5320769548416138,False,21
2,17.397773069998948,10.437999999999988,1.3971830208773108,0.005247552045815471,0.04053682623702372,0.2,-1.0,0.9450703859329224,1.3895412683486938,0.4384511411190033,False,20
2,17.498897555997246,10.437999999999988,1.3971830208773108,0.005247552045815471,0.04053682623702372,0.36169942823441253,-0.1915028588279375,0.9450703859329224,1.3895412683486938,0.4384511411190033,False,20
2,17.62365774800128,10.539999999999964,1.413247668709566,0.006126446256590742,0.03668569149455163,0.26562653261976843,0.671867336901158,0.9611920118331909,1.4214787483215332,0.5306520462036133,False,20
2,17.74699153399706,10.641999999999939,1.4288212449327828,0.006722255206789522,0.037323333141651295,0.36136991516406847,-0.19315042417965772,0.9551989436149597,1.4211373329162598,0.5332400798797607,False,21
2,17.85390505700343,10.67599999999993,1.4342060134634167,0.006916681882608484,0.03652965545733317,0.4,-0.04487450963032135,0.9551989436149597,1.4211373329162598,0.5332400798797607,False,21
2,17.972663904998626,10.743999999999915,1.445517250439405,0.007352993245043376,0.0365892759346572,0.3574100030285641,-0.21294998485717936,0.9580161571502686,1.4223169088363647,0.5248178243637085,False,21
2,18.099818937997043,10.846000000000004,1.4614665682925114,0.008225180567061017,0.03158255292705479,0.36268273917516636,-0.18658630412416835,0.9270467162132263,1.3567931652069092,0.41643163561820984,False,21
2,18.20853437200276,10.879999999999995,1.4668083443137239,0.00863919276099626,0.02831019709781553,0.2941943312474314,0.5290283437628431,0.9270467162132263,1.3567931652069092,0.41643163561820984,False,21
2,18.32716062899999,10.947999999999979,1.4770560609929293,0.008919065839355174,0.029494558353629505,0.2810084973172465,-0.5949575134137677,0.925225555896759,1.351466417312622,0.41197463870048523,False,21
2,18.45305134999944,11.049999999999955,1.492081629938937,0.009349905002282393,0.028172591144889226,0.2,-1.0,0.9027358293533325,1.3352723121643066,0.40689119696617126,False,21
2,18.561187915001938,11.083999999999946,1.496927923239297,0.009517892432273056,0.02770011317110057,0.3426789833906704,-0.28660508304664817,0.9027358293533325,1.3352723121643066,0.40689119696617126,False,21
2,18.679976610997983,11.15199999999993,1.5068076646311936,0.010435878754364641,0.018648492365705246,0.2,1.0,0.9342618584632874,1.3775618076324463,0.4117574393749237,False,21
2,18.821608468002523,11.219999999999914,1.5162672770299896,0.0107050756960432,0.017772487497211775,0.31514111007206236,-0.4242944496396884,0.9127037525177002,1.3509504795074463,0.40370818972587585,False,20
2,18.948749269999098,11.322000000000003,1.531046544037471,0.011828130276939346,0.004760030100318059,0.2,1.0,0.9415276050567627,1.3845601081848145,0.4129889905452728,False,21
2,19.04934668000351,11.322000000000003,1.531046544037471,0.011828130276939346,0.004760030100318059,0.2,1.0,0.9415276050567627,1.3845601081848145,0.4129889905452728,False,21
2,19.17561707099958,11.423999999999978,1.5460066145155373,0.011887141916978327,0.005724512631741669,0.24822167956834315,-0.7588916021582842,0.9119559526443481,1.361756443977356,0.40515390038490295,False,19
2,19.299744638999982,11.525999999999954,1.5607981316642163,0.011936314749151513,0.004935870232992858,0.2,1.0,0.9310949444770813,1.3837854862213135,0.4088747799396515,False,20
2,19.40063578599802,11.525999999999954,1.5607981316642163,0.011936314749151513,0.004935870232992858,0.34418237978661953,0.2790881010669024,0.9310949444770813,1.3837854862213135,0.4088747799396515,False,20
2,19.526509761999478,11.627999999999929,1.5760441878797145,0.011844531473288976,0.008348541140686623,0.3129282907063776,-0.435358546468112,0.9408469200134277,1.388225793838501,0.4546092450618744,False,20
2,19.65473323599872,11.729999999999905,1.5912384258433752,0.011793627142203321,0.010278348847696413,0.2,1.0,0.9386489391326904,1.379702091217041,0.4133206307888031,False,21
2,19.755698731998564,11.729999999999905,1.5912384258433752,0.011793627142203321,0.010278348847696413,0.3490340951324775,0.2548295243376124,0.9386489391326904,1.379702091217041,0.4133206307888031,False,21
2,19.883385027002078,11.831999999999994,1.6062793173085632,0.011667936354467568,0.014790967923193175,0.24047131675975777,-0.7976434162012112,0.9505192041397095,1.4012151956558228,0.42879584431648254,False,21
2,20.00983425800223,11.933999999999969,1.6206862240036415,0.011696327533042982,0.016542608206270255,0.2,-1.0,0.9386144280433655,1.3675847053527832,0.45868632197380066,False,21
2,20.110764773999108,11.933999999999969,1.6206862240036415,0.011696327533042982,0.016542608206270255,0.25273978381627105,0.7363010809186448,0.9386144280433655,1.3675847053527832,0.45868632197380066,False,21
2,20.23773343799985,12.035999999999945,1.6343891281605858,0.011956652504917491,0.01695489293633874,0.29186144922649887,-0.5406927538675058,0.9331157207489014,1.3805811405181885,0.4197334349155426,False,21
2,20.36327795300167,12.13799999999992,1.6477953904101796,0.01196647237093072,0.019324096541484065,0.2,1.0,0.9166029095649719,1.3497892618179321,0.3423711359500885,False,21
2,20.464148127000954,12.13799999999992,1.6477953904101796,0.01196647237093072,0.019324096541484065,0.3360104245301315,0.3199478773493426,0.9166029095649719,1.3497892618179321,0.3423711359500885,False,21
2,20.592992694000714,12.239999999999895,1.6619688678135298,0.011894408619436022,0.02521062950399445,0.23517513220606637,-0.8241243389696683,0.922545850276947,1.364809513092041,0.3225206434726715,False,19
2,20.717853471003764,12.341999999999985,1.6781304814401286,0.012111726328778423,0.027547386310594914,0.2,-1.0,0.9045712351799011,1.3244867324829102,0.3192954361438751,False,20
2,20.819300723997003,12.341999999999985,1.6781304814401286,0.012111726328778423,0.027547386310594914,0.374221297952427,0.12889351023786522,0.9045712351799011,1.3244867324829102,0.3192954361438751,False,20
2,20.94859245000407,12.44399999999996,1.6933803130758907,0.01253791546998798,0.02737266068609572,0.3539305991179178,-0.23034700441041128,0.9006308317184448,1.3443049192428589,0.32993340492248535,False,21
2,21.07748496199929,12.545999999999935,1.7089401322714137,0.013436514169491598,0.02056185785101232,0.2,-1.0,0.9021481275558472,1.330765724182129,0.321601003408432,False,20
2,21.18523811900377,12.579999999999927,1.7137536732130634,0.013791605691430482,0.017171028203896585,0.22581190381334101,0.870940480933295,0.9021481275558472,1.330765724182129,0.321601003408432,False,20
2,21.303905328997644,12.64799999999991,1.7235661562937565,0.013989964745022898,0.01775146047663245,0.28646255782527924,-0.5676872108736039,0.9084075093269348,1.3415765762329102,0.3314264714717865,False,19
2,21.430175054003485,12.75,1.737937560984226,0.014695113112209102,0.010515735803847742,0.2,-1.0,0.8847098350524902,1.302324652671814,0.3180510997772217,False,20
2,21.53855807400396,12.75,1.737937560984226,0.014695113112209102,0.010515735803847742,0.23350054026039083,0.8324972986980459,0.8847098350524902,1.403008222579956,0.3180510997772217,False,20
2,21.658163660002174,12.851999999999975,1.7513731372098895,0.015156634098246326,0.006747428446172711,0.29305838668122347,-0.5347080665938826,0.9370465278625488,1.403008222579956,0.4631786644458771,False,21
2,21.78271427100117,12.95399999999995,1.766041461501235,0.015167093945854119,0.008150741533711696,0.3136407935249995,0.43179603237500264,0.9319036602973938,1.3702596426010132,0.44482776522636414,False,20
2,21.886976178000623,12.95399999999995,1.766041461501235,0.015167093945854119,0.008150741533711696,0.3066416324066532,-0.4667918379667342,0.9319036602973938,1.3779219388961792,0.44482776522636414,False,20
2,22.026080921998073,13.021999999999935,1.7757422897514052,0.014890976801064482,0.01311142748081624,0.4,-0.07732500339242163,0.9286306500434875,1.3779219388961792,0.41669467091560364,False,20
2,22.15201041600085,13.12399999999991,1.790801581938885,0.014588019586605471,0.02031678573734653,0.36896134986332974,0.1551932506833516,0.9327296018600464,1.3784040212631226,0.408972829580307,False,21
2,22.27799795300234,13.225999999999999,1.8065083199149332,0.014631840902769628,0.024289007707615662,0.20211468503363095,0.9894265748318454,0.9353514909744263,1.3770159482955933,0.4681982100009918,False,20
2,22.37888579999708,13.225999999999999,1.8065083199149332,0.014631840902769628,0.024289007707615662,0.3294534398816787,0.35273280059160655,0.9353514909744263,1.3770159482955933,0.4681982100009918,False,20
2,22.50511555000412,13.327999999999975,1.8216888976013976,0.01468471602811668,0.029726293998094133,0.2394846267842206,-0.802576866078897,0.9558463096618652,1.4179433584213257,0.530022382736206,False,21
2,22.635076400001708,13.42999999999995,1.8363508797055248,0.015016170742075445,0.030307681698450748,0.2,1.0,0.9568834900856018,1.4140726327896118,0.5071519613265991,False,19
2,22.735919357000967,13.42999999999995,1.8363508797055248,0.015016170742075445,0.030307681698450748,0.2,1.0,0.9568834900856018,1.4140726327896118,0.5071519613265991,False,19
2,22.860592331999214,13.531999999999925,1.8505669473171797,0.01545508230183227,0.03130056231552043,0.3422723958255959,0.2886380208720206,0.9483314752578735,1.4009745121002197,0.44729170203208923,False,21
2,22.986407917996985,13.6339999999999,1.8650046107802964,0.015250280305084676,0.0404259353128897,0.24924291715881042,0.7537854142059479,0.95098477602005,1.406127691268921,0.5174533128738403,False,20
2,23.08729398900323,13.6339999999999,1.8650046107802964,0.015250280305084676,0.0404259353128897,0.2,-1.0,0.95098477602005,1.406127691268921,0.5174533128738403,False,20
2,23.214914919000876,13.73599999999999,1.8789197425868243,0.015460492373962438,0.04465011551534617,0.29806611713360703,0.5096694143319648,0.948217511177063,1.4061321020126343,0.5262348651885986,False,20
2,23.342016508002416,13.837999999999965,1.8925225504483956,0.016133474129328876,0.04438941582446807,0.2,-1.0,0.9181132316589355,1.3656977415084839,0.4072725474834442,False,20
2,23.442886821001593,13.837999999999965,1.8925225504483956,0.016133474129328876,0.04438941582446807,0.22455004601751002,-0.87724976991245,0.9181132316589355,1.3656977415084839,0.4072725474834442,False,20
2,23.570052816001407,13.93999999999994,1.9062529647246114,0.016978851769949035,0.039812101494897556,0.3038628973837578,0.4806855130812111,0.9087975025177002,1.3650307655334473,0.4101403057575226,False,21
2,23.69969544599735,14.041999999999916,1.9201592290536993,0.01773518056365986,0.03725822578889451,0.2,-1.0,0.9116916656494141,1.3330953121185303,0.4042340815067291,False,19
2,23.800459206002415,14.041999999999916,1.9201592290536993,0.01773518056365986,0.03725822578889451,0.3299302131621349,-0.3503489341893259,0.9116916656494141,1.3330953121185303,0.4042340815067291,False,19
2,23.92760839899711,14.143999999999892,1.9343187502882089,0.018868964824413668,0.02839899765053938,0.2,1.0,0.9029085040092468,1.3219070434570312,0.39753302931785583,False,19
2,24.055134699003247,14.245999999999981,1.947851269544859,0.01967821675857115,0.023150725898236146,0.2,-1.0,0.9053842425346375,1.3378747701644897,0.3993137776851654,False,21
2,24.164570032000483,14.279999999999973,1.9523013372782438,0.01977103002062158,0.022217557266688084,0.2345985593284624,-0.827007203357688,0.9053842425346375,1.3378747701644897,0.3993137776851654,False,21
2,24.283360503999575,14.347999999999956,1.9616401742782303,0.02055948568044971,0.0140097844397075,0.2,1.0,0.9220230579376221,1.3653093576431274,0.4091106355190277,False,21
2,24.41018863699719,14.449999999999932,1.9761135628243522,0.020813637769067514,0.0136665110668319,0.21351310902963683,0.932434454851816,0.9032942652702332,1.3191498517990112,0.3953031003475189,False,21
2,24.519951752998168,14.483999999999924,1.9807800132041358,0.020878239109849046,0.013791393927396799,0.4,0.06913018060932108,0.9032942652702332,1.3191498517990112,0.3953031003475189,False,21
2,24.638661563003552,14.551999999999907,1.9916034984601236,0.021034478578321726,0.013919100543738086,0.4,0.07968965821895757,0.9090287089347839,1.344530701637268,0.40752819180488586,False,19
2,24.764849425002467,14.653999999999996,2.008177702228532,0.021266695434900392,0.014098173835527413,0.4,0.08185213707266406,0.8965873718261719,1.3567659854888916,0.4021863639354706,False,21
2,24.874372334998043,14.653999999999996,2.008177702228532,0.021266695434900392,0.014098173835527413,0.4,0.09496014445886572,0.8965873718261719,1.3257639408111572,0.4021863639354706,False,21
2,25.012198026997794,14.72199999999998,2.0197731140600026,0.021309635487757633,0.01604651181253336,0.336386567790704,-0.3180671610464801,0.8842402696609497,1.3257639408111572,0.408918172121048,False,21
2,25.142419709001842,14.823999999999955,2.0357680692027404,0.021739719824012682,0.012640528885399899,0.24318128282990453,0.7840935858504774,0.9154795408248901,1.3474549055099487,0.4059743583202362,False,20
2,25.268338930000027,14.92599999999993,2.0506019946924043,0.022135792400983834,0.010376244527707829,0.2,1.0,0.9119257926940918,1.3519784212112427,0.4059942066669464,False,21
2,25.369033125003625,14.92599999999993,2.0506019946924043,0.022135792400983834,0.010376244527707829,0.27731231275459545,-0.613438436227023,0.9119257926940918,1.3519784212112427,0.4059942066669464,False,21
2,25.495623454997258,15.027999999999906,2.0644384479310864,0.02212176299740428,0.011812090119188627,0.34750709695805776,0.2624645152097115,0.9149414300918579,1.3574285507202148,0.4067029058933258,False,21
2,25.624756128003355,15.129999999999995,2.079020543586498,0.02219016581368181,0.014174141634857002,0.2,-1.0,0.9247828125953674,1.3500089645385742,0.4069603383541107,False,21
2,25.72584554000059,15.129999999999995,2.079020543586498,0.02219016581368181,0.014174141634857002,0.32489415447045095,-0.37552922764774527,0.9247828125953674,1.3500089645385742,0.4069603383541107,False,21
2,25.851316719999886,15.231999999999971,2.094673506233389,0.022384073345092792,0.013661977123001651,0.4,-0.03920093858836975,0.9122211933135986,1.3359097242355347,0.4055344760417938,False,21
2,25.978686103000655,15.333999999999946,2.1109698518416486,0.022604928965314183,0.013129618273656368,0.2,-1.0,0.9079092144966125,1.34855055809021,0.3987126052379608,False,21
2,26.079504699002428,15.333999999999946,2.1109698518416486,0.022604928965314183,0.013129618273656368,0.4,-0.09565036507724553,0.9079092144966125,1.34855055809021,0.3987126052379608,False,21
2,26.20590396800253,15.435999999999922,2.127350191540507,0.02307943666005872,0.009370777773007708,0.3071216771442671,0.4643916142786649,0.9010612964630127,1.3589614629745483,0.40350720286369324,False,20
2,26.33020508699701,15.537999999999897,2.1425785558241843,0.02342109971699096,0.007211291981011627,0.2,-1.0,0.9120627045631409,1.3586645126342773,0.4105473458766937,False,21
2,26.43108513000334,15.537999999999897,2.1425785558241843,0.02342109971699096,0.007211291981011627,0.3227644810060146,-0.386177594969927,0.9120627045631409,1.3586645126342773,0.4105473458766937,False,21
2,26.560375868997653,15.639999999999986,2.157532178161108,0.02402414626717472,-0.0003202354876157189,0.2,1.0,0.9009005427360535,1.3241313695907593,0.4060377776622772,False,21
2,26.68928495,15.741999999999962,2.171136543952289,0.024443117579845255,-0.005584785266301212,0.28135256009896276,-0.5932371995051863,0.9209927320480347,1.3580636978149414,0.41007813811302185,False,20
2,26.78954819199862,15.741999999999962,2.171136543952289,0.024443117579845255,-0.005584785266301212,0.2711293690054345,-0.6443531549728275,0.9209927320480347,1.3580636978149414,0.41007813811302185,False,20
2,26.915646221001225,15.843999999999937,2.1851227180595734,0.024991922532168795,-0.01545776698817184,0.2,1.0,0.9173710942268372,1.3554672002792358,0.43251898884773254,False,21
2,27.04677244299819,15.945999999999913,2.1997255419716035,0.024861513137846063,-0.015856734018913885,0.2,1.0,0.935357928276062,1.3908171653747559,0.4695223271846771,False,20
2,27.15594678599882,15.979999999999905,2.204306743407623,0.024722046271663183,-0.014927441482639626,0.4,-0.09259712439662826,0.935357928276062,1.3908171653747559,0.4695223271846771,False,20
2,27.27499665600044,16.048000000000002,2.214870800494343,0.024432239326258626,-0.013008902652039765,0.35391749656697125,-0.23041251716514383,0.9234067797660828,1.3782116174697876,0.39700648188591003,False,21
2,27.401081661002536,16.149999999999977,2.2319895986137883,0.0240915588776276,-0.012221759084382553,0.32966800379926947,0.3516599810036526,0.9224012494087219,1.3630660772323608,0.3870905339717865,False,21
2,27.509802845001104,16.18399999999997,2.237485411593039,0.024028315371358154,-0.011890144669833139,0.33895361209858854,0.30523193950705757,0.9224012494087219,1.3630660772323608,0.3870905339717865,False,21
2,27.628617816997576,16.251999999999953,2.2485045203533414,0.023880355544523748,-0.01089713617369503,0.4,-0.05929970895224389,0.8884920477867126,1.315219521522522,0.42765215039253235,False,19
2,27.755752060002123,16.353999999999928,2.2649785814700567,0.02368505784157248,-0.011158458293756274,0.35892325142154413,0.20538374289227956,0.9329388737678528,1.3811750411987305,0.45782050490379333,False,21
2,27.86407008200331,16.353999999999928,2.2649785814700567,0.02368505784157248,-0.011158458293756274,0.3783072735237977,0.10846363238101153,0.8968183398246765,1.3811750411987305,0.45782050490379333,False,21
2,28.002249402001326,16.421999999999912,2.27567281871309,0.023367799065181452,-0.007853725347659348,0.28665432718690714,-0.5667283640654645,0.8968183398246765,1.3331212997436523,0.34656599164009094,False,21
2,28.132151908997912,16.524,2.2922288902764394,0.02321620755634867,-0.007936916795644745,0.4,0.052975981468129665,0.9060889482498169,1.3462053537368774,0.3418959975242615,False,20
2,28.263080513002933,16.625999999999976,2.308950805457265,0.023034593211549402,-0.006797737441263242,0.2,-1.0,0.9019518494606018,1.3643884658813477,0.34813031554222107,False,21
2,28.36423136600206,16.625999999999976,2.308950805457265,0.023034593211549402,-0.006797737441263242,0.34661774402770457,-0.2669112798614773,0.9019518494606018,1.3643884658813477,0.34813031554222107,False,21
2,28.490271276001295,16.727999999999952,2.3252645007973274,0.02289249702021875,-0.007460600628904119,0.3768006437930674,0.11599678103466315,0.9188710451126099,1.367398738861084,0.34491056203842163,False,21
2,28.620492146998004,16.829999999999927,2.341758708901995,0.02279110513914758,-0.006614222718038786,0.3724624083888395,-0.13768795805580258,0.9081611633300781,1.3532394170761108,0.35244593024253845,False,21
2,28.721256682001695,16.829999999999927,2.341758708901995,0.02279110513914758,-0.006614222718038786,0.4,-0.0028339468490679986,0.9081611633300781,1.3532394170761108,0.35244593024253845,False,21
2,28.850866392996977,16.931999999999903,2.358558424115889,0.022672826750379953,-0.006668937431388632,0.3634971189077039,-0.18251440546148046,0.9112659692764282,1.3704274892807007,0.4132166802883148,False,21
2,28.980676562001463,17.033999999999992,2.3744378093515057,0.022556364312597253,-0.007300174783579224,0.2,1.0,0.9231221079826355,1.367415428161621,0.4144861400127411,False,20
2,29.08144483799697,17.033999999999992,2.3744378093515057,0.022556364312597253,-0.007300174783579224,0.2575999662094767,0.7120001689526165,0.9231221079826355,1.367415428161621,0.4144861400127411,False,20
2,29.209866643999703,17.135999999999967,2.389977765971923,0.02247484437583207,-0.006556645642749771,0.4,0.08266460725553823,0.9266378283500671,1.3716264963150024,0.4082978665828705,False,21
2,29.338017134003167,17.237999999999943,2.4063133329042112,0.022015520004515596,-0.00139742228454366,0.25983409846889655,-0.7008295076555172,0.8922444581985474,1.341899037361145,0.4062592089176178,False,20
2,29.438900576002197,17.237999999999943,2.4063133329042112,0.022015520004515596,-0.00139742228454366,0.3695609640071814,0.15219517996409299,0.8922444581985474,1.341899037361145,0.4062592089176178,False,20
2,29.568360719997145,17.339999999999918,2.422362602492723,0.021904792267199772,0.0005382246411688526,0.3509240125845205,-0.2453799370773976,0.9128506779670715,1.3685494661331177,0.42916712164878845,False,20
2,29.696151030999317,17.441999999999894,2.4386702953679915,0.021844771491508434,0.0004266631456597341,0.2,1.0,0.9113528728485107,1.3673057556152344,0.42347362637519836,False,18
2,29.79689949400199,17.441999999999894,2.4386702953679915,0.021844771491508434,0.0004266631456597341,0.33423344586292153,0.3288327706853924,0.9113528728485107,1.3673057556152344,0.42347362637519836,False,18
2,29.92653959800373,17.543999999999983,2.454523455899288,0.021644619729535387,0.004296318868221122,0.23874735104804992,-0.8062632447597504,0.9254337549209595,1.3836873769760132,0.4769071042537689,False,21
2,30.054709714997443,17.645999999999958,2.46943997847273,0.02150746081517924,0.006473070890066274,0.2,1.0,0.9318464398384094,1.3855026960372925,0.42521896958351135,False,20
2,30.15536813899962,17.645999999999958,2.46943997847273,0.02150746081517924,0.006473070890066274,0.2,1.0,0.9318464398384094,1.3855026960372925,0.42521896958351135,False,20
2,30.3005858500037,17.747999999999934,2.4837672854053743,0.021613371011414875,0.007391708665121109,0.4,-0.06474345940124299,0.9105698466300964,1.347899079322815,0.39852258563041687,False,21
2,30.43155975099944,17.84999999999991,2.4991167519486175,0.021700000189986534,0.0077466114646034335,0.31014533215024137,-0.44927333924879337,0.9011918306350708,1.345893144607544,0.4106898009777069,False,21
2,30.543845389001945,17.84999999999991,2.4991167519486175,0.021700000189986534,0.0077466114646034335,0.34639599699213286,-0.26802001503933603,0.9195329546928406,1.345893144607544,0.4106898009777069,False,21
2,30.663814701001684,17.951999999999998,2.5144922809702104,0.021985219464254455,0.004739632845573137,0.3728018120884577,0.1359909395577118,0.9195329546928406,1.3654484748840332,0.40007176995277405,False,21
2,30.794987811001192,18.053999999999974,2.5295220101641234,0.0220429409596269,0.005512366082276274,0.3589988003479171,0.20500599826041474,0.9065556526184082,1.346085548400879,0.39753660559654236,False,21
2,30.90431031800108,18.053999999999974,2.5295220101641234,0.0220429409596269,0.005512366082276274,0.4,-0.09753467484399805,0.9349045753479004,1.346085548400879,0.39753660559654236,False,21
2,31.043343144003302,18.121999999999957,2.540275678260032,0.02179951816066694,0.009824465330589205,0.3278829210893828,-0.3605853945530862,0.9349045753479004,1.376784086227417,0.4534846246242523,False,21
2,31.174112148997665,18.223999999999933,2.5560691858982905,0.02209745657545248,0.006543976342529295,0.30151154014825865,0.49244229925870686,0.9319350123405457,1.3835511207580566,0.45289888978004456,False,21
2,31.30329883199738,18.325999999999908,2.571911647637952,0.022172767853547156,0.008137936517334847,0.28483051842911594,0.5758474078544202,0.9018021821975708,1.3565993309020996,0.39168235659599304,False,21
2,31.40437325200037,18.325999999999908,2.571911647637952,0.022172767853547156,0.008137936517334847,0.4,-0.08602884410700612,0.9018021821975708,1.3565993309020996,0.39168235659599304,False,21
2,31.5342777879996,18.427999999999997,2.588245589308667,0.022245407715110185,0.009090900600054217,0.4,0.020327062110318275,0.9018737077713013,1.351560354232788,0.38922396302223206,False,21
2,31.663932921001106,18.529999999999973,2.605127934486789,0.02239221540391771,0.008830100973888326,0.2,-1.0,0.8714282512664795,1.3057531118392944,0.38794073462486267,False,21
2,31.764940510998713,18.529999999999973,2.605127934486789,0.02239221540391771,0.008830100973888326,0.2062013262398212,-0.968993368800894,0.8714282512664795,1.3057531118392944,0.38794073462486267,False,21
2,31.895316483998613,18.631999999999948,2.6198662368826806,0.02252402580445815,0.00843205330656139,0.26991376064712863,-0.6504311967643568,0.8975129723548889,1.3614927530288696,0.3883247673511505,False,21
2,32.02702207100083,18.733999999999924,2.633388108254835,0.0228951264242903,0.004940783565346716,0.2,-1.0,0.8718976378440857,1.2772985696792603,0.3903762996196747,False,20
2,32.12780014100281,18.733999999999924,2.633388108254835,0.0228951264242903,0.004940783565346716,0.2797749870885899,-0.6011250645570505,0.8718976378440857,1.2772985696792603,0.3903762996196747,False,20
2,32.255713669001125,18.8359999999999,2.6456499954455137,0.024935791820100663,-0.021996271114974916,0.2,1.0,0.8849846124649048,1.342012643814087,0.3901892602443695,False,19
2,32.38285270600318,18.937999999999988,2.657310884604574,0.02525852330457909,-0.03046983602139772,0.2,1.0,0.9184197187423706,1.3703237771987915,0.3921600878238678,False,21
2,32.48368214900256,18.937999999999988,2.657310884604574,0.02525852330457909,-0.03046983602139772,0.4,-0.037970717248856575,0.9184197187423706,1.3703237771987915,0.3921600878238678,False,21
2,32.6150766560022,19.039999999999964,2.671168079722251,0.024875553453161107,-0.030720393749904238,0.35961111585039296,0.20194442074803526,0.9145290851593018,1.36801278591156,0.385110467672348,False,21
2,32.718325649999315,19.107999999999947,2.6811498663561455,0.024502113264843025,-0.028600316745347652,0.3423336156605563,-0.28833192169721855,0.9166341423988342,1.3696237802505493,0.38873061537742615,False,21
2,32.85330093200173,19.14199999999994,2.686242087193321,0.024331306873989576,-0.029262540907472837,0.35135157646083665,0.24324211769581677,0.9166341423988342,1.3696237802505493,0.38873061537742615,False,21
2,32.98129646600137,19.243999999999915,2.7011690763014826,0.023894235752155994,-0.02843496217713093,0.4,0.08247911743902314,0.9059387445449829,1.350339412689209,0.38659730553627014,False,21
2,33.107921376999,19.346000000000004,2.7171017369634636,0.023435867393151788,-0.028244728882249857,0.2,1.0,0.9157706499099731,1.3869744539260864,0.38563284277915955,False,21
2,33.217363670999475,19.379999999999995,2.7224150745372255,0.02328173122781759,-0.028153710218960033,0.37010079625464853,0.14949601872675744,0.9157706499099731,1.3869744539260864,0.38563284277915955,False,21
2,33.33583083299891,19.44799999999998,2.733625665000213,0.022747897571407355,-0.024777198860743702,0.30595909621048417,-0.47020451894757914,0.9132938385009766,1.3890929222106934,0.39631906151771545,False,20
2,33.464488375000656,19.549999999999955,2.749938562206349,0.022313537716481223,-0.025123597104950542,0.2,1.0,0.9087666869163513,1.3560597896575928,0.3288096785545349,False,21
2,33.576334265002515,19.549999999999955,2.749938562206349,0.022313537716481223,-0.025123597104950542,0.37667720869455873,0.11661395652720632,0.9087666869163513,1.3194926977157593,0.3288096785545349,False,21
2,33.695669576998625,19.65199999999993,2.765716046253842,0.021926766145463454,-0.02480164446076658,0.4,-0.02543640538739242,0.8938245177268982,1.3194926977157593,0.3218102753162384,False,20
2,33.8231257150037,19.753999999999905,2.78120887306394,0.021892158744519427,-0.030504294201661054,0.4,-0.014535421551954919,0.8856378197669983,1.292259931564331,0.315759539604187,False,21
2,33.928184133998,19.753999999999905,2.78120887306394,0.021892158744519427,-0.030504294201661054,0.37857611766238475,0.1071194116880762,0.8913286328315735,1.292259931564331,0.315759539604187,False,21
2,34.06865901499987,19.822000000000003,2.792160493074665,0.021702530416539273,-0.031871517701211875,0.30234556512885474,-0.48827217435572634,0.8913286328315735,1.324576735496521,0.3071478307247162,False,21
2,34.19829485200171,19.923999999999978,2.807297609144033,0.02147770183166679,-0.036080530829024016,0.34756226843785437,0.2621886578107281,0.8812160491943359,1.2665114402770996,0.3089618384838104,False,20
2,34.32614940399799,20.025999999999954,2.821562378242397,0.021374014570590405,-0.04211894250484603,0.2,1.0,0.8956002593040466,1.3541349172592163,0.31281453371047974,False,21
2,34.42690001900337,20.025999999999954,2.821562378242397,0.021374014570590405,-0.04211894250484603,0.34360579535100183,0.281971023244991,0.8956002593040466,1.3541349172592163,0.31281453371047974,False,21
2,34.55655837700033,20.12799999999993,2.835899217818805,0.02071401132594239,-0.04077357215660054,0.36081863687731797,0.19590681561341028,0.8901053071022034,1.3501157760620117,0.3125472664833069,False,21
2,34.68562067599851,20.229999999999905,2.8508284144305436,0.02008226675108594,-0.039457434006960626,0.2,1.0,0.9029265642166138,1.3849595785140991,0.32549408078193665,False,21
2,34.78649421400041,20.229999999999905,2.8508284144305436,0.02008226675108594,-0.039457434006960626,0.34371344166678364,0.2814327916660819,0.9029265642166138,1.3849595785140991,0.32549408078193665,False,21
2,34.91255087299942,20.331999999999994,2.8658386176943678,0.01888568529817603,-0.03117808068829408,0.26032865501085206,-0.6983567249457396,0.9164659380912781,1.3786472082138062,0.32124266028404236,False,20
2,35.041693309998664,20.43399999999997,2.879909488172762,0.01806734061306268,-0.025385880860430737,0.2,1.0,0.896152138710022,1.3519338369369507,0.3108614981174469,False,21
2,35.142678661999526,20.43399999999997,2.879909488172762,0.01806734061306268,-0.025385880860430737,0.2447010059812481,0.7764949700937597,0.896152138710022,1.3519338369369507,0.3108614981174469,False,21
2,35.27072747099737,20.535999999999945,2.8934346921220766,0.016848641695815555,-0.013555775139370908,0.2,-1.0,0.9411337971687317,1.396039605140686,0.4920702874660492,False,20
2,35.39982894899731,20.63799999999992,2.905392590381996,0.015714274987099274,0.000398790996854528,0.216801568969059,0.915992155154705,0.9354672431945801,1.40493643283844,0.49423888325691223,False,21
2,35.50095978000172,20.63799999999992,2.905392590381996,0.015714274987099274,0.000398790996854528,0.37667300720400515,0.1166349639799745,0.9354672431945801,1.40493643283844,0.49423888325691223,False,21
2,35.62943268500385,20.739999999999895,2.919512079718475,0.014562155493244792,0.017219062876981474,0.2,-1.0,0.935055673122406,1.3923299312591553,0.46244195103645325,False,21
2,35.757927942002425,20.841999999999985,2.933476111362679,0.014270595111610005,0.024041984798687372,0.2,1.0,0.9347401857376099,1.4033786058425903,0.5044182538986206,False,20
2,35.85852071899717,20.841999999999985,2.933476111362679,0.014270595111610005,0.024041984798687372,0.2334007339450151,0.8329963302749246,0.9347401857376099,1.4033786058425903,0.5044182538986206,False,20
2,35.988231884002744,20.94399999999996,2.9472555652054377,0.01413642027677258,0.031805878169732175,0.2,-1.0,0.9429764747619629,1.3947324752807617,0.5067821741104126,False,20
2,36.11778660600248,21.045999999999935,2.9616416711712565,0.014566242614148024,0.03169564725128865,0.2,1.0,0.9417859315872192,1.400539517402649,0.4892137944698334,False,20
2,36.219132589001674,21.045999999999935,2.9616416711712565,0.014566242614148024,0.03169564725128865,0.33350243230093907,0.33248783849530483,0.9417859315872192,1.400539517402649,0.4892137944698334,False,20
2,36.348160392000864,21.14799999999991,2.9758871821380053,0.014486629389001603,0.039513381083297064,0.2,-1.0,0.9412364959716797,1.4198992252349854,0.5077985525131226,False,21
2,36.4762206230007,21.25,2.989945136955398,0.0145118432778815,0.04647947061052623,0.2,1.0,0.9403416514396667,1.4043924808502197,0.5078550577163696,False,20
2,36.58732491199771,21.25,2.989945136955398,0.0145118432778815,0.04647947061052623,0.3099529754230479,0.45023512288476075,0.9403416514396667,1.4035688638687134,0.5078550577163696,False,20
2,36.70836047799821,21.351999999999975,3.0035515693195505,0.014844002502880585,0.05159687872905651,0.33543140808394295,-0.32284295958028536,0.943353533744812,1.4035688638687134,0.5106860399246216,False,21
2,36.83749612599786,21.45399999999995,3.0172629587057234,0.01601297739606041,0.04418329189804812,0.2807475788495586,0.5962621057522071,0.9129731059074402,1.3640073537826538,0.40525802969932556,False,20
2,36.947821590001695,21.45399999999995,3.0172629587057234,0.01601297739606041,0.04418329189804812,0.2,1.0,0.9129731059074402,1.359512448310852,0.40525802969932556,False,20
2,37.0881005409974,21.521999999999935,3.0261681871996844,0.016460923110226858,0.044081407208593604,0.3244067598666578,-0.37796620066671127,0.9026367664337158,1.359512448310852,0.38294801115989685,False,20
2,37.19849414600321,21.6579999999999,3.0451680314425347,0.017944646793161385,0.03373060108005235,0.24355763579219528,0.7822118210390235,0.8928468823432922,1.3383384943008423,0.3862176835536957,False,21
2,37.312779038999,21.6579999999999,3.0451680314425347,0.017944646793161385,0.03373060108005235,0.21499673015830184,0.925016349208491,0.8708407878875732,1.3383384943008423,0.3862176835536957,False,21
2,37.44904307900288,21.726,3.054381794975024,0.018263567202829508,0.03457749505459266,0.2,-1.0,0.8708407878875732,1.3032925128936768,0.38659927248954773,False,20
2,37.57879960400169,21.827999999999975,3.067677586327566,0.01925731925993095,0.025990145137679832,0.2,1.0,0.8963534832000732,1.3605215549468994,0.3881038725376129,False,21
2,37.70515448500373,21.92999999999995,3.0794521842407443,0.020423565807072296,0.013923731913150975,0.2,-1.0,0.8901705741882324,1.350060224533081,0.3889099657535553,False,21
2,37.80633717300225,21.92999999999995,3.0794521842407443,0.020423565807072296,0.013923731913150975,0.27056818005004707,-0.6471590997497648,0.8901705741882324,1.350060224533081,0.3889099657535553,False,21
2,37.93672715299908,22.031999999999925,3.091885194692967,0.02194245004347011,-0.005332967253031832,0.2,1.0,0.8797406554222107,1.3394246101379395,0.38244983553886414,False,21
2,38.067795381000906,22.1339999999999,3.105321573469004,0.022167290851225686,-0.008670668874579273,0.21782847704712555,-0.9108576147643724,0.8912104368209839,1.3399972915649414,0.38295063376426697,False,21
2,38.16867855100281,22.1339999999999,3.105321573469004,0.022167290851225686,-0.008670668874579273,0.29209777705281065,-0.5395111147359468,0.8912104368209839,1.3399972915649414,0.38295063376426697,False,21
2,38.29504699500103,22.23599999999999,3.1194748846545934,0.022651322069076628,-0.018508579967316433,0.2,1.0,0.8559946417808533,1.319069504737854,0.38219085335731506,False,20
2,38.42329545100074,22.337999999999965,3.1332144010955423,0.02280968985356295,-0.023529096072158136,0.2,1.0,0.9188307523727417,1.389463186264038,0.4412117898464203,False,21
2,38.52453887400043,22.337999999999965,3.1332144010955423,0.02280968985356295,-0.023529096072158136,0.4,-0.05534644148321963,0.9188307523727417,1.389463186264038,0.4412117898464203,False,21
2,38.65455405999819,22.43999999999994,3.1477248336074233,0.02187090075679513,-0.01412804010565135,0.21899792806787596,-0.9050103596606202,0.8748288154602051,1.346803903579712,0.3897453844547272,False,21
2,38.785618599999,22.541999999999916,3.1645723975194096,0.021504268276093856,-0.012333289145491328,0.2,1.0,0.9311668872833252,1.4046813249588013,0.5042850971221924,False,21
2,38.88644186400052,22.541999999999916,3.1645723975194096,0.021504268276093856,-0.012333289145491328,0.29373750597610165,0.5313124701194918,0.9311668872833252,1.4046813249588013,0.5042850971221924,False,21
2,39.01529924100032,22.64399999999989,3.179911710133227,0.021060827210996322,-0.008180215604454663,0.22101965000375434,-0.8949017499812284,0.9167273640632629,1.3722758293151855,0.38570865988731384,False,21
2,39.141659731998516,22.74599999999998,3.1944200540016023,0.020903953133230246,-0.0078055321729674915,0.2,-1.0,0.9045973420143127,1.3463987112045288,0.3885507881641388,False,20
2,39.25092759000108,22.779999999999973,3.199003542075293,0.020865831992862544,-0.00807725839626591,0.3617250149097449,-0.19137492545127555,0.9045973420143127,1.3463987112045288,0.3885507881641388,False,20
2,39.369973988999845,22.847999999999956,3.209364799528811,0.020774425121453572,-0.00852539786993904,0.33527897835141524,0.32360510824292393,0.8926886320114136,1.3530410528182983,0.3840096890926361,False,19
2,39.4973775230028,22.949999999999932,3.224634133278221,0.020247089748125228,-0.0020284573930076993,0.2,1.0,0.9029383659362793,1.3581346273422241,0.38878294825553894,False,21
2,39.606592629999795,22.949999999999932,3.224634133278221,0.020247089748125228,-0.0020284573930076993,0.21618567678906936,-0.9190716160546532,0.8863007426261902,1.3581346273422241,0.38878294825553894,False,21
2,39.72613570900285,23.051999999999907,3.238645900404958,0.01974000653569385,0.004805437435650455,0.2936596586140674,-0.531701706929663,0.8863007426261902,1.344758152961731,0.3869619071483612,False,21
2,39.85535569900094,23.153999999999996,3.2530226294680675,0.0190765130303476,0.015234518073414714,0.4,6.467509031982122e-05,0.9348356127738953,1.3902668952941895,0.45279237627983093,False,21
2,39.96269395099807,23.153999999999996,3.2530226294680675,0.0190765130303476,0.015234518073414714,0.2,-1.0,0.9348356127738953,1.3614214658737183,0.45279237627983093,False,21
2,40.10238177700376,23.22199999999998,3.263410009247216,0.018803450063855393,0.021533847817838188,0.348994247689723,-0.25502876155138543,0.8953339457511902,1.3614214658737183,0.38806799054145813,False,20
2,40.23007254899858,23.323999999999955,3.2785088605355326,0.019296631657305698,0.018250262927989917,0.33336560705939244,0.33317196470303806,0.9050065279006958,1.3741531372070312,0.3895404040813446,False,19
2,40.33097257200279,23.39199999999994,3.287892473041678,0.019250360040048237,0.02174310489053191,0.3386638311453394,0.3066808442733034,0.9175007343292236,1.3661853075027466,0.38381293416023254,False,21
2,40.46595644699846,23.42599999999993,3.2928537875800346,0.01894616480766256,0.027214286874979298,0.2,-1.0,0.9175007343292236,1.3661853075027466,0.38381293416023254,False,21
2,40.59660138199979,23.527999999999906,3.3075015046389433,0.01924982943971842,0.02807315736796619,0.4,-0.056048113340162804,0.9145234227180481,1.3753111362457275,0.3838994801044464,False,21
2,40.727697107002314,23.629999999999995,3.322881187981499,0.0196939458093836,0.027880337539250167,0.2,-1.0,0.9089934229850769,1.364580750465393,0.3874289095401764,False,21
2,40.828571466998255,23.629999999999995,3.322881187981499,0.0196939458093836,0.027880337539250167,0.36857262384082984,-0.15713688079585092,0.9089934229850769,1.364580750465393,0.3874289095401764,False,21
2,40.958317472999624,23.73199999999997,3.3387266608460235,0.02032452934410041,0.024720140653030305,0.32777206210880966,0.36113968945595176,0.939389169216156,1.401193380355835,0.4718344509601593,False,20
2,41.0885298180001,23.833999999999946,3.3542025167779492,0.020572238368720314,0.02730801722205231,0.2,-1.0,0.9238298535346985,1.3932820558547974,0.4899408519268036,False,21
2,41.1896109119989,23.833999999999946,3.3542025167779492,0.020572238368720314,0.02730801722205231,0.36233320371624556,-0.18833398141877233,0.9238298535346985,1.3932820558547974,0.4899408519268036,False,21
2,41.3155065739993,23.935999999999922,3.3689293996907135,0.021232688517478945,0.02326197052131615,0.21032136599867932,0.9483931700066035,0.9064118266105652,1.3727447986602783,0.3295992910861969,False,21
2,41.44306141699781,24.037999999999897,3.382841119254658,0.021892147729017195,0.019266771661685087,0.32997910893486726,0.3501044553256639,0.9024845361709595,1.3303086757659912,0.3182278573513031,False,21
2,41.54414729899872,24.037999999999897,3.382841119254658,0.021892147729017195,0.019266771661685087,0.29634187035549936,-0.5182906482225033,0.9024845361709595,1.3303086757659912,0.3182278573513031,False,21
2,41.67217800999788,24.139999999999986,3.3971494123936163,0.021939425495072735,0.021707205801750853,0.27976338665862005,0.6011830667068998,0.9030795097351074,1.3610990047454834,0.3720533549785614,False,21
2,41.80102880200138,24.241999999999962,3.411296887090977,0.02197454889109507,0.0267555486574098,0.2,-1.0,0.9043092131614685,1.352590799331665,0.31288743019104004,False,21
2,41.90218342599837,24.241999999999962,3.411296887090977,0.02197454889109507,0.0267555486574098,0.2767732149792102,-0.616133925103949,0.9043092131614685,1.352590799331665,0.31288743019104004,False,21
2,42.03079769800388,24.343999999999937,3.4250561632707437,0.02296821573455036,0.016903107575087194,0.2,1.0,0.9089810252189636,1.3454322814941406,0.3107685446739197,False,20
2,42.15806021499884,24.445999999999913,3.440403384480992,0.023527484400488335,0.013093529879038767,0.2,-1.0,0.9006746411323547,1.3464089632034302,0.30918946862220764,False,20
2,42.26781876000314,24.479999999999905,3.4450627829875713,0.023590092508434274,0.012727537774884454,0.29770485664848334,-0.5114757167575833,0.9006746411323547,1.3464089632034302,0.30918946862220764,False,20
2,42.38687794400175,24.548000000000002,3.4550138126915573,0.024017071168098165,0.00798060100471256,0.2,1.0,0.9097797870635986,1.3409016132354736,0.31765511631965637,False,21
2,42.515685250997194,24.649999999999977,3.4698536082024622,0.024177338528630618,0.008136988729740906,0.4,0.012221890779190829,0.8876954913139343,1.3431199789047241,0.31896039843559265,False,21
2,42.6226936919993,24.649999999999977,3.4698536082024622,0.024177338528630618,0.008136988729740906,0.4,-0.07219886111688233,0.9190138578414917,1.3431199789047241,0.31896039843559265,False,21
2,42.74332270800369,24.751999999999953,3.486673761284363,0.02431624775153225,0.007290572968835304,0.4,0.07443759550871243,0.9190138578414917,1.3644170761108398,0.32699546217918396,False,21
2,42.87355537900294,24.853999999999928,3.503506708761194,0.024437792811134704,0.007959346228911715,0.3485121206573458,-0.2574393967132709,0.9080049395561218,1.368660569190979,0.37532922625541687,False,21
2,42.982693450001534,24.853999999999928,3.503506708761194,0.024437792811134704,0.007959346228911715,0.3750718074640629,0.1246409626796855,0.9080049395561218,1.4086439609527588,0.37532922625541687,False,21
2,43.12244277600257,24.921999999999912,3.514169367378656,0.024571341283002632,0.00763410616144259,0.3761725060328117,-0.11913746983594159,0.936648428440094,1.4086439609527588,0.4957800805568695,False,20
2,43.24948065900389,25.024,3.5298373813405313,0.024678646456053104,0.008077839874787242,0.3399588952478251,-0.30020552376087484,0.9159321784973145,1.3691370487213135,0.390027791261673,False,20
2,43.37927824199869,25.125999999999976,3.545607335699012,0.024940716820369264,0.004956232273341412,0.2,1.0,0.9213742017745972,1.3920704126358032,0.39269670844078064,False,21
2,43.48025830100232,25.125999999999976,3.545607335699012,0.024940716820369264,0.004956232273341412,0.2913907054005171,0.5430464729974145,0.9213742017745972,1.3920704126358032,0.39269670844078064,False,21
2,43.608112303998496,25.227999999999952,3.5613449650282476,0.025004203457718466,0.006343561402975929,0.35321369087127086,-0.23393154564364566,0.9103708863258362,1.3760042190551758,0.39059320092201233,False,21
2,43.73713691699959,25.329999999999927,3.577369714145813,0.025115670880179037,0.004986984195387528,0.2,1.0,0.9183868169784546,1.386121153831482,0.39958426356315613,False,19
2,43.83819308200327,25.329999999999927,3.577369714145813,0.025115670880179037,0.004986984195387528,0.36195775183781925,0.19021124081090385,0.9183868169784546,1.386121153831482,0.39958426356315613,False,19
2,43.96565619500325,25.431999999999903,3.593256749013735,0.025222846502894143,0.005711066216406965,0.4,0.003688851411746569,0.917093813419342,1.3793251514434814,0.392313152551651,False,20
2,44.09108415099763,25.533999999999992,3.609706230625013,0.025153554674264205,0.007494337187875373,0.28126898775161857,-0.593655061241907,0.9304724931716919,1.3938708305358887,0.3979625403881073,False,21
2,44.19194702299865,25.533999999999992,3.609706230625013,0.025153554674264205,0.007494337187875373,0.34671840974462814,0.2664079512768594,0.9304724931716919,1.3938708305358887,0.3979625403881073,False,21
2,44.320615951000946,25.635999999999967,3.625571686921388,0.025262234330934573,0.008413748137884999,0.4,0.0033171900888882035,0.9069361090660095,1.3709038496017456,0.3951661288738251,False,21
2,44.44912256600219,25.737999999999943,3.642245223593611,0.02530591448505204,0.009742088114651805,0.2,-1.0,0.8774684071540833,1.2951316833496094,0.3888750970363617,False,21
2,44.550126214002375,25.737999999999943,3.642245223593611,0.02530591448505204,0.009742088114651805,0.2484074615687733,-0.7579626921561335,0.8774684071540833,1.2951316833496094,0.3888750970363617,False,21
2,44.685068954997405,25.839999999999918,3.6571134940989127,0.025488067909359403,0.008356865051874097,0.35026553140926375,0.24867234295368137,0.9214040637016296,1.3895593881607056,0.5016846656799316,False,21
2,44.81309352700191,25.941999999999894,3.671438961467751,0.0256099969109085,0.008764996449584492,0.2,1.0,0.9287848472595215,1.385058045387268,0.4421066343784332,False,20
2,44.91401851599949,25.941999999999894,3.671438961467751,0.0256099969109085,0.008764996449584492,0.2947920970659168,0.526039514670416,0.9287848472595215,1.385058045387268,0.4421066343784332,False,20
2,45.0421786040024,26.043999999999983,3.6858556770292403,0.025274905141067446,0.016132313430920107,0.23075568525603318,-0.8462215737198342,0.9360457062721252,1.403960943222046,0.49241480231285095,False,20
2,45.17170344100305,26.145999999999958,3.700291243677256,0.02521540419069029,0.02026489286205044,0.2,1.0,0.9428561329841614,1.404719591140747,0.5031765699386597,False,21
2,45.27287717800209,26.145999999999958,3.700291243677256,0.02521540419069029,0.02026489286205044,0.29135523210730063,0.543223839463497,0.9428561329841614,1.404719591140747,0.5031765699386597,False,21
2,45.40234347800288,26.247999999999934,3.71426801925709,0.024753830217791734,0.030495836085403114,0.2,-1.0,0.9425395131111145,1.399348258972168,0.5013147592544556,False,21
2,45.53277679000166,26.34999999999991,3.7276226664352134,0.025053126897335774,0.031205943536650686,0.4,0.0746361362736021,0.92942875623703,1.3977724313735962,0.4365402162075043,False,20
2,45.63839169200219,26.34999999999991,3.7276226664352134,0.025053126897335774,0.031205943536650686,0.2705555178993895,0.6472224105030526,0.92942875623703,1.4004713296890259,0.4365402162075043,False,20
2,45.75976189199719,26.451999999999998,3.7421535221934867,0.025719557630585702,0.027810169886201972,0.2808690686542962,0.5956546567285191,0.9549024701118469,1.4004713296890259,0.501970648765564,False,21
2,45.88781486899825,26.553999999999974,3.7572703018781484,0.026321925095541022,0.025557759687329647,0.37527093264107386,0.12364533679463077,0.9452325105667114,1.3867201805114746,0.43765929341316223,False,21
2,45.99289204500383,26.553999999999974,3.7572703018781484,0.026321925095541022,0.025557759687329647,0.4,0.03465804111029384,0.9452325105667114,1.3860342502593994,0.43765929341316223,False,21
2,46.13396352500422,26.621999999999957,3.7681596274926155,0.026608528910370577,0.02569732522711426,0.3697870588346288,-0.1510647058268561,0.9395917057991028,1.3860342502593994,0.49386146664619446,False,21
2,46.26386857999751,26.723999999999933,3.7842249736266114,0.02714474938321388,0.023012978433756236,0.35308564986087493,0.23457175069562541,0.9146860837936401,1.328808069229126,0.3254072070121765,False,20
2,46.39418859300349,26.825999999999908,3.7998097960127355,0.027650893877355642,0.0218987568110191,0.24731413480952683,0.763429325952366,0.9272819757461548,1.3528496026992798,0.32448551058769226,False,21
2,46.49534147899976,26.825999999999908,3.7998097960127355,0.027650893877355642,0.0218987568110191,0.35180399205100726,-0.24098003974496385,0.9272819757461548,1.3528496026992798,0.32448551058769226,False,21
2,46.62301498599845,26.927999999999997,3.8153168869328176,0.02816162551568078,0.018499489262574328,0.25878735480379245,0.7060632259810377,0.932327926158905,1.3407227993011475,0.3195706009864807,False,20
2,46.749340053997,27.029999999999973,3.829751077594833,0.028656151537897755,0.01621912880170401,0.2,1.0,0.9251713752746582,1.358119249343872,0.32011905312538147,False,21
2,46.85033556000417,27.029999999999973,3.829751077594833,0.028656151537897755,0.01621912880170401,0.3284774512193792,-0.35761274390310394,0.9251713752746582,1.358119249343872,0.32011905312538147,False,21
2,46.979476232001616,27.131999999999948,3.8438083818539823,0.028755656915151206,0.016957902760987822,0.36258540808400697,0.18707295957996528,0.9279317259788513,1.348497986793518,0.3169456720352173,False,20
2,47.10616522200144,27.233999999999924,3.860335621164492,0.029077501018032356,0.017549977434171082,0.23532683333038787,-0.8233658333480608,0.9335627555847168,1.3593581914901733,0.324483186006546,False,21
2,47.20726545999787,27.233999999999924,3.860335621164492,0.029077501018032356,0.017549977434171082,0.373537600466446,-0.13231199766777,0.9335627555847168,1.3593581914901733,0.324483186006546,False,21
2,47.33426507800323,27.3359999999999,3.8769051374585084,0.029410135431202997,0.015760537632179016,0.34121259624790357,0.29393701876048217,0.9453455805778503,1.3735681772232056,0.37205949425697327,False,21
2,47.463505239997176,27.437999999999988,3.8933186196639142,0.029641022573506065,0.0172805282047809,0.2,-1.0,0.9340482354164124,1.3482856750488281,0.32246556878089905,False,21
2,47.56435410599806,27.437999999999988,3.8933186196639142,0.029641022573506065,0.0172805282047809,0.34919895546062163,-0.254005222696892,0.9340482354164124,1.3482856750488281,0.32246556878089905,False,21
2,47.69617407899932,27.539999999999964,3.909432362286885,0.029942621018320917,0.015835730191929447,0.3593842028087928,0.20307898595603605,0.9406934380531311,1.3542262315750122,0.30992743372917175,False,21
2,47.82553698300035,27.64199999999994,3.925726193068655,0.030114763821829812,0.01813714337732088,0.4,-0.03891362497434327,0.91175377368927,1.3330233097076416,0.3145662844181061,False,20
2,47.92649482100387,27.64199999999994,3.925726193068655,0.030114763821829812,0.01813714337732088,0.3753453037146871,-0.12327348142656447,0.91175377368927,1.3330233097076416,0.3145662844181061,False,20
2,48.05577625300066,27.743999999999915,3.9426751305303958,0.03041265075298993,0.01745035596223626,0.3551032569829975,-0.22448371508501258,0.9422392845153809,1.3783212900161743,0.3839103877544403,False,21
2,48.1832350170007,27.846000000000004,3.9588284666015308,0.03105718611771608,0.011807498729819921,0.31760797327471896,-0.41196013362640543,0.9471697211265564,1.384251356124878,0.4059104025363922,False,20
2,48.284031230003166,27.846000000000004,3.9588284666015308,0.03105718611771608,0.011807498729819921,0.23652435213300482,0.817378239334976,0.9471697211265564,1.384251356124878,0.4059104025363922,False,20
2,48.4160167250011,27.94799999999998,3.9740611089360747,0.031377612324706164,0.010571600849660457,0.28683613005673253,-0.5658193497163376,0.9544249176979065,1.3877887725830078,0.4970949590206146,False,21
2,48.548730634000094,28.049999999999955,3.9887901215907884,0.031136932457815097,0.015559816645171379,0.32487169418089534,-0.3756415290955233,0.9341924786567688,1.3705720901489258,0.4096444547176361,False,21
2,48.65594101700117,28.049999999999955,3.9887901215907884,0.031136932457815097,0.015559816645171379,0.345165982274136,0.27417008862932013,0.9341924786567688,1.3903741836547852,0.4096444547176361,False,21
2,48.77834155200253,28.15199999999993,4.00355955954724,0.03155873121303689,0.013424521055673353,0.2838486689813904,-0.5807566550930481,0.9606932401657104,1.3903741836547852,0.45773109793663025,False,19
2,48.90967839299992,28.253999999999905,4.019613406120814,0.03162369240164389,0.0152871378326719,0.4,0.09431106148733157,0.9385153651237488,1.3789622783660889,0.48524805903434753,False,19
2,49.016599294001935,28.253999999999905,4.019613406120814,0.03162369240164389,0.0152871378326719,0.4,0.014291220409615907,0.9385153651237488,1.3861042261123657,0.48524805903434753,False,19
2,49.158543133999046,28.322000000000003,4.031221498905052,0.03178412827402752,0.015758589849411586,0.3765973800106501,0.11701309994674974,0.9452157020568848,1.3861042261123657,0.4572906792163849,False,20
2,49.29165931400348,28.423999999999978,4.0483265536717115,0.031898571055864536,0.01836457970220845,0.35019451933495205,-0.24902740332524007,0.9477567076683044,1.3745852708816528,0.4723503291606903,False,21
2,49.41976437399717,28.525999999999954,4.064466051864724,0.03221435391079321,0.016939667638579757,0.36318102675355607,-0.18409486623221982,0.9478902220726013,1.3766999244689941,0.48368367552757263,False,21
2,49.52062359500269,28.525999999999954,4.064466051864724,0.03221435391079321,0.016939667638579757,0.3757988115488744,0.121005942255628,0.9478902220726013,1.3766999244689941,0.48368367552757263,False,21
2,49.649101829003484,28.62799999999993,4.080555204696032,0.032502675090151964,0.017467143256648013,0.21485513666198286,-0.9257243166900857,0.944996178150177,1.3837027549743652,0.47287753224372864,False,21
2,49.78017267800169,28.729999999999905,4.095976985609983,0.03274920080183361,0.016915395275639566,0.24611053086830711,-0.7694473456584646,0.9550889134407043,1.385075569152832,0.46899279952049255,False,21
2,49.881296272003965,28.729999999999905,4.095976985609983,0.03274920080183361,0.016915395275639566,0.37910859519241197,-0.10445702403794024,0.9550889134407043,1.385075569152832,0.46899279952049255,False,21
2,50.01100646999839,28.831999999999994,4.112810002845303,0.0331228668082393,0.015115615392726394,0.37947629509827824,-0.10261852450860885,0.9566259980201721,1.3984065055847168,0.5139024257659912,False,21
2,50.136713026004145,28.93399999999997,4.129140877021426,0.03355475823772455,0.012393991649357856,0.3343608125490285,-0.32819593725485774,0.9445400238037109,1.370345115661621,0.4179013669490814,False,20
2,50.23779754499992,28.93399999999997,4.129140877021426,0.03355475823772455,0.012393991649357856,0.3686981659682285,0.15650917015885737,0.9445400238037109,1.370345115661621,0.4179013669490814,False,20
2,50.36473981600284,29.035999999999945,4.144754047369412,0.0338246473417706,0.011975798249522811,0.20197473782801076,-0.9901263108599464,0.9506261944770813,1.3879235982894897,0.4981866776943207,False,20
2,50.493553054002405,29.13799999999992,4.158694026199064,0.0338920069633891,0.012600348030763143,0.27412237484882873,-0.6293881257558566,0.9379116296768188,1.3508776426315308,0.4178905189037323,False,19
2,50.5945066350032,29.13799999999992,4.158694026199064,0.0338920069633891,0.012600348030763143,0.27243444066358113,0.6378277966820944,0.9379116296768188,1.3508776426315308,0.4178905189037323,False,19
2,50.72106183700089,29.239999999999895,4.172351985725352,0.0344948873470371,0.0068900738572645085,0.36166072412584105,-0.19169637937079487,0.9540241956710815,1.3895833492279053,0.5190894603729248,False,19
2,50.84676476800087,29.341999999999985,4.186172150488264,0.034302717506355634,0.010612153412917342,0.269547345231204,0.6522632738439799,0.9560046195983887,1.3802659511566162,0.5165029764175415,False,20
2,50.94767180200142,29.341999999999985,4.186172150488264,0.034302717506355634,0.010612153412917342,0.33622485323223156,0.3188757338388424,0.9560046195983887,1.3802659511566162,0.5165029764175415,False,20
2,51.07852342099795,29.44399999999996,4.200677015518769,0.03418320788970713,0.01554638145398229,0.3261468107745879,-0.3692659461270607,0.9525191783905029,1.3685907125473022,0.45544758439064026,False,20
2,51.20838708899828,29.545999999999935,4.215021754572351,0.034741861970895835,0.009513204943349944,0.3440468151926922,0.2797659240365391,0.9590341448783875,1.3852909803390503,0.4904092252254486,False,20
2,51.30969112100138,29.545999999999935,4.215021754572351,0.034741861970895835,0.009513204943349944,0.22606765818561556,0.8696617090719223,0.9590341448783875,1.3852909803390503,0.4904092252254486,False,20
2,51.44340494200151,29.64799999999991,4.230079330307558,0.034913693791186744,0.009897768753229737,0.4,0.007747039620255112,0.9452952146530151,1.3852554559707642,0.43901631236076355,False,20
2,51.573039224997046,29.75,4.245840910250948,0.034890472279795755,0.012096613637939237,0.3729817811911208,0.13509109404439604,0.9555513262748718,1.4001538753509521,0.5029934644699097,False,21
2,51.67443847600225,29.75,4.245840910250948,0.034890472279795755,0.012096613637939237,0.3540762152674639,0.22961892366268039,0.9555513262748718,1.4001538753509521,0.5029934644699097,False,21
2,51.810368106998794,29.851999999999975,4.26168225251539,0.03486146427194386,0.015726939252104537,0.29738298503011873,-0.5130850748494066,0.8929478526115417,1.322594404220581,0.3974679410457611,False,20
2,51.912417027997435,29.91999999999996,4.271123860475084,0.03524900258588904,0.012010264189294056,0.2910220367346428,-0.544889816326786,0.8849770426750183,1.310453176498413,0.4039425551891327,False,21
2,52.04534964400227,29.95399999999995,4.275737342024379,0.03581602332668315,0.005296577873960615,0.2,1.0,0.8849770426750183,1.310453176498413,0.4039425551891327,False,21
2,52.14865789200121,30.021999999999935,4.283832326853559,0.036571075521185686,-0.004502930371683589,0.4,-0.041112128777736984,0.8722282648086548,1.2926092147827148,0.40017393231391907,False,20
2,52.25018142299814,30.055999999999926,4.28825956609587,0.03662319500056544,-0.005542109988121656,0.27334229824579565,-0.6332885087710218,0.9460340142250061,1.2926092147827148,0.40017393231391907,False,20
2,52.38753929000086,30.12399999999991,4.297850376006112,0.03687455479860974,-0.00958420168193372,0.27201519892247106,0.6399240053876448,0.9460340142250061,1.3771514892578125,0.5089691877365112,False,21
2,52.52378873999987,30.226,4.311899788450472,0.036748035535481886,-0.009100055062938296,0.4,0.05371622940732452,0.9323628544807434,1.390076994895935,0.5164893865585327,False,21
2,52.62580398299906,30.293999999999983,4.321540261331399,0.036663627597394464,-0.008874136539222324,0.37664144729964516,-0.11679276350177423,0.9145997166633606,1.3577253818511963,0.41900870203971863,False,20
2,52.760044873997685,30.327999999999975,4.3267500074127305,0.036616639036309157,-0.008927961540029235,0.3699762067122587,0.15011896643870634,0.9145997166633606,1.3577253818511963,0.41900870203971863,False,20
2,52.89270157599822,30.42999999999995,4.342183072446686,0.036406800182809076,-0.0074111445302498125,0.37164157784809254,-0.1417921107595375,0.9438731670379639,1.3925855159759521,0.5219545364379883,False,21
2,53.020759190003446,30.531999999999925,4.357944563628404,0.03618220566896221,-0.006308781030161123,0.2,1.0,0.9555405378341675,1.3844759464263916,0.5239995718002319,False,20
2,53.121787732001394,30.531999999999925,4.357944563628404,0.03618220566896221,-0.006308781030161123,0.2854144329180197,0.5729278354099014,0.9555405378341675,1.3844759464263916,0.5239995718002319,False,20
2,53.24971674400149,30.6339999999999,4.373057762150771,0.03578522378929192,-0.0017215002836896132,0.26727480890212,-0.6636259554894,0.9602316617965698,1.3882606029510498,0.5243592262268066,False,20
2,53.3581834170036,30.701999999999998,4.382290737822541,0.0351242148912991,0.007227208751118973,0.3341797521010267,-0.3291012394948667,0.9436370134353638,1.3801190853118896,0.41600021719932556,False,19
2,53.49084360500274,30.73599999999999,4.386838903969838,0.03513238296649448,0.00689061778741287,0.2888416713352256,0.555791643323872,0.9436370134353638,1.3801190853118896,0.41600021719932556,False,19
2,53.6137923339993,30.837999999999965,4.4009756243845235,0.0344441882552586,0.018576729403932672,0.2,-1.0,0.9324783086776733,1.358351707458496,0.41033193469047546,False,21
2,53.73642080800346,30.93999999999994,4.4153722063937915,0.03453753294509267,0.020137223806025648,0.2,-1.0,0.9314651489257812,1.344720721244812,0.400642067193985,False,21
2,53.837198909997824,30.93999999999994,4.4153722063937915,0.03453753294509267,0.020137223806025648,0.3483709336648185,0.25814533167590736,0.9314651489257812,1.344720721244812,0.400642067193985,False,21
2,53.960858441998425,31.041999999999916,4.4294752198862275,0.034980804068672953,0.018130808148910625,0.342247862724212,-0.28876068637894015,0.9066748023033142,1.3384997844696045,0.40692850947380066,False,21
2,54.08668797199789,31.14399999999989,4.444209034670315,0.03553984545313643,0.013315257010784464,0.4,0.009713136969478287,0.9178439378738403,1.334316611289978,0.391262024641037,False,21
2,54.18757879600162,31.14399999999989,4.444209034670315,0.03553984545313643,0.013315257010784464,0.2534754022622751,0.7326229886886243,0.9178439378738403,1.334316611289978,0.391262024641037,False,21
2,54.318282920001366,31.24599999999998,4.460927399050655,0.03581113102041426,0.012954426931016462,0.37979621457272167,-0.10101892713639166,0.9252268671989441,1.3525863885879517,0.39287880063056946,False,20
2,54.445369036002376,31.347999999999956,4.477567566734811,0.03611092801842101,0.011114001850026384,0.2,-1.0,0.8951655626296997,1.295917272567749,0.33507177233695984,False,20
2,54.55472714499774,31.381999999999948,4.482903305353764,0.03625291700769333,0.009968465763562955,0.37478783372921726,0.12606083135391372,0.8951655626296997,1.295917272567749,0.33507177233695984,False,20
2,54.674295864999294,31.449999999999932,4.493538910914217,0.03638340778029857,0.009832497782263788,0.4,0.049764410702222185,0.9299107789993286,1.3378822803497314,0.33928051590919495,False,21
2,54.79892523300077,31.551999999999907,4.5090527813208885,0.036806107234415054,0.005950062145116154,0.2757637445943207,0.6211812770283965,0.9338940978050232,1.342634677886963,0.33531591296195984,False,21
2,54.90700770699914,31.551999999999907,4.5090527813208885,0.036806107234415054,0.005950062145116154,0.36981336712827156,-0.15093316435864218,0.9338940978050232,1.2842997312545776,0.33531591296195984,False,21
2,55.045132300998375,31.620000000000005,4.5190759123826725,0.03686793255855875,0.00598567229626435,0.4,-0.028359743919647934,0.9029906392097473,1.2842997312545776,0.32387128472328186,False,21
2,55.17059798500122,31.72199999999998,4.534461240128307,0.03708520082269026,0.003747094986612852,0.312535257735288,0.43732371132355996,0.9239023923873901,1.3131104707717896,0.33089980483055115,False,21
2,55.29780604300322,31.823999999999955,4.549694209269022,0.03730410527174898,0.0018327415863968492,0.31381229453991566,0.43093852730042176,0.91340172290802,1.310472011566162,0.3211975395679474,False,21
2,55.39866825700301,31.823999999999955,4.549694209269022,0.03730410527174898,0.0018327415863968492,0.37699556677248913,-0.11502216613755455,0.91340172290802,1.310472011566162,0.3211975395679474,False,21
2,55.52699598899926,31.92599999999993,4.565403687907191,0.03735365370211182,0.0011028973366849085,0.2980840661030853,-0.5095796694845736,0.896507978439331,1.2619595527648926,0.3196105659008026,False,20
2,55.65305203200114,32.027999999999906,4.579237644154209,0.038345259134971554,-0.01208309029634864,0.2,1.0,0.9356582164764404,1.3596503734588623,0.33295026421546936,False,20
2,55.754158365001786,32.027999999999906,4.579237644154209,0.038345259134971554,-0.01208309029634864,0.2,1.0,0.9356582164764404,1.3596503734588623,0.33295026421546936,False,20
2,55.88415241199982,32.129999999999995,4.593400980362352,0.038577920456856415,-0.018225539014332014,0.2712973377073175,0.6435133114634126,0.9091793894767761,1.3411974906921387,0.32412201166152954,False,19
2,56.01273279700399,32.23199999999997,4.608984853627244,0.03832754531206207,-0.01767127557798683,0.2,1.0,0.9187096357345581,1.3528764247894287,0.33403217792510986,False,21
2,56.11389196699747,32.23199999999997,4.608984853627244,0.03832754531206207,-0.01767127557798683,0.3590956415662472,0.20452179216876432,0.9187096357345581,1.3528764247894287,0.33403217792510986,False,21
2,56.24059705500258,32.333999999999946,4.624383484765049,0.03769191086086781,-0.012317140039388969,0.21108143930708556,-0.9445928034645722,0.9533722996711731,1.3734501600265503,0.46021100878715515,False,21
2,56.36861844699888,32.43599999999992,4.638682421539131,0.037269994408733624,-0.00971459431764582,0.2,1.0,0.9309159517288208,1.357344627380371,0.3998872935771942,False,21
2,56.46946527300315,32.43599999999992,4.638682421539131,0.037269994408733624,-0.00971459431764582,0.23466431995863193,0.8266784002068402,0.9309159517288208,1.357344627380371,0.3998872935771942,False,21
2,56.6025657670034,32.5379999999999,4.652722229684508,0.03694096158628067,-0.005777137379777504,0.32559284909573594,-0.37203575452132037,0.9404888153076172,1.3629192113876343,0.3861248195171356,False,21
2,56.72807354199904,32.639999999999986,4.666806809841931,0.03668947750799534,-0.0037620112846096045,0.26041975639202647,0.6979012180398678,0.9324919581413269,1.3338892459869385,0.39912471175193787,False,21
2,56.82912929300073,32.639999999999986,4.666806809841931,0.03668947750799534,-0.0037620112846096045,0.3447778068944003,0.27611096552799863,0.9324919581413269,1.3338892459869385,0.39912471175193787,False,21
2,56.95678311600204,32.74199999999996,4.6818939118253144,0.03613825405153507,0.0037658258227937194,0.23135897774783004,-0.8432051112608498,0.9293055534362793,1.3597214221954346,0.4172005355358124,False,21
2,57.08161642900086,32.84399999999994,4.6965414729650865,0.035951708429613476,0.006347547037986792,0.288306882966294,0.5584655851685301,0.9369690418243408,1.3399555683135986,0.4393317401409149,False,21
2,57.18271074200311,32.84399999999994,4.6965414729650865,0.035951708429613476,0.006347547037986792,0.29519629206762243,0.5240185396618879,0.9369690418243408,1.3399555683135986,0.4393317401409149,False,21
2,57.3108809760015,32.94599999999991,4.711565846171933,0.0354930501288449,0.01542630090176606,0.2,-1.0,0.9030824303627014,1.3090137243270874,0.4050537049770355,False,21
2,57.43498431100306,33.048,4.726743044571859,0.03568804548794337,0.01524242650530499,0.20645210013052362,0.9677394993473821,0.9337098002433777,1.3556736707687378,0.4739978611469269,False,21
2,57.545063750003465,33.048,4.726743044571859,0.03568804548794337,0.01524242650530499,0.4,0.07140007826041322,0.9337098002433777,1.3652936220169067,0.4739978611469269,False,21
2,57.66502042399952,33.14999999999998,4.742272359512974,0.03593301569717268,0.015192642108245084,0.4,0.01421854923489664,0.9537474513053894,1.3652936220169067,0.49017420411109924,False,20
2,57.79018909200386,33.25199999999995,4.759376164670278,0.0362520357047778,0.01391139157409612,0.35601043692596457,-0.21994781537017735,0.9453993439674377,1.376345157623291,0.5005700588226318,False,21
2,57.89685748299962,33.25199999999995,4.759376164670278,0.0362520357047778,0.01391139157409612,0.30485106763778536,0.4757446618110731,0.9327208995819092,1.376345157623291,0.5005700588226318,False,21
2,58.02139397100109,33.35399999999993,4.774843296604611,0.03660307657178801,0.012744905466314533,0.2569876186841123,-0.7150619065794386,0.9327208995819092,1.3263643980026245,0.4046667516231537,False,21
2,58.16410929900303,33.42199999999991,4.785693392829444,0.03659634379412954,0.014480554437345685,0.37929544112435815,0.10352279437820927,0.9540951251983643,1.3796409368515015,0.5171072483062744,False,20
2,58.29204892800044,33.524,4.8027357614669395,0.03684697199156853,0.015008899351052568,0.2,1.0,0.939816951751709,1.378467082977295,0.5092509984970093,False,21
2,58.39291851899907,33.524,4.8027357614669395,0.03684697199156853,0.015008899351052568,0.37573178472408814,0.12134107637955951,0.939816951751709,1.378467082977295,0.5092509984970093,False,21
2,58.51943770600337,33.625999999999976,4.819328638940634,0.036841039460185326,0.018792463099125804,0.3213750437273187,-0.3931247813634068,0.9499385356903076,1.3689054250717163,0.5074994564056396,False,21
2,58.64700675199856,33.72799999999995,4.835459754127509,0.03701465115605195,0.019890981683410393,0.2,1.0,0.9536678791046143,1.3806740045547485,0.5082952976226807,False,21
2,58.747937760999775,33.72799999999995,4.835459754127509,0.03701465115605195,0.019890981683410393,0.35100763031309257,0.24496184843453722,0.9536678791046143,1.3806740045547485,0.5082952976226807,False,21
2,58.87504424600047,33.82999999999993,4.851337085099113,0.03709948991176422,0.02383210540541742,0.2,-1.0,0.8838320970535278,1.283169150352478,0.38225921988487244,False,21
2,59.00573225699918,33.9319999999999,4.86637207175903,0.03743278949184954,0.023336044408103555,0.2,-1.0,0.8755914568901062,1.2775205373764038,0.38427498936653137,False,21
2,59.106509559002006,33.9319999999999,4.86637207175903,0.03743278949184954,0.023336044408103555,0.27429039147340234,-0.6285480426329884,0.8755914568901062,1.2775205373764038,0.38427498936653137,False,21
2,59.2344130700003,34.03399999999999,4.880088314967357,0.03850078820191442,0.012955008520688104,0.2,1.0,0.882233202457428,1.291563868522644,0.38913461565971375,False,21
2,59.358023740001954,34.13599999999997,4.892073439404733,0.039428406473748116,0.0023565775683126373,0.2,1.0,0.9428778290748596,1.354952096939087,0.5081758499145508,False,20
2,59.4589208269972,34.13599999999997,4.892073439404733,0.039428406473748116,0.0023565775683126373,0.3418695097837418,-0.2906524510812911,0.9428778290748596,1.354952096939087,0.5081758499145508,False,20
2,59.58695626300323,34.23799999999994,4.904735592402811,0.039341487940499666,0.003476764169653648,0.3732786415715646,0.13360679214217716,0.9477398991584778,1.366581916809082,0.5001620054244995,False,21
2,59.71369647599931,34.33999999999992,4.918741245314691,0.0394050328872373,0.003824125057280867,0.3720032993784386,0.139983503107807,0.9408097863197327,1.3401308059692383,0.47955331206321716,False,21
2,59.81454921099794,34.33999999999992,4.918741245314691,0.0394050328872373,0.003824125057280867,0.3750306485329407,-0.12484675733529654,0.9408097863197327,1.3401308059692383,0.47955331206321716,False,21
2,59.94169064999733,34.441999999999894,4.934649055197162,0.03967896144445676,0.00042001817498295025,0.20343648458717167,0.9828175770641417,0.9416018724441528,1.3595844507217407,0.4902831017971039,False,19
3,0.13652815300156362,0.40800000000001546,0.04832469205211318,0.0022622434284657587,-0.02264138662439741,0.2732001516763564,0.6339992416182179,0.8628415465354919,1.3112748861312866,0.3901536166667938,False,21
3,0.2616697940029553,0.5100000000001046,0.05925840818202114,0.004248952361348234,-0.05314146598726647,0.2,-1.0,0.8734907507896423,1.2907999753952026,0.3891596496105194,False,21
3,0.3625533739977982,0.5100000000001046,0.05925840818202114,0.004248952361348234,-0.05314146598726647,0.2,1.0,0.8734907507896423,1.2907999753952026,0.3891596496105194,False,21
3,0.4825189210023382,0.61200000000008,0.06978044208831655,0.006299127338609631,-0.08938668742121772,0.2,1.0,0.8686904907226562,1.3068552017211914,0.38528528809547424,False,21
3,0.6029162519989768,0.7140000000000555,0.08094920718887942,0.007352845460956695,-0.11819562784756184,0.2,-1.0,0.87096107006073,1.3104257583618164,0.3871552646160126,False,20
3,0.7037262250014464,0.7140000000000555,0.08094920718887942,0.007352845460956695,-0.11819562784756184,0.2335232049339543,0.8323839753302287,0.87096107006073,1.3104257583618164,0.3871552646160126,False,20
3,0.8260388240014436,0.8160000000000309,0.09278267936961673,0.00738432612229365,-0.13859528655463985,0.37299506943569155,0.13502465282154236,0.8625842332839966,1.3059961795806885,0.3910995423793793,False,21
3,0.9470164250014932,0.9180000000000064,0.10599413544709664,0.006797769829354739,-0.1576012067021577,0.3757828355099797,0.12108582245010158,0.8533231019973755,1.339501976966858,0.3790982663631439,False,21
3,1.047860724000202,0.9180000000000064,0.10599413544709664,0.006797769829354739,-0.1576012067021577,0.21668113519404356,0.9165943240297822,0.8533231019973755,1.339501976966858,0.3790982663631439,False,21
3,1.1704739130000235,1.0200000000000955,0.12052048109153825,0.004498688369517864,-0.1586475768070907,0.20539175651613417,-0.9730412174193293,0.8542907238006592,1.2988133430480957,0.36696645617485046,False,21
3,1.2901192849967629,1.122000000000071,0.13335587047986813,0.003596770015375152,-0.17380305971489143,0.2,1.0,0.8662997484207153,1.3137624263763428,0.37498846650123596,False,20
3,1.3919387240021024,1.1560000000000628,0.13736449707590337,0.003148177238935488,-0.1771172717899556,0.2,1.0,0.8662997484207153,1.3137624263763428,0.37498846650123596,False,20
3,1.510671452000679,1.2240000000000464,0.14549616796903136,0.001692787852666998,-0.17686555998262743,0.27512200183954283,-0.6243899908022859,0.8534221649169922,1.2897636890411377,0.36094263195991516,False,19
3,1.632588211003167,1.3260000000000218,0.1588871622364821,0.0008033643070430523,-0.1983520855453545,0.2,1.0,0.8528116345405579,1.313440203666687,0.3632411062717438,False,21
3,1.7360265929964953,1.3600000000000136,0.16359061629253227,0.00022409900280168332,-0.20305492846920056,0.2,1.0,0.8528116345405579,1.313440203666687,0.3632411062717438,False,21
3,1.8546735729978536,1.4279999999999973,0.17283889405362657,-0.0016442583599640959,-0.2017003611710451,0.30378830681594576,-0.48105846592027124,0.8566694855690002,1.313234806060791,0.3716472089290619,False,21
3,1.974203199002659,1.5300000000000864,0.18589839887732368,-0.004413946497280167,-0.19926966721158232,0.2,1.0,0.8525108098983765,1.3107290267944336,0.35613831877708435,False,21
3,2.0773975830015843,1.5640000000000782,0.19032692257655445,-0.00531183049919433,-0.19836242789565076,0.24717976430120292,0.7641011784939855,0.8525108098983765,1.3107290267944336,0.35613831877708435,False,21
3,2.1959459930003504,1.6320000000000618,0.1991544407343163,-0.00754181647113269,-0.18920265511136813,0.2,-1.0,0.8561756610870361,1.2757076025009155,0.3488418757915497,False,21
3,2.319117268001719,1.7340000000000373,0.2108723909980241,-0.01053891658977527,-0.1782930580826853,0.2,1.0,0.8541567921638489,1.3148702383041382,0.3615776598453522,False,21
3,2.425642144997255,1.7340000000000373,0.2108723909980241,-0.01053891658977527,-0.1782930580826853,0.2,1.0,0.8541567921638489,1.3251279592514038,0.3615776598453522,False,21
3,2.54539384200325,1.8360000000000127,0.22239074555003213,-0.013777885766404516,-0.1603491698705657,0.3162195372707737,-0.41890231364613184,0.8458604216575623,1.3251279592514038,0.3725372850894928,False,21
3,2.66717627899925,1.9380000000001019,0.23279697770494856,-0.01755440729267969,-0.12950915089423018,0.2177296104092954,0.9113519479535231,0.8506174683570862,1.3394906520843506,0.3823550045490265,False,20
3,2.7692361660010647,1.9380000000001019,0.23279697770494856,-0.01755440729267969,-0.12950915089423018,0.33713232007577143,-0.31433839962114296,0.8545771241188049,1.3394906520843506,0.3823550045490265,False,20
3,2.9076102460021502,2.0060000000000855,0.23945393709568913,-0.020353875828320083,-0.10321286955492533,0.20391404198291535,-0.9804297900854232,0.8545771241188049,1.3107383251190186,0.3759194314479828,False,21
3,3.027799370000139,2.108000000000061,0.24939425751487826,-0.0240964084833816,-0.0653669671841915,0.2,-1.0,0.8578585386276245,1.3425216674804688,0.38287702202796936,False,20
3,3.149984076000692,2.2100000000000364,0.2594319723069553,-0.027621288235113305,-0.02615789833151102,0.2,1.0,0.8652539253234863,1.346359372138977,0.3832875192165375,False,21
3,3.2512050439981977,2.2100000000000364,0.2594319723069553,-0.027621288235113305,-0.02615789833151102,0.2,-1.0,0.8652539253234863,1.346359372138977,0.3832875192165375,False,21
3,3.378190770999936,2.312000000000012,0.26995813366011606,-0.03042808922108544,0.008993744948060973,0.2,-1.0,0.8608739972114563,1.338625192642212,0.3838006556034088,False,19
3,3.5008481460026815,2.414000000000101,0.28120189320227645,-0.030966927789578765,0.017948156675894254,0.2,-1.0,0.8645790815353394,1.3058408498764038,0.3768511712551117,False,21
3,3.601737529003003,2.414000000000101,0.28120189320227645,-0.030966927789578765,0.017948156675894254,0.2,-1.0,0.8645790815353394,1.3058408498764038,0.3768511712551117,False,21
3,3.7268264110025484,2.5160000000000764,0.29304664484244497,-0.030796620354483828,0.01793793524940524,0.23756585356156387,-0.8121707321921807,0.8662768006324768,1.2925981283187866,0.377132385969162,False,20
3,3.853766207997978,2.618000000000052,0.3061155815273355,-0.029290143309597165,-0.0003310928015021573,0.2,1.0,0.8653765916824341,1.3333454132080078,0.3804633319377899,False,21
3,3.9545921649987577,2.618000000000052,0.3061155815273355,-0.029290143309597165,-0.0003310928015021573,0.2,1.0,0.8653765916824341,1.3333454132080078,0.3804633319377899,False,21
3,4.078788555001665,2.7200000000000273,0.3195347608374668,-0.029101982962515295,-0.002365751436601171,0.26964681692359793,-0.6517659153820102,0.8659636378288269,1.330635905265808,0.38452497124671936,False,21
3,4.202595583999937,2.8220000000000027,0.3323647020442136,-0.029491558639937625,0.002136071227200026,0.2,-1.0,0.8567357659339905,1.3093860149383545,0.3869388997554779,False,21
3,4.303552406003291,2.8220000000000027,0.3323647020442136,-0.029491558639937625,0.002136071227200026,0.3728992327733225,0.13550383613338757,0.8567357659339905,1.3093860149383545,0.3869388997554779,False,21
3,4.426220989000285,2.924000000000092,0.3459671422963839,-0.029073519162788577,-0.0035814525093673583,0.3278203587175753,0.3608982064121235,0.8595946431159973,1.3209772109985352,0.3833065330982208,False,21
3,4.548727897003118,3.0260000000000673,0.36003710570978054,-0.029755839103792026,0.005984136462400708,0.2,1.0,0.8715913891792297,1.3437714576721191,0.3794167935848236,False,21
3,4.649316058996192,3.0260000000000673,0.36003710570978054,-0.029755839103792026,0.005984136462400708,0.2,-1.0,0.8715913891792297,1.3437714576721191,0.3794167935848236,False,21
3,4.774560204001318,3.1280000000000427,0.3739242990356499,-0.030036454438282505,0.010370975433036056,0.2,1.0,0.8773589134216309,1.3380224704742432,0.3125799298286438,False,21
3,4.896990779998305,3.230000000000018,0.38709734023853404,-0.030377092123807323,0.017815859430043997,0.2,-1.0,0.8637797236442566,1.3213484287261963,0.31310132145881653,False,19
3,4.997864653996658,3.230000000000018,0.38709734023853404,-0.030377092123807323,0.017815859430043997,0.22540986839413235,-0.8729506580293382,0.8637797236442566,1.3213484287261963,0.31310132145881653,False,19
3,5.125783857998613,3.3320000000001073,0.39975965276155795,-0.030242467162676978,0.01917977507173392,0.3171689966646235,0.4141550166768825,0.8719555139541626,1.3258410692214966,0.30898356437683105,False,21
3,5.252429428997857,3.4340000000000828,0.4135639476114993,-0.031168696635743613,0.03597194056534063,0.23883833337651317,0.8058083331174342,0.8743916749954224,1.314394235610962,0.3075842559337616,False,19
3,5.3550956699982635,3.4340000000000828,0.4135639476114993,-0.031168696635743613,0.03597194056534063,0.2,-1.0,0.8743916749954224,1.2697908878326416,0.3075842559337616,False,19
3,5.474314665996644,3.536000000000058,0.42707413105870623,-0.0312268555405696,0.04324629717798694,0.3627155467458587,-0.18642226627070677,0.8653212189674377,1.2697908878326416,0.3062566816806793,False,21
3,5.598808499998995,3.6380000000000337,0.4411858572790863,-0.030247839160626788,0.0370587864652017,0.2,1.0,0.8570411205291748,1.3225332498550415,0.30155351758003235,False,21
3,5.701415397998062,3.6380000000000337,0.4411858572790863,-0.030247839160626788,0.0370587864652017,0.3449509879091063,0.2752450604544688,0.8570411205291748,1.3271677494049072,0.30155351758003235,False,21
3,5.823961973001133,3.740000000000009,0.45522134012282783,-0.029894465596388135,0.039595566725364094,0.3709289749474806,-0.14535512526259708,0.8740494251251221,1.3271677494049072,0.30525511503219604,False,21
3,5.964929957997811,3.8080000000001064,0.46495113893829243,-0.029511251368115984,0.03909059474125356,0.36730062719001394,0.1634968640499304,0.8719480633735657,1.3550771474838257,0.3110226094722748,False,19
3,6.086201355996309,3.910000000000082,0.48026069187111514,-0.028890865982989386,0.03956290819995048,0.2,-1.0,0.8543206453323364,1.2976480722427368,0.3415604531764984,False,21
3,6.187196696002502,3.910000000000082,0.48026069187111514,-0.028890865982989386,0.03956290819995048,0.2896462244555726,-0.551768877722137,0.8543206453323364,1.2976480722427368,0.3415604531764984,False,21
3,6.31308369999897,4.012000000000057,0.49521007555619845,-0.028305724628292298,0.03902295390152428,0.4,0.010588547880857467,0.8663023710250854,1.3449891805648804,0.3651556670665741,False,21
3,6.4363142419970245,4.114000000000033,0.5102369978931608,-0.02775028772982153,0.03979632737851209,0.2,1.0,0.8911283612251282,1.3771318197250366,0.3280178904533386,False,20
3,6.537106335003045,4.114000000000033,0.5102369978931608,-0.02775028772982153,0.03979632737851209,0.3288763593394274,0.35561820330286326,0.8911283612251282,1.3771318197250366,0.3280178904533386,False,20
3,6.665578619998996,4.216000000000008,0.5246658886588349,-0.028115218206678626,0.05245198050960616,0.2,-1.0,0.8740049004554749,1.32212495803833,0.38636550307273865,False,21
3,6.7956283500025165,4.318000000000097,0.5382883508087668,-0.027407245851784813,0.05178722901343224,0.2,1.0,0.8848825097084045,1.359974980354309,0.4052826464176178,False,20
3,6.8964833810023265,4.318000000000097,0.5382883508087668,-0.027407245851784813,0.05178722901343224,0.2,1.0,0.8848825097084045,1.359974980354309,0.4052826464176178,False,20
3,7.022399911998946,4.420000000000073,0.5517152458978941,-0.027035270865632666,0.05717840818677218,0.25993453297229296,-0.7003273351385354,0.8578411936759949,1.341168761253357,0.394122451543808,False,21
3,7.146181490003073,4.522000000000048,0.5646592827308743,-0.02672229722178307,0.06360680848083577,0.23724465801771033,0.8137767099114483,0.8713491559028625,1.3513331413269043,0.41336724162101746,False,20
3,7.247206751999329,4.522000000000048,0.5646592827308743,-0.02672229722178307,0.06360680848083577,0.3183220970752209,0.4083895146238956,0.8713491559028625,1.3513331413269043,0.41336724162101746,False,20
3,7.370875316999445,4.624000000000024,0.5790667910962067,-0.027025778358022057,0.08088012660120629,0.2,-1.0,0.8649007678031921,1.30721914768219,0.40296879410743713,False,19
3,7.494564724001975,4.725999999999999,0.593557103403936,-0.026119143139204087,0.08387306080214274,0.23916446073489994,0.8041776963255003,0.8763622045516968,1.3577815294265747,0.4130745232105255,False,21
3,7.59908713799814,4.760000000000105,0.5983402870360766,-0.025723495551839087,0.08417252313448652,0.2,-1.0,0.8763622045516968,1.3577815294265747,0.4130745232105255,False,21
3,7.717703859998437,4.828000000000088,0.6071502491548083,-0.0247731949743109,0.08051830888509351,0.36393476704085725,-0.18032616479571406,0.8665175437927246,1.3433808088302612,0.402175635099411,False,20
3,7.84578314099781,4.930000000000064,0.6207623662306655,-0.02359977200205962,0.07993677420254176,0.2187015190058689,-0.9064924049706555,0.8778466582298279,1.360499382019043,0.4068959653377533,False,21
3,7.953136039999663,4.9640000000000555,0.6250663634141815,-0.023042509511600796,0.07676270149625268,0.22155921943727291,-0.8922039028136355,0.8778466582298279,1.360499382019043,0.4068959653377533,False,21
3,8.07150586500211,5.032000000000039,0.6335029590225877,-0.021285823055885375,0.06153143228094477,0.2,1.0,0.8610848188400269,1.3060011863708496,0.40653571486473083,False,20
3,8.194942285001162,5.1340000000000146,0.645379192869309,-0.019068368270324414,0.04041772681766675,0.2,-1.0,0.8837313055992126,1.375518560409546,0.4078923761844635,False,20
3,8.305187181998917,5.168000000000006,0.6494602450960807,-0.018608103058951997,0.036231147426416616,0.378075945735324,-0.10962027132338029,0.8837313055992126,1.375518560409546,0.4078923761844635,False,20
3,8.424446265002189,5.236000000000104,0.6588247310394176,-0.017352241113477614,0.023089370779132916,0.2,1.0,0.9015412926673889,1.3852344751358032,0.4122835099697113,False,21
3,8.550816693001252,5.338000000000079,0.6728319438915319,-0.01687147187960664,0.021704958125820996,0.3017330824015441,0.49133458799227947,0.8909507989883423,1.364445447921753,0.4034939706325531,False,21
3,8.65505793000193,5.338000000000079,0.6728319438915319,-0.01687147187960664,0.021704958125820996,0.35537206745259975,0.22313966273700148,0.9116368889808655,1.364445447921753,0.4034939706325531,False,21
3,8.794762318997527,5.406000000000063,0.6822981370659822,-0.01741598910522147,0.03214278109650429,0.2,-1.0,0.9116368889808655,1.3861091136932373,0.4064488112926483,False,20
3,8.918515463999938,5.508000000000038,0.6957971878085398,-0.017526429052649655,0.03920003110236605,0.34114690713544477,0.2942654643227762,0.8962928056716919,1.3439514636993408,0.41125497221946716,False,21
3,9.0398020979992,5.610000000000014,0.709120981930436,-0.01682381565274965,0.03710657075033535,0.2,1.0,0.901089608669281,1.385993480682373,0.4089590609073639,False,21
3,9.140572144999169,5.610000000000014,0.709120981930436,-0.01682381565274965,0.03710657075033535,0.373541761872733,0.13229119063633488,0.901089608669281,1.385993480682373,0.4089590609073639,False,21
3,9.266957291001745,5.712000000000103,0.7236829067253635,-0.016880413445267282,0.046122224409632935,0.2916273399368763,-0.5418633003156186,0.9123156666755676,1.3799588680267334,0.40566888451576233,False,21
3,9.388707933998376,5.814000000000078,0.7387170948597196,-0.01643489218284624,0.04959950337759745,0.3723970630754933,0.13801468462253366,0.911214292049408,1.376673698425293,0.4114498794078827,False,21
3,9.48961189200054,5.814000000000078,0.7387170948597196,-0.01643489218284624,0.04959950337759745,0.31701315458691803,0.41493422706540994,0.911214292049408,1.376673698425293,0.4114498794078827,False,21
3,9.614431453999714,5.916000000000054,0.754336057475556,-0.01621361729402669,0.05744847415400889,0.2,-1.0,0.9164251685142517,1.394545555114746,0.4076063930988312,False,21
3,9.739531983999768,6.018000000000029,0.7681226287075874,-0.015914762400571165,0.0637946687780807,0.34098018482929854,0.2950990758535076,0.8991187810897827,1.3670350313186646,0.3968372046947479,False,21
3,9.84030851299758,6.018000000000029,0.7681226287075874,-0.015914762400571165,0.0637946687780807,0.2985142790105177,0.5074286049474117,0.8991187810897827,1.3670350313186646,0.3968372046947479,False,21
3,9.966862907996983,6.1200000000000045,0.782556975839978,-0.015561409940232938,0.072551180001249,0.2,-1.0,0.9191188812255859,1.4060255289077759,0.40307512879371643,False,21
3,10.087608114001341,6.222000000000094,0.7977292001761921,-0.014488311628042455,0.07239476515170737,0.2,1.0,0.8991432189941406,1.3869588375091553,0.39643171429634094,False,21
3,10.188787396000407,6.222000000000094,0.7977292001761921,-0.014488311628042455,0.07239476515170737,0.36136149613654384,0.19319251931728088,0.8991432189941406,1.3869588375091553,0.39643171429634094,False,21
3,10.312574919997132,6.324000000000069,0.812824855041735,-0.013511180669886338,0.07466067418212145,0.31245238198788094,-0.4377380900605953,0.895523726940155,1.3694504499435425,0.3955058753490448,False,21
3,10.434677300996555,6.426000000000045,0.8279654251219132,-0.012573176067659187,0.0764275060534174,0.2,-1.0,0.8810023069381714,1.3141816854476929,0.39650484919548035,False,21
3,10.535675719998835,6.426000000000045,0.8279654251219132,-0.012573176067659187,0.0764275060534174,0.3166778438655682,-0.4166107806721594,0.8810023069381714,1.3141816854476929,0.39650484919548035,False,21
3,10.660548562998883,6.52800000000002,0.8422620084695449,-0.010663141405730561,0.06496538139556679,0.2,1.0,0.8912506103515625,1.3472394943237305,0.4014838635921478,False,21
3,10.784386107996397,6.630000000000109,0.8561876941012395,-0.009574183386275525,0.06327384590578712,0.2,-1.0,0.8770633935928345,1.312721610069275,0.3943656384944916,False,21
3,10.892527643001813,6.664000000000101,0.8608144548240594,-0.009288345198160903,0.06284622986875402,0.30276288200763174,-0.48618558996184136,0.8770633935928345,1.312721610069275,0.3943656384944916,False,21
3,11.010782336001284,6.732000000000085,0.8704486444268588,-0.008340380707408822,0.057033535598175075,0.2011918519500538,0.9940407402497311,0.9379825592041016,1.3933442831039429,0.5027704238891602,False,21
3,11.134094230998016,6.83400000000006,0.8854082532473045,-0.0074562446295166115,0.057166358117545606,0.2,-1.0,0.8657901287078857,1.3001848459243774,0.3897792398929596,False,20
3,11.241330794000532,6.868000000000052,0.890168283698833,-0.007175207400743882,0.05690778348776876,0.3535271417862606,-0.23236429106869722,0.8657901287078857,1.3001848459243774,0.3897792398929596,False,20
3,11.360154868998507,6.9360000000000355,0.9002243180199172,-0.0064768108117221525,0.05425831259377269,0.26687792864467996,0.6656103567766004,0.9250435829162598,1.3765168190002441,0.39251968264579773,False,20
3,11.487895168997056,7.038000000000011,0.9151683799059755,-0.00566932425893955,0.05434426647437998,0.3353168355032593,-0.3234158224837036,0.9339872002601624,1.4219328165054321,0.5128476619720459,False,21
3,11.589566292001109,7.038000000000011,0.9151683799059755,-0.00566932425893955,0.05434426647437998,0.355807763147888,0.2209611842605602,0.9425606727600098,1.4219328165054321,0.5128476619720459,False,21
3,11.727790017997904,7.106000000000108,0.9250928690399958,-0.004910060554215979,0.050990594922747726,0.4,0.06757654249013384,0.9425606727600098,1.4341635704040527,0.5172725915908813,False,21
3,11.856523294998624,7.208000000000084,0.940774201782935,-0.004245147800250874,0.053123932401142146,0.4,-0.06652585907683975,0.9387881755828857,1.4057753086090088,0.4878745377063751,False,21
3,11.98099862300296,7.310000000000059,0.9564240212849912,-0.0033086557938466735,0.051197349795852075,0.2,-1.0,0.9334841966629028,1.3909562826156616,0.4050329625606537,False,21
3,12.081835288998263,7.310000000000059,0.9564240212849912,-0.0033086557938466735,0.051197349795852075,0.3570675799648076,0.21466210017596218,0.9334841966629028,1.3909562826156616,0.4050329625606537,False,21
3,12.209633767000923,7.412000000000035,0.9713631520349554,-0.002396929438517056,0.049119344778128425,0.30075333060919385,-0.49623334695403076,0.9284523725509644,1.388456106185913,0.3837895095348358,False,21
3,12.331816095997056,7.51400000000001,0.9855390913386648,-0.0009309518395354528,0.03839129495882941,0.2,-1.0,0.9263578057289124,1.3852711915969849,0.37966403365135193,False,21
3,12.432521064001776,7.51400000000001,0.9855390913386648,-0.0009309518395354528,0.03839129495882941,0.2,1.0,0.9263578057289124,1.3852711915969849,0.37966403365135193,False,21
3,12.558614162000595,7.616000000000099,0.9978722550506154,0.0001923492695121382,0.02888286042314767,0.3171692021107351,-0.4141539894463244,0.9062166810035706,1.351786494255066,0.3279401361942291,False,19
3,12.686072785996657,7.718000000000075,1.0116211282559877,0.0016725869167592733,0.013350588032381164,0.33201689595837447,0.33991552020812776,0.9268584251403809,1.3506715297698975,0.38419851660728455,False,21
3,12.78672619000281,7.718000000000075,1.0116211282559877,0.0016725869167592733,0.013350588032381164,0.2,1.0,0.9268584251403809,1.3506715297698975,0.38419851660728455,False,21
3,12.911729874998855,7.82000000000005,1.0266484401875464,0.0019755828887586804,0.012189848066763442,0.3274140610039822,-0.36292969498008937,0.9009836912155151,1.325993537902832,0.3245478570461273,False,21
3,13.034584107001137,7.9220000000000255,1.041193490731208,0.002647504871354423,0.004978463075050743,0.36982529024774174,0.1508735487612913,0.9272971153259277,1.343301773071289,0.3114156424999237,False,21
3,13.135524455996347,7.9220000000000255,1.041193490731208,0.002647504871354423,0.004978463075050743,0.2,1.0,0.9272971153259277,1.343301773071289,0.3114156424999237,False,21
3,13.260943098001007,8.024000000000001,1.0559998260078212,0.002825050571028554,0.0038399416263041547,0.27217462611844206,-0.6391268694077898,0.8946278691291809,1.3151140213012695,0.32395365834236145,False,20
3,13.393610639999679,8.12600000000009,1.0702922810275093,0.0032504170236897514,-0.0015767411493781394,0.2,1.0,0.9245470762252808,1.3757299184799194,0.31589460372924805,False,21
3,13.494712114996219,8.12600000000009,1.0702922810275093,0.0032504170236897514,-0.0015767411493781394,0.2,1.0,0.9245470762252808,1.3757299184799194,0.31589460372924805,False,21
3,13.623753439998836,8.228000000000065,1.084275778348175,0.0032761167363927245,-0.001814843676120591,0.3694450423388664,-0.15277478830566837,0.9269631505012512,1.3731286525726318,0.43950143456459045,False,21
3,13.747972368000774,8.330000000000041,1.0990637620769919,0.003206347959061747,-0.0015318718388764967,0.2,1.0,0.9391021728515625,1.4036469459533691,0.44145891070365906,False,20
3,13.854931823996594,8.364000000000033,1.1039277479864957,0.0032198763401726335,-0.0013128141404300207,0.31463792613584735,0.42681036932076355,0.9391021728515625,1.4036469459533691,0.44145891070365906,False,20
3,13.974078371997166,8.432000000000016,1.1137702115156904,0.0031443662981731004,0.00012504285397097592,0.4,-0.0912673358796362,0.9348397254943848,1.390824317932129,0.44746801257133484,False,21
3,14.10051814000326,8.534000000000106,1.128978756310718,0.00304627133539134,0.0012831407823095222,0.2,1.0,0.938032865524292,1.3812601566314697,0.4382341802120209,False,21
3,14.206279475001793,8.568000000000097,1.1339298577243886,0.003053469928040968,0.001315389764343602,0.3524306034658655,0.2378469826706726,0.938032865524292,1.3812601566314697,0.4382341802120209,False,21
3,14.325050893996377,8.636000000000081,1.1445412245374713,0.002816423785125841,0.005598910184328517,0.23349376982203773,-0.8325311508898114,0.934908390045166,1.3901898860931396,0.3214457929134369,False,21
3,14.455019218003144,8.738000000000056,1.1602040757335264,0.002873518830889371,0.005385839143535562,0.29851416708237216,0.5074291645881392,0.9405285716056824,1.3969639539718628,0.3256647288799286,False,20
3,14.562613301997771,8.738000000000056,1.1602040757335264,0.002873518830889371,0.005385839143535562,0.4,0.003203333031970939,0.9405285716056824,1.4027431011199951,0.3256647288799286,False,20
3,14.69882461999805,8.80600000000004,1.171136881486015,0.0029344733440439487,0.005529924783198366,0.4,-0.0025103059263825757,0.9337929487228394,1.4027431011199951,0.3909296691417694,False,20
3,14.825525006002863,8.908000000000015,1.188067969630008,0.003028910074897856,0.00540621787478298,0.3469533792670212,0.2652331036648943,0.8997777104377747,1.3365821838378906,0.32449832558631897,False,20
3,14.949732317996677,9.010000000000105,1.2043171538364006,0.002901588903606178,0.009354647371956458,0.2551478066093649,-0.7242609669531755,0.8916466236114502,1.352802038192749,0.3787713944911957,False,20
3,15.0507354950023,9.010000000000105,1.2043171538364006,0.002901588903606178,0.009354647371956458,0.2682028527118104,-0.6589857364409483,0.8916466236114502,1.352802038192749,0.3787713944911957,False,20
3,15.176411918000667,9.11200000000008,1.2203535757385902,0.003018916630891502,0.009095114633777334,0.4,0.03397071234919835,0.9343870878219604,1.3901704549789429,0.4151667654514313,False,21
3,15.300888839003164,9.214000000000055,1.237182411447659,0.0031741809913135876,0.009150401132221165,0.2,-1.0,0.9029967188835144,1.3329733610153198,0.4026002585887909,False,21
3,15.401767144001496,9.214000000000055,1.237182411447659,0.0031741809913135876,0.009150401132221165,0.312492976580932,-0.43753511709534,0.9029967188835144,1.3329733610153198,0.4026002585887909,False,21
3,15.529595425003208,9.316000000000031,1.2525214908062323,0.0036207875609089515,0.004556222616586696,0.2,1.0,0.9367824792861938,1.4063917398452759,0.44031134247779846,False,21
3,15.655981071002316,9.418000000000006,1.266961099706717,0.003699349481858993,0.005403694299259794,0.2,1.0,0.9260902404785156,1.418884515762329,0.5198030471801758,False,20
3,15.756862565998745,9.418000000000006,1.266961099706717,0.003699349481858993,0.005403694299259794,0.3645674884762662,0.17716255761866934,0.9260902404785156,1.418884515762329,0.5198030471801758,False,20
3,15.887762352998834,9.520000000000095,1.281680995338046,0.0033368862858282246,0.011554202505511474,0.24122744334521165,-0.7938627832739418,0.9491053819656372,1.4254182577133179,0.5241345167160034,False,21
3,16.01511587099958,9.622000000000071,1.2960371921859164,0.003165656246077742,0.016244592889848294,0.2,1.0,0.9454789161682129,1.3996667861938477,0.4514789283275604,False,20
3,16.116042105000815,9.622000000000071,1.2960371921859164,0.003165656246077742,0.016244592889848294,0.2902202029280517,0.5488989853597416,0.9454789161682129,1.3996667861938477,0.4514789283275604,False,20
3,16.24399528199865,9.724000000000046,1.3101905672428826,0.002625799425199076,0.02705584366329148,0.2,-1.0,0.9580565094947815,1.419075608253479,0.5214638710021973,False,19
3,16.37070200600283,9.826000000000022,1.3231081883087266,0.002348121032836711,0.03564588303546188,0.337884932375626,0.31057533812187,0.9443281292915344,1.3962972164154053,0.4866754710674286,False,21
3,16.471483440000156,9.826000000000022,1.3231081883087266,0.002348121032836711,0.03564588303546188,0.32565881354373183,0.37170593228134086,0.9443281292915344,1.3962972164154053,0.4866754710674286,False,21
3,16.598669131999486,9.927999999999997,1.3371623352677349,0.0024117515483276187,0.042410708547016056,0.2,-1.0,0.939055860042572,1.3829950094223022,0.4159741699695587,False,20
3,16.725032570997428,10.030000000000086,1.351827028470921,0.003000960931082614,0.042261771921127414,0.2144749599076432,0.927625200461784,0.9479787945747375,1.41292405128479,0.5292298793792725,False,21
3,16.83369516899984,10.064000000000078,1.3565854109988345,0.0032053628994441956,0.042292709662082185,0.4,0.034294709398763085,0.9479787945747375,1.41292405128479,0.5292298793792725,False,21
3,16.952273593997234,10.132000000000062,1.3675303931866905,0.0036798481979985614,0.042126894458118666,0.4,0.05431149733495423,0.9602139592170715,1.4288339614868164,0.5324811935424805,False,19
3,17.077797339996323,10.234000000000037,1.3841928998722326,0.00439182831644488,0.042370368652605336,0.30743490619667535,-0.46282546901662336,0.955704391002655,1.418950080871582,0.4894305169582367,False,21
3,17.186762404002366,10.268000000000029,1.3895962895454637,0.004615351826156024,0.042062518799116495,0.4,-0.06765477202431247,0.955704391002655,1.418950080871582,0.4894305169582367,False,21
3,17.305804670002544,10.336000000000013,1.4010632231440197,0.0051029641841514395,0.04235100551598858,0.36310271041548836,-0.1844864479225584,0.9587082862854004,1.4229607582092285,0.5302461385726929,False,20
3,17.429454176002764,10.438000000000102,1.416951846304538,0.006214723458195222,0.035394072884728005,0.25368476940483903,0.7315761529758048,0.9584872722625732,1.4180307388305664,0.520331621170044,False,21
3,17.534512507001637,10.438000000000102,1.416951846304538,0.006214723458195222,0.035394072884728005,0.2,1.0,0.9584872722625732,1.4159444570541382,0.520331621170044,False,21
3,17.675063839997165,10.506000000000085,1.42667754947359,0.0065967671139337885,0.03522765812371064,0.4,0.010940375198598237,0.9527003765106201,1.4159444570541382,0.5161257982254028,False,21
3,17.80149280399928,10.608000000000061,1.4420398425183445,0.006962553497143142,0.03861794242700426,0.3119459060415063,-0.4402704697924687,0.925554633140564,1.3615034818649292,0.4193439185619354,False,21
3,17.92742947700026,10.710000000000036,1.4574835332973977,0.007858963600546385,0.03328830351768267,0.2,-1.0,0.9253026843070984,1.3672945499420166,0.4198665916919708,False,21
3,18.02878619400144,10.710000000000036,1.4574835332973977,0.007858963600546385,0.03328830351768267,0.24279046185795494,0.7860476907102255,0.9253026843070984,1.3672945499420166,0.4198665916919708,False,21
3,18.154895656000008,10.812000000000012,1.4719298486593764,0.008649354248391026,0.02937816993839887,0.2380521664563367,-0.8097391677183167,0.90348881483078,1.3244445323944092,0.414000004529953,False,21
3,18.28124127099727,10.914000000000101,1.4857033957201482,0.009513133705615595,0.022303367652330347,0.2,-1.0,0.912412166595459,1.3394298553466797,0.4052738845348358,False,21
3,18.382083194002917,10.914000000000101,1.4857033957201482,0.009513133705615595,0.022303367652330347,0.23305755858652397,0.8347122070673801,0.912412166595459,1.3394298553466797,0.4052738845348358,False,21
3,18.510133885996765,11.016000000000076,1.4982762034779067,0.010597495257592926,0.01056580677494787,0.4,-0.04015261266008488,0.9055817127227783,1.333936095237732,0.4056718051433563,False,19
3,18.635962601001665,11.118000000000052,1.5125034435760418,0.011584111417617985,-0.0018578529309883033,0.2,1.0,0.9375227689743042,1.3867971897125244,0.4188471734523773,False,21
3,18.737063998996746,11.118000000000052,1.5125034435760418,0.011584111417617985,-0.0018578529309883033,0.2,1.0,0.9375227689743042,1.3867971897125244,0.4188471734523773,False,21
3,18.865645760000916,11.220000000000027,1.527646129463271,0.011595295804348245,-0.0019431369056107537,0.4,0.08397394933692634,0.9327530860900879,1.3906974792480469,0.40979692339897156,False,21
3,18.992911301000277,11.322000000000003,1.5432806441444302,0.011565644658992971,-0.00184568897202575,0.2,1.0,0.9320964813232422,1.3895833492279053,0.40823617577552795,False,20
3,19.094004992002738,11.322000000000003,1.5432806441444302,0.011565644658992971,-0.00184568897202575,0.36357971389619503,0.1821014305190249,0.9320964813232422,1.3895833492279053,0.40823617577552795,False,20
3,19.221280789999582,11.424000000000092,1.5590357304577547,0.011201779145826086,0.0032115644838673495,0.2,-1.0,0.9076590538024902,1.3354151248931885,0.4062695801258087,False,21
3,19.345933112999774,11.526000000000067,1.5741473334493303,0.011213137085172636,0.0031982576396606278,0.2,1.0,0.954216480255127,1.4022310972213745,0.5052201747894287,False,21
3,19.4470820610004,11.526000000000067,1.5741473334493303,0.011213137085172636,0.0031982576396606278,0.4,0.09533194437059328,0.954216480255127,1.4022310972213745,0.5052201747894287,False,21
3,19.575728130999778,11.628000000000043,1.5897655566813416,0.011265596666059334,0.0033909087499063356,0.4,0.08454916599143145,0.9170337915420532,1.3658411502838135,0.40764424204826355,False,21
3,19.70311271600076,11.730000000000018,1.6060194652934343,0.01123514886063836,0.00495688654113115,0.2,-1.0,0.9445855021476746,1.3719618320465088,0.4236587584018707,False,21
3,19.80409869700088,11.730000000000018,1.6060194652934343,0.01123514886063836,0.00495688654113115,0.308181279232574,-0.45909360383713027,0.9445855021476746,1.3719618320465088,0.4236587584018707,False,21
3,19.93098674799694,11.832000000000107,1.6216452352426984,0.011342365128951652,0.0032814571538744676,0.3022556602671611,0.4887216986641944,0.9383606910705566,1.393933653831482,0.4126501977443695,False,20
3,20.05517860099644,11.934000000000083,1.637040627276675,0.01116451365906572,0.007561994948347345,0.2,1.0,0.9321469068527222,1.350746512413025,0.4294985234737396,False,21
3,20.16674751100072,11.934000000000083,1.637040627276675,0.01116451365906572,0.007561994948347345,0.27981969349237296,-0.6009015325381353,0.9321469068527222,1.350938320159912,0.4294985234737396,False,21
3,20.285597183996288,12.036000000000058,1.6519756669506491,0.011053831571315648,0.00992636168111376,0.3235664927245462,0.38216753637726913,0.9254336357116699,1.350938320159912,0.33675840497016907,False,19
3,20.41367247999733,12.138000000000034,1.6668308757741266,0.010950169353267925,0.014388805914797295,0.2,-1.0,0.8980697393417358,1.3136146068572998,0.3283010423183441,False,20
3,20.517714704001264,12.138000000000034,1.6668308757741266,0.010950169353267925,0.014388805914797295,0.33537857017951633,-0.32310714910241844,0.8980697393417358,1.2853339910507202,0.3283010423183441,False,20
3,20.655937183000788,12.206000000000017,1.6761807825907196,0.011247115681903048,0.011274923488786889,0.30969012069623214,0.4515493965188396,0.8742517828941345,1.2853339910507202,0.3274666965007782,False,21
3,20.785295294997923,12.308000000000106,1.6895704160000127,0.011674010359707632,0.007583786077115277,0.362147241599847,-0.18926379200076487,0.8963918089866638,1.3278443813323975,0.3135651648044586,False,21
3,20.90995298499911,12.410000000000082,1.7042254963441046,0.011784557589522777,0.007142817566485439,0.34160123405340537,0.2919938297329733,0.8962814807891846,1.3363802433013916,0.32973217964172363,False,21
3,21.010818180999195,12.410000000000082,1.7042254963441046,0.011784557589522777,0.007142817566485439,0.4,0.05717604764717356,0.8962814807891846,1.3363802433013916,0.32973217964172363,False,21
3,21.135671506002836,12.512000000000057,1.7205897486133235,0.011909334697382454,0.0072019999299472075,0.36220004194028343,0.18899979029858296,0.9062954187393188,1.3358831405639648,0.32871386408805847,False,21
3,21.26365903900296,12.614000000000033,1.7362632515806917,0.011835583634411907,0.01023261224489508,0.2,-1.0,0.8955237865447998,1.3204220533370972,0.3217224180698395,False,21
3,21.36444797400327,12.614000000000033,1.7362632515806917,0.011835583634411907,0.01023261224489508,0.28964241783227956,-0.5517879108386023,0.8955237865447998,1.3204220533370972,0.3217224180698395,False,21
3,21.490483519999543,12.716000000000008,1.750242963116647,0.012717172363535879,-5.832704214643197e-05,0.2,1.0,0.9336646795272827,1.4028737545013428,0.46219637989997864,False,21
3,21.617899917000614,12.818000000000097,1.7638314760913036,0.012740317890923858,0.00039837773225359256,0.2,1.0,0.9400146007537842,1.3849157094955444,0.45048758387565613,False,21
3,21.718838223001512,12.818000000000097,1.7638314760913036,0.012740317890923858,0.00039837773225359256,0.3436641700953305,-0.2816791495233475,0.9400146007537842,1.3849157094955444,0.45048758387565613,False,21
3,21.846469789001276,12.920000000000073,1.777586759320968,0.01246962761702448,0.004609072626104116,0.338454501868513,0.3077274906574349,0.9166532158851624,1.3553003072738647,0.3357490599155426,False,20
3,21.969834796000214,13.022000000000048,1.7920039953048432,0.011917695893730972,0.013157004730315083,0.2,1.0,0.9341106414794922,1.3999464511871338,0.46306130290031433,False,20
3,22.07059883000329,13.022000000000048,1.7920039953048432,0.011917695893730972,0.013157004730315083,0.2226184787656504,-0.886907606171748,0.9341106414794922,1.3999464511871338,0.46306130290031433,False,20
3,22.197366836000583,13.124000000000024,1.8063384872463648,0.011766946632522843,0.018189767304727936,0.23519313631486338,0.8240343184256831,0.9511080980300903,1.402493953704834,0.4618336856365204,False,21
3,22.32785764500295,13.225999999999999,1.8199229041442044,0.011357266447809074,0.027069336856216212,0.2,1.0,0.9521631598472595,1.406947374343872,0.5028665065765381,False,21
3,22.428896486002486,13.225999999999999,1.8199229041442044,0.011357266447809074,0.027069336856216212,0.2,-1.0,0.9521631598472595,1.406947374343872,0.5028665065765381,False,21
3,22.55965420299617,13.328000000000088,1.8321252154893921,0.010916961715488758,0.038406718874790705,0.28421231449766843,0.578938427511658,0.9531329870223999,1.4077122211456299,0.5027555227279663,False,21
3,22.686903157002234,13.430000000000064,1.8452620588207407,0.009886320468350043,0.05968058992870567,0.2,-1.0,0.9523990154266357,1.4142581224441528,0.5136928558349609,False,21
3,22.788281973000267,13.430000000000064,1.8452620588207407,0.009886320468350043,0.05968058992870567,0.2,-1.0,0.9523990154266357,1.4142581224441528,0.5136928558349609,False,21
3,22.916719316002855,13.532000000000039,1.8590069384204435,0.010529976597811972,0.061348065829126996,0.2012254379389926,0.9938728103050369,0.9454473853111267,1.3913240432739258,0.5150063037872314,False,19
3,23.044417283999792,13.634000000000015,1.8719645460545908,0.011649305190823283,0.05713147547216062,0.2,-1.0,0.9552280902862549,1.398696780204773,0.5229198932647705,False,21
3,23.153691824001726,13.668000000000006,1.8761885614130835,0.011897194072437662,0.056484563290081904,0.34406125917448754,-0.27969370412756245,0.9552280902862549,1.398696780204773,0.5229198932647705,False,21
3,23.27241500600212,13.736000000000104,1.885784442221996,0.012501295305841376,0.05509432447658756,0.4,0.014357500251445422,0.9301985502243042,1.3789942264556885,0.4176708161830902,False,21
3,23.399881851997634,13.83800000000008,1.9000911184377407,0.013483766672165106,0.052231902011687606,0.3782527936777291,-0.10873603161135464,0.9159979224205017,1.33928644657135,0.40984758734703064,False,21
3,23.50262546599697,13.83800000000008,1.9000911184377407,0.013483766672165106,0.052231902011687606,0.35900485110556557,0.20497574447217232,0.9159979224205017,1.3606783151626587,0.40984758734703064,False,21
3,23.641132010998263,13.906000000000063,1.9104564524443204,0.014130436769763256,0.05134824502651607,0.2926227156305963,-0.5368864218470187,0.923855721950531,1.3606783151626587,0.40742990374565125,False,21
3,23.773816670000087,14.008000000000038,1.9258121574391633,0.015405466035938621,0.043258384958371254,0.20238693447310552,0.9880653276344724,0.9092675447463989,1.351837158203125,0.4038948118686676,False,20
3,23.89971307200176,14.110000000000014,1.9406355266098962,0.016401264055916496,0.03878505416920129,0.2,1.0,0.9155314564704895,1.3563369512557983,0.40788933634757996,False,21
3,24.000536776002264,14.110000000000014,1.9406355266098962,0.016401264055916496,0.03878505416920129,0.3205514587940743,-0.3972427060296283,0.9155314564704895,1.3563369512557983,0.40788933634757996,False,21
3,24.127290096999786,14.212000000000103,1.954589072888764,0.01678963204510295,0.03991233557012984,0.37781977355637597,0.11090113221812045,0.8955917358398438,1.363448143005371,0.4007382094860077,False,21
3,24.253253363000113,14.314000000000078,1.969577097747757,0.017605725515225185,0.03658880285893339,0.3208131013201083,-0.39593449339945863,0.9130699634552002,1.345714807510376,0.40004435181617737,False,20
3,24.354087170999264,14.314000000000078,1.969577097747757,0.017605725515225185,0.03658880285893339,0.34978147420114086,0.2510926289942958,0.9130699634552002,1.345714807510376,0.40004435181617737,False,20
3,24.48302519400022,14.416000000000054,1.985185555896076,0.018193361705898654,0.037131795573432456,0.2,-1.0,0.9024075269699097,1.3180477619171143,0.39950600266456604,False,21
3,24.611502890998963,14.518000000000029,2.0000477423174874,0.018719027189885207,0.0363291049213371,0.2,-1.0,0.8950921893119812,1.3201076984405518,0.4004470407962799,False,21
3,24.712591246003285,14.518000000000029,2.0000477423174874,0.018719027189885207,0.0363291049213371,0.3634737746001963,-0.18263112699901854,0.8950921893119812,1.3201076984405518,0.4004470407962799,False,21
3,24.83926245699695,14.620000000000005,2.014685537495172,0.01959970803603917,0.03138897965727327,0.2,1.0,0.9254136085510254,1.3651424646377563,0.4079945385456085,False,19
3,24.964781975002552,14.722000000000094,2.0294051721375013,0.020101895043797384,0.031021035148562637,0.2,-1.0,0.9026526212692261,1.3364531993865967,0.3994666039943695,False,20
3,25.065626910996798,14.722000000000094,2.0294051721375013,0.020101895043797384,0.031021035148562637,0.32206830401622305,-0.38965847991888486,0.9026526212692261,1.3364531993865967,0.3994666039943695,False,20
3,25.192315469997993,14.82400000000007,2.0433232880082253,0.021319320557899316,0.02007813452140493,0.2,1.0,0.9298487305641174,1.3748220205307007,0.41598138213157654,False,20
3,25.321097487998486,14.926000000000045,2.0574056538928116,0.021795743764066438,0.01808530347009804,0.2658681528914582,0.6706592355427091,0.9203953742980957,1.3370466232299805,0.4114243686199188,False,21
3,25.422033173003,14.926000000000045,2.0574056538928116,0.021795743764066438,0.01808530347009804,0.36158985163825985,-0.19205074180870071,0.9203953742980957,1.3370466232299805,0.4114243686199188,False,21
3,25.549851802003104,15.02800000000002,2.0719961570303322,0.021988437645877826,0.018324372373660486,0.22937076404610487,0.8531461797694757,0.8972426652908325,1.3531382083892822,0.4038695991039276,False,21
3,25.675427228001354,15.13000000000011,2.08585716520262,0.02241538129471089,0.016665510508662554,0.2,-1.0,0.8979620933532715,1.3433120250701904,0.4143644869327545,False,20
3,25.775723926002684,15.13000000000011,2.08585716520262,0.02241538129471089,0.016665510508662554,0.23220663238936937,-0.8389668380531532,0.8979620933532715,1.3433120250701904,0.4143644869327545,False,20
3,25.902334929000062,15.232000000000085,2.0997623181381955,0.022899420530895304,0.011809252013182251,0.26102040020505324,0.6948979989747339,0.9089722633361816,1.3363195657730103,0.4048745334148407,False,20
3,26.029375614001765,15.33400000000006,2.114698196099726,0.023102329009148465,0.012308780827782266,0.23360171038443706,-0.8319914480778149,0.9412444233894348,1.377379059791565,0.41553786396980286,False,20
3,26.139619182999013,15.368000000000052,2.119596517169927,0.023160103669876798,0.011962262935466542,0.4,-0.09335199524569886,0.9412444233894348,1.377379059791565,0.41553786396980286,False,20
3,26.259139725996647,15.436000000000035,2.1307120817136798,0.023293412764722996,0.011614526833757808,0.4,0.06397226892349134,0.9174879193305969,1.3648886680603027,0.40813061594963074,False,20
3,26.384995661996072,15.538000000000011,2.147112727945589,0.02349083273497043,0.011962536277663203,0.32785324174249664,-0.3607337912875171,0.9161784648895264,1.3446320295333862,0.4122260510921478,False,21
3,26.485013716999674,15.538000000000011,2.147112727945589,0.02349083273497043,0.011962536277663203,0.35532222859618245,-0.22338885701908778,0.9161784648895264,1.3446320295333862,0.4122260510921478,False,21
3,26.617814985002042,15.6400000000001,2.1628447786735046,0.02411200574769802,0.005218406664378631,0.2841824191113506,0.5790879044432469,0.9172471165657043,1.3581279516220093,0.4060986340045929,False,21
3,26.761480116998428,15.708000000000084,2.172735871663024,0.024369710002715303,0.0030716077698385936,0.2,-1.0,0.898192286491394,1.3345496654510498,0.39972779154777527,False,20
3,26.894905715998902,15.81000000000006,2.187780868880825,0.024413329322206356,0.002633412017863259,0.2,-1.0,0.8870117664337158,1.3244733810424805,0.38264915347099304,False,21
3,26.995564135002496,15.81000000000006,2.187780868880825,0.024413329322206356,0.002633412017863259,0.2,-1.0,0.8870117664337158,1.3244733810424805,0.38264915347099304,False,21
3,27.12806543699844,15.912000000000035,2.200487898435898,0.025489884999067864,-0.01169497199200144,0.2,1.0,0.9251121282577515,1.3775036334991455,0.4148584306240082,False,21
3,27.256391684997652,16.01400000000001,2.2129378484554305,0.02559590230772737,-0.014857937743383337,0.2,1.0,0.9334246516227722,1.378466248512268,0.4242454469203949,False,20
3,27.357442745997105,16.01400000000001,2.2129378484554305,0.02559590230772737,-0.014857937743383337,0.3256636593926883,-0.37168170303655834,0.9334246516227722,1.378466248512268,0.4242454469203949,False,20
3,27.485484087002988,16.1160000000001,2.226242051099971,0.025606381202150832,-0.017964786661522875,0.21455025674425415,0.9272487162787292,0.9250541925430298,1.3711540699005127,0.44521746039390564,False,21
3,27.6156248949992,16.218000000000075,2.240055231605255,0.02539081992067937,-0.017427219670808448,0.2,1.0,0.9277980327606201,1.3686933517456055,0.35434362292289734,False,21
3,27.716617293001036,16.218000000000075,2.240055231605255,0.02539081992067937,-0.017427219670808448,0.4,0.017488120895664188,0.9277980327606201,1.3686933517456055,0.35434362292289734,False,21
3,27.848490513002616,16.32000000000005,2.2550557868121683,0.025131268160011464,-0.01690023645959521,0.37468156023604693,0.12659219881976536,0.9210793375968933,1.3757120370864868,0.4492228329181671,False,21
3,27.97468136899988,16.422000000000025,2.2708245939524976,0.024592311022348885,-0.01253915444578364,0.2139873802659925,-0.9300630986700376,0.9102363586425781,1.3412072658538818,0.3452244699001312,False,19
3,28.075470595998922,16.422000000000025,2.2708245939524976,0.024592311022348885,-0.01253915444578364,0.26254706244102216,-0.6872646877948891,0.9102363586425781,1.3412072658538818,0.3452244699001312,False,19
3,28.204120467002213,16.524,2.286349098664766,0.024363479073833665,-0.013178566966788405,0.4,0.04414145530482182,0.923004686832428,1.354674220085144,0.34851035475730896,False,21
3,28.329339951000293,16.62600000000009,2.3024014511493913,0.024165648612051723,-0.013298540466927918,0.25637236103889677,0.7181381948055162,0.9114541411399841,1.3516016006469727,0.3455735146999359,False,21
3,28.43015258899686,16.62600000000009,2.3024014511493913,0.024165648612051723,-0.013298540466927918,0.4,-0.021094259869933643,0.9114541411399841,1.3516016006469727,0.3455735146999359,False,21
3,28.557175378002285,16.728000000000065,2.3193086397873377,0.023942877971407,-0.013021497139058404,0.4,0.09595102148678138,0.9249385595321655,1.3642041683197021,0.33454182744026184,False,19
3,28.68675801200152,16.83000000000004,2.3357175194634805,0.023712955940211645,-0.01220130580811259,0.2478168495506321,0.7609157522468395,0.9144449830055237,1.354311466217041,0.33939674496650696,False,20
3,28.78753089199745,16.83000000000004,2.3357175194634805,0.023712955940211645,-0.01220130580811259,0.4,-0.06334502910736198,0.9144449830055237,1.354311466217041,0.33939674496650696,False,20
3,28.921787056999165,16.932000000000016,2.351835008049243,0.023344121956436474,-0.009549338584534826,0.27557412833916584,-0.6221293583041709,0.8999997973442078,1.3299601078033447,0.34716954827308655,False,21
3,29.053685965001932,17.034000000000106,2.3676319808835724,0.02329143811140629,-0.011814402765598125,0.2,-1.0,0.8882687091827393,1.3352521657943726,0.3510749042034149,False,21
3,29.154572466999525,17.034000000000106,2.3676319808835724,0.02329143811140629,-0.011814402765598125,0.2830376564333156,0.5848117178334222,0.8882687091827393,1.3352521657943726,0.3510749042034149,False,21
3,29.29154324599949,17.13600000000008,2.382204995431896,0.0233084588981449,-0.014035513836762646,0.3743215384822449,-0.12839230758877537,0.9141516089439392,1.3605362176895142,0.41051748394966125,False,21
3,29.420357217997662,17.238000000000056,2.397693897809073,0.022718476802510535,-0.008166919646757463,0.4,0.028702910780112806,0.9098182916641235,1.372387170791626,0.3431831896305084,False,21
3,29.531081995999557,17.272000000000048,2.403284675866377,0.022488082881837554,-0.005360087824596548,0.2,-1.0,0.9098182916641235,1.372387170791626,0.3431831896305084,False,21
3,29.65017969100154,17.340000000000032,2.41372560183977,0.022401368695778363,-0.005731462167534661,0.32270193062838926,-0.3864903468580539,0.8783942461013794,1.3033925294876099,0.3934079110622406,False,21
3,29.79449780700088,17.408000000000015,2.4229483406220984,0.022616803450627214,-0.009494917291879549,0.2151345986563701,0.9243270067181494,0.9099751710891724,1.3752282857894897,0.434677392244339,False,20
3,29.92083908800123,17.510000000000105,2.4371948882945778,0.022525950538350412,-0.009606964776453371,0.2,1.0,0.9316034913063049,1.3876428604125977,0.4285084903240204,False,19
3,30.02162566899642,17.510000000000105,2.4371948882945778,0.022525950538350412,-0.009606964776453371,0.4,0.046367109437486904,0.9316034913063049,1.3876428604125977,0.4285084903240204,False,19
3,30.14978095999686,17.61200000000008,2.4526350492927453,0.022384053113889198,-0.00931259146272537,0.4,0.053548917103166005,0.9346972703933716,1.3834773302078247,0.43180105090141296,False,21
3,30.279821883996192,17.714000000000055,2.4692329793283143,0.02222955529708745,-0.00900520696974587,0.21990823305641516,0.9004588347179243,0.9161744117736816,1.3565698862075806,0.39667657017707825,False,21
3,30.380979779998597,17.714000000000055,2.4692329793283143,0.02222955529708745,-0.00900520696974587,0.4,0.0795396849236533,0.9161744117736816,1.3565698862075806,0.39667657017707825,False,21
3,30.51028085299913,17.81600000000003,2.4860854296346115,0.021962697909242077,-0.0071007402014890255,0.35837733427814406,-0.2081133286092798,0.8895577788352966,1.3426660299301147,0.39877673983573914,False,20
3,30.63703787999839,17.918000000000006,2.5023994763838555,0.021770690851806822,-0.007077451856613498,0.2,1.0,0.9283089637756348,1.360611915588379,0.4229278266429901,False,21
3,30.738138713000808,17.918000000000006,2.5023994763838555,0.021770690851806822,-0.007077451856613498,0.30173993189633275,0.49130034051833654,0.9283089637756348,1.360611915588379,0.4229278266429901,False,21
3,30.867131908002193,18.020000000000095,2.517931246135552,0.02142505290917562,-0.0028226929532293313,0.24125842635451786,-0.7937078682274108,0.9070283770561218,1.3666599988937378,0.401409775018692,False,21
3,30.994845677996636,18.12200000000007,2.5318554751861426,0.021029626913636593,0.0017064470534233255,0.2051710698575085,0.9741446507124575,0.9170025587081909,1.3769123554229736,0.3961654603481293,False,20
3,31.095797561996733,18.12200000000007,2.5318554751861426,0.021029626913636593,0.0017064470534233255,0.27839432271213793,0.6080283864393102,0.9170025587081909,1.3769123554229736,0.3961654603481293,False,20
3,31.226127593996353,18.224000000000046,2.5460743512951933,0.02046488003093225,0.010938478409443337,0.2,-1.0,0.9161278009414673,1.3630218505859375,0.3959694802761078,False,21
3,31.355070329998853,18.326000000000022,2.560966623173012,0.020595570615796137,0.0109837332059862,0.2,-1.0,0.8895459771156311,1.3148038387298584,0.38863810896873474,False,21
3,31.45599434700125,18.326000000000022,2.560966623173012,0.020595570615796137,0.0109837332059862,0.3598564440544801,-0.20071777972759955,0.8895459771156311,1.3148038387298584,0.38863810896873474,False,21
3,31.586669356998755,18.427999999999997,2.5757570730989956,0.020868364089536958,0.008867923883374791,0.3170213010598845,0.4148934947005775,0.9122703075408936,1.3633841276168823,0.3927132785320282,False,20
3,31.71708539500105,18.530000000000086,2.591396873502667,0.020963986672606842,0.009825237335983925,0.34576480650734076,-0.27117596746329625,0.8933899402618408,1.3414469957351685,0.3914119303226471,False,21
3,31.818451412997092,18.530000000000086,2.591396873502667,0.020963986672606842,0.009825237335983925,0.4,0.09349282628724019,0.8933899402618408,1.3414469957351685,0.3914119303226471,False,21
3,31.946959702996537,18.632000000000062,2.607270235714293,0.0214724952050746,0.00499200171828988,0.3389542419077954,-0.30522879046102314,0.9066697955131531,1.3542485237121582,0.38978084921836853,False,20
3,32.075741022999864,18.734000000000037,2.622934589640315,0.022009811941158582,-0.0023070263871478314,0.2,-1.0,0.8914326429367065,1.2811299562454224,0.3876941502094269,False,21
3,32.18773868199787,18.76800000000003,2.6279374638208264,0.02227881111616741,-0.006003731593298461,0.23491772099067357,0.8254113950466322,0.8914326429367065,1.2811299562454224,0.3876941502094269,False,21
3,32.30637538999872,18.836000000000013,2.6378423591027937,0.022224172958431716,-0.004975311743246054,0.23212836508048507,-0.8393581745975747,0.8897395133972168,1.3300306797027588,0.3869987428188324,False,21
3,32.435954685999604,18.938000000000102,2.652086984448655,0.022416163815046606,-0.009483387655476948,0.2,1.0,0.9187273383140564,1.371712565422058,0.39555856585502625,False,20
3,32.55058640700008,18.972000000000094,2.656777630419751,0.022427239815986093,-0.010265036267000168,0.2,1.0,0.9187273383140564,1.371712565422058,0.39555856585502625,False,20
3,32.68530522999936,19.006000000000085,2.6613212305965024,0.022385232935947498,-0.009786844769103869,0.2,-1.0,0.9015003442764282,1.3790072202682495,0.38585492968559265,False,21
3,32.81573266399937,19.10800000000006,2.675965145828755,0.022244828971231864,-0.010357515049779647,0.4,0.047329145694201005,0.9211845397949219,1.3839374780654907,0.38760796189308167,False,21
3,32.9412437380015,19.210000000000036,2.6926933709300562,0.022150890636113096,-0.011578148417374158,0.2,-1.0,0.9012449383735657,1.3547284603118896,0.3798949420452118,False,21
3,33.042031621000206,19.210000000000036,2.6926933709300562,0.022150890636113096,-0.011578148417374158,0.3749595383243754,0.12520230837812307,0.9012449383735657,1.3547284603118896,0.3798949420452118,False,21
3,33.16852935800125,19.312000000000012,2.7086296465768074,0.02205933343550482,-0.012523367493700548,0.34350058486558166,-0.282497075672092,0.9010728001594543,1.3418569564819336,0.3870029151439667,False,20
3,33.29562423299649,19.4140000000001,2.7242169793311892,0.022382139535079906,-0.020018382028522165,0.2,1.0,0.9110449552536011,1.3804243803024292,0.44999709725379944,False,20
3,33.39642941600323,19.4140000000001,2.7242169793311892,0.022382139535079906,-0.020018382028522165,0.2,1.0,0.9110449552536011,1.3804243803024292,0.44999709725379944,False,20
3,33.526732842001365,19.516000000000076,2.7391794442675406,0.022119500692229163,-0.02000276659509928,0.4,0.00178628504818828,0.9204384088516235,1.379181146621704,0.39246973395347595,False,19
3,33.65395493899996,19.618000000000052,2.7549707173860134,0.021803170525336472,-0.01969291715585758,0.2861375726619034,-0.5693121366904829,0.9067877531051636,1.3592463731765747,0.3808431327342987,False,21
3,33.7548656489962,19.618000000000052,2.7549707173860134,0.021803170525336472,-0.01969291715585758,0.4,0.041121375132566,0.9067877531051636,1.3592463731765747,0.3808431327342987,False,21
3,33.88214118000178,19.720000000000027,2.7717137776996483,0.021471558477436113,-0.019803763051049174,0.24662695080010352,-0.7668652459994825,0.8636569976806641,1.2309061288833618,0.3166666030883789,False,21
3,34.00879547899967,19.822000000000003,2.7865952481680454,0.021226847104187225,-0.02103868744238686,0.2,1.0,0.9015903472900391,1.3503106832504272,0.3062683641910553,False,21
3,34.10947121500067,19.822000000000003,2.7865952481680454,0.021226847104187225,-0.02103868744238686,0.36908459643600067,-0.1545770178199969,0.9015903472900391,1.3503106832504272,0.3062683641910553,False,21
3,34.23719815199729,19.924000000000092,2.800904892641451,0.021015668034620395,-0.02220859465876519,0.36145753256225727,0.19271233718871375,0.8945435285568237,1.3382047414779663,0.30692753195762634,False,21
3,34.361996145999,20.026000000000067,2.8155783850380787,0.02071579881835014,-0.022466975502810193,0.2,-1.0,0.8615092039108276,1.2889301776885986,0.3172639012336731,False,21
3,34.46279139300168,20.026000000000067,2.8155783850380787,0.02071579881835014,-0.022466975502810193,0.3313527517868518,-0.3432362410657411,0.8615092039108276,1.2889301776885986,0.3172639012336731,False,21
3,34.59450190800271,20.128000000000043,2.829713828863059,0.021306944113918952,-0.034711429873593616,0.2,1.0,0.9028967022895813,1.362679123878479,0.3127005100250244,False,21
3,34.723608765998506,20.230000000000018,2.843293166266226,0.0208214462283211,-0.03379030669573438,0.2,-1.0,0.8824250102043152,1.345412254333496,0.3138224482536316,False,21
3,34.824424911996175,20.230000000000018,2.843293166266226,0.0208214462283211,-0.03379030669573438,0.2,-1.0,0.8824250102043152,1.345412254333496,0.3138224482536316,False,21
3,34.9541135699983,20.332000000000107,2.856944824765158,0.020546339698231234,-0.037643173498856985,0.20931737508522846,0.9534131245738577,0.91771000623703,1.380706548690796,0.3203614056110382,False,21
3,35.0798905240008,20.434000000000083,2.871128210404927,0.019929620619845906,-0.035292702186366744,0.2,1.0,0.8981019854545593,1.3523026704788208,0.31986382603645325,False,20
3,35.19302000100288,20.468000000000075,2.8755713527504163,0.019595289254324744,-0.03291710513140879,0.4,-0.057860907189806576,0.8981019854545593,1.3523026704788208,0.31986382603645325,False,20
3,35.311494841997046,20.536000000000058,2.8856917653083847,0.018879735587530165,-0.027177983236965932,0.3047104149560581,-0.47644792521970947,0.9326618909835815,1.3928316831588745,0.4436539113521576,False,19
3,35.44080794399633,20.638000000000034,2.900332866607269,0.018204925162403157,-0.023027820361382186,0.2,1.0,0.9335787892341614,1.394386887550354,0.49686768651008606,False,21
3,35.54999275699811,20.638000000000034,2.900332866607269,0.018204925162403157,-0.023027820361382186,0.2694273964812276,0.6528630175938621,0.9124438166618347,1.394386887550354,0.49686768651008606,False,21
3,35.67144888299663,20.74000000000001,2.9146886138062067,0.01728543224420473,-0.014592941916547707,0.2,-1.0,0.9124438166618347,1.3471605777740479,0.40279921889305115,False,21
3,35.81902031900245,20.808000000000106,2.9244906564355744,0.017107548329182896,-0.014498027335034986,0.24602534737883058,0.7698732631058471,0.9204680919647217,1.3925601243972778,0.4693330228328705,False,20
3,35.9461482389961,20.910000000000082,2.9384168493882936,0.016510193290833933,-0.008413616581278791,0.2,1.0,0.9382143616676331,1.4083364009857178,0.49890515208244324,False,21
3,36.04681278699718,20.910000000000082,2.9384168493882936,0.016510193290833933,-0.008413616581278791,0.24069767384290472,-0.7965116307854764,0.9382143616676331,1.4083364009857178,0.49890515208244324,False,21
3,36.17685040100332,21.012000000000057,2.951078026859389,0.015759643753859087,0.001074733805580144,0.3469696926926523,0.2651515365367386,0.9335660338401794,1.3993089199066162,0.49416717886924744,False,21
3,36.30475809500058,21.114000000000033,2.965458943473828,0.015033009230573088,0.012254742658283592,0.2,1.0,0.9424169659614563,1.4187004566192627,0.5128138065338135,False,21
3,36.40567019300215,21.114000000000033,2.965458943473828,0.015033009230573088,0.012254742658283592,0.25637259072480534,-0.7181370463759732,0.9424169659614563,1.4187004566192627,0.5128138065338135,False,21
3,36.53451042300003,21.216000000000008,2.980303516509149,0.014894451550381316,0.016513089619895113,0.267118582585248,0.6644070870737601,0.931484043598175,1.4055120944976807,0.5064480304718018,False,19
3,36.66418377299851,21.318000000000097,2.994324956851728,0.014512407530538708,0.025002564468259013,0.2,-1.0,0.9210309386253357,1.3338232040405273,0.4517872631549835,False,21
3,36.764998792998085,21.318000000000097,2.994324956851728,0.014512407530538708,0.025002564468259013,0.2,-1.0,0.9210309386253357,1.3338232040405273,0.4517872631549835,False,21
3,36.89390105700295,21.420000000000073,3.0077132217053704,0.014700516329910445,0.02633059961204262,0.35215432261799634,0.2392283869100185,0.9222695231437683,1.4014829397201538,0.45529261231422424,False,20
3,37.01873500199872,21.522000000000048,3.022749969029625,0.014924245576014386,0.029839648706433294,0.2,1.0,0.9056358337402344,1.3672420978546143,0.40078774094581604,False,21
3,37.11949453000125,21.522000000000048,3.022749969029625,0.014924245576014386,0.029839648706433294,0.3162276712323922,-0.41886164383803914,0.9056358337402344,1.3672420978546143,0.40078774094581604,False,21
3,37.249667354997655,21.624000000000024,3.0381533928327706,0.015236679354573457,0.031148188794170605,0.3157740448167906,-0.4211297759160471,0.883664608001709,1.3186745643615723,0.3894437849521637,False,21
3,37.378034478999325,21.726,3.0529168202870474,0.01634039518705484,0.021969880861358374,0.2,1.0,0.9023584723472595,1.3462374210357666,0.38919922709465027,False,21
3,37.47902061299828,21.726,3.0529168202870474,0.01634039518705484,0.021969880861358374,0.2,1.0,0.9023584723472595,1.3462374210357666,0.38919922709465027,False,21
3,37.606330636001076,21.828000000000088,3.067315674482909,0.01679467482051463,0.02067442987855507,0.3330920737981069,-0.33453963100946577,0.8874213099479675,1.3376861810684204,0.3911767303943634,False,20
3,37.73676020900166,21.930000000000064,3.0816945752998475,0.01744405708093267,0.014972014034464002,0.2,1.0,0.9145262837409973,1.378777265548706,0.38262054324150085,False,21
3,37.83788324499619,21.930000000000064,3.0816945752998475,0.01744405708093267,0.014972014034464002,0.2,1.0,0.9145262837409973,1.378777265548706,0.38262054324150085,False,21
3,37.96623446999729,22.03200000000004,3.096364221780373,0.017744964390828094,0.01444022160148388,0.3603757800328394,-0.19812109983580317,0.8754423260688782,1.3484519720077515,0.3833684027194977,False,21
3,38.09651242900145,22.134000000000015,3.1113399871872645,0.017985757947050294,0.013258536846602602,0.2,1.0,0.9001079797744751,1.3689501285552979,0.38545164465904236,False,21
3,38.208351513996604,22.168000000000006,3.1164830713587213,0.01806269622388534,0.013592932714221859,0.372639556202205,0.13680221898897507,0.9001079797744751,1.3689501285552979,0.38545164465904236,False,21
3,38.32730936900043,22.236000000000104,3.127207006180501,0.018212112091832766,0.013632119127496678,0.4,-0.021574185771044765,0.9047492146492004,1.3504656553268433,0.38245704770088196,False,20
3,38.454550780996215,22.33800000000008,3.1433034913220967,0.018430371877590782,0.01313581902198959,0.28214250610980257,-0.5892874694509873,0.8684014678001404,1.314327359199524,0.38321468234062195,False,20
3,38.563156873999105,22.33800000000008,3.1433034913220967,0.018430371877590782,0.01313581902198959,0.28029325225956586,-0.5985337387021709,0.8684014678001404,1.371258020401001,0.38321468234062195,False,20
3,38.684772225002234,22.440000000000055,3.157706077072935,0.018966719695081152,0.00809280966100104,0.3797370014191259,-0.1013149929043704,0.9017609357833862,1.371258020401001,0.3881077468395233,False,20
3,38.829920659998606,22.508000000000038,3.1673301753836696,0.019053142063462432,0.008833035093620704,0.4,-0.08386953714947351,0.9282253980636597,1.361554741859436,0.4526340663433075,False,20
3,38.95808084199962,22.610000000000014,3.1824988284301465,0.019038875896876983,0.010527419397876445,0.2,-1.0,0.8849964141845703,1.347578525543213,0.3854435384273529,False,21
3,39.05897155000275,22.610000000000014,3.1824988284301465,0.019038875896876983,0.010527419397876445,0.4,-0.0071524026429085966,0.8849964141845703,1.347578525543213,0.3854435384273529,False,21
3,39.18730177699763,22.712000000000103,3.197811821301793,0.01927381905132673,0.009082642235082703,0.29605906030022755,0.5197046984988624,0.9295724034309387,1.3772497177124023,0.40077731013298035,False,21
3,39.31555154099624,22.814000000000078,3.2132557007278026,0.019391892791648335,0.010521766935797363,0.2,1.0,0.9075671434402466,1.3787405490875244,0.3894912898540497,False,21
3,39.416683862000355,22.814000000000078,3.2132557007278026,0.019391892791648335,0.010521766935797363,0.4,-0.08862685041786297,0.9075671434402466,1.3787405490875244,0.3894912898540497,False,21
3,39.54808943199896,22.916000000000054,3.2293067178638695,0.019473775375062237,0.011910300881772324,0.36127580830220724,0.19362095848896382,0.9263954162597656,1.405275583267212,0.40607479214668274,False,21
3,39.67585068500193,23.01800000000003,3.245232238137331,0.019286617490873462,0.01725560607750678,0.2,-1.0,0.9010787010192871,1.3459477424621582,0.3909764587879181,False,21
3,39.77683132099628,23.01800000000003,3.245232238137331,0.019286617490873462,0.01725560607750678,0.27209464781007997,-0.6395267609496004,0.9010787010192871,1.3459477424621582,0.3909764587879181,False,21
3,39.90709397700266,23.120000000000005,3.2604096719911095,0.019519815930714855,0.016879472241201315,0.4,0.09658856723438167,0.914814829826355,1.3744951486587524,0.4017352759838104,False,21
3,40.03728533499816,23.222000000000094,3.2765855266307216,0.019726637719215893,0.018312292917062364,0.27843339304306913,0.6078330347846543,0.9065608978271484,1.3557043075561523,0.38910946249961853,False,21
3,40.13854027300113,23.222000000000094,3.2765855266307216,0.019726637719215893,0.018312292917062364,0.35808630497242916,0.20956847513785432,0.9065608978271484,1.3557043075561523,0.38910946249961853,False,21
3,40.26779467299639,23.32400000000007,3.2928424413136748,0.019656071421185608,0.024105824644908586,0.2,-1.0,0.924047589302063,1.3843812942504883,0.40913257002830505,False,21
3,40.39547701900301,23.426000000000045,3.308870750510276,0.020000613131085507,0.023998504726817728,0.2,-1.0,0.895185112953186,1.350776195526123,0.39332959055900574,False,21
3,40.49662715099839,23.426000000000045,3.308870750510276,0.020000613131085507,0.023998504726817728,0.37115253136559834,-0.14423734317200834,0.895185112953186,1.350776195526123,0.39332959055900574,False,21
3,40.62550403500063,23.52800000000002,3.32447407535695,0.020416174368181498,0.022711943062675502,0.36521731205595914,0.17391343972020434,0.9402680993080139,1.3847029209136963,0.4919627010822296,False,21
3,40.75614159699762,23.63000000000011,3.340074455288053,0.020855323211983724,0.02200963991024992,0.2073494628041851,-0.9632526859790747,0.9283674359321594,1.4098482131958008,0.49219104647636414,False,21
3,40.857052852996276,23.63000000000011,3.340074455288053,0.020855323211983724,0.02200963991024992,0.3457814155324774,-0.2710929223376133,0.9283674359321594,1.4098482131958008,0.49219104647636414,False,21
3,40.98399629200139,23.732000000000085,3.3555550269863317,0.021620468069723876,0.015623828936994728,0.2,1.0,0.9232310056686401,1.3705590963363647,0.4424044191837311,False,19
3,41.11158891199739,23.83400000000006,3.3712907665795515,0.022060270016096766,0.013475708168260296,0.2,-1.0,0.8992368578910828,1.338573932647705,0.32783904671669006,False,19
3,41.219626049998624,23.868000000000052,3.3759677218364157,0.022124233040520518,0.013116862975265042,0.3384060103430892,-0.30796994828455415,0.8992368578910828,1.338573932647705,0.32783904671669006,False,19
3,41.33848513200064,23.936000000000035,3.3861867110288353,0.02235447313651796,0.011159368031513106,0.339989191813665,0.30005404093167526,0.9066664576530457,1.3498339653015137,0.31840696930885315,False,21
3,41.46401884200168,24.03800000000001,3.400892307080691,0.0226732569809396,0.009740512181203132,0.37763427170118957,-0.11182864149405233,0.9067450165748596,1.3468668460845947,0.32525068521499634,False,21
3,41.57103502300015,24.03800000000001,3.400892307080691,0.0226732569809396,0.009740512181203132,0.28324678016186094,-0.5837660991906953,0.8906459808349609,1.3468668460845947,0.32525068521499634,False,21
3,41.69327940700168,24.1400000000001,3.4164670991117974,0.022799345433365693,0.009130884364819198,0.4,0.015436925634388313,0.8906459808349609,1.353459119796753,0.3136667013168335,False,21
3,41.840377895998245,24.208000000000084,3.4276159742802204,0.022910750359278042,0.009873023353231793,0.37910657803816183,-0.10446710980919091,0.9060415625572205,1.3438749313354492,0.3187275230884552,False,21
3,41.96899282900267,24.31000000000006,3.444264261538763,0.02306444489692934,0.009135381150004115,0.30672859130131935,0.46635704349340334,0.9193702936172485,1.3595330715179443,0.3113161623477936,False,21
3,42.06979108299856,24.31000000000006,3.444264261538763,0.02306444489692934,0.009135381150004115,0.4,-0.09758438059194796,0.9193702936172485,1.3595330715179443,0.3113161623477936,False,21
3,42.197411289998854,24.412000000000035,3.461197131978678,0.02323842870424504,0.008621383616395363,0.3700843171847541,0.1495784140762297,0.9101874828338623,1.3625611066818237,0.3096361458301544,False,20
3,42.32579496799735,24.51400000000001,3.477777197076953,0.02334084583276443,0.010239626521119077,0.2,-1.0,0.9102872014045715,1.3459208011627197,0.3214346468448639,False,21
3,42.42670123100106,24.51400000000001,3.477777197076953,0.02334084583276443,0.010239626521119077,0.37496162609300354,-0.1251918695349824,0.9102872014045715,1.3459208011627197,0.3214346468448639,False,21
3,42.55563725200045,24.6160000000001,3.4942893307413345,0.02351933604677927,0.009096251128930422,0.3778381340742168,0.1108093296289161,0.9038029909133911,1.364124059677124,0.33825013041496277,False,21
3,42.68196785300097,24.718000000000075,3.511415739890156,0.02368888502468698,0.009070002946219466,0.2,1.0,0.9287121295928955,1.392038106918335,0.33564504981040955,False,21
3,42.78277899699606,24.718000000000075,3.511415739890156,0.02368888502468698,0.009070002946219466,0.36837414106275024,0.15812929468624892,0.9287121295928955,1.392038106918335,0.33564504981040955,False,21
3,42.9130211820011,24.82000000000005,3.527825118457594,0.023828261019218058,0.01016075426652952,0.4,-0.05867216854310337,0.9186658263206482,1.3670166730880737,0.3863409459590912,False,20
3,43.04249952900136,24.922000000000025,3.544869630630428,0.02399111743480296,0.00983856372894394,0.2,1.0,0.9172282218933105,1.3845950365066528,0.3884739577770233,False,21
3,43.143531112000346,24.922000000000025,3.544869630630428,0.02399111743480296,0.00983856372894394,0.4,-0.0539301425998581,0.9172282218933105,1.3845950365066528,0.3884739577770233,False,21
3,43.27161054300086,25.024,3.5617441717441927,0.02412855794616916,0.010620761827023173,0.36346783892516554,-0.1826608053741722,0.9262308478355408,1.3883453607559204,0.39332541823387146,False,21
3,43.40018119799788,25.12600000000009,3.5781935788796537,0.024223439082955597,0.010637073367006904,0.4,0.052201531685100964,0.9306878447532654,1.3869638442993164,0.41025301814079285,False,21
3,43.50096442500217,25.12600000000009,3.5781935788796537,0.024223439082955597,0.010637073367006904,0.3727657671956869,0.1361711640215656,0.9306878447532654,1.3869638442993164,0.41025301814079285,False,21
3,43.628139995998936,25.228000000000065,3.5952255892534084,0.02440707075506019,0.011816914359477779,0.4,-0.09141738381402555,0.9211722612380981,1.388390302658081,0.39863017201423645,False,21
3,43.75582261799718,25.33000000000004,3.6120428968929685,0.024584513155685682,0.011451665458140515,0.3077267146947633,0.4613664265261834,0.9270479083061218,1.3933221101760864,0.4010988175868988,False,21
3,43.863285113999154,25.364000000000033,3.617377172273004,0.024653421530782767,0.01171802961923756,0.3661907402384535,0.16904629880773253,0.9270479083061218,1.3933221101760864,0.4010988175868988,False,21
3,43.98233565300325,25.432000000000016,3.6283127376256963,0.02465657560390391,0.013910494767741961,0.4,-0.09579364220713273,0.9280544519424438,1.393147587776184,0.40911003947257996,False,21
3,44.11110001299676,25.534000000000106,3.6449094380145217,0.024818068713128607,0.014916761165679153,0.21259958031763093,0.9370020984118455,0.9285094141960144,1.38589608669281,0.3992340862751007,False,19
3,44.21138507699652,25.534000000000106,3.6449094380145217,0.024818068713128607,0.014916761165679153,0.36311723571523385,0.18441382142383086,0.9285094141960144,1.38589608669281,0.3992340862751007,False,19
3,44.340485168999294,25.63600000000008,3.661026929380671,0.024704713334760865,0.020077550779552235,0.29147730871021965,-0.5426134564489018,0.9051158428192139,1.3543875217437744,0.3870110809803009,False,21
3,44.46926673100097,25.738000000000056,3.675630732400819,0.0248292177430217,0.022292383443645505,0.27927233566813137,0.6036383216593432,0.9399082660675049,1.4031645059585571,0.512248158454895,False,20
3,44.575389694997284,25.738000000000056,3.675630732400819,0.0248292177430217,0.022292383443645505,0.36847380245752154,0.1576309877123924,0.9287347197532654,1.4031645059585571,0.512248158454895,False,20
3,44.698119446999044,25.840000000000032,3.6907977986808396,0.024445461482168657,0.033242773462414506,0.24320885023353772,-0.7839557488323114,0.9287347197532654,1.3783613443374634,0.42257925868034363,False,21
3,44.84578459399927,25.908000000000015,3.7009021140138016,0.02474693713450955,0.03276586178317639,0.32803093834138974,0.3598453082930515,0.9415600299835205,1.3910754919052124,0.44076141715049744,False,21
3,44.97212419100106,26.010000000000105,3.7162032503871987,0.02475791266740487,0.040331367878334815,0.29393996371360215,-0.5303001814319894,0.9350114464759827,1.3811724185943604,0.41816458106040955,False,21
3,45.07322055300028,26.010000000000105,3.7162032503871987,0.02475791266740487,0.040331367878334815,0.2,-1.0,0.9350114464759827,1.3811724185943604,0.41816458106040955,False,21
3,45.20032181999704,26.11200000000008,3.7313432424530792,0.025346021632784013,0.04026970447163771,0.3617322344110429,-0.19133882794478574,0.9395103454589844,1.4006993770599365,0.42983976006507874,False,21
3,45.32839889200113,26.214000000000055,3.746552719088259,0.02597987499314258,0.03925087211236032,0.2,-1.0,0.9522649049758911,1.4079936742782593,0.5021039247512817,False,19
3,45.42918128000019,26.214000000000055,3.746552719088259,0.02597987499314258,0.03925087211236032,0.3707408847776279,-0.1462955761118606,0.9522649049758911,1.4079936742782593,0.5021039247512817,False,19
3,45.55559101700055,26.31600000000003,3.762180555224808,0.026929100379575032,0.03450850772966156,0.24350019011567828,0.7824990494216086,0.9511919617652893,1.3975389003753662,0.4691719114780426,False,20
3,45.683347213998786,26.418000000000006,3.7769771325170125,0.027694527345030237,0.031636479112408133,0.2,-1.0,0.932955265045166,1.3662316799163818,0.3942221701145172,False,19
3,45.78413347800233,26.418000000000006,3.7769771325170125,0.027694527345030237,0.031636479112408133,0.276890785859656,-0.6155460707017202,0.932955265045166,1.3662316799163818,0.3942221701145172,False,19
3,45.91061437699682,26.520000000000095,3.791382367437196,0.02865417368952202,0.023715917954990694,0.2,1.0,0.9387486577033997,1.3742692470550537,0.39898279309272766,False,21
3,46.03875862299901,26.62200000000007,3.804437462934021,0.02957818284261391,0.015305096504659872,0.4,-0.006959234802031436,0.9214121699333191,1.3661267757415771,0.322186678647995,False,20
3,46.13959969300049,26.62200000000007,3.804437462934021,0.02957818284261391,0.015305096504659872,0.329768856648045,-0.35115571675977497,0.9214121699333191,1.3661267757415771,0.322186678647995,False,20
3,46.266588049002166,26.724000000000046,3.8192612946842313,0.030023245431594223,0.011625506124737738,0.2922407521550988,0.5387962392245059,0.9341446757316589,1.3729569911956787,0.3266110420227051,False,20
3,46.39198489800037,26.826000000000022,3.8338961225726345,0.030390499392208788,0.009439634697904598,0.21275115535848332,0.9362442232075833,0.9255222082138062,1.352230429649353,0.3153340816497803,False,20
3,46.49278689300263,26.826000000000022,3.8338961225726345,0.030390499392208788,0.009439634697904598,0.3642169539625213,-0.17891523018739372,0.9255222082138062,1.352230429649353,0.3153340816497803,False,20
3,46.61986000199977,26.927999999999997,3.84908286441184,0.030526793105639008,0.008805055330712401,0.3685620776044374,0.15718961197781336,0.9240483045578003,1.3498555421829224,0.41370531916618347,False,20
3,46.74673726099718,27.030000000000086,3.8650072498576247,0.03067757684274403,0.009685042138582954,0.320505334299956,0.39747332850022,0.9382943511009216,1.3698698282241821,0.3066921532154083,False,21
3,46.84773219299677,27.030000000000086,3.8650072498576247,0.03067757684274403,0.009685042138582954,0.4,0.040304552996164394,0.9382943511009216,1.3698698282241821,0.3066921532154083,False,21
3,46.97508626499621,27.132000000000062,3.8817906214860396,0.03074422477500515,0.010642455870351255,0.3342606409649624,0.32869679517518813,0.9370945692062378,1.3738218545913696,0.3194769620895386,False,21
3,47.10151127699646,27.234000000000037,3.89790410409473,0.030792793103939526,0.01322933006414074,0.2,-1.0,0.9381701946258545,1.3551870584487915,0.316670686006546,False,21
3,47.209728617999644,27.234000000000037,3.89790410409473,0.030792793103939526,0.01322933006414074,0.30666284698029855,-0.4666857650985071,0.9471674561500549,1.3551870584487915,0.316670686006546,False,21
3,47.33052085599775,27.336000000000013,3.913615391315535,0.03096460680452813,0.013668409346632503,0.3161716031551851,-0.4191419842240745,0.9471674561500549,1.3748795986175537,0.3265310227870941,False,21
3,47.46052900700306,27.438000000000102,3.928639735015752,0.03092170748628663,0.01634333842662013,0.3797404005435743,-0.10129799728212877,0.92266845703125,1.3505589962005615,0.3164277970790863,False,21
3,47.56868907399621,27.438000000000102,3.928639735015752,0.03092170748628663,0.01634333842662013,0.3731554474165122,0.1342227629174392,0.944581151008606,1.3505589962005615,0.3164277970790863,False,21
3,47.6909277550003,27.540000000000077,3.9446854969274803,0.031229979693157224,0.015552029218182465,0.3431316639120615,0.28434168043969243,0.944581151008606,1.387972116470337,0.3134974241256714,False,21
3,47.79142937500001,27.60800000000006,3.954755299113743,0.031596838641176475,0.01316119362332333,0.32576812486049334,-0.3711593756975334,0.9367287158966064,1.3513153791427612,0.31866225600242615,False,21
3,47.89247557800263,27.60800000000006,3.954755299113743,0.031596838641176475,0.01316119362332333,0.3384301096760891,-0.30784945161955446,0.9367287158966064,1.3513153791427612,0.31866225600242615,False,21
3,48.02027879199886,27.710000000000036,3.969684364488814,0.032375879099809886,0.00410963146393463,0.33599278985258324,0.32003605073708397,0.9464024901390076,1.360730528831482,0.38349708914756775,False,21
3,48.14599571299914,27.812000000000012,3.9844380131321184,0.03208070840686131,0.010334638255695956,0.2,-1.0,0.940871000289917,1.3909045457839966,0.4643467366695404,False,21
3,48.2468961170016,27.812000000000012,3.9844380131321184,0.03208070840686131,0.010334638255695956,0.2827120853211195,-0.5864395733944026,0.940871000289917,1.3909045457839966,0.4643467366695404,False,21
3,48.37386471799982,27.9140000000001,3.998720823369157,0.032631158758045044,0.0032062931894734224,0.2,1.0,0.9511613249778748,1.387568712234497,0.5034600496292114,False,20
3,48.50184931099648,28.016000000000076,4.013614310807054,0.0327150491390107,0.0032931939894342657,0.2,1.0,0.9338252544403076,1.3772830963134766,0.4364776313304901,False,21
3,48.60260522599856,28.016000000000076,4.013614310807054,0.0327150491390107,0.0032931939894342657,0.3499057787678383,0.2504711061608088,0.9338252544403076,1.3772830963134766,0.4364776313304901,False,21
3,48.73390052100149,28.118000000000052,4.0282512340630845,0.03242437485735873,0.008354753421138443,0.20050775671330678,-0.9974612164334662,0.9586805701255798,1.3958545923233032,0.5211994647979736,False,21
3,48.860355049000646,28.220000000000027,4.042463855258031,0.03219139207353706,0.012578175866890024,0.4,0.08056100407551502,0.9299504160881042,1.3689912557601929,0.45925411581993103,False,20
3,48.96136376499635,28.220000000000027,4.042463855258031,0.03219139207353706,0.012578175866890024,0.2838785364273692,0.580607317863154,0.9299504160881042,1.3689912557601929,0.45925411581993103,False,20
3,49.087604788001045,28.322000000000003,4.058050537777592,0.03228336909472477,0.01486763433475668,0.23673925513614247,-0.8163037243192877,0.9548738598823547,1.4000352621078491,0.5119355916976929,False,20
3,49.21659851499862,28.424000000000092,4.073339588189255,0.03247969573168143,0.0141277200956046,0.2,-1.0,0.9250505566596985,1.346386432647705,0.41589757800102234,False,21
3,49.31753478199971,28.424000000000092,4.073339588189255,0.03247969573168143,0.0141277200956046,0.4,-0.03158331500501847,0.9250505566596985,1.346386432647705,0.41589757800102234,False,21
3,49.446615426997596,28.526000000000067,4.089203210326966,0.03272134200155702,0.013675776452863777,0.4,0.027820629356590545,0.9615261554718018,1.3944960832595825,0.5099360942840576,False,20
3,49.57532064500265,28.628000000000043,4.106147868062236,0.032972514716478836,0.01339149600075007,0.34801770036824814,0.25991149815875925,0.9444701075553894,1.3807839155197144,0.44731464982032776,False,20
3,49.67640500800189,28.628000000000043,4.106147868062236,0.032972514716478836,0.01339149600075007,0.35157368134112654,0.24213159329436754,0.9444701075553894,1.3807839155197144,0.44731464982032776,False,20
3,49.80315694100136,28.730000000000018,4.1223932248546395,0.03317049885288722,0.014907703359046533,0.36227880176860155,-0.18860599115699245,0.9600013494491577,1.38326895236969,0.5192321538925171,False,21
3,49.93009296299715,28.832000000000107,4.138616069058996,0.03344409727705226,0.013240147179386633,0.32830268765988974,0.3584865617005514,0.9429460167884827,1.3713361024856567,0.43474695086479187,False,21
3,50.03082126800291,28.832000000000107,4.138616069058996,0.03344409727705226,0.013240147179386633,0.36441216198901616,0.1779391900549193,0.9429460167884827,1.3713361024856567,0.43474695086479187,False,21
3,50.161075445997994,28.934000000000083,4.154916365184877,0.033597930553597576,0.015051422674948077,0.3780554022365243,-0.1097229888173788,0.9480298161506653,1.3767374753952026,0.4333372414112091,False,21
3,50.287972871999955,29.036000000000058,4.170929641245148,0.03390301429843902,0.013235259722729709,0.4,0.013337195098638028,0.9437758922576904,1.360338568687439,0.421742707490921,False,21
3,50.397114685001725,29.036000000000058,4.170929641245148,0.03390301429843902,0.013235259722729709,0.32647814417584137,0.3676092791207932,0.9437758922576904,1.392633080482483,0.421742707490921,False,21
3,50.51872300099785,29.138000000000034,4.187464678985536,0.03414557647799969,0.0139827824463502,0.34263191723114317,-0.28684041384428444,0.9590983390808105,1.392633080482483,0.5124455690383911,False,21
3,50.62293337199662,29.206000000000017,4.197996422095045,0.03449032989154717,0.010225866978683613,0.4,0.06754694168319655,0.9550570249557495,1.3863691091537476,0.4977191984653473,False,19
3,50.723855825999635,29.206000000000017,4.197996422095045,0.03449032989154717,0.010225866978683613,0.2,-1.0,0.9550570249557495,1.3863691091537476,0.4977191984653473,False,19
3,50.85715656699904,29.308000000000106,4.213984205159887,0.03495822961891504,0.005585226112624911,0.27047543650471834,0.6476228174764085,0.9548227190971375,1.3737013339996338,0.493937224149704,False,20
3,50.985379532998195,29.410000000000082,4.229611238719498,0.03507896461707255,0.006256707870095102,0.23792521213191745,0.8103739393404128,0.9495029449462891,1.3930890560150146,0.4982721507549286,False,19
3,51.086324668998714,29.410000000000082,4.229611238719498,0.03507896461707255,0.006256707870095102,0.4,0.07217846722256775,0.9495029449462891,1.3930890560150146,0.4982721507549286,False,19
3,51.21643421400222,29.512000000000057,4.245745267504783,0.03511123978620939,0.007391986738089493,0.356918535236291,-0.2154073238185449,0.9436432719230652,1.375548243522644,0.47178635001182556,False,21
3,51.343388305998815,29.614000000000033,4.261986018154328,0.035248380203827104,0.0067564711997773145,0.2890447722378627,0.5547761388106867,0.9402949213981628,1.3813146352767944,0.5045926570892334,False,21
3,51.444489449000685,29.614000000000033,4.261986018154328,0.035248380203827104,0.0067564711997773145,0.367763830390621,-0.1611808480468951,0.9402949213981628,1.3813146352767944,0.5045926570892334,False,21
3,51.57447888999741,29.716000000000008,4.278008757755175,0.03530243332099404,0.007055183786899639,0.4,-0.006772629604036046,0.9588291645050049,1.3672417402267456,0.5046075582504272,False,21
3,51.70310077800241,29.818000000000097,4.294311641777558,0.03542297438633929,0.006727606097590851,0.2,-1.0,0.8728350400924683,1.2773377895355225,0.40575751662254333,False,21
3,51.80399436500011,29.818000000000097,4.294311641777558,0.03542297438633929,0.006727606097590851,0.23582451097744614,-0.8208774451127694,0.8728350400924683,1.2773377895355225,0.40575751662254333,False,21
3,51.93339137700241,29.920000000000073,4.308181660643813,0.03602077516748768,-0.00015068441046284836,0.2,1.0,0.8755773901939392,1.308463454246521,0.39939722418785095,False,20
3,52.061330222000834,30.022000000000048,4.321339346600077,0.03609160140692569,-0.0012770523400340945,0.2,1.0,0.9451481103897095,1.388213872909546,0.5124996900558472,False,21
3,52.162243755003146,30.022000000000048,4.321339346600077,0.03609160140692569,-0.0012770523400340945,0.37165483127198784,0.1417258436400611,0.9451481103897095,1.388213872909546,0.5124996900558472,False,21
3,52.291563266000594,30.124000000000024,4.335568828072291,0.03611242324467151,-0.0017128447618367977,0.31734954503013013,0.41325227484934934,0.9581921100616455,1.3925155401229858,0.5266307592391968,False,21
3,52.41632618699805,30.226,4.3500768662334925,0.03592641766719755,0.0018032089897841662,0.2,1.0,0.954487681388855,1.391444206237793,0.5017940998077393,False,18
3,52.517142445998616,30.226,4.3500768662334925,0.03592641766719755,0.0018032089897841662,0.3027996011586891,-0.4860019942065546,0.954487681388855,1.391444206237793,0.5017940998077393,False,18
3,52.645047915997566,30.328000000000088,4.3643584762678165,0.03580869647448554,0.0031248818663856264,0.34127004944849965,0.2936497527575018,0.9591277837753296,1.3930960893630981,0.513874888420105,False,21
3,52.77300844999991,30.430000000000064,4.379049051223908,0.03562913986412701,0.007366182816164117,0.23308515672104432,-0.8345742163947785,0.9185435175895691,1.3461294174194336,0.40141406655311584,False,21
3,52.87331592600094,30.430000000000064,4.379049051223908,0.03562913986412701,0.007366182816164117,0.27433210550613857,-0.6283394724693072,0.9185435175895691,1.3461294174194336,0.40141406655311584,False,21
3,53.000132529996336,30.53200000000004,4.394508559732531,0.035755797386100574,0.005957599059748835,0.32580788280311224,0.3709605859844388,0.9277558922767639,1.3431466817855835,0.40794941782951355,False,21
3,53.12745490999805,30.634000000000015,4.409822724357006,0.035727664389364366,0.008776224337162564,0.31042190831996774,0.4478904584001616,0.916568398475647,1.3514673709869385,0.41074976325035095,False,21
3,53.22872765899956,30.634000000000015,4.409822724357006,0.035727664389364366,0.008776224337162564,0.35209615020766066,-0.23951924896169688,0.916568398475647,1.3514673709869385,0.41074976325035095,False,21
3,53.360617035999894,30.736000000000104,4.4251847771064705,0.03576048837946328,0.00940941662446055,0.23383696992902303,0.8308151503548847,0.9211514592170715,1.341683268547058,0.3962582051753998,False,21
3,53.48892949499714,30.83800000000008,4.44011447540805,0.03591852444953455,0.009629838555030214,0.4,-0.07925723865183035,0.9046167731285095,1.3268015384674072,0.40303143858909607,False,21
3,53.591265312999894,30.87200000000007,4.445634152222324,0.03596923603104572,0.009578266841516825,0.3437354020157491,0.2813229899212546,0.9046167731285095,1.3268015384674072,0.40303143858909607,False,21
3,53.70993128400005,30.940000000000055,4.456571962058066,0.036081114001613825,0.01033878780883375,0.4,-0.08156198959658015,0.9333661198616028,1.342534065246582,0.3654199540615082,False,21
3,53.85177256700263,31.008000000000038,4.467592289239421,0.036180142284984534,0.010100693130104161,0.2,-1.0,0.9302300810813904,1.3438776731491089,0.3932172358036041,False,21
3,53.97606414499751,31.110000000000014,4.484409969514552,0.036342183385741404,0.009593064636121766,0.2,-1.0,0.9110802412033081,1.2988426685333252,0.3319621682167053,False,19
3,54.07705933500256,31.110000000000014,4.484409969514552,0.036342183385741404,0.009593064636121766,0.4,-0.09308309240778062,0.9110802412033081,1.2988426685333252,0.3319621682167053,False,19
3,54.209222684999986,31.212000000000103,4.500782321161834,0.03665067840362694,0.00734495924563927,0.3133396977205058,0.4333015113974712,0.9209216237068176,1.3155418634414673,0.3250632584095001,False,21
3,54.33784987599938,31.314000000000078,4.516143431294633,0.03694190233381933,0.005646538022877919,0.3765408644471415,-0.11729567776429262,0.930956244468689,1.3168648481369019,0.32703834772109985,False,20
3,54.4386654810005,31.314000000000078,4.516143431294633,0.03694190233381933,0.005646538022877919,0.3383679146428609,-0.30816042678569544,0.930956244468689,1.3168648481369019,0.32703834772109985,False,20
3,54.567584304000775,31.416000000000054,4.532502872004335,0.03720765801741157,0.0020677711314089357,0.3276514201544974,0.3617428992275132,0.9089434742927551,1.2950899600982666,0.32194679975509644,False,21
3,54.694619044996216,31.51800000000003,4.548653429426072,0.03723676338839261,0.0033029544113393774,0.2,-1.0,0.9306309223175049,1.3260562419891357,0.32772889733314514,False,19
3,54.79551063499821,31.51800000000003,4.548653429426072,0.03723676338839261,0.0033029544113393774,0.3501007828802859,-0.24949608559857053,0.9306309223175049,1.3260562419891357,0.32772889733314514,False,19
3,54.92636699000286,31.620000000000005,4.564460643941192,0.03754567922960094,-0.001362569398585009,0.2523712796322686,0.7381436018386572,0.9216419458389282,1.3112554550170898,0.32043033838272095,False,21
3,55.051810719996865,31.722000000000094,4.57995829102887,0.03755826974650023,-0.0007452576294790852,0.23568047426802208,-0.8215976286598896,0.935726523399353,1.353724479675293,0.33369800448417664,False,19
3,55.15250943900173,31.722000000000094,4.57995829102887,0.03755826974650023,-0.0007452576294790852,0.36525217841085794,-0.17373910794571037,0.935726523399353,1.353724479675293,0.33369800448417664,False,19
3,55.2795645169972,31.82400000000007,4.595691068995076,0.03756237348262615,-0.0020521325596945727,0.4,0.03480129582195517,0.938896656036377,1.3446044921875,0.33556780219078064,False,20
3,55.403829645998485,31.926000000000045,4.612718710124064,0.03753987551147557,-0.0021446543185275253,0.2,1.0,0.9412150382995605,1.3551199436187744,0.448679119348526,False,20
3,55.504412704998686,31.926000000000045,4.612718710124064,0.03753987551147557,-0.0021446543185275253,0.3390843565584346,0.3045782172078272,0.9412150382995605,1.3551199436187744,0.448679119348526,False,20
3,55.63272842299921,32.02800000000002,4.628316555456925,0.03733327396564392,0.0014703397132549971,0.23156157283770862,-0.842192135811457,0.8997851610183716,1.3029264211654663,0.34134912490844727,False,21
3,55.762743389001116,32.13000000000011,4.643307850766591,0.03747155694622173,-0.0011645175627315828,0.4,0.002115417657351404,0.9166678190231323,1.3566261529922485,0.41228213906288147,False,21
3,55.86293193099846,32.13000000000011,4.643307850766591,0.03747155694622173,-0.0011645175627315828,0.30038589279446076,0.49807053602769613,0.9166678190231323,1.3566261529922485,0.41228213906288147,False,21
3,55.99052380100329,32.232000000000085,4.659660270121082,0.037611641408402126,-0.0035750820198370077,0.4,-0.09974573165496642,0.9256281852722168,1.349757194519043,0.3428593575954437,False,21
3,56.11767284700181,32.33400000000006,4.6763160972284314,0.0376030814824381,-0.0046667384758819945,0.2,1.0,0.9513289332389832,1.3550705909729004,0.4825599491596222,False,20
3,56.22890511400328,32.33400000000006,4.6763160972284314,0.0376030814824381,-0.0046667384758819945,0.30023343807676917,0.4988328096161543,0.9513289332389832,1.3692508935928345,0.4825599491596222,False,20
3,56.34853511599795,32.436000000000035,4.691422123166342,0.037578895330545724,-0.004612818031540457,0.33683700481757034,0.3158149759121484,0.9534351825714111,1.3692508935928345,0.49182650446891785,False,21
3,56.476678915001685,32.53800000000001,4.706354186717829,0.036950925880769654,0.003256274544104562,0.274902419737864,-0.6254879013106799,0.947550892829895,1.3717615604400635,0.5099631547927856,False,21
3,56.580399926999235,32.53800000000001,4.706354186717829,0.036950925880769654,0.003256274544104562,0.2,-1.0,0.947550892829895,1.3717615604400635,0.5099631547927856,False,19
3,56.71851584799879,32.60600000000011,4.715616767974692,0.03693729503258892,0.003343705082346838,0.31127741911319745,0.443612904434013,0.9392206072807312,1.3576955795288086,0.42974814772605896,False,19
3,56.84350028599874,32.708000000000084,4.730555246439162,0.036548916205937663,0.010329082446933226,0.20461582644321472,-0.9769208677839265,0.947651743888855,1.369752287864685,0.4760145843029022,False,21
3,56.968463491000875,32.81000000000006,4.745020793971435,0.036395886196280494,0.013825575224409515,0.2,-1.0,0.9320727586746216,1.3643938302993774,0.48732224106788635,False,21
3,57.069237746996805,32.81000000000006,4.745020793971435,0.036395886196280494,0.013825575224409515,0.31895194298826857,0.40524028505865717,0.9320727586746216,1.3643938302993774,0.48732224106788635,False,21
3,57.19502849000128,32.912000000000035,4.758684022705322,0.03674911259468421,0.012190624827376727,0.37018656191067467,-0.14906719044662667,0.939010739326477,1.3584718704223633,0.4648533761501312,False,21
3,57.31911401399702,33.01400000000001,4.773955486112393,0.03692696290408507,0.011389147536706154,0.328389493238318,-0.3580525338084103,0.9446881413459778,1.376975417137146,0.4957965314388275,False,19
3,57.41994236999744,33.01400000000001,4.773955486112393,0.03692696290408507,0.011389147536706154,0.4,-0.02572289333227394,0.9446881413459778,1.376975417137146,0.4957965314388275,False,19
3,57.54700882999896,33.1160000000001,4.790664971722089,0.03725740526628511,0.009774727404959514,0.3505685213467385,-0.24715739326630767,0.9501341581344604,1.3507394790649414,0.4869564473628998,False,20
3,57.67465412100137,33.218000000000075,4.807718330092454,0.03744624960516735,0.00875342230427465,0.3450729703640101,-0.2746351481799495,0.9524056315422058,1.3635618686676025,0.4722338020801544,False,20
3,57.775658683000074,33.218000000000075,4.807718330092454,0.03744624960516735,0.00875342230427465,0.3676826905829791,0.16158654708510445,0.9524056315422058,1.3635618686676025,0.4722338020801544,False,20
3,57.90232380999805,33.32000000000005,4.823947078098154,0.03757833222037393,0.009823928839120404,0.3124050316418009,-0.43797484179099555,0.9496071338653564,1.373196005821228,0.5130263566970825,False,21
3,58.02877412200178,33.422000000000025,4.83928840501968,0.03765858665423401,0.009839806504230773,0.2,1.0,0.9326221942901611,1.3593003749847412,0.39662966132164,False,21
3,58.12956689299608,33.422000000000025,4.83928840501968,0.03765858665423401,0.009839806504230773,0.2712796366992487,0.6436018165037566,0.9326221942901611,1.3593003749847412,0.39662966132164,False,21
3,58.25759848600137,33.524,4.854495777045728,0.03768602746635713,0.01263898729176963,0.28558254538715044,-0.572087273064248,0.8979353308677673,1.3050934076309204,0.3841298520565033,False,20
3,58.38264480199723,33.62600000000009,4.869828040505318,0.03785286106646243,0.011764005509013234,0.2,1.0,0.9403162598609924,1.371461272239685,0.5024828910827637,False,21
3,58.48342401700211,33.62600000000009,4.869828040505318,0.03785286106646243,0.011764005509013234,0.3504057073612107,0.24797146319394675,0.9403162598609924,1.371461272239685,0.5024828910827637,False,21
3,58.61121074100083,33.728000000000065,4.885075304804381,0.037943583871724015,0.014084975520054116,0.4,0.06715079845691897,0.9483679533004761,1.3797119855880737,0.4900042712688446,False,19
3,58.742472044999886,33.83000000000004,4.900474206503452,0.03773258845952034,0.020024895897078655,0.2,-1.0,0.9308398365974426,1.364680290222168,0.5099167823791504,False,21
3,58.84325310400163,33.83000000000004,4.900474206503452,0.03773258845952034,0.020024895897078655,0.2,-1.0,0.9308398365974426,1.364680290222168,0.5099167823791504,False,21
3,58.97367905000283,33.932000000000016,4.9154761005366785,0.037994711951368075,0.01995899701984146,0.336407999483531,0.317960002582345,0.9418543577194214,1.366080641746521,0.48991116881370544,False,20
3,59.098882922000485,34.034000000000106,4.9301457525309145,0.03788423131306023,0.025906935647805367,0.2,-1.0,0.9229315519332886,1.3390079736709595,0.4776083528995514,False,21
3,59.20778365500155,34.0680000000001,4.935052636998071,0.03792331638819822,0.0271382141770717,0.2,-1.0,0.9229315519332886,1.3390079736709595,0.4776083528995514,False,21
3,59.32705795799848,34.13600000000008,4.944621434439568,0.03819657115478164,0.02578389239399978,0.4,0.0884437092719472,0.8991619348526001,1.30788254737854,0.3877038061618805,False,20
3,59.45600795499922,34.238000000000056,4.959567324151032,0.03889050350798591,0.021127579565675878,0.2,-1.0,0.9069085717201233,1.3281232118606567,0.38936564326286316,False,21
3,59.563357070001075,34.238000000000056,4.959567324151032,0.03889050350798591,0.021127579565675878,0.3564239532220964,0.217880233889518,0.9069085717201233,1.3286997079849243,0.38936564326286316,False,21
3,59.68429276099778,34.34000000000003,4.974620474785362,0.03909588485876948,0.02340097850340316,0.2,-1.0,0.9168716669082642,1.3286997079849243,0.3856811225414276,False,21
3,59.830138227000134,34.408000000000015,4.984152648542015,0.03929577783152956,0.023104851163562864,0.36517991405990635,-0.1741004297004685,0.921481192111969,1.330887794494629,0.38514384627342224,False,21
3,59.956266519002384,34.510000000000105,4.9988218236779085,0.040145161036131805,0.014920016573506608,0.2,1.0,0.9270615577697754,1.343151569366455,0.392970472574234,False,20
