[0.000000] (-) TimerEvent: {}
[0.000437] (agribot_simulation) JobQueued: {'identifier': 'agribot_simulation', 'dependencies': OrderedDict()}
[0.000556] (centerline_extraction) JobQueued: {'identifier': 'centerline_extraction', 'dependencies': OrderedDict()}
[0.000574] (livox_ros_driver2) JobQueued: {'identifier': 'livox_ros_driver2', 'dependencies': OrderedDict()}
[0.000589] (ros2_livox_simulation) JobQueued: {'identifier': 'ros2_livox_simulation', 'dependencies': OrderedDict([('livox_ros_driver2', '/home/xkai/agribot/agribot_ws/install/livox_ros_driver2')])}
[0.000606] (livox_ros_driver2) JobStarted: {'identifier': 'livox_ros_driver2'}
[0.004268] (agribot_simulation) JobStarted: {'identifier': 'agribot_simulation'}
[0.006486] (centerline_extraction) JobStarted: {'identifier': 'centerline_extraction'}
[0.009748] (livox_ros_driver2) JobProgress: {'identifier': 'livox_ros_driver2', 'progress': 'cmake'}
[0.011332] (livox_ros_driver2) JobProgress: {'identifier': 'livox_ros_driver2', 'progress': 'build'}
[0.012214] (livox_ros_driver2) Command: {'cmd': ['/usr/bin/cmake', '--build', '/home/xkai/agribot/agribot_ws/build/livox_ros_driver2', '--', '-j8', '-l8'], 'cwd': '/home/xkai/agribot/agribot_ws/build/livox_ros_driver2', 'env': OrderedDict([('LESSOPEN', '| /usr/bin/lesspipe %s'), ('LANGUAGE', 'zh_CN:zh'), ('USER', 'xkai'), ('XDG_SESSION_TYPE', 'x11'), ('SHLVL', '1'), ('LD_LIBRARY_PATH', '/usr/lib/x86_64-linux-gnu/gazebo-11/plugins:/opt/ros/humble/opt/rviz_ogre_vendor/lib:/opt/ros/humble/lib/x86_64-linux-gnu:/opt/ros/humble/lib'), ('HOME', '/home/xkai'), ('DESKTOP_SESSION', 'ubuntu'), ('ROS_PYTHON_VERSION', '3'), ('GNOME_SHELL_SESSION_MODE', 'ubuntu'), ('GTK_MODULES', 'gail:atk-bridge'), ('DBUS_STARTER_BUS_TYPE', 'session'), ('SYSTEMD_EXEC_PID', '1771'), ('DBUS_SESSION_BUS_ADDRESS', 'unix:path=/run/user/1000/bus,guid=3c37591b5e78eef04b7cc03968bce2de'), ('COLORTERM', 'truecolor'), ('ROS_DISTRO', 'humble'), ('GTK_IM_MODULE', 'ibus'), ('LOGNAME', 'xkai'), ('_', '/usr/bin/colcon'), ('ROS_VERSION', '2'), ('XDG_SESSION_CLASS', 'user'), ('USERNAME', 'xkai'), ('TERM', 'xterm-256color'), ('GNOME_DESKTOP_SESSION_ID', 'this-is-deprecated'), ('ROS_LOCALHOST_ONLY', '0'), ('WINDOWPATH', '2'), ('PATH', '/opt/ros/humble/bin:/usr/local/sbin:/usr/local/bin:/usr/sbin:/usr/bin:/sbin:/bin:/usr/games:/usr/local/games:/snap/bin:/snap/bin'), ('SESSION_MANAGER', 'local/xkai-Ubuntun:@/tmp/.ICE-unix/1771,unix/xkai-Ubuntun:/tmp/.ICE-unix/1771'), ('XDG_MENU_PREFIX', 'gnome-'), ('GNOME_TERMINAL_SCREEN', '/org/gnome/Terminal/screen/a75f91f8_973b_40a4_bf00_d0df8d56385d'), ('XDG_RUNTIME_DIR', '/run/user/1000'), ('DISPLAY', ':1'), ('LANG', 'zh_CN.UTF-8'), ('XDG_CURRENT_DESKTOP', 'ubuntu:GNOME'), ('XMODIFIERS', '@im=ibus'), ('XDG_SESSION_DESKTOP', 'ubuntu'), ('XAUTHORITY', '/run/user/1000/gdm/Xauthority'), ('LS_COLORS', 'rs=0:di=01;34:ln=01;36:mh=00:pi=40;33:so=01;35:do=01;35:bd=40;33;01:cd=40;33;01:or=40;31;01:mi=00:su=37;41:sg=30;43:ca=30;41:tw=30;42:ow=34;42:st=37;44:ex=01;32:*.tar=01;31:*.tgz=01;31:*.arc=01;31:*.arj=01;31:*.taz=01;31:*.lha=01;31:*.lz4=01;31:*.lzh=01;31:*.lzma=01;31:*.tlz=01;31:*.txz=01;31:*.tzo=01;31:*.t7z=01;31:*.zip=01;31:*.z=01;31:*.dz=01;31:*.gz=01;31:*.lrz=01;31:*.lz=01;31:*.lzo=01;31:*.xz=01;31:*.zst=01;31:*.tzst=01;31:*.bz2=01;31:*.bz=01;31:*.tbz=01;31:*.tbz2=01;31:*.tz=01;31:*.deb=01;31:*.rpm=01;31:*.jar=01;31:*.war=01;31:*.ear=01;31:*.sar=01;31:*.rar=01;31:*.alz=01;31:*.ace=01;31:*.zoo=01;31:*.cpio=01;31:*.7z=01;31:*.rz=01;31:*.cab=01;31:*.wim=01;31:*.swm=01;31:*.dwm=01;31:*.esd=01;31:*.jpg=01;35:*.jpeg=01;35:*.mjpg=01;35:*.mjpeg=01;35:*.gif=01;35:*.bmp=01;35:*.pbm=01;35:*.pgm=01;35:*.ppm=01;35:*.tga=01;35:*.xbm=01;35:*.xpm=01;35:*.tif=01;35:*.tiff=01;35:*.png=01;35:*.svg=01;35:*.svgz=01;35:*.mng=01;35:*.pcx=01;35:*.mov=01;35:*.mpg=01;35:*.mpeg=01;35:*.m2v=01;35:*.mkv=01;35:*.webm=01;35:*.webp=01;35:*.ogm=01;35:*.mp4=01;35:*.m4v=01;35:*.mp4v=01;35:*.vob=01;35:*.qt=01;35:*.nuv=01;35:*.wmv=01;35:*.asf=01;35:*.rm=01;35:*.rmvb=01;35:*.flc=01;35:*.avi=01;35:*.fli=01;35:*.flv=01;35:*.gl=01;35:*.dl=01;35:*.xcf=01;35:*.xwd=01;35:*.yuv=01;35:*.cgm=01;35:*.emf=01;35:*.ogv=01;35:*.ogx=01;35:*.aac=00;36:*.au=00;36:*.flac=00;36:*.m4a=00;36:*.mid=00;36:*.midi=00;36:*.mka=00;36:*.mp3=00;36:*.mpc=00;36:*.ogg=00;36:*.ra=00;36:*.wav=00;36:*.oga=00;36:*.opus=00;36:*.spx=00;36:*.xspf=00;36:'), ('GNOME_TERMINAL_SERVICE', ':1.111'), ('SSH_AGENT_LAUNCHER', 'gnome-keyring'), ('SSH_AUTH_SOCK', '/run/user/1000/keyring/ssh'), ('AMENT_PREFIX_PATH', '/opt/ros/humble'), ('SHELL', '/bin/bash'), ('QT_ACCESSIBILITY', '1'), ('GDMSESSION', 'ubuntu'), ('LESSCLOSE', '/usr/bin/lesspipe %s %s'), ('GPG_AGENT_INFO', '/run/user/1000/gnupg/S.gpg-agent:0:1'), ('QT_IM_MODULE', 'ibus'), ('PWD', '/home/xkai/agribot/agribot_ws/build/livox_ros_driver2'), ('XDG_CONFIG_DIRS', '/etc/xdg/xdg-ubuntu:/etc/xdg'), ('DBUS_STARTER_ADDRESS', 'unix:path=/run/user/1000/bus,guid=3c37591b5e78eef04b7cc03968bce2de'), ('XDG_DATA_DIRS', '/usr/share/ubuntu:/usr/share/gnome:/usr/local/share/:/usr/share/:/var/lib/snapd/desktop'), ('PYTHONPATH', '/opt/ros/humble/lib/python3.10/site-packages:/opt/ros/humble/local/lib/python3.10/dist-packages'), ('COLCON', '1'), ('VTE_VERSION', '6800'), ('CMAKE_PREFIX_PATH', '/opt/ros/humble')]), 'shell': False}
[0.014353] (agribot_simulation) JobProgress: {'identifier': 'agribot_simulation', 'progress': 'cmake'}
[0.015110] (agribot_simulation) JobProgress: {'identifier': 'agribot_simulation', 'progress': 'build'}
[0.015352] (agribot_simulation) Command: {'cmd': ['/usr/bin/cmake', '--build', '/home/xkai/agribot/agribot_ws/build/agribot_simulation', '--', '-j8', '-l8'], 'cwd': '/home/xkai/agribot/agribot_ws/build/agribot_simulation', 'env': OrderedDict([('LESSOPEN', '| /usr/bin/lesspipe %s'), ('LANGUAGE', 'zh_CN:zh'), ('USER', 'xkai'), ('XDG_SESSION_TYPE', 'x11'), ('SHLVL', '1'), ('LD_LIBRARY_PATH', '/usr/lib/x86_64-linux-gnu/gazebo-11/plugins:/opt/ros/humble/opt/rviz_ogre_vendor/lib:/opt/ros/humble/lib/x86_64-linux-gnu:/opt/ros/humble/lib'), ('HOME', '/home/xkai'), ('DESKTOP_SESSION', 'ubuntu'), ('ROS_PYTHON_VERSION', '3'), ('GNOME_SHELL_SESSION_MODE', 'ubuntu'), ('GTK_MODULES', 'gail:atk-bridge'), ('DBUS_STARTER_BUS_TYPE', 'session'), ('SYSTEMD_EXEC_PID', '1771'), ('DBUS_SESSION_BUS_ADDRESS', 'unix:path=/run/user/1000/bus,guid=3c37591b5e78eef04b7cc03968bce2de'), ('COLORTERM', 'truecolor'), ('ROS_DISTRO', 'humble'), ('GTK_IM_MODULE', 'ibus'), ('LOGNAME', 'xkai'), ('_', '/usr/bin/colcon'), ('ROS_VERSION', '2'), ('XDG_SESSION_CLASS', 'user'), ('USERNAME', 'xkai'), ('TERM', 'xterm-256color'), ('GNOME_DESKTOP_SESSION_ID', 'this-is-deprecated'), ('ROS_LOCALHOST_ONLY', '0'), ('WINDOWPATH', '2'), ('PATH', '/opt/ros/humble/bin:/usr/local/sbin:/usr/local/bin:/usr/sbin:/usr/bin:/sbin:/bin:/usr/games:/usr/local/games:/snap/bin:/snap/bin'), ('SESSION_MANAGER', 'local/xkai-Ubuntun:@/tmp/.ICE-unix/1771,unix/xkai-Ubuntun:/tmp/.ICE-unix/1771'), ('XDG_MENU_PREFIX', 'gnome-'), ('GNOME_TERMINAL_SCREEN', '/org/gnome/Terminal/screen/a75f91f8_973b_40a4_bf00_d0df8d56385d'), ('XDG_RUNTIME_DIR', '/run/user/1000'), ('DISPLAY', ':1'), ('LANG', 'zh_CN.UTF-8'), ('XDG_CURRENT_DESKTOP', 'ubuntu:GNOME'), ('XMODIFIERS', '@im=ibus'), ('XDG_SESSION_DESKTOP', 'ubuntu'), ('XAUTHORITY', '/run/user/1000/gdm/Xauthority'), ('LS_COLORS', 'rs=0:di=01;34:ln=01;36:mh=00:pi=40;33:so=01;35:do=01;35:bd=40;33;01:cd=40;33;01:or=40;31;01:mi=00:su=37;41:sg=30;43:ca=30;41:tw=30;42:ow=34;42:st=37;44:ex=01;32:*.tar=01;31:*.tgz=01;31:*.arc=01;31:*.arj=01;31:*.taz=01;31:*.lha=01;31:*.lz4=01;31:*.lzh=01;31:*.lzma=01;31:*.tlz=01;31:*.txz=01;31:*.tzo=01;31:*.t7z=01;31:*.zip=01;31:*.z=01;31:*.dz=01;31:*.gz=01;31:*.lrz=01;31:*.lz=01;31:*.lzo=01;31:*.xz=01;31:*.zst=01;31:*.tzst=01;31:*.bz2=01;31:*.bz=01;31:*.tbz=01;31:*.tbz2=01;31:*.tz=01;31:*.deb=01;31:*.rpm=01;31:*.jar=01;31:*.war=01;31:*.ear=01;31:*.sar=01;31:*.rar=01;31:*.alz=01;31:*.ace=01;31:*.zoo=01;31:*.cpio=01;31:*.7z=01;31:*.rz=01;31:*.cab=01;31:*.wim=01;31:*.swm=01;31:*.dwm=01;31:*.esd=01;31:*.jpg=01;35:*.jpeg=01;35:*.mjpg=01;35:*.mjpeg=01;35:*.gif=01;35:*.bmp=01;35:*.pbm=01;35:*.pgm=01;35:*.ppm=01;35:*.tga=01;35:*.xbm=01;35:*.xpm=01;35:*.tif=01;35:*.tiff=01;35:*.png=01;35:*.svg=01;35:*.svgz=01;35:*.mng=01;35:*.pcx=01;35:*.mov=01;35:*.mpg=01;35:*.mpeg=01;35:*.m2v=01;35:*.mkv=01;35:*.webm=01;35:*.webp=01;35:*.ogm=01;35:*.mp4=01;35:*.m4v=01;35:*.mp4v=01;35:*.vob=01;35:*.qt=01;35:*.nuv=01;35:*.wmv=01;35:*.asf=01;35:*.rm=01;35:*.rmvb=01;35:*.flc=01;35:*.avi=01;35:*.fli=01;35:*.flv=01;35:*.gl=01;35:*.dl=01;35:*.xcf=01;35:*.xwd=01;35:*.yuv=01;35:*.cgm=01;35:*.emf=01;35:*.ogv=01;35:*.ogx=01;35:*.aac=00;36:*.au=00;36:*.flac=00;36:*.m4a=00;36:*.mid=00;36:*.midi=00;36:*.mka=00;36:*.mp3=00;36:*.mpc=00;36:*.ogg=00;36:*.ra=00;36:*.wav=00;36:*.oga=00;36:*.opus=00;36:*.spx=00;36:*.xspf=00;36:'), ('GNOME_TERMINAL_SERVICE', ':1.111'), ('SSH_AGENT_LAUNCHER', 'gnome-keyring'), ('SSH_AUTH_SOCK', '/run/user/1000/keyring/ssh'), ('AMENT_PREFIX_PATH', '/opt/ros/humble'), ('SHELL', '/bin/bash'), ('QT_ACCESSIBILITY', '1'), ('GDMSESSION', 'ubuntu'), ('LESSCLOSE', '/usr/bin/lesspipe %s %s'), ('GPG_AGENT_INFO', '/run/user/1000/gnupg/S.gpg-agent:0:1'), ('QT_IM_MODULE', 'ibus'), ('PWD', '/home/xkai/agribot/agribot_ws/build/agribot_simulation'), ('XDG_CONFIG_DIRS', '/etc/xdg/xdg-ubuntu:/etc/xdg'), ('DBUS_STARTER_ADDRESS', 'unix:path=/run/user/1000/bus,guid=3c37591b5e78eef04b7cc03968bce2de'), ('XDG_DATA_DIRS', '/usr/share/ubuntu:/usr/share/gnome:/usr/local/share/:/usr/share/:/var/lib/snapd/desktop'), ('PYTHONPATH', '/opt/ros/humble/lib/python3.10/site-packages:/opt/ros/humble/local/lib/python3.10/dist-packages'), ('COLCON', '1'), ('VTE_VERSION', '6800'), ('CMAKE_PREFIX_PATH', '/opt/ros/humble')]), 'shell': False}
[0.017247] (centerline_extraction) JobProgress: {'identifier': 'centerline_extraction', 'progress': 'cmake'}
[0.018296] (centerline_extraction) JobProgress: {'identifier': 'centerline_extraction', 'progress': 'build'}
[0.018743] (centerline_extraction) Command: {'cmd': ['/usr/bin/cmake', '--build', '/home/xkai/agribot/agribot_ws/build/centerline_extraction', '--', '-j8', '-l8'], 'cwd': '/home/xkai/agribot/agribot_ws/build/centerline_extraction', 'env': OrderedDict([('LESSOPEN', '| /usr/bin/lesspipe %s'), ('LANGUAGE', 'zh_CN:zh'), ('USER', 'xkai'), ('XDG_SESSION_TYPE', 'x11'), ('SHLVL', '1'), ('LD_LIBRARY_PATH', '/usr/lib/x86_64-linux-gnu/gazebo-11/plugins:/opt/ros/humble/opt/rviz_ogre_vendor/lib:/opt/ros/humble/lib/x86_64-linux-gnu:/opt/ros/humble/lib'), ('HOME', '/home/xkai'), ('DESKTOP_SESSION', 'ubuntu'), ('ROS_PYTHON_VERSION', '3'), ('GNOME_SHELL_SESSION_MODE', 'ubuntu'), ('GTK_MODULES', 'gail:atk-bridge'), ('DBUS_STARTER_BUS_TYPE', 'session'), ('SYSTEMD_EXEC_PID', '1771'), ('DBUS_SESSION_BUS_ADDRESS', 'unix:path=/run/user/1000/bus,guid=3c37591b5e78eef04b7cc03968bce2de'), ('COLORTERM', 'truecolor'), ('ROS_DISTRO', 'humble'), ('GTK_IM_MODULE', 'ibus'), ('LOGNAME', 'xkai'), ('_', '/usr/bin/colcon'), ('ROS_VERSION', '2'), ('XDG_SESSION_CLASS', 'user'), ('USERNAME', 'xkai'), ('TERM', 'xterm-256color'), ('GNOME_DESKTOP_SESSION_ID', 'this-is-deprecated'), ('ROS_LOCALHOST_ONLY', '0'), ('WINDOWPATH', '2'), ('PATH', '/opt/ros/humble/bin:/usr/local/sbin:/usr/local/bin:/usr/sbin:/usr/bin:/sbin:/bin:/usr/games:/usr/local/games:/snap/bin:/snap/bin'), ('SESSION_MANAGER', 'local/xkai-Ubuntun:@/tmp/.ICE-unix/1771,unix/xkai-Ubuntun:/tmp/.ICE-unix/1771'), ('XDG_MENU_PREFIX', 'gnome-'), ('GNOME_TERMINAL_SCREEN', '/org/gnome/Terminal/screen/a75f91f8_973b_40a4_bf00_d0df8d56385d'), ('XDG_RUNTIME_DIR', '/run/user/1000'), ('DISPLAY', ':1'), ('LANG', 'zh_CN.UTF-8'), ('XDG_CURRENT_DESKTOP', 'ubuntu:GNOME'), ('XMODIFIERS', '@im=ibus'), ('XDG_SESSION_DESKTOP', 'ubuntu'), ('XAUTHORITY', '/run/user/1000/gdm/Xauthority'), ('LS_COLORS', 'rs=0:di=01;34:ln=01;36:mh=00:pi=40;33:so=01;35:do=01;35:bd=40;33;01:cd=40;33;01:or=40;31;01:mi=00:su=37;41:sg=30;43:ca=30;41:tw=30;42:ow=34;42:st=37;44:ex=01;32:*.tar=01;31:*.tgz=01;31:*.arc=01;31:*.arj=01;31:*.taz=01;31:*.lha=01;31:*.lz4=01;31:*.lzh=01;31:*.lzma=01;31:*.tlz=01;31:*.txz=01;31:*.tzo=01;31:*.t7z=01;31:*.zip=01;31:*.z=01;31:*.dz=01;31:*.gz=01;31:*.lrz=01;31:*.lz=01;31:*.lzo=01;31:*.xz=01;31:*.zst=01;31:*.tzst=01;31:*.bz2=01;31:*.bz=01;31:*.tbz=01;31:*.tbz2=01;31:*.tz=01;31:*.deb=01;31:*.rpm=01;31:*.jar=01;31:*.war=01;31:*.ear=01;31:*.sar=01;31:*.rar=01;31:*.alz=01;31:*.ace=01;31:*.zoo=01;31:*.cpio=01;31:*.7z=01;31:*.rz=01;31:*.cab=01;31:*.wim=01;31:*.swm=01;31:*.dwm=01;31:*.esd=01;31:*.jpg=01;35:*.jpeg=01;35:*.mjpg=01;35:*.mjpeg=01;35:*.gif=01;35:*.bmp=01;35:*.pbm=01;35:*.pgm=01;35:*.ppm=01;35:*.tga=01;35:*.xbm=01;35:*.xpm=01;35:*.tif=01;35:*.tiff=01;35:*.png=01;35:*.svg=01;35:*.svgz=01;35:*.mng=01;35:*.pcx=01;35:*.mov=01;35:*.mpg=01;35:*.mpeg=01;35:*.m2v=01;35:*.mkv=01;35:*.webm=01;35:*.webp=01;35:*.ogm=01;35:*.mp4=01;35:*.m4v=01;35:*.mp4v=01;35:*.vob=01;35:*.qt=01;35:*.nuv=01;35:*.wmv=01;35:*.asf=01;35:*.rm=01;35:*.rmvb=01;35:*.flc=01;35:*.avi=01;35:*.fli=01;35:*.flv=01;35:*.gl=01;35:*.dl=01;35:*.xcf=01;35:*.xwd=01;35:*.yuv=01;35:*.cgm=01;35:*.emf=01;35:*.ogv=01;35:*.ogx=01;35:*.aac=00;36:*.au=00;36:*.flac=00;36:*.m4a=00;36:*.mid=00;36:*.midi=00;36:*.mka=00;36:*.mp3=00;36:*.mpc=00;36:*.ogg=00;36:*.ra=00;36:*.wav=00;36:*.oga=00;36:*.opus=00;36:*.spx=00;36:*.xspf=00;36:'), ('GNOME_TERMINAL_SERVICE', ':1.111'), ('SSH_AGENT_LAUNCHER', 'gnome-keyring'), ('SSH_AUTH_SOCK', '/run/user/1000/keyring/ssh'), ('AMENT_PREFIX_PATH', '/opt/ros/humble'), ('SHELL', '/bin/bash'), ('QT_ACCESSIBILITY', '1'), ('GDMSESSION', 'ubuntu'), ('LESSCLOSE', '/usr/bin/lesspipe %s %s'), ('GPG_AGENT_INFO', '/run/user/1000/gnupg/S.gpg-agent:0:1'), ('QT_IM_MODULE', 'ibus'), ('PWD', '/home/xkai/agribot/agribot_ws/build/centerline_extraction'), ('XDG_CONFIG_DIRS', '/etc/xdg/xdg-ubuntu:/etc/xdg'), ('DBUS_STARTER_ADDRESS', 'unix:path=/run/user/1000/bus,guid=3c37591b5e78eef04b7cc03968bce2de'), ('XDG_DATA_DIRS', '/usr/share/ubuntu:/usr/share/gnome:/usr/local/share/:/usr/share/:/var/lib/snapd/desktop'), ('PYTHONPATH', '/opt/ros/humble/lib/python3.10/site-packages:/opt/ros/humble/local/lib/python3.10/dist-packages'), ('COLCON', '1'), ('VTE_VERSION', '6800'), ('CMAKE_PREFIX_PATH', '/opt/ros/humble')]), 'shell': False}
[0.043456] (agribot_simulation) CommandEnded: {'returncode': 0}
[0.044169] (agribot_simulation) JobProgress: {'identifier': 'agribot_simulation', 'progress': 'install'}
[0.052599] (livox_ros_driver2) StdoutLine: {'line': b'\x1b[35m\x1b[1mConsolidate compiler generated dependencies of target livox_interfaces2__rosidl_generator_c\x1b[0m\n'}
[0.053386] (agribot_simulation) Command: {'cmd': ['/usr/bin/cmake', '--install', '/home/xkai/agribot/agribot_ws/build/agribot_simulation'], 'cwd': '/home/xkai/agribot/agribot_ws/build/agribot_simulation', 'env': OrderedDict([('LESSOPEN', '| /usr/bin/lesspipe %s'), ('LANGUAGE', 'zh_CN:zh'), ('USER', 'xkai'), ('XDG_SESSION_TYPE', 'x11'), ('SHLVL', '1'), ('LD_LIBRARY_PATH', '/usr/lib/x86_64-linux-gnu/gazebo-11/plugins:/opt/ros/humble/opt/rviz_ogre_vendor/lib:/opt/ros/humble/lib/x86_64-linux-gnu:/opt/ros/humble/lib'), ('HOME', '/home/xkai'), ('DESKTOP_SESSION', 'ubuntu'), ('ROS_PYTHON_VERSION', '3'), ('GNOME_SHELL_SESSION_MODE', 'ubuntu'), ('GTK_MODULES', 'gail:atk-bridge'), ('DBUS_STARTER_BUS_TYPE', 'session'), ('SYSTEMD_EXEC_PID', '1771'), ('DBUS_SESSION_BUS_ADDRESS', 'unix:path=/run/user/1000/bus,guid=3c37591b5e78eef04b7cc03968bce2de'), ('COLORTERM', 'truecolor'), ('ROS_DISTRO', 'humble'), ('GTK_IM_MODULE', 'ibus'), ('LOGNAME', 'xkai'), ('_', '/usr/bin/colcon'), ('ROS_VERSION', '2'), ('XDG_SESSION_CLASS', 'user'), ('USERNAME', 'xkai'), ('TERM', 'xterm-256color'), ('GNOME_DESKTOP_SESSION_ID', 'this-is-deprecated'), ('ROS_LOCALHOST_ONLY', '0'), ('WINDOWPATH', '2'), ('PATH', '/opt/ros/humble/bin:/usr/local/sbin:/usr/local/bin:/usr/sbin:/usr/bin:/sbin:/bin:/usr/games:/usr/local/games:/snap/bin:/snap/bin'), ('SESSION_MANAGER', 'local/xkai-Ubuntun:@/tmp/.ICE-unix/1771,unix/xkai-Ubuntun:/tmp/.ICE-unix/1771'), ('XDG_MENU_PREFIX', 'gnome-'), ('GNOME_TERMINAL_SCREEN', '/org/gnome/Terminal/screen/a75f91f8_973b_40a4_bf00_d0df8d56385d'), ('XDG_RUNTIME_DIR', '/run/user/1000'), ('DISPLAY', ':1'), ('LANG', 'zh_CN.UTF-8'), ('XDG_CURRENT_DESKTOP', 'ubuntu:GNOME'), ('XMODIFIERS', '@im=ibus'), ('XDG_SESSION_DESKTOP', 'ubuntu'), ('XAUTHORITY', '/run/user/1000/gdm/Xauthority'), ('LS_COLORS', 'rs=0:di=01;34:ln=01;36:mh=00:pi=40;33:so=01;35:do=01;35:bd=40;33;01:cd=40;33;01:or=40;31;01:mi=00:su=37;41:sg=30;43:ca=30;41:tw=30;42:ow=34;42:st=37;44:ex=01;32:*.tar=01;31:*.tgz=01;31:*.arc=01;31:*.arj=01;31:*.taz=01;31:*.lha=01;31:*.lz4=01;31:*.lzh=01;31:*.lzma=01;31:*.tlz=01;31:*.txz=01;31:*.tzo=01;31:*.t7z=01;31:*.zip=01;31:*.z=01;31:*.dz=01;31:*.gz=01;31:*.lrz=01;31:*.lz=01;31:*.lzo=01;31:*.xz=01;31:*.zst=01;31:*.tzst=01;31:*.bz2=01;31:*.bz=01;31:*.tbz=01;31:*.tbz2=01;31:*.tz=01;31:*.deb=01;31:*.rpm=01;31:*.jar=01;31:*.war=01;31:*.ear=01;31:*.sar=01;31:*.rar=01;31:*.alz=01;31:*.ace=01;31:*.zoo=01;31:*.cpio=01;31:*.7z=01;31:*.rz=01;31:*.cab=01;31:*.wim=01;31:*.swm=01;31:*.dwm=01;31:*.esd=01;31:*.jpg=01;35:*.jpeg=01;35:*.mjpg=01;35:*.mjpeg=01;35:*.gif=01;35:*.bmp=01;35:*.pbm=01;35:*.pgm=01;35:*.ppm=01;35:*.tga=01;35:*.xbm=01;35:*.xpm=01;35:*.tif=01;35:*.tiff=01;35:*.png=01;35:*.svg=01;35:*.svgz=01;35:*.mng=01;35:*.pcx=01;35:*.mov=01;35:*.mpg=01;35:*.mpeg=01;35:*.m2v=01;35:*.mkv=01;35:*.webm=01;35:*.webp=01;35:*.ogm=01;35:*.mp4=01;35:*.m4v=01;35:*.mp4v=01;35:*.vob=01;35:*.qt=01;35:*.nuv=01;35:*.wmv=01;35:*.asf=01;35:*.rm=01;35:*.rmvb=01;35:*.flc=01;35:*.avi=01;35:*.fli=01;35:*.flv=01;35:*.gl=01;35:*.dl=01;35:*.xcf=01;35:*.xwd=01;35:*.yuv=01;35:*.cgm=01;35:*.emf=01;35:*.ogv=01;35:*.ogx=01;35:*.aac=00;36:*.au=00;36:*.flac=00;36:*.m4a=00;36:*.mid=00;36:*.midi=00;36:*.mka=00;36:*.mp3=00;36:*.mpc=00;36:*.ogg=00;36:*.ra=00;36:*.wav=00;36:*.oga=00;36:*.opus=00;36:*.spx=00;36:*.xspf=00;36:'), ('GNOME_TERMINAL_SERVICE', ':1.111'), ('SSH_AGENT_LAUNCHER', 'gnome-keyring'), ('SSH_AUTH_SOCK', '/run/user/1000/keyring/ssh'), ('AMENT_PREFIX_PATH', '/opt/ros/humble'), ('SHELL', '/bin/bash'), ('QT_ACCESSIBILITY', '1'), ('GDMSESSION', 'ubuntu'), ('LESSCLOSE', '/usr/bin/lesspipe %s %s'), ('GPG_AGENT_INFO', '/run/user/1000/gnupg/S.gpg-agent:0:1'), ('QT_IM_MODULE', 'ibus'), ('PWD', '/home/xkai/agribot/agribot_ws/build/agribot_simulation'), ('XDG_CONFIG_DIRS', '/etc/xdg/xdg-ubuntu:/etc/xdg'), ('DBUS_STARTER_ADDRESS', 'unix:path=/run/user/1000/bus,guid=3c37591b5e78eef04b7cc03968bce2de'), ('XDG_DATA_DIRS', '/usr/share/ubuntu:/usr/share/gnome:/usr/local/share/:/usr/share/:/var/lib/snapd/desktop'), ('PYTHONPATH', '/opt/ros/humble/lib/python3.10/site-packages:/opt/ros/humble/local/lib/python3.10/dist-packages'), ('COLCON', '1'), ('VTE_VERSION', '6800'), ('CMAKE_PREFIX_PATH', '/opt/ros/humble')]), 'shell': False}
[0.057456] (livox_ros_driver2) StdoutLine: {'line': b'\x1b[35m\x1b[1mConsolidate compiler generated dependencies of target livox_ros_driver2_node\x1b[0m\n'}
[0.060635] (agribot_simulation) StdoutLine: {'line': b'-- Install configuration: ""\n'}
[0.060858] (agribot_simulation) StdoutLine: {'line': b'-- Up-to-date: /home/xkai/agribot/agribot_ws/install/agribot_simulation/share/agribot_simulation/launch\n'}
[0.061459] (agribot_simulation) StdoutLine: {'line': b'-- Up-to-date: /home/xkai/agribot/agribot_ws/install/agribot_simulation/share/agribot_simulation/launch/gazebo_sim.launch.py\n'}
[0.061579] (agribot_simulation) StdoutLine: {'line': b'-- Up-to-date: /home/xkai/agribot/agribot_ws/install/agribot_simulation/share/agribot_simulation/launch/display_robot.launch.py\n'}
[0.061667] (agribot_simulation) StdoutLine: {'line': b'-- Up-to-date: /home/xkai/agribot/agribot_ws/install/agribot_simulation/share/agribot_simulation/urdf\n'}
[0.061750] (agribot_simulation) StdoutLine: {'line': b'-- Up-to-date: /home/xkai/agribot/agribot_ws/install/agribot_simulation/share/agribot_simulation/urdf/urdf\n'}
[0.061828] (agribot_simulation) StdoutLine: {'line': b'-- Up-to-date: /home/xkai/agribot/agribot_ws/install/agribot_simulation/share/agribot_simulation/urdf/urdf/flagship_mec_dl_robot.urdf\n'}
[0.061906] (agribot_simulation) StdoutLine: {'line': b'-- Up-to-date: /home/xkai/agribot/agribot_ws/install/agribot_simulation/share/agribot_simulation/urdf/urdf/senior_4wd_dl_robot.urdf\n'}
[0.061986] (agribot_simulation) StdoutLine: {'line': b'-- Up-to-date: /home/xkai/agribot/agribot_ws/install/agribot_simulation/share/agribot_simulation/urdf/urdf/mini_tank_moveit.urdf\n'}
[0.062064] (agribot_simulation) StdoutLine: {'line': b'-- Up-to-date: /home/xkai/agribot/agribot_ws/install/agribot_simulation/share/agribot_simulation/urdf/urdf/flagship_mec_bs_robot.urdf\n'}
[0.062149] (agribot_simulation) StdoutLine: {'line': b'-- Up-to-date: /home/xkai/agribot/agribot_ws/install/agribot_simulation/share/agribot_simulation/urdf/urdf/top_mec_dl_robot.urdf\n'}
[0.062231] (agribot_simulation) StdoutLine: {'line': b'-- Up-to-date: /home/xkai/agribot/agribot_ws/install/agribot_simulation/share/agribot_simulation/urdf/urdf/four_wheel_diff_dl_robot.urdf\n'}
[0.062315] (agribot_simulation) StdoutLine: {'line': b'-- Up-to-date: /home/xkai/agribot/agribot_ws/install/agribot_simulation/share/agribot_simulation/urdf/urdf/mini_mec_robot.urdf\n'}
[0.062407] (agribot_simulation) StdoutLine: {'line': b'-- Up-to-date: /home/xkai/agribot/agribot_ws/install/agribot_simulation/share/agribot_simulation/urdf/urdf/flagship_4wd_dl_robot.urdf\n'}
[0.062485] (agribot_simulation) StdoutLine: {'line': b'-- Up-to-date: /home/xkai/agribot/agribot_ws/install/agribot_simulation/share/agribot_simulation/urdf/urdf/top_akm_bs_robot.urdf\n'}
[0.062561] (agribot_simulation) StdoutLine: {'line': b'-- Up-to-date: /home/xkai/agribot/agribot_ws/install/agribot_simulation/share/agribot_simulation/urdf/urdf/senior_mec_dl_robot.urdf\n'}
[0.062638] (agribot_simulation) StdoutLine: {'line': b'-- Up-to-date: /home/xkai/agribot/agribot_ws/install/agribot_simulation/share/agribot_simulation/urdf/urdf/mini_4wd_robot.urdf\n'}
[0.062717] (agribot_simulation) StdoutLine: {'line': b'-- Up-to-date: /home/xkai/agribot/agribot_ws/install/agribot_simulation/share/agribot_simulation/urdf/urdf/senior_diff_robot.urdf\n'}
[0.062791] (agribot_simulation) StdoutLine: {'line': b'-- Up-to-date: /home/xkai/agribot/agribot_ws/install/agribot_simulation/share/agribot_simulation/urdf/urdf/senior_akm_robot.urdf\n'}
[0.062866] (agribot_simulation) StdoutLine: {'line': b'-- Up-to-date: /home/xkai/agribot/agribot_ws/install/agribot_simulation/share/agribot_simulation/urdf/urdf/mini_akm_robot.urdf\n'}
[0.062941] (agribot_simulation) StdoutLine: {'line': b'-- Up-to-date: /home/xkai/agribot/agribot_ws/install/agribot_simulation/share/agribot_simulation/urdf/urdf/flagship_four_wheel_diff_dl_robot.urdf\n'}
[0.063021] (agribot_simulation) StdoutLine: {'line': b'-- Up-to-date: /home/xkai/agribot/agribot_ws/install/agribot_simulation/share/agribot_simulation/urdf/urdf/flagship_4wd_bs_robot.urdf\n'}
[0.063103] (agribot_simulation) StdoutLine: {'line': b'-- Up-to-date: /home/xkai/agribot/agribot_ws/install/agribot_simulation/share/agribot_simulation/urdf/urdf/senior_omni_robot.urdf\n'}
[0.063188] (agribot_simulation) StdoutLine: {'line': b'-- Up-to-date: /home/xkai/agribot/agribot_ws/install/agribot_simulation/share/agribot_simulation/urdf/urdf/four_wheel_diff_bs_robot.urdf\n'}
[0.063274] (agribot_simulation) StdoutLine: {'line': b'-- Up-to-date: /home/xkai/agribot/agribot_ws/install/agribot_simulation/share/agribot_simulation/urdf/urdf/brushless_senior_diff.urdf\n'}
[0.063365] (agribot_simulation) StdoutLine: {'line': b'-- Up-to-date: /home/xkai/agribot/agribot_ws/install/agribot_simulation/share/agribot_simulation/urdf/urdf/senior_mec_robot.urdf\n'}
[0.063468] (agribot_simulation) StdoutLine: {'line': b'-- Up-to-date: /home/xkai/agribot/agribot_ws/install/agribot_simulation/share/agribot_simulation/urdf/urdf/senior_4wd_bs_robot.urdf\n'}
[0.063554] (agribot_simulation) StdoutLine: {'line': b'-- Up-to-date: /home/xkai/agribot/agribot_ws/install/agribot_simulation/share/agribot_simulation/urdf/urdf/top_4wd_dl_robot.urdf\n'}
[0.063641] (agribot_simulation) StdoutLine: {'line': b'-- Up-to-date: /home/xkai/agribot/agribot_ws/install/agribot_simulation/share/agribot_simulation/urdf/urdf/mini_omni_robot.urdf\n'}
[0.063726] (agribot_simulation) StdoutLine: {'line': b'-- Up-to-date: /home/xkai/agribot/agribot_ws/install/agribot_simulation/share/agribot_simulation/urdf/urdf/top_omni_robot.urdf\n'}
[0.063809] (agribot_simulation) StdoutLine: {'line': b'-- Up-to-date: /home/xkai/agribot/agribot_ws/install/agribot_simulation/share/agribot_simulation/urdf/urdf/mini_diff_robot.urdf\n'}
[0.064163] (agribot_simulation) StdoutLine: {'line': b'-- Up-to-date: /home/xkai/agribot/agribot_ws/install/agribot_simulation/share/agribot_simulation/urdf/urdf/mini_mec_moveit.urdf\n'}
[0.064253] (agribot_simulation) StdoutLine: {'line': b'-- Up-to-date: /home/xkai/agribot/agribot_ws/install/agribot_simulation/share/agribot_simulation/urdf/urdf/top_4wd_bs_robot.urdf\n'}
[0.064401] (agribot_simulation) StdoutLine: {'line': b'-- Up-to-date: /home/xkai/agribot/agribot_ws/install/agribot_simulation/share/agribot_simulation/urdf/urdf/top_mec_bs_robot.urdf\n'}
[0.064495] (agribot_simulation) StdoutLine: {'line': b'-- Up-to-date: /home/xkai/agribot/agribot_ws/install/agribot_simulation/share/agribot_simulation/urdf/urdf/top_akm_dl_robot.urdf\n'}
[0.064580] (agribot_simulation) StdoutLine: {'line': b'-- Up-to-date: /home/xkai/agribot/agribot_ws/install/agribot_simulation/share/agribot_simulation/urdf/urdf/mec_EightDrive_robot.urdf\n'}
[0.064664] (agribot_simulation) StdoutLine: {'line': b'-- Up-to-date: /home/xkai/agribot/agribot_ws/install/agribot_simulation/share/agribot_simulation/urdf/urdf/flagship_four_wheel_diff_bs_robot.urdf\n'}
[0.064749] (agribot_simulation) StdoutLine: {'line': b'-- Up-to-date: /home/xkai/agribot/agribot_ws/install/agribot_simulation/share/agribot_simulation/urdf/meshes\n'}
[0.064833] (agribot_simulation) StdoutLine: {'line': b'-- Up-to-date: /home/xkai/agribot/agribot_ws/install/agribot_simulation/share/agribot_simulation/urdf/meshes/wheels\n'}
[0.064911] (agribot_simulation) StdoutLine: {'line': b'-- Up-to-date: /home/xkai/agribot/agribot_ws/install/agribot_simulation/share/agribot_simulation/urdf/meshes/wheels/right_tire.stl\n'}
[0.068767] (agribot_simulation) StdoutLine: {'line': b'-- Up-to-date: /home/xkai/agribot/agribot_ws/install/agribot_simulation/share/agribot_simulation/urdf/meshes/wheels/left_tire.stl\n'}
[0.068998] (agribot_simulation) StdoutLine: {'line': b'-- Up-to-date: /home/xkai/agribot/agribot_ws/install/agribot_simulation/share/agribot_simulation/urdf/meshes/mini_4wd_robot_meshes\n'}
[0.069089] (agribot_simulation) StdoutLine: {'line': b'-- Up-to-date: /home/xkai/agribot/agribot_ws/install/agribot_simulation/share/agribot_simulation/urdf/meshes/mini_4wd_robot_meshes/controller_link.STL\n'}
[0.069169] (agribot_simulation) StdoutLine: {'line': b'-- Up-to-date: /home/xkai/agribot/agribot_ws/install/agribot_simulation/share/agribot_simulation/urdf/meshes/mini_4wd_robot_meshes/rb_wheel_link.STL\n'}
[0.069251] (agribot_simulation) StdoutLine: {'line': b'-- Up-to-date: /home/xkai/agribot/agribot_ws/install/agribot_simulation/share/agribot_simulation/urdf/meshes/mini_4wd_robot_meshes/lb_wheel_link.STL\n'}
[0.069329] (agribot_simulation) StdoutLine: {'line': b'-- Up-to-date: /home/xkai/agribot/agribot_ws/install/agribot_simulation/share/agribot_simulation/urdf/meshes/mini_4wd_robot_meshes/camera_link.STL\n'}
[0.069444] (livox_ros_driver2) StdoutLine: {'line': b'[  1%] Built target livox_interfaces2__cpp\n'}
[0.069894] (agribot_simulation) StdoutLine: {'line': b'-- Up-to-date: /home/xkai/agribot/agribot_ws/install/agribot_simulation/share/agribot_simulation/urdf/meshes/mini_4wd_robot_meshes/rf_wheel_link.STL\n'}
[0.069995] (agribot_simulation) StdoutLine: {'line': b'-- Up-to-date: /home/xkai/agribot/agribot_ws/install/agribot_simulation/share/agribot_simulation/urdf/meshes/mini_4wd_robot_meshes/lf_wheel_link.STL\n'}
[0.070084] (agribot_simulation) StdoutLine: {'line': b'-- Up-to-date: /home/xkai/agribot/agribot_ws/install/agribot_simulation/share/agribot_simulation/urdf/meshes/mini_4wd_robot_meshes/base_link.STL\n'}
[0.070172] (agribot_simulation) StdoutLine: {'line': b'-- Up-to-date: /home/xkai/agribot/agribot_ws/install/agribot_simulation/share/agribot_simulation/urdf/meshes/mini_4wd_robot_meshes/laser.STL\n'}
[0.070259] (agribot_simulation) StdoutLine: {'line': b'-- Up-to-date: /home/xkai/agribot/agribot_ws/install/agribot_simulation/share/agribot_simulation/urdf/meshes/bases\n'}
[0.070354] (agribot_simulation) StdoutLine: {'line': b'-- Up-to-date: /home/xkai/agribot/agribot_ws/install/agribot_simulation/share/agribot_simulation/urdf/meshes/bases/waffle_pi_base.stl\n'}
[0.070449] (agribot_simulation) StdoutLine: {'line': b'-- Up-to-date: /home/xkai/agribot/agribot_ws/install/agribot_simulation/share/agribot_simulation/urdf/meshes/bases/burger_base.stl\n'}
[0.070532] (agribot_simulation) StdoutLine: {'line': b'-- Up-to-date: /home/xkai/agribot/agribot_ws/install/agribot_simulation/share/agribot_simulation/urdf/meshes/bases/waffle_base.stl\n'}
[0.070611] (agribot_simulation) StdoutLine: {'line': b'-- Up-to-date: /home/xkai/agribot/agribot_ws/install/agribot_simulation/share/agribot_simulation/urdf/meshes/sensors\n'}
[0.070694] (agribot_simulation) StdoutLine: {'line': b'-- Up-to-date: /home/xkai/agribot/agribot_ws/install/agribot_simulation/share/agribot_simulation/urdf/meshes/sensors/lds.stl\n'}
[0.070776] (agribot_simulation) StdoutLine: {'line': b'-- Up-to-date: /home/xkai/agribot/agribot_ws/install/agribot_simulation/share/agribot_simulation/urdf/meshes/sensors/astra.dae\n'}
[0.070856] (agribot_simulation) StdoutLine: {'line': b'-- Up-to-date: /home/xkai/agribot/agribot_ws/install/agribot_simulation/share/agribot_simulation/urdf/meshes/sensors/r200.jpg\n'}
[0.070938] (agribot_simulation) StdoutLine: {'line': b'-- Up-to-date: /home/xkai/agribot/agribot_ws/install/agribot_simulation/share/agribot_simulation/urdf/meshes/sensors/r200.dae\n'}
[0.071023] (agribot_simulation) StdoutLine: {'line': b'-- Up-to-date: /home/xkai/agribot/agribot_ws/install/agribot_simulation/share/agribot_simulation/urdf/meshes/sensors/astra.jpg\n'}
[0.071103] (agribot_simulation) StdoutLine: {'line': b'-- Up-to-date: /home/xkai/agribot/agribot_ws/install/agribot_simulation/share/agribot_simulation/urdf/first_robot.urdf\n'}
[0.071187] (agribot_simulation) StdoutLine: {'line': b'-- Up-to-date: /home/xkai/agribot/agribot_ws/install/agribot_simulation/share/agribot_simulation/urdf/agribot\n'}
[0.071270] (agribot_simulation) StdoutLine: {'line': b'-- Up-to-date: /home/xkai/agribot/agribot_ws/install/agribot_simulation/share/agribot_simulation/urdf/agribot/mini_4wd_robot.urdf.xacro\n'}
[0.071357] (agribot_simulation) StdoutLine: {'line': b'-- Up-to-date: /home/xkai/agribot/agribot_ws/install/agribot_simulation/share/agribot_simulation/urdf/agribot/mini_4wd_robot.urdf\n'}
[0.071458] (agribot_simulation) StdoutLine: {'line': b'-- Up-to-date: /home/xkai/agribot/agribot_ws/install/agribot_simulation/share/agribot_simulation/urdf/agribot/plugins\n'}
[0.071542] (agribot_simulation) StdoutLine: {'line': b'-- Up-to-date: /home/xkai/agribot/agribot_ws/install/agribot_simulation/share/agribot_simulation/urdf/agribot/plugins/gazebo_sensor_plugin.xacro\n'}
[0.071624] (agribot_simulation) StdoutLine: {'line': b'-- Up-to-date: /home/xkai/agribot/agribot_ws/install/agribot_simulation/share/agribot_simulation/urdf/agribot/plugins/gazebo_control_plugin.xacro\n'}
[0.071707] (agribot_simulation) StdoutLine: {'line': b'-- Up-to-date: /home/xkai/agribot/agribot_ws/install/agribot_simulation/share/agribot_simulation/urdf/agribot/agribot.ros2_control.xacro\n'}
[0.071791] (agribot_simulation) StdoutLine: {'line': b'-- Up-to-date: /home/xkai/agribot/agribot_ws/install/agribot_simulation/share/agribot_simulation/urdf/agribot/sensors\n'}
[0.071872] (agribot_simulation) StdoutLine: {'line': b'-- Up-to-date: /home/xkai/agribot/agribot_ws/install/agribot_simulation/share/agribot_simulation/urdf/agribot/sensors/imu.urdf.xacro\n'}
[0.071953] (agribot_simulation) StdoutLine: {'line': b'-- Up-to-date: /home/xkai/agribot/agribot_ws/install/agribot_simulation/share/agribot_simulation/urdf/agribot/agribot.gazebo.xacro\n'}
[0.072036] (agribot_simulation) StdoutLine: {'line': b'-- Up-to-date: /home/xkai/agribot/agribot_ws/install/agribot_simulation/share/agribot_simulation/urdf/agribot/agribot.urdf.xacro\n'}
[0.072115] (agribot_simulation) StdoutLine: {'line': b'-- Up-to-date: /home/xkai/agribot/agribot_ws/install/agribot_simulation/share/agribot_simulation/config\n'}
[0.072197] (agribot_simulation) StdoutLine: {'line': b'-- Up-to-date: /home/xkai/agribot/agribot_ws/install/agribot_simulation/share/agribot_simulation/config/diaplay_robot_model.rviz\n'}
[0.072281] (agribot_simulation) StdoutLine: {'line': b'-- Up-to-date: /home/xkai/agribot/agribot_ws/install/agribot_simulation/share/agribot_simulation/config/agribot_ros2_controller.yaml\n'}
[0.072367] (agribot_simulation) StdoutLine: {'line': b'-- Up-to-date: /home/xkai/agribot/agribot_ws/install/agribot_simulation/share/agribot_simulation/world\n'}
[0.072451] (agribot_simulation) StdoutLine: {'line': b'-- Up-to-date: /home/xkai/agribot/agribot_ws/install/agribot_simulation/share/agribot_simulation/world/room\n'}
[0.072531] (agribot_simulation) StdoutLine: {'line': b'-- Up-to-date: /home/xkai/agribot/agribot_ws/install/agribot_simulation/share/agribot_simulation/world/room/model.config\n'}
[0.072608] (agribot_simulation) StdoutLine: {'line': b'-- Up-to-date: /home/xkai/agribot/agribot_ws/install/agribot_simulation/share/agribot_simulation/world/room/model.sdf\n'}
[0.072684] (agribot_simulation) StdoutLine: {'line': b'-- Up-to-date: /home/xkai/agribot/agribot_ws/install/agribot_simulation/share/agribot_simulation/world/cornlinens.world\n'}
[0.072761] (agribot_simulation) StdoutLine: {'line': b'-- Up-to-date: /home/xkai/agribot/agribot_ws/install/agribot_simulation/share/agribot_simulation/world/cornlinens_angular2.world\n'}
[0.072839] (agribot_simulation) StdoutLine: {'line': b'-- Up-to-date: /home/xkai/agribot/agribot_ws/install/agribot_simulation/share/agribot_simulation/world/agri_room.world\n'}
[0.072915] (agribot_simulation) StdoutLine: {'line': b'-- Up-to-date: /home/xkai/agribot/agribot_ws/install/agribot_simulation/share/agribot_simulation/world/cornlinens_angular.world\n'}
[0.072990] (agribot_simulation) StdoutLine: {'line': b'-- Up-to-date: /home/xkai/agribot/agribot_ws/install/agribot_simulation/share/agribot_simulation/world/custom_room.world\n'}
[0.073064] (agribot_simulation) StdoutLine: {'line': b'-- Up-to-date: /home/xkai/agribot/agribot_ws/install/agribot_simulation/share/ament_index/resource_index/package_run_dependencies/agribot_simulation\n'}
[0.073139] (agribot_simulation) StdoutLine: {'line': b'-- Up-to-date: /home/xkai/agribot/agribot_ws/install/agribot_simulation/share/ament_index/resource_index/parent_prefix_path/agribot_simulation\n'}
[0.073218] (agribot_simulation) StdoutLine: {'line': b'-- Installing: /home/xkai/agribot/agribot_ws/install/agribot_simulation/share/agribot_simulation/environment/ament_prefix_path.sh\n'}
[0.073295] (agribot_simulation) StdoutLine: {'line': b'-- Up-to-date: /home/xkai/agribot/agribot_ws/install/agribot_simulation/share/agribot_simulation/environment/ament_prefix_path.dsv\n'}
[0.073650] (agribot_simulation) StdoutLine: {'line': b'-- Installing: /home/xkai/agribot/agribot_ws/install/agribot_simulation/share/agribot_simulation/environment/path.sh\n'}
[0.073753] (centerline_extraction) StdoutLine: {'line': b'\x1b[35m\x1b[1mConsolidate compiler generated dependencies of target pcl_learning\x1b[0m\n'}
[0.073862] (agribot_simulation) StdoutLine: {'line': b'-- Up-to-date: /home/xkai/agribot/agribot_ws/install/agribot_simulation/share/agribot_simulation/environment/path.dsv\n'}
[0.073945] (agribot_simulation) StdoutLine: {'line': b'-- Up-to-date: /home/xkai/agribot/agribot_ws/install/agribot_simulation/share/agribot_simulation/local_setup.bash\n'}
[0.074025] (agribot_simulation) StdoutLine: {'line': b'-- Up-to-date: /home/xkai/agribot/agribot_ws/install/agribot_simulation/share/agribot_simulation/local_setup.sh\n'}
[0.074102] (agribot_simulation) StdoutLine: {'line': b'-- Up-to-date: /home/xkai/agribot/agribot_ws/install/agribot_simulation/share/agribot_simulation/local_setup.zsh\n'}
[0.074178] (agribot_simulation) StdoutLine: {'line': b'-- Up-to-date: /home/xkai/agribot/agribot_ws/install/agribot_simulation/share/agribot_simulation/local_setup.dsv\n'}
[0.074255] (agribot_simulation) StdoutLine: {'line': b'-- Installing: /home/xkai/agribot/agribot_ws/install/agribot_simulation/share/agribot_simulation/package.dsv\n'}
[0.074336] (agribot_simulation) StdoutLine: {'line': b'-- Up-to-date: /home/xkai/agribot/agribot_ws/install/agribot_simulation/share/ament_index/resource_index/packages/agribot_simulation\n'}
[0.074434] (agribot_simulation) StdoutLine: {'line': b'-- Up-to-date: /home/xkai/agribot/agribot_ws/install/agribot_simulation/share/agribot_simulation/cmake/agribot_simulationConfig.cmake\n'}
[0.074524] (agribot_simulation) StdoutLine: {'line': b'-- Up-to-date: /home/xkai/agribot/agribot_ws/install/agribot_simulation/share/agribot_simulation/cmake/agribot_simulationConfig-version.cmake\n'}
[0.074604] (agribot_simulation) StdoutLine: {'line': b'-- Up-to-date: /home/xkai/agribot/agribot_ws/install/agribot_simulation/share/agribot_simulation/package.xml\n'}
[0.074685] (centerline_extraction) StdoutLine: {'line': b'\x1b[35m\x1b[1mConsolidate compiler generated dependencies of target centerline_extract\x1b[0m\n'}
[0.074773] (livox_ros_driver2) StdoutLine: {'line': b'[  8%] Built target livox_interfaces2__rosidl_generator_c\n'}
[0.077296] (agribot_simulation) CommandEnded: {'returncode': 0}
[0.077720] (livox_ros_driver2) StdoutLine: {'line': b'[ 12%] Built target livox_ros_driver2_node\n'}
[0.077826] (livox_ros_driver2) StdoutLine: {'line': b'[ 12%] Built target ament_cmake_python_copy_livox_ros_driver2\n'}
[0.077903] (centerline_extraction) StdoutLine: {'line': b'\x1b[35m\x1b[1mConsolidate compiler generated dependencies of target cornfield_navigation_node\x1b[0m\n'}
[0.077988] (livox_ros_driver2) StdoutLine: {'line': b'\x1b[35m\x1b[1mConsolidate compiler generated dependencies of target livox_interfaces2__rosidl_typesupport_introspection_cpp\x1b[0m\n'}
[0.084829] (livox_ros_driver2) StdoutLine: {'line': b'\x1b[35m\x1b[1mConsolidate compiler generated dependencies of target livox_interfaces2__rosidl_typesupport_cpp\x1b[0m\n'}
[0.086442] (livox_ros_driver2) StdoutLine: {'line': b'\x1b[35m\x1b[1mConsolidate compiler generated dependencies of target livox_interfaces2__rosidl_typesupport_fastrtps_cpp\x1b[0m\n'}
[0.090114] (livox_ros_driver2) StdoutLine: {'line': b'\x1b[35m\x1b[1mConsolidate compiler generated dependencies of target livox_interfaces2__rosidl_typesupport_introspection_c\x1b[0m\n'}
[0.091091] (livox_ros_driver2) StdoutLine: {'line': b'\x1b[35m\x1b[1mConsolidate compiler generated dependencies of target livox_interfaces2__rosidl_typesupport_c\x1b[0m\n'}
[0.091295] (livox_ros_driver2) StdoutLine: {'line': b'\x1b[35m\x1b[1mConsolidate compiler generated dependencies of target livox_interfaces2__rosidl_typesupport_fastrtps_c\x1b[0m\n'}
[0.091739] (centerline_extraction) StdoutLine: {'line': b'[ 22%] Built target centerline_extract\n'}
[0.093796] (centerline_extraction) StdoutLine: {'line': b'[ 44%] Built target pcl_learning\n'}
[0.096217] (livox_ros_driver2) StdoutLine: {'line': b'[ 19%] Built target livox_interfaces2__rosidl_typesupport_introspection_cpp\n'}
[0.099838] (-) TimerEvent: {}
[0.115675] (agribot_simulation) JobEnded: {'identifier': 'agribot_simulation', 'rc': 0}
[0.116107] (livox_ros_driver2) StdoutLine: {'line': b'[ 33%] Built target livox_interfaces2__rosidl_typesupport_cpp\n'}
[0.116227] (livox_ros_driver2) StdoutLine: {'line': b'[ 33%] Built target livox_interfaces2__rosidl_typesupport_fastrtps_cpp\n'}
[0.117609] (livox_ros_driver2) StdoutLine: {'line': b'[ 45%] Built target livox_interfaces2__rosidl_typesupport_introspection_c\n'}
[0.117814] (livox_ros_driver2) StdoutLine: {'line': b'[ 47%] Built target livox_interfaces2__rosidl_typesupport_c\n'}
[0.118683] (livox_ros_driver2) StdoutLine: {'line': b'[ 54%] Built target livox_interfaces2__rosidl_typesupport_fastrtps_c\n'}
[0.129572] (centerline_extraction) StdoutLine: {'line': b'[100%] Built target cornfield_navigation_node\n'}
[0.134059] (livox_ros_driver2) StdoutLine: {'line': b'[ 54%] Built target livox_interfaces2\n'}
[0.137786] (centerline_extraction) CommandEnded: {'returncode': 0}
[0.138378] (centerline_extraction) JobProgress: {'identifier': 'centerline_extraction', 'progress': 'install'}
[0.138928] (centerline_extraction) Command: {'cmd': ['/usr/bin/cmake', '--install', '/home/xkai/agribot/agribot_ws/build/centerline_extraction'], 'cwd': '/home/xkai/agribot/agribot_ws/build/centerline_extraction', 'env': OrderedDict([('LESSOPEN', '| /usr/bin/lesspipe %s'), ('LANGUAGE', 'zh_CN:zh'), ('USER', 'xkai'), ('XDG_SESSION_TYPE', 'x11'), ('SHLVL', '1'), ('LD_LIBRARY_PATH', '/usr/lib/x86_64-linux-gnu/gazebo-11/plugins:/opt/ros/humble/opt/rviz_ogre_vendor/lib:/opt/ros/humble/lib/x86_64-linux-gnu:/opt/ros/humble/lib'), ('HOME', '/home/xkai'), ('DESKTOP_SESSION', 'ubuntu'), ('ROS_PYTHON_VERSION', '3'), ('GNOME_SHELL_SESSION_MODE', 'ubuntu'), ('GTK_MODULES', 'gail:atk-bridge'), ('DBUS_STARTER_BUS_TYPE', 'session'), ('SYSTEMD_EXEC_PID', '1771'), ('DBUS_SESSION_BUS_ADDRESS', 'unix:path=/run/user/1000/bus,guid=3c37591b5e78eef04b7cc03968bce2de'), ('COLORTERM', 'truecolor'), ('ROS_DISTRO', 'humble'), ('GTK_IM_MODULE', 'ibus'), ('LOGNAME', 'xkai'), ('_', '/usr/bin/colcon'), ('ROS_VERSION', '2'), ('XDG_SESSION_CLASS', 'user'), ('USERNAME', 'xkai'), ('TERM', 'xterm-256color'), ('GNOME_DESKTOP_SESSION_ID', 'this-is-deprecated'), ('ROS_LOCALHOST_ONLY', '0'), ('WINDOWPATH', '2'), ('PATH', '/opt/ros/humble/bin:/usr/local/sbin:/usr/local/bin:/usr/sbin:/usr/bin:/sbin:/bin:/usr/games:/usr/local/games:/snap/bin:/snap/bin'), ('SESSION_MANAGER', 'local/xkai-Ubuntun:@/tmp/.ICE-unix/1771,unix/xkai-Ubuntun:/tmp/.ICE-unix/1771'), ('XDG_MENU_PREFIX', 'gnome-'), ('GNOME_TERMINAL_SCREEN', '/org/gnome/Terminal/screen/a75f91f8_973b_40a4_bf00_d0df8d56385d'), ('XDG_RUNTIME_DIR', '/run/user/1000'), ('DISPLAY', ':1'), ('LANG', 'zh_CN.UTF-8'), ('XDG_CURRENT_DESKTOP', 'ubuntu:GNOME'), ('XMODIFIERS', '@im=ibus'), ('XDG_SESSION_DESKTOP', 'ubuntu'), ('XAUTHORITY', '/run/user/1000/gdm/Xauthority'), ('LS_COLORS', 'rs=0:di=01;34:ln=01;36:mh=00:pi=40;33:so=01;35:do=01;35:bd=40;33;01:cd=40;33;01:or=40;31;01:mi=00:su=37;41:sg=30;43:ca=30;41:tw=30;42:ow=34;42:st=37;44:ex=01;32:*.tar=01;31:*.tgz=01;31:*.arc=01;31:*.arj=01;31:*.taz=01;31:*.lha=01;31:*.lz4=01;31:*.lzh=01;31:*.lzma=01;31:*.tlz=01;31:*.txz=01;31:*.tzo=01;31:*.t7z=01;31:*.zip=01;31:*.z=01;31:*.dz=01;31:*.gz=01;31:*.lrz=01;31:*.lz=01;31:*.lzo=01;31:*.xz=01;31:*.zst=01;31:*.tzst=01;31:*.bz2=01;31:*.bz=01;31:*.tbz=01;31:*.tbz2=01;31:*.tz=01;31:*.deb=01;31:*.rpm=01;31:*.jar=01;31:*.war=01;31:*.ear=01;31:*.sar=01;31:*.rar=01;31:*.alz=01;31:*.ace=01;31:*.zoo=01;31:*.cpio=01;31:*.7z=01;31:*.rz=01;31:*.cab=01;31:*.wim=01;31:*.swm=01;31:*.dwm=01;31:*.esd=01;31:*.jpg=01;35:*.jpeg=01;35:*.mjpg=01;35:*.mjpeg=01;35:*.gif=01;35:*.bmp=01;35:*.pbm=01;35:*.pgm=01;35:*.ppm=01;35:*.tga=01;35:*.xbm=01;35:*.xpm=01;35:*.tif=01;35:*.tiff=01;35:*.png=01;35:*.svg=01;35:*.svgz=01;35:*.mng=01;35:*.pcx=01;35:*.mov=01;35:*.mpg=01;35:*.mpeg=01;35:*.m2v=01;35:*.mkv=01;35:*.webm=01;35:*.webp=01;35:*.ogm=01;35:*.mp4=01;35:*.m4v=01;35:*.mp4v=01;35:*.vob=01;35:*.qt=01;35:*.nuv=01;35:*.wmv=01;35:*.asf=01;35:*.rm=01;35:*.rmvb=01;35:*.flc=01;35:*.avi=01;35:*.fli=01;35:*.flv=01;35:*.gl=01;35:*.dl=01;35:*.xcf=01;35:*.xwd=01;35:*.yuv=01;35:*.cgm=01;35:*.emf=01;35:*.ogv=01;35:*.ogx=01;35:*.aac=00;36:*.au=00;36:*.flac=00;36:*.m4a=00;36:*.mid=00;36:*.midi=00;36:*.mka=00;36:*.mp3=00;36:*.mpc=00;36:*.ogg=00;36:*.ra=00;36:*.wav=00;36:*.oga=00;36:*.opus=00;36:*.spx=00;36:*.xspf=00;36:'), ('GNOME_TERMINAL_SERVICE', ':1.111'), ('SSH_AGENT_LAUNCHER', 'gnome-keyring'), ('SSH_AUTH_SOCK', '/run/user/1000/keyring/ssh'), ('AMENT_PREFIX_PATH', '/opt/ros/humble'), ('SHELL', '/bin/bash'), ('QT_ACCESSIBILITY', '1'), ('GDMSESSION', 'ubuntu'), ('LESSCLOSE', '/usr/bin/lesspipe %s %s'), ('GPG_AGENT_INFO', '/run/user/1000/gnupg/S.gpg-agent:0:1'), ('QT_IM_MODULE', 'ibus'), ('PWD', '/home/xkai/agribot/agribot_ws/build/centerline_extraction'), ('XDG_CONFIG_DIRS', '/etc/xdg/xdg-ubuntu:/etc/xdg'), ('DBUS_STARTER_ADDRESS', 'unix:path=/run/user/1000/bus,guid=3c37591b5e78eef04b7cc03968bce2de'), ('XDG_DATA_DIRS', '/usr/share/ubuntu:/usr/share/gnome:/usr/local/share/:/usr/share/:/var/lib/snapd/desktop'), ('PYTHONPATH', '/opt/ros/humble/lib/python3.10/site-packages:/opt/ros/humble/local/lib/python3.10/dist-packages'), ('COLCON', '1'), ('VTE_VERSION', '6800'), ('CMAKE_PREFIX_PATH', '/opt/ros/humble')]), 'shell': False}
[0.139713] (livox_ros_driver2) StdoutLine: {'line': b'\x1b[35m\x1b[1mConsolidate compiler generated dependencies of target livox_ros_driver2\x1b[0m\n'}
[0.145593] (centerline_extraction) StdoutLine: {'line': b'-- Install configuration: ""\n'}
[0.145819] (centerline_extraction) StdoutLine: {'line': b'-- Up-to-date: /home/xkai/agribot/agribot_ws/install/centerline_extraction/lib/centerline_extraction/pcl_learning\n'}
[0.146053] (centerline_extraction) StdoutLine: {'line': b'-- Up-to-date: /home/xkai/agribot/agribot_ws/install/centerline_extraction/lib/centerline_extraction/centerline_extract\n'}
[0.146313] (centerline_extraction) StdoutLine: {'line': b'-- Up-to-date: /home/xkai/agribot/agribot_ws/install/centerline_extraction/lib/centerline_extraction/cornfield_navigation_node\n'}
[0.146478] (centerline_extraction) StdoutLine: {'line': b'-- Up-to-date: /home/xkai/agribot/agribot_ws/install/centerline_extraction/include//include\n'}
[0.146611] (centerline_extraction) StdoutLine: {'line': b'-- Up-to-date: /home/xkai/agribot/agribot_ws/install/centerline_extraction/include//include/centerline_extraction\n'}
[0.146769] (centerline_extraction) StdoutLine: {'line': b'-- Up-to-date: /home/xkai/agribot/agribot_ws/install/centerline_extraction/include//include/centerline_extraction/obstacle_detector.hpp\n'}
[0.146870] (centerline_extraction) StdoutLine: {'line': b'-- Up-to-date: /home/xkai/agribot/agribot_ws/install/centerline_extraction/include//include/centerline_extraction/pure_pursuit_controller copy.hpp\n'}
[0.146962] (centerline_extraction) StdoutLine: {'line': b'-- Up-to-date: /home/xkai/agribot/agribot_ws/install/centerline_extraction/include//include/centerline_extraction/pure_pursuit_controller.hpp\n'}
[0.147053] (centerline_extraction) StdoutLine: {'line': b'-- Up-to-date: /home/xkai/agribot/agribot_ws/install/centerline_extraction/include//include/centerline_extraction/corn_row_detector.hpp\n'}
[0.147141] (centerline_extraction) StdoutLine: {'line': b'-- Up-to-date: /home/xkai/agribot/agribot_ws/install/centerline_extraction/include//include/centerline_extraction/corn_row_detector copy.hpp\n'}
[0.147231] (centerline_extraction) StdoutLine: {'line': b'-- Up-to-date: /home/xkai/agribot/agribot_ws/install/centerline_extraction/share/ament_index/resource_index/package_run_dependencies/centerline_extraction\n'}
[0.147318] (centerline_extraction) StdoutLine: {'line': b'-- Up-to-date: /home/xkai/agribot/agribot_ws/install/centerline_extraction/share/ament_index/resource_index/parent_prefix_path/centerline_extraction\n'}
[0.147485] (centerline_extraction) StdoutLine: {'line': b'-- Installing: /home/xkai/agribot/agribot_ws/install/centerline_extraction/share/centerline_extraction/environment/ament_prefix_path.sh\n'}
[0.147584] (centerline_extraction) StdoutLine: {'line': b'-- Up-to-date: /home/xkai/agribot/agribot_ws/install/centerline_extraction/share/centerline_extraction/environment/ament_prefix_path.dsv\n'}
[0.147676] (centerline_extraction) StdoutLine: {'line': b'-- Installing: /home/xkai/agribot/agribot_ws/install/centerline_extraction/share/centerline_extraction/environment/path.sh\n'}
[0.147768] (centerline_extraction) StdoutLine: {'line': b'-- Up-to-date: /home/xkai/agribot/agribot_ws/install/centerline_extraction/share/centerline_extraction/environment/path.dsv\n'}
[0.147860] (centerline_extraction) StdoutLine: {'line': b'-- Up-to-date: /home/xkai/agribot/agribot_ws/install/centerline_extraction/share/centerline_extraction/local_setup.bash\n'}
[0.147952] (centerline_extraction) StdoutLine: {'line': b'-- Up-to-date: /home/xkai/agribot/agribot_ws/install/centerline_extraction/share/centerline_extraction/local_setup.sh\n'}
[0.148044] (centerline_extraction) StdoutLine: {'line': b'-- Up-to-date: /home/xkai/agribot/agribot_ws/install/centerline_extraction/share/centerline_extraction/local_setup.zsh\n'}
[0.148135] (centerline_extraction) StdoutLine: {'line': b'-- Up-to-date: /home/xkai/agribot/agribot_ws/install/centerline_extraction/share/centerline_extraction/local_setup.dsv\n'}
[0.148275] (centerline_extraction) StdoutLine: {'line': b'-- Up-to-date: /home/xkai/agribot/agribot_ws/install/centerline_extraction/share/centerline_extraction/package.dsv\n'}
[0.148376] (centerline_extraction) StdoutLine: {'line': b'-- Up-to-date: /home/xkai/agribot/agribot_ws/install/centerline_extraction/share/ament_index/resource_index/packages/centerline_extraction\n'}
[0.148471] (centerline_extraction) StdoutLine: {'line': b'-- Up-to-date: /home/xkai/agribot/agribot_ws/install/centerline_extraction/share/centerline_extraction/cmake/centerline_extractionConfig.cmake\n'}
[0.148554] (centerline_extraction) StdoutLine: {'line': b'-- Up-to-date: /home/xkai/agribot/agribot_ws/install/centerline_extraction/share/centerline_extraction/cmake/centerline_extractionConfig-version.cmake\n'}
[0.148637] (centerline_extraction) StdoutLine: {'line': b'-- Up-to-date: /home/xkai/agribot/agribot_ws/install/centerline_extraction/share/centerline_extraction/package.xml\n'}
[0.149327] (centerline_extraction) CommandEnded: {'returncode': 0}
[0.150506] (livox_ros_driver2) StdoutLine: {'line': b'[ 56%] Built target livox_interfaces2__py\n'}
[0.159434] (livox_ros_driver2) StdoutLine: {'line': b'\x1b[35m\x1b[1mConsolidate compiler generated dependencies of target livox_interfaces2__rosidl_generator_py\x1b[0m\n'}
[0.160760] (centerline_extraction) JobEnded: {'identifier': 'centerline_extraction', 'rc': 0}
[0.168680] (livox_ros_driver2) StdoutLine: {'line': b'[ 61%] Built target livox_interfaces2__rosidl_generator_py\n'}
[0.169481] (livox_ros_driver2) StdoutLine: {'line': b'[ 89%] Built target livox_ros_driver2\n'}
[0.176881] (livox_ros_driver2) StdoutLine: {'line': b'\x1b[35m\x1b[1mConsolidate compiler generated dependencies of target livox_ros_driver2__rosidl_typesupport_fastrtps_c__pyext\x1b[0m\n'}
[0.177094] (livox_ros_driver2) StdoutLine: {'line': b'\x1b[35m\x1b[1mConsolidate compiler generated dependencies of target livox_ros_driver2__rosidl_typesupport_c__pyext\x1b[0m\n'}
[0.178906] (livox_ros_driver2) StdoutLine: {'line': b'\x1b[35m\x1b[1mConsolidate compiler generated dependencies of target livox_ros_driver2__rosidl_typesupport_introspection_c__pyext\x1b[0m\n'}
[0.186106] (livox_ros_driver2) StdoutLine: {'line': b'[ 96%] Built target livox_ros_driver2__rosidl_typesupport_c__pyext\n'}
[0.186297] (livox_ros_driver2) StdoutLine: {'line': b'[ 96%] Built target livox_ros_driver2__rosidl_typesupport_fastrtps_c__pyext\n'}
[0.188796] (livox_ros_driver2) StdoutLine: {'line': b'[100%] Built target livox_ros_driver2__rosidl_typesupport_introspection_c__pyext\n'}
[0.199928] (-) TimerEvent: {}
[0.300116] (-) TimerEvent: {}
[0.303031] (livox_ros_driver2) StdoutLine: {'line': b'running egg_info\n'}
[0.303606] (livox_ros_driver2) StdoutLine: {'line': b'writing livox_ros_driver2.egg-info/PKG-INFO\n'}
[0.303747] (livox_ros_driver2) StdoutLine: {'line': b'writing dependency_links to livox_ros_driver2.egg-info/dependency_links.txt\n'}
[0.303876] (livox_ros_driver2) StdoutLine: {'line': b'writing top-level names to livox_ros_driver2.egg-info/top_level.txt\n'}
[0.305592] (livox_ros_driver2) StdoutLine: {'line': b"reading manifest file 'livox_ros_driver2.egg-info/SOURCES.txt'\n"}
[0.306092] (livox_ros_driver2) StdoutLine: {'line': b"writing manifest file 'livox_ros_driver2.egg-info/SOURCES.txt'\n"}
[0.325876] (livox_ros_driver2) StdoutLine: {'line': b'[100%] Built target ament_cmake_python_build_livox_ros_driver2_egg\n'}
[0.334202] (livox_ros_driver2) CommandEnded: {'returncode': 0}
[0.334720] (livox_ros_driver2) JobProgress: {'identifier': 'livox_ros_driver2', 'progress': 'install'}
[0.335127] (livox_ros_driver2) Command: {'cmd': ['/usr/bin/cmake', '--install', '/home/xkai/agribot/agribot_ws/build/livox_ros_driver2'], 'cwd': '/home/xkai/agribot/agribot_ws/build/livox_ros_driver2', 'env': OrderedDict([('LESSOPEN', '| /usr/bin/lesspipe %s'), ('LANGUAGE', 'zh_CN:zh'), ('USER', 'xkai'), ('XDG_SESSION_TYPE', 'x11'), ('SHLVL', '1'), ('LD_LIBRARY_PATH', '/usr/lib/x86_64-linux-gnu/gazebo-11/plugins:/opt/ros/humble/opt/rviz_ogre_vendor/lib:/opt/ros/humble/lib/x86_64-linux-gnu:/opt/ros/humble/lib'), ('HOME', '/home/xkai'), ('DESKTOP_SESSION', 'ubuntu'), ('ROS_PYTHON_VERSION', '3'), ('GNOME_SHELL_SESSION_MODE', 'ubuntu'), ('GTK_MODULES', 'gail:atk-bridge'), ('DBUS_STARTER_BUS_TYPE', 'session'), ('SYSTEMD_EXEC_PID', '1771'), ('DBUS_SESSION_BUS_ADDRESS', 'unix:path=/run/user/1000/bus,guid=3c37591b5e78eef04b7cc03968bce2de'), ('COLORTERM', 'truecolor'), ('ROS_DISTRO', 'humble'), ('GTK_IM_MODULE', 'ibus'), ('LOGNAME', 'xkai'), ('_', '/usr/bin/colcon'), ('ROS_VERSION', '2'), ('XDG_SESSION_CLASS', 'user'), ('USERNAME', 'xkai'), ('TERM', 'xterm-256color'), ('GNOME_DESKTOP_SESSION_ID', 'this-is-deprecated'), ('ROS_LOCALHOST_ONLY', '0'), ('WINDOWPATH', '2'), ('PATH', '/opt/ros/humble/bin:/usr/local/sbin:/usr/local/bin:/usr/sbin:/usr/bin:/sbin:/bin:/usr/games:/usr/local/games:/snap/bin:/snap/bin'), ('SESSION_MANAGER', 'local/xkai-Ubuntun:@/tmp/.ICE-unix/1771,unix/xkai-Ubuntun:/tmp/.ICE-unix/1771'), ('XDG_MENU_PREFIX', 'gnome-'), ('GNOME_TERMINAL_SCREEN', '/org/gnome/Terminal/screen/a75f91f8_973b_40a4_bf00_d0df8d56385d'), ('XDG_RUNTIME_DIR', '/run/user/1000'), ('DISPLAY', ':1'), ('LANG', 'zh_CN.UTF-8'), ('XDG_CURRENT_DESKTOP', 'ubuntu:GNOME'), ('XMODIFIERS', '@im=ibus'), ('XDG_SESSION_DESKTOP', 'ubuntu'), ('XAUTHORITY', '/run/user/1000/gdm/Xauthority'), ('LS_COLORS', 'rs=0:di=01;34:ln=01;36:mh=00:pi=40;33:so=01;35:do=01;35:bd=40;33;01:cd=40;33;01:or=40;31;01:mi=00:su=37;41:sg=30;43:ca=30;41:tw=30;42:ow=34;42:st=37;44:ex=01;32:*.tar=01;31:*.tgz=01;31:*.arc=01;31:*.arj=01;31:*.taz=01;31:*.lha=01;31:*.lz4=01;31:*.lzh=01;31:*.lzma=01;31:*.tlz=01;31:*.txz=01;31:*.tzo=01;31:*.t7z=01;31:*.zip=01;31:*.z=01;31:*.dz=01;31:*.gz=01;31:*.lrz=01;31:*.lz=01;31:*.lzo=01;31:*.xz=01;31:*.zst=01;31:*.tzst=01;31:*.bz2=01;31:*.bz=01;31:*.tbz=01;31:*.tbz2=01;31:*.tz=01;31:*.deb=01;31:*.rpm=01;31:*.jar=01;31:*.war=01;31:*.ear=01;31:*.sar=01;31:*.rar=01;31:*.alz=01;31:*.ace=01;31:*.zoo=01;31:*.cpio=01;31:*.7z=01;31:*.rz=01;31:*.cab=01;31:*.wim=01;31:*.swm=01;31:*.dwm=01;31:*.esd=01;31:*.jpg=01;35:*.jpeg=01;35:*.mjpg=01;35:*.mjpeg=01;35:*.gif=01;35:*.bmp=01;35:*.pbm=01;35:*.pgm=01;35:*.ppm=01;35:*.tga=01;35:*.xbm=01;35:*.xpm=01;35:*.tif=01;35:*.tiff=01;35:*.png=01;35:*.svg=01;35:*.svgz=01;35:*.mng=01;35:*.pcx=01;35:*.mov=01;35:*.mpg=01;35:*.mpeg=01;35:*.m2v=01;35:*.mkv=01;35:*.webm=01;35:*.webp=01;35:*.ogm=01;35:*.mp4=01;35:*.m4v=01;35:*.mp4v=01;35:*.vob=01;35:*.qt=01;35:*.nuv=01;35:*.wmv=01;35:*.asf=01;35:*.rm=01;35:*.rmvb=01;35:*.flc=01;35:*.avi=01;35:*.fli=01;35:*.flv=01;35:*.gl=01;35:*.dl=01;35:*.xcf=01;35:*.xwd=01;35:*.yuv=01;35:*.cgm=01;35:*.emf=01;35:*.ogv=01;35:*.ogx=01;35:*.aac=00;36:*.au=00;36:*.flac=00;36:*.m4a=00;36:*.mid=00;36:*.midi=00;36:*.mka=00;36:*.mp3=00;36:*.mpc=00;36:*.ogg=00;36:*.ra=00;36:*.wav=00;36:*.oga=00;36:*.opus=00;36:*.spx=00;36:*.xspf=00;36:'), ('GNOME_TERMINAL_SERVICE', ':1.111'), ('SSH_AGENT_LAUNCHER', 'gnome-keyring'), ('SSH_AUTH_SOCK', '/run/user/1000/keyring/ssh'), ('AMENT_PREFIX_PATH', '/opt/ros/humble'), ('SHELL', '/bin/bash'), ('QT_ACCESSIBILITY', '1'), ('GDMSESSION', 'ubuntu'), ('LESSCLOSE', '/usr/bin/lesspipe %s %s'), ('GPG_AGENT_INFO', '/run/user/1000/gnupg/S.gpg-agent:0:1'), ('QT_IM_MODULE', 'ibus'), ('PWD', '/home/xkai/agribot/agribot_ws/build/livox_ros_driver2'), ('XDG_CONFIG_DIRS', '/etc/xdg/xdg-ubuntu:/etc/xdg'), ('DBUS_STARTER_ADDRESS', 'unix:path=/run/user/1000/bus,guid=3c37591b5e78eef04b7cc03968bce2de'), ('XDG_DATA_DIRS', '/usr/share/ubuntu:/usr/share/gnome:/usr/local/share/:/usr/share/:/var/lib/snapd/desktop'), ('PYTHONPATH', '/opt/ros/humble/lib/python3.10/site-packages:/opt/ros/humble/local/lib/python3.10/dist-packages'), ('COLCON', '1'), ('VTE_VERSION', '6800'), ('CMAKE_PREFIX_PATH', '/opt/ros/humble')]), 'shell': False}
[0.341436] (livox_ros_driver2) StdoutLine: {'line': b'-- Install configuration: ""\n'}
[0.341600] (livox_ros_driver2) StdoutLine: {'line': b'-- Up-to-date: /home/xkai/agribot/agribot_ws/install/livox_ros_driver2/share/ament_index/resource_index/rosidl_interfaces/livox_ros_driver2\n'}
[0.341662] (livox_ros_driver2) StdoutLine: {'line': b'-- Up-to-date: /home/xkai/agribot/agribot_ws/install/livox_ros_driver2/include/livox_ros_driver2/livox_ros_driver2\n'}
[0.341800] (livox_ros_driver2) StdoutLine: {'line': b'-- Up-to-date: /home/xkai/agribot/agribot_ws/install/livox_ros_driver2/include/livox_ros_driver2/livox_ros_driver2/msg\n'}
[0.341851] (livox_ros_driver2) StdoutLine: {'line': b'-- Up-to-date: /home/xkai/agribot/agribot_ws/install/livox_ros_driver2/include/livox_ros_driver2/livox_ros_driver2/msg/detail\n'}
[0.341898] (livox_ros_driver2) StdoutLine: {'line': b'-- Up-to-date: /home/xkai/agribot/agribot_ws/install/livox_ros_driver2/include/livox_ros_driver2/livox_ros_driver2/msg/detail/custom_point__functions.h\n'}
[0.341945] (livox_ros_driver2) StdoutLine: {'line': b'-- Up-to-date: /home/xkai/agribot/agribot_ws/install/livox_ros_driver2/include/livox_ros_driver2/livox_ros_driver2/msg/detail/custom_msg__struct.h\n'}
[0.341991] (livox_ros_driver2) StdoutLine: {'line': b'-- Up-to-date: /home/xkai/agribot/agribot_ws/install/livox_ros_driver2/include/livox_ros_driver2/livox_ros_driver2/msg/detail/custom_msg__functions.c\n'}
[0.342036] (livox_ros_driver2) StdoutLine: {'line': b'-- Up-to-date: /home/xkai/agribot/agribot_ws/install/livox_ros_driver2/include/livox_ros_driver2/livox_ros_driver2/msg/detail/custom_msg__type_support.h\n'}
[0.342081] (livox_ros_driver2) StdoutLine: {'line': b'-- Up-to-date: /home/xkai/agribot/agribot_ws/install/livox_ros_driver2/include/livox_ros_driver2/livox_ros_driver2/msg/detail/custom_point__struct.h\n'}
[0.342132] (livox_ros_driver2) StdoutLine: {'line': b'-- Up-to-date: /home/xkai/agribot/agribot_ws/install/livox_ros_driver2/include/livox_ros_driver2/livox_ros_driver2/msg/detail/custom_point__type_support.h\n'}
[0.342177] (livox_ros_driver2) StdoutLine: {'line': b'-- Up-to-date: /home/xkai/agribot/agribot_ws/install/livox_ros_driver2/include/livox_ros_driver2/livox_ros_driver2/msg/detail/custom_msg__functions.h\n'}
[0.342222] (livox_ros_driver2) StdoutLine: {'line': b'-- Up-to-date: /home/xkai/agribot/agribot_ws/install/livox_ros_driver2/include/livox_ros_driver2/livox_ros_driver2/msg/detail/custom_point__functions.c\n'}
[0.342266] (livox_ros_driver2) StdoutLine: {'line': b'-- Up-to-date: /home/xkai/agribot/agribot_ws/install/livox_ros_driver2/include/livox_ros_driver2/livox_ros_driver2/msg/custom_point.h\n'}
[0.342311] (livox_ros_driver2) StdoutLine: {'line': b'-- Up-to-date: /home/xkai/agribot/agribot_ws/install/livox_ros_driver2/include/livox_ros_driver2/livox_ros_driver2/msg/rosidl_generator_c__visibility_control.h\n'}
[0.342366] (livox_ros_driver2) StdoutLine: {'line': b'-- Up-to-date: /home/xkai/agribot/agribot_ws/install/livox_ros_driver2/include/livox_ros_driver2/livox_ros_driver2/msg/custom_msg.h\n'}
[0.342419] (livox_ros_driver2) StdoutLine: {'line': b'-- Installing: /home/xkai/agribot/agribot_ws/install/livox_ros_driver2/share/livox_ros_driver2/environment/library_path.sh\n'}
[0.342500] (livox_ros_driver2) StdoutLine: {'line': b'-- Up-to-date: /home/xkai/agribot/agribot_ws/install/livox_ros_driver2/share/livox_ros_driver2/environment/library_path.dsv\n'}
[0.342578] (livox_ros_driver2) StdoutLine: {'line': b'-- Up-to-date: /home/xkai/agribot/agribot_ws/install/livox_ros_driver2/lib/liblivox_ros_driver2__rosidl_generator_c.so\n'}
[0.342668] (livox_ros_driver2) StdoutLine: {'line': b'-- Up-to-date: /home/xkai/agribot/agribot_ws/install/livox_ros_driver2/include/livox_ros_driver2/livox_ros_driver2\n'}
[0.342741] (livox_ros_driver2) StdoutLine: {'line': b'-- Up-to-date: /home/xkai/agribot/agribot_ws/install/livox_ros_driver2/include/livox_ros_driver2/livox_ros_driver2/msg\n'}
[0.342814] (livox_ros_driver2) StdoutLine: {'line': b'-- Up-to-date: /home/xkai/agribot/agribot_ws/install/livox_ros_driver2/include/livox_ros_driver2/livox_ros_driver2/msg/detail\n'}
[0.342896] (livox_ros_driver2) StdoutLine: {'line': b'-- Up-to-date: /home/xkai/agribot/agribot_ws/install/livox_ros_driver2/include/livox_ros_driver2/livox_ros_driver2/msg/detail/custom_point__rosidl_typesupport_fastrtps_c.h\n'}
[0.342946] (livox_ros_driver2) StdoutLine: {'line': b'-- Up-to-date: /home/xkai/agribot/agribot_ws/install/livox_ros_driver2/include/livox_ros_driver2/livox_ros_driver2/msg/detail/custom_msg__rosidl_typesupport_fastrtps_c.h\n'}
[0.343014] (livox_ros_driver2) StdoutLine: {'line': b'-- Up-to-date: /home/xkai/agribot/agribot_ws/install/livox_ros_driver2/include/livox_ros_driver2/livox_ros_driver2/msg/rosidl_typesupport_fastrtps_c__visibility_control.h\n'}
[0.343061] (livox_ros_driver2) StdoutLine: {'line': b'-- Up-to-date: /home/xkai/agribot/agribot_ws/install/livox_ros_driver2/lib/liblivox_ros_driver2__rosidl_typesupport_fastrtps_c.so\n'}
[0.343156] (livox_ros_driver2) StdoutLine: {'line': b'-- Up-to-date: /home/xkai/agribot/agribot_ws/install/livox_ros_driver2/include/livox_ros_driver2/livox_ros_driver2\n'}
[0.343207] (livox_ros_driver2) StdoutLine: {'line': b'-- Up-to-date: /home/xkai/agribot/agribot_ws/install/livox_ros_driver2/include/livox_ros_driver2/livox_ros_driver2/msg\n'}
[0.343256] (livox_ros_driver2) StdoutLine: {'line': b'-- Up-to-date: /home/xkai/agribot/agribot_ws/install/livox_ros_driver2/include/livox_ros_driver2/livox_ros_driver2/msg/rosidl_typesupport_introspection_c__visibility_control.h\n'}
[0.343306] (livox_ros_driver2) StdoutLine: {'line': b'-- Up-to-date: /home/xkai/agribot/agribot_ws/install/livox_ros_driver2/include/livox_ros_driver2/livox_ros_driver2/msg/detail\n'}
[0.343391] (livox_ros_driver2) StdoutLine: {'line': b'-- Up-to-date: /home/xkai/agribot/agribot_ws/install/livox_ros_driver2/include/livox_ros_driver2/livox_ros_driver2/msg/detail/custom_point__type_support.c\n'}
[0.343475] (livox_ros_driver2) StdoutLine: {'line': b'-- Up-to-date: /home/xkai/agribot/agribot_ws/install/livox_ros_driver2/include/livox_ros_driver2/livox_ros_driver2/msg/detail/custom_point__rosidl_typesupport_introspection_c.h\n'}
[0.343523] (livox_ros_driver2) StdoutLine: {'line': b'-- Up-to-date: /home/xkai/agribot/agribot_ws/install/livox_ros_driver2/include/livox_ros_driver2/livox_ros_driver2/msg/detail/custom_msg__type_support.c\n'}
[0.343568] (livox_ros_driver2) StdoutLine: {'line': b'-- Up-to-date: /home/xkai/agribot/agribot_ws/install/livox_ros_driver2/include/livox_ros_driver2/livox_ros_driver2/msg/detail/custom_msg__rosidl_typesupport_introspection_c.h\n'}
[0.343616] (livox_ros_driver2) StdoutLine: {'line': b'-- Up-to-date: /home/xkai/agribot/agribot_ws/install/livox_ros_driver2/lib/liblivox_ros_driver2__rosidl_typesupport_introspection_c.so\n'}
[0.343692] (livox_ros_driver2) StdoutLine: {'line': b'-- Up-to-date: /home/xkai/agribot/agribot_ws/install/livox_ros_driver2/lib/liblivox_ros_driver2__rosidl_typesupport_c.so\n'}
[0.343794] (livox_ros_driver2) StdoutLine: {'line': b'-- Up-to-date: /home/xkai/agribot/agribot_ws/install/livox_ros_driver2/include/livox_ros_driver2/livox_ros_driver2\n'}
[0.343871] (livox_ros_driver2) StdoutLine: {'line': b'-- Up-to-date: /home/xkai/agribot/agribot_ws/install/livox_ros_driver2/include/livox_ros_driver2/livox_ros_driver2/msg\n'}
[0.343919] (livox_ros_driver2) StdoutLine: {'line': b'-- Up-to-date: /home/xkai/agribot/agribot_ws/install/livox_ros_driver2/include/livox_ros_driver2/livox_ros_driver2/msg/rosidl_generator_cpp__visibility_control.hpp\n'}
[0.344022] (livox_ros_driver2) StdoutLine: {'line': b'-- Up-to-date: /home/xkai/agribot/agribot_ws/install/livox_ros_driver2/include/livox_ros_driver2/livox_ros_driver2/msg/custom_point.hpp\n'}
[0.344071] (livox_ros_driver2) StdoutLine: {'line': b'-- Up-to-date: /home/xkai/agribot/agribot_ws/install/livox_ros_driver2/include/livox_ros_driver2/livox_ros_driver2/msg/detail\n'}
[0.344120] (livox_ros_driver2) StdoutLine: {'line': b'-- Up-to-date: /home/xkai/agribot/agribot_ws/install/livox_ros_driver2/include/livox_ros_driver2/livox_ros_driver2/msg/detail/custom_point__type_support.hpp\n'}
[0.344168] (livox_ros_driver2) StdoutLine: {'line': b'-- Up-to-date: /home/xkai/agribot/agribot_ws/install/livox_ros_driver2/include/livox_ros_driver2/livox_ros_driver2/msg/detail/custom_msg__traits.hpp\n'}
[0.344217] (livox_ros_driver2) StdoutLine: {'line': b'-- Up-to-date: /home/xkai/agribot/agribot_ws/install/livox_ros_driver2/include/livox_ros_driver2/livox_ros_driver2/msg/detail/custom_point__traits.hpp\n'}
[0.344267] (livox_ros_driver2) StdoutLine: {'line': b'-- Up-to-date: /home/xkai/agribot/agribot_ws/install/livox_ros_driver2/include/livox_ros_driver2/livox_ros_driver2/msg/detail/custom_msg__builder.hpp\n'}
[0.344315] (livox_ros_driver2) StdoutLine: {'line': b'-- Up-to-date: /home/xkai/agribot/agribot_ws/install/livox_ros_driver2/include/livox_ros_driver2/livox_ros_driver2/msg/detail/custom_point__builder.hpp\n'}
[0.344393] (livox_ros_driver2) StdoutLine: {'line': b'-- Up-to-date: /home/xkai/agribot/agribot_ws/install/livox_ros_driver2/include/livox_ros_driver2/livox_ros_driver2/msg/detail/custom_msg__type_support.hpp\n'}
[0.344443] (livox_ros_driver2) StdoutLine: {'line': b'-- Up-to-date: /home/xkai/agribot/agribot_ws/install/livox_ros_driver2/include/livox_ros_driver2/livox_ros_driver2/msg/detail/custom_msg__struct.hpp\n'}
[0.344491] (livox_ros_driver2) StdoutLine: {'line': b'-- Up-to-date: /home/xkai/agribot/agribot_ws/install/livox_ros_driver2/include/livox_ros_driver2/livox_ros_driver2/msg/detail/custom_point__struct.hpp\n'}
[0.344540] (livox_ros_driver2) StdoutLine: {'line': b'-- Up-to-date: /home/xkai/agribot/agribot_ws/install/livox_ros_driver2/include/livox_ros_driver2/livox_ros_driver2/msg/custom_msg.hpp\n'}
[0.344588] (livox_ros_driver2) StdoutLine: {'line': b'-- Up-to-date: /home/xkai/agribot/agribot_ws/install/livox_ros_driver2/include/livox_ros_driver2/livox_ros_driver2\n'}
[0.344680] (livox_ros_driver2) StdoutLine: {'line': b'-- Up-to-date: /home/xkai/agribot/agribot_ws/install/livox_ros_driver2/include/livox_ros_driver2/livox_ros_driver2/msg\n'}
[0.344732] (livox_ros_driver2) StdoutLine: {'line': b'-- Up-to-date: /home/xkai/agribot/agribot_ws/install/livox_ros_driver2/include/livox_ros_driver2/livox_ros_driver2/msg/detail\n'}
[0.344780] (livox_ros_driver2) StdoutLine: {'line': b'-- Up-to-date: /home/xkai/agribot/agribot_ws/install/livox_ros_driver2/include/livox_ros_driver2/livox_ros_driver2/msg/detail/custom_point__rosidl_typesupport_fastrtps_cpp.hpp\n'}
[0.344829] (livox_ros_driver2) StdoutLine: {'line': b'-- Installing: /home/xkai/agribot/agribot_ws/install/livox_ros_driver2/include/livox_ros_driver2/livox_ros_driver2/msg/detail/dds_fastrtps\n'}
[0.344878] (livox_ros_driver2) StdoutLine: {'line': b'-- Up-to-date: /home/xkai/agribot/agribot_ws/install/livox_ros_driver2/include/livox_ros_driver2/livox_ros_driver2/msg/detail/custom_msg__rosidl_typesupport_fastrtps_cpp.hpp\n'}
[0.344925] (livox_ros_driver2) StdoutLine: {'line': b'-- Up-to-date: /home/xkai/agribot/agribot_ws/install/livox_ros_driver2/include/livox_ros_driver2/livox_ros_driver2/msg/rosidl_typesupport_fastrtps_cpp__visibility_control.h\n'}
[0.345025] (livox_ros_driver2) StdoutLine: {'line': b'-- Up-to-date: /home/xkai/agribot/agribot_ws/install/livox_ros_driver2/lib/liblivox_ros_driver2__rosidl_typesupport_fastrtps_cpp.so\n'}
[0.345074] (livox_ros_driver2) StdoutLine: {'line': b'-- Up-to-date: /home/xkai/agribot/agribot_ws/install/livox_ros_driver2/include/livox_ros_driver2/livox_ros_driver2\n'}
[0.345123] (livox_ros_driver2) StdoutLine: {'line': b'-- Up-to-date: /home/xkai/agribot/agribot_ws/install/livox_ros_driver2/include/livox_ros_driver2/livox_ros_driver2/msg\n'}
[0.345171] (livox_ros_driver2) StdoutLine: {'line': b'-- Up-to-date: /home/xkai/agribot/agribot_ws/install/livox_ros_driver2/include/livox_ros_driver2/livox_ros_driver2/msg/detail\n'}
[0.345219] (livox_ros_driver2) StdoutLine: {'line': b'-- Up-to-date: /home/xkai/agribot/agribot_ws/install/livox_ros_driver2/include/livox_ros_driver2/livox_ros_driver2/msg/detail/custom_msg__rosidl_typesupport_introspection_cpp.hpp\n'}
[0.345267] (livox_ros_driver2) StdoutLine: {'line': b'-- Up-to-date: /home/xkai/agribot/agribot_ws/install/livox_ros_driver2/include/livox_ros_driver2/livox_ros_driver2/msg/detail/custom_point__rosidl_typesupport_introspection_cpp.hpp\n'}
[0.345316] (livox_ros_driver2) StdoutLine: {'line': b'-- Up-to-date: /home/xkai/agribot/agribot_ws/install/livox_ros_driver2/include/livox_ros_driver2/livox_ros_driver2/msg/detail/custom_point__type_support.cpp\n'}
[0.345380] (livox_ros_driver2) StdoutLine: {'line': b'-- Up-to-date: /home/xkai/agribot/agribot_ws/install/livox_ros_driver2/include/livox_ros_driver2/livox_ros_driver2/msg/detail/custom_msg__type_support.cpp\n'}
[0.345431] (livox_ros_driver2) StdoutLine: {'line': b'-- Up-to-date: /home/xkai/agribot/agribot_ws/install/livox_ros_driver2/lib/liblivox_ros_driver2__rosidl_typesupport_introspection_cpp.so\n'}
[0.345508] (livox_ros_driver2) StdoutLine: {'line': b'-- Up-to-date: /home/xkai/agribot/agribot_ws/install/livox_ros_driver2/lib/liblivox_ros_driver2__rosidl_typesupport_cpp.so\n'}
[0.345603] (livox_ros_driver2) StdoutLine: {'line': b'-- Up-to-date: /home/xkai/agribot/agribot_ws/install/livox_ros_driver2/share/livox_ros_driver2/environment/pythonpath.sh\n'}
[0.345654] (livox_ros_driver2) StdoutLine: {'line': b'-- Up-to-date: /home/xkai/agribot/agribot_ws/install/livox_ros_driver2/share/livox_ros_driver2/environment/pythonpath.dsv\n'}
[0.345728] (livox_ros_driver2) StdoutLine: {'line': b'-- Up-to-date: /home/xkai/agribot/agribot_ws/install/livox_ros_driver2/local/lib/python3.10/dist-packages/livox_ros_driver2-1.0.0-py3.10.egg-info\n'}
[0.345775] (livox_ros_driver2) StdoutLine: {'line': b'-- Installing: /home/xkai/agribot/agribot_ws/install/livox_ros_driver2/local/lib/python3.10/dist-packages/livox_ros_driver2-1.0.0-py3.10.egg-info/SOURCES.txt\n'}
[0.345824] (livox_ros_driver2) StdoutLine: {'line': b'-- Installing: /home/xkai/agribot/agribot_ws/install/livox_ros_driver2/local/lib/python3.10/dist-packages/livox_ros_driver2-1.0.0-py3.10.egg-info/top_level.txt\n'}
[0.345873] (livox_ros_driver2) StdoutLine: {'line': b'-- Installing: /home/xkai/agribot/agribot_ws/install/livox_ros_driver2/local/lib/python3.10/dist-packages/livox_ros_driver2-1.0.0-py3.10.egg-info/dependency_links.txt\n'}
[0.345921] (livox_ros_driver2) StdoutLine: {'line': b'-- Installing: /home/xkai/agribot/agribot_ws/install/livox_ros_driver2/local/lib/python3.10/dist-packages/livox_ros_driver2-1.0.0-py3.10.egg-info/PKG-INFO\n'}
[0.345998] (livox_ros_driver2) StdoutLine: {'line': b'-- Up-to-date: /home/xkai/agribot/agribot_ws/install/livox_ros_driver2/local/lib/python3.10/dist-packages/livox_ros_driver2\n'}
[0.346094] (livox_ros_driver2) StdoutLine: {'line': b'-- Up-to-date: /home/xkai/agribot/agribot_ws/install/livox_ros_driver2/local/lib/python3.10/dist-packages/livox_ros_driver2/__init__.py\n'}
[0.346142] (livox_ros_driver2) StdoutLine: {'line': b'-- Up-to-date: /home/xkai/agribot/agribot_ws/install/livox_ros_driver2/local/lib/python3.10/dist-packages/livox_ros_driver2/_livox_ros_driver2_s.ep.rosidl_typesupport_fastrtps_c.c\n'}
[0.346188] (livox_ros_driver2) StdoutLine: {'line': b'-- Up-to-date: /home/xkai/agribot/agribot_ws/install/livox_ros_driver2/local/lib/python3.10/dist-packages/livox_ros_driver2/livox_ros_driver2_s__rosidl_typesupport_c.cpython-310-x86_64-linux-gnu.so\n'}
[0.346235] (livox_ros_driver2) StdoutLine: {'line': b'-- Up-to-date: /home/xkai/agribot/agribot_ws/install/livox_ros_driver2/local/lib/python3.10/dist-packages/livox_ros_driver2/_livox_ros_driver2_s.ep.rosidl_typesupport_introspection_c.c\n'}
[0.346281] (livox_ros_driver2) StdoutLine: {'line': b'-- Up-to-date: /home/xkai/agribot/agribot_ws/install/livox_ros_driver2/local/lib/python3.10/dist-packages/livox_ros_driver2/livox_ros_driver2_s__rosidl_typesupport_fastrtps_c.cpython-310-x86_64-linux-gnu.so\n'}
[0.346327] (livox_ros_driver2) StdoutLine: {'line': b'-- Up-to-date: /home/xkai/agribot/agribot_ws/install/livox_ros_driver2/local/lib/python3.10/dist-packages/livox_ros_driver2/_livox_ros_driver2_s.ep.rosidl_typesupport_c.c\n'}
[0.346384] (livox_ros_driver2) StdoutLine: {'line': b'-- Up-to-date: /home/xkai/agribot/agribot_ws/install/livox_ros_driver2/local/lib/python3.10/dist-packages/livox_ros_driver2/livox_ros_driver2_s__rosidl_typesupport_introspection_c.cpython-310-x86_64-linux-gnu.so\n'}
[0.346438] (livox_ros_driver2) StdoutLine: {'line': b'-- Up-to-date: /home/xkai/agribot/agribot_ws/install/livox_ros_driver2/local/lib/python3.10/dist-packages/livox_ros_driver2/liblivox_interfaces2__rosidl_generator_py.so\n'}
[0.346487] (livox_ros_driver2) StdoutLine: {'line': b'-- Up-to-date: /home/xkai/agribot/agribot_ws/install/livox_ros_driver2/local/lib/python3.10/dist-packages/livox_ros_driver2/msg\n'}
[0.346532] (livox_ros_driver2) StdoutLine: {'line': b'-- Up-to-date: /home/xkai/agribot/agribot_ws/install/livox_ros_driver2/local/lib/python3.10/dist-packages/livox_ros_driver2/msg/__init__.py\n'}
[0.346578] (livox_ros_driver2) StdoutLine: {'line': b'-- Up-to-date: /home/xkai/agribot/agribot_ws/install/livox_ros_driver2/local/lib/python3.10/dist-packages/livox_ros_driver2/msg/_custom_msg.py\n'}
[0.346623] (livox_ros_driver2) StdoutLine: {'line': b'-- Up-to-date: /home/xkai/agribot/agribot_ws/install/livox_ros_driver2/local/lib/python3.10/dist-packages/livox_ros_driver2/msg/_custom_point_s.c\n'}
[0.346668] (livox_ros_driver2) StdoutLine: {'line': b'-- Up-to-date: /home/xkai/agribot/agribot_ws/install/livox_ros_driver2/local/lib/python3.10/dist-packages/livox_ros_driver2/msg/_custom_point.py\n'}
[0.346712] (livox_ros_driver2) StdoutLine: {'line': b'-- Up-to-date: /home/xkai/agribot/agribot_ws/install/livox_ros_driver2/local/lib/python3.10/dist-packages/livox_ros_driver2/msg/_custom_msg_s.c\n'}
[0.373943] (livox_ros_driver2) StdoutLine: {'line': b"Listing '/home/xkai/agribot/agribot_ws/install/livox_ros_driver2/local/lib/python3.10/dist-packages/livox_ros_driver2'...\n"}
[0.374073] (livox_ros_driver2) StdoutLine: {'line': b"Compiling '/home/xkai/agribot/agribot_ws/install/livox_ros_driver2/local/lib/python3.10/dist-packages/livox_ros_driver2/__init__.py'...\n"}
[0.374134] (livox_ros_driver2) StdoutLine: {'line': b"Listing '/home/xkai/agribot/agribot_ws/install/livox_ros_driver2/local/lib/python3.10/dist-packages/livox_ros_driver2/msg'...\n"}
[0.374185] (livox_ros_driver2) StdoutLine: {'line': b"Compiling '/home/xkai/agribot/agribot_ws/install/livox_ros_driver2/local/lib/python3.10/dist-packages/livox_ros_driver2/msg/__init__.py'...\n"}
[0.374233] (livox_ros_driver2) StdoutLine: {'line': b"Compiling '/home/xkai/agribot/agribot_ws/install/livox_ros_driver2/local/lib/python3.10/dist-packages/livox_ros_driver2/msg/_custom_msg.py'...\n"}
[0.374290] (livox_ros_driver2) StdoutLine: {'line': b"Compiling '/home/xkai/agribot/agribot_ws/install/livox_ros_driver2/local/lib/python3.10/dist-packages/livox_ros_driver2/msg/_custom_point.py'...\n"}
[0.378001] (livox_ros_driver2) StdoutLine: {'line': b'-- Up-to-date: /home/xkai/agribot/agribot_ws/install/livox_ros_driver2/local/lib/python3.10/dist-packages/livox_ros_driver2/livox_ros_driver2_s__rosidl_typesupport_fastrtps_c.cpython-310-x86_64-linux-gnu.so\n'}
[0.378224] (livox_ros_driver2) StdoutLine: {'line': b'-- Up-to-date: /home/xkai/agribot/agribot_ws/install/livox_ros_driver2/local/lib/python3.10/dist-packages/livox_ros_driver2/livox_ros_driver2_s__rosidl_typesupport_introspection_c.cpython-310-x86_64-linux-gnu.so\n'}
[0.378474] (livox_ros_driver2) StdoutLine: {'line': b'-- Up-to-date: /home/xkai/agribot/agribot_ws/install/livox_ros_driver2/local/lib/python3.10/dist-packages/livox_ros_driver2/livox_ros_driver2_s__rosidl_typesupport_c.cpython-310-x86_64-linux-gnu.so\n'}
[0.378713] (livox_ros_driver2) StdoutLine: {'line': b'-- Up-to-date: /home/xkai/agribot/agribot_ws/install/livox_ros_driver2/lib/liblivox_interfaces2__rosidl_generator_py.so\n'}
[0.378917] (livox_ros_driver2) StdoutLine: {'line': b'-- Up-to-date: /home/xkai/agribot/agribot_ws/install/livox_ros_driver2/share/livox_ros_driver2/msg/CustomPoint.idl\n'}
[0.379022] (livox_ros_driver2) StdoutLine: {'line': b'-- Up-to-date: /home/xkai/agribot/agribot_ws/install/livox_ros_driver2/share/livox_ros_driver2/msg/CustomMsg.idl\n'}
[0.379156] (livox_ros_driver2) StdoutLine: {'line': b'-- Up-to-date: /home/xkai/agribot/agribot_ws/install/livox_ros_driver2/share/livox_ros_driver2/msg/CustomPoint.msg\n'}
[0.379250] (livox_ros_driver2) StdoutLine: {'line': b'-- Up-to-date: /home/xkai/agribot/agribot_ws/install/livox_ros_driver2/share/livox_ros_driver2/msg/CustomMsg.msg\n'}
[0.379351] (livox_ros_driver2) StdoutLine: {'line': b'-- Up-to-date: /home/xkai/agribot/agribot_ws/install/livox_ros_driver2/lib/livox_ros_driver2/livox_ros_driver2_node\n'}
[0.379467] (livox_ros_driver2) StdoutLine: {'line': b'-- Up-to-date: /home/xkai/agribot/agribot_ws/install/livox_ros_driver2/lib/liblivox_ros_driver2.so\n'}
[0.379691] (livox_ros_driver2) StdoutLine: {'line': b'-- Up-to-date: /home/xkai/agribot/agribot_ws/install/livox_ros_driver2/share/livox_ros_driver2/config\n'}
[0.379815] (livox_ros_driver2) StdoutLine: {'line': b'-- Up-to-date: /home/xkai/agribot/agribot_ws/install/livox_ros_driver2/share/livox_ros_driver2/config/MID360_config.json\n'}
[0.379904] (livox_ros_driver2) StdoutLine: {'line': b'-- Up-to-date: /home/xkai/agribot/agribot_ws/install/livox_ros_driver2/share/livox_ros_driver2/config/mixed_HAP_MID360_config.json\n'}
[0.379998] (livox_ros_driver2) StdoutLine: {'line': b'-- Up-to-date: /home/xkai/agribot/agribot_ws/install/livox_ros_driver2/share/livox_ros_driver2/config/display_point_cloud_ROS1.rviz\n'}
[0.380087] (livox_ros_driver2) StdoutLine: {'line': b'-- Up-to-date: /home/xkai/agribot/agribot_ws/install/livox_ros_driver2/share/livox_ros_driver2/config/HAP_config.json\n'}
[0.380220] (livox_ros_driver2) StdoutLine: {'line': b'-- Up-to-date: /home/xkai/agribot/agribot_ws/install/livox_ros_driver2/share/livox_ros_driver2/config/display_point_cloud_ROS2.rviz\n'}
[0.380325] (livox_ros_driver2) StdoutLine: {'line': b'-- Up-to-date: /home/xkai/agribot/agribot_ws/install/livox_ros_driver2/share/livox_ros_driver2/launch_ROS2\n'}
[0.380441] (livox_ros_driver2) StdoutLine: {'line': b'-- Up-to-date: /home/xkai/agribot/agribot_ws/install/livox_ros_driver2/share/livox_ros_driver2/launch_ROS2/msg_HAP_launch.py\n'}
[0.380551] (livox_ros_driver2) StdoutLine: {'line': b'-- Up-to-date: /home/xkai/agribot/agribot_ws/install/livox_ros_driver2/share/livox_ros_driver2/launch_ROS2/msg_MID360_launch.py\n'}
[0.380644] (livox_ros_driver2) StdoutLine: {'line': b'-- Up-to-date: /home/xkai/agribot/agribot_ws/install/livox_ros_driver2/share/livox_ros_driver2/launch_ROS2/rviz_MID360_launch.py\n'}
[0.380735] (livox_ros_driver2) StdoutLine: {'line': b'-- Up-to-date: /home/xkai/agribot/agribot_ws/install/livox_ros_driver2/share/livox_ros_driver2/launch_ROS2/rviz_mixed.py\n'}
[0.380824] (livox_ros_driver2) StdoutLine: {'line': b'-- Up-to-date: /home/xkai/agribot/agribot_ws/install/livox_ros_driver2/share/livox_ros_driver2/launch_ROS2/rviz_HAP_launch.py\n'}
[0.380915] (livox_ros_driver2) StdoutLine: {'line': b'-- Up-to-date: /home/xkai/agribot/agribot_ws/install/livox_ros_driver2/share/ament_index/resource_index/package_run_dependencies/livox_ros_driver2\n'}
[0.381001] (livox_ros_driver2) StdoutLine: {'line': b'-- Up-to-date: /home/xkai/agribot/agribot_ws/install/livox_ros_driver2/share/ament_index/resource_index/parent_prefix_path/livox_ros_driver2\n'}
[0.381089] (livox_ros_driver2) StdoutLine: {'line': b'-- Installing: /home/xkai/agribot/agribot_ws/install/livox_ros_driver2/share/livox_ros_driver2/environment/ament_prefix_path.sh\n'}
[0.381181] (livox_ros_driver2) StdoutLine: {'line': b'-- Up-to-date: /home/xkai/agribot/agribot_ws/install/livox_ros_driver2/share/livox_ros_driver2/environment/ament_prefix_path.dsv\n'}
[0.381271] (livox_ros_driver2) StdoutLine: {'line': b'-- Installing: /home/xkai/agribot/agribot_ws/install/livox_ros_driver2/share/livox_ros_driver2/environment/path.sh\n'}
[0.381410] (livox_ros_driver2) StdoutLine: {'line': b'-- Up-to-date: /home/xkai/agribot/agribot_ws/install/livox_ros_driver2/share/livox_ros_driver2/environment/path.dsv\n'}
[0.381522] (livox_ros_driver2) StdoutLine: {'line': b'-- Up-to-date: /home/xkai/agribot/agribot_ws/install/livox_ros_driver2/share/livox_ros_driver2/local_setup.bash\n'}
[0.381615] (livox_ros_driver2) StdoutLine: {'line': b'-- Up-to-date: /home/xkai/agribot/agribot_ws/install/livox_ros_driver2/share/livox_ros_driver2/local_setup.sh\n'}
[0.381705] (livox_ros_driver2) StdoutLine: {'line': b'-- Up-to-date: /home/xkai/agribot/agribot_ws/install/livox_ros_driver2/share/livox_ros_driver2/local_setup.zsh\n'}
[0.381823] (livox_ros_driver2) StdoutLine: {'line': b'-- Up-to-date: /home/xkai/agribot/agribot_ws/install/livox_ros_driver2/share/livox_ros_driver2/local_setup.dsv\n'}
[0.381915] (livox_ros_driver2) StdoutLine: {'line': b'-- Up-to-date: /home/xkai/agribot/agribot_ws/install/livox_ros_driver2/share/livox_ros_driver2/package.dsv\n'}
[0.382006] (livox_ros_driver2) StdoutLine: {'line': b'-- Up-to-date: /home/xkai/agribot/agribot_ws/install/livox_ros_driver2/share/ament_index/resource_index/packages/livox_ros_driver2\n'}
[0.382098] (livox_ros_driver2) StdoutLine: {'line': b'-- Up-to-date: /home/xkai/agribot/agribot_ws/install/livox_ros_driver2/share/livox_ros_driver2/cmake/export_livox_interfaces2__rosidl_generator_cExport.cmake\n'}
[0.382188] (livox_ros_driver2) StdoutLine: {'line': b'-- Up-to-date: /home/xkai/agribot/agribot_ws/install/livox_ros_driver2/share/livox_ros_driver2/cmake/export_livox_interfaces2__rosidl_generator_cExport-noconfig.cmake\n'}
[0.382279] (livox_ros_driver2) StdoutLine: {'line': b'-- Up-to-date: /home/xkai/agribot/agribot_ws/install/livox_ros_driver2/share/livox_ros_driver2/cmake/export_livox_interfaces2__rosidl_typesupport_fastrtps_cExport.cmake\n'}
[0.382432] (livox_ros_driver2) StdoutLine: {'line': b'-- Up-to-date: /home/xkai/agribot/agribot_ws/install/livox_ros_driver2/share/livox_ros_driver2/cmake/export_livox_interfaces2__rosidl_typesupport_fastrtps_cExport-noconfig.cmake\n'}
[0.382538] (livox_ros_driver2) StdoutLine: {'line': b'-- Up-to-date: /home/xkai/agribot/agribot_ws/install/livox_ros_driver2/share/livox_ros_driver2/cmake/livox_interfaces2__rosidl_typesupport_introspection_cExport.cmake\n'}
[0.382631] (livox_ros_driver2) StdoutLine: {'line': b'-- Up-to-date: /home/xkai/agribot/agribot_ws/install/livox_ros_driver2/share/livox_ros_driver2/cmake/livox_interfaces2__rosidl_typesupport_introspection_cExport-noconfig.cmake\n'}
[0.382721] (livox_ros_driver2) StdoutLine: {'line': b'-- Up-to-date: /home/xkai/agribot/agribot_ws/install/livox_ros_driver2/share/livox_ros_driver2/cmake/livox_interfaces2__rosidl_typesupport_cExport.cmake\n'}
[0.382848] (livox_ros_driver2) StdoutLine: {'line': b'-- Up-to-date: /home/xkai/agribot/agribot_ws/install/livox_ros_driver2/share/livox_ros_driver2/cmake/livox_interfaces2__rosidl_typesupport_cExport-noconfig.cmake\n'}
[0.382965] (livox_ros_driver2) StdoutLine: {'line': b'-- Up-to-date: /home/xkai/agribot/agribot_ws/install/livox_ros_driver2/share/livox_ros_driver2/cmake/export_livox_interfaces2__rosidl_generator_cppExport.cmake\n'}
[0.383055] (livox_ros_driver2) StdoutLine: {'line': b'-- Up-to-date: /home/xkai/agribot/agribot_ws/install/livox_ros_driver2/share/livox_ros_driver2/cmake/export_livox_interfaces2__rosidl_typesupport_fastrtps_cppExport.cmake\n'}
[0.383135] (livox_ros_driver2) StdoutLine: {'line': b'-- Up-to-date: /home/xkai/agribot/agribot_ws/install/livox_ros_driver2/share/livox_ros_driver2/cmake/export_livox_interfaces2__rosidl_typesupport_fastrtps_cppExport-noconfig.cmake\n'}
[0.383214] (livox_ros_driver2) StdoutLine: {'line': b'-- Up-to-date: /home/xkai/agribot/agribot_ws/install/livox_ros_driver2/share/livox_ros_driver2/cmake/livox_interfaces2__rosidl_typesupport_introspection_cppExport.cmake\n'}
[0.383292] (livox_ros_driver2) StdoutLine: {'line': b'-- Up-to-date: /home/xkai/agribot/agribot_ws/install/livox_ros_driver2/share/livox_ros_driver2/cmake/livox_interfaces2__rosidl_typesupport_introspection_cppExport-noconfig.cmake\n'}
[0.383378] (livox_ros_driver2) StdoutLine: {'line': b'-- Up-to-date: /home/xkai/agribot/agribot_ws/install/livox_ros_driver2/share/livox_ros_driver2/cmake/livox_interfaces2__rosidl_typesupport_cppExport.cmake\n'}
[0.383455] (livox_ros_driver2) StdoutLine: {'line': b'-- Up-to-date: /home/xkai/agribot/agribot_ws/install/livox_ros_driver2/share/livox_ros_driver2/cmake/livox_interfaces2__rosidl_typesupport_cppExport-noconfig.cmake\n'}
[0.383527] (livox_ros_driver2) StdoutLine: {'line': b'-- Up-to-date: /home/xkai/agribot/agribot_ws/install/livox_ros_driver2/share/livox_ros_driver2/cmake/export_livox_interfaces2__rosidl_generator_pyExport.cmake\n'}
[0.383606] (livox_ros_driver2) StdoutLine: {'line': b'-- Up-to-date: /home/xkai/agribot/agribot_ws/install/livox_ros_driver2/share/livox_ros_driver2/cmake/export_livox_interfaces2__rosidl_generator_pyExport-noconfig.cmake\n'}
[0.383676] (livox_ros_driver2) StdoutLine: {'line': b'-- Up-to-date: /home/xkai/agribot/agribot_ws/install/livox_ros_driver2/share/ament_index/resource_index/rclcpp_components/livox_ros_driver2\n'}
[0.383746] (livox_ros_driver2) StdoutLine: {'line': b'-- Up-to-date: /home/xkai/agribot/agribot_ws/install/livox_ros_driver2/share/livox_ros_driver2/cmake/rosidl_cmake-extras.cmake\n'}
[0.383816] (livox_ros_driver2) StdoutLine: {'line': b'-- Up-to-date: /home/xkai/agribot/agribot_ws/install/livox_ros_driver2/share/livox_ros_driver2/cmake/ament_cmake_export_dependencies-extras.cmake\n'}
[0.383886] (livox_ros_driver2) StdoutLine: {'line': b'-- Up-to-date: /home/xkai/agribot/agribot_ws/install/livox_ros_driver2/share/livox_ros_driver2/cmake/ament_cmake_export_include_directories-extras.cmake\n'}
[0.383957] (livox_ros_driver2) StdoutLine: {'line': b'-- Up-to-date: /home/xkai/agribot/agribot_ws/install/livox_ros_driver2/share/livox_ros_driver2/cmake/ament_cmake_export_libraries-extras.cmake\n'}
[0.384025] (livox_ros_driver2) StdoutLine: {'line': b'-- Up-to-date: /home/xkai/agribot/agribot_ws/install/livox_ros_driver2/share/livox_ros_driver2/cmake/ament_cmake_export_targets-extras.cmake\n'}
[0.384104] (livox_ros_driver2) StdoutLine: {'line': b'-- Up-to-date: /home/xkai/agribot/agribot_ws/install/livox_ros_driver2/share/livox_ros_driver2/cmake/rosidl_cmake_export_typesupport_targets-extras.cmake\n'}
[0.384177] (livox_ros_driver2) StdoutLine: {'line': b'-- Up-to-date: /home/xkai/agribot/agribot_ws/install/livox_ros_driver2/share/livox_ros_driver2/cmake/rosidl_cmake_export_typesupport_libraries-extras.cmake\n'}
[0.384247] (livox_ros_driver2) StdoutLine: {'line': b'-- Up-to-date: /home/xkai/agribot/agribot_ws/install/livox_ros_driver2/share/livox_ros_driver2/cmake/livox_ros_driver2Config.cmake\n'}
[0.384318] (livox_ros_driver2) StdoutLine: {'line': b'-- Up-to-date: /home/xkai/agribot/agribot_ws/install/livox_ros_driver2/share/livox_ros_driver2/cmake/livox_ros_driver2Config-version.cmake\n'}
[0.384411] (livox_ros_driver2) StdoutLine: {'line': b'-- Up-to-date: /home/xkai/agribot/agribot_ws/install/livox_ros_driver2/share/livox_ros_driver2/package.xml\n'}
[0.384865] (livox_ros_driver2) CommandEnded: {'returncode': 0}
[0.397083] (livox_ros_driver2) JobEnded: {'identifier': 'livox_ros_driver2', 'rc': 0}
[0.397573] (ros2_livox_simulation) JobStarted: {'identifier': 'ros2_livox_simulation'}
[0.400181] (-) TimerEvent: {}
[0.401895] (ros2_livox_simulation) JobProgress: {'identifier': 'ros2_livox_simulation', 'progress': 'cmake'}
[0.403235] (ros2_livox_simulation) JobProgress: {'identifier': 'ros2_livox_simulation', 'progress': 'build'}
[0.403917] (ros2_livox_simulation) Command: {'cmd': ['/usr/bin/cmake', '--build', '/home/xkai/agribot/agribot_ws/build/ros2_livox_simulation', '--', '-j8', '-l8'], 'cwd': '/home/xkai/agribot/agribot_ws/build/ros2_livox_simulation', 'env': OrderedDict([('LESSOPEN', '| /usr/bin/lesspipe %s'), ('LANGUAGE', 'zh_CN:zh'), ('USER', 'xkai'), ('XDG_SESSION_TYPE', 'x11'), ('SHLVL', '1'), ('LD_LIBRARY_PATH', '/home/xkai/agribot/agribot_ws/install/livox_ros_driver2/lib:/usr/lib/x86_64-linux-gnu/gazebo-11/plugins:/opt/ros/humble/opt/rviz_ogre_vendor/lib:/opt/ros/humble/lib/x86_64-linux-gnu:/opt/ros/humble/lib'), ('HOME', '/home/xkai'), ('DESKTOP_SESSION', 'ubuntu'), ('ROS_PYTHON_VERSION', '3'), ('GNOME_SHELL_SESSION_MODE', 'ubuntu'), ('GTK_MODULES', 'gail:atk-bridge'), ('DBUS_STARTER_BUS_TYPE', 'session'), ('SYSTEMD_EXEC_PID', '1771'), ('DBUS_SESSION_BUS_ADDRESS', 'unix:path=/run/user/1000/bus,guid=3c37591b5e78eef04b7cc03968bce2de'), ('COLORTERM', 'truecolor'), ('ROS_DISTRO', 'humble'), ('GTK_IM_MODULE', 'ibus'), ('LOGNAME', 'xkai'), ('_', '/usr/bin/colcon'), ('ROS_VERSION', '2'), ('XDG_SESSION_CLASS', 'user'), ('USERNAME', 'xkai'), ('TERM', 'xterm-256color'), ('GNOME_DESKTOP_SESSION_ID', 'this-is-deprecated'), ('ROS_LOCALHOST_ONLY', '0'), ('WINDOWPATH', '2'), ('PATH', '/opt/ros/humble/bin:/usr/local/sbin:/usr/local/bin:/usr/sbin:/usr/bin:/sbin:/bin:/usr/games:/usr/local/games:/snap/bin:/snap/bin'), ('SESSION_MANAGER', 'local/xkai-Ubuntun:@/tmp/.ICE-unix/1771,unix/xkai-Ubuntun:/tmp/.ICE-unix/1771'), ('XDG_MENU_PREFIX', 'gnome-'), ('GNOME_TERMINAL_SCREEN', '/org/gnome/Terminal/screen/a75f91f8_973b_40a4_bf00_d0df8d56385d'), ('XDG_RUNTIME_DIR', '/run/user/1000'), ('DISPLAY', ':1'), ('LANG', 'zh_CN.UTF-8'), ('XDG_CURRENT_DESKTOP', 'ubuntu:GNOME'), ('XMODIFIERS', '@im=ibus'), ('XDG_SESSION_DESKTOP', 'ubuntu'), ('XAUTHORITY', '/run/user/1000/gdm/Xauthority'), ('LS_COLORS', 'rs=0:di=01;34:ln=01;36:mh=00:pi=40;33:so=01;35:do=01;35:bd=40;33;01:cd=40;33;01:or=40;31;01:mi=00:su=37;41:sg=30;43:ca=30;41:tw=30;42:ow=34;42:st=37;44:ex=01;32:*.tar=01;31:*.tgz=01;31:*.arc=01;31:*.arj=01;31:*.taz=01;31:*.lha=01;31:*.lz4=01;31:*.lzh=01;31:*.lzma=01;31:*.tlz=01;31:*.txz=01;31:*.tzo=01;31:*.t7z=01;31:*.zip=01;31:*.z=01;31:*.dz=01;31:*.gz=01;31:*.lrz=01;31:*.lz=01;31:*.lzo=01;31:*.xz=01;31:*.zst=01;31:*.tzst=01;31:*.bz2=01;31:*.bz=01;31:*.tbz=01;31:*.tbz2=01;31:*.tz=01;31:*.deb=01;31:*.rpm=01;31:*.jar=01;31:*.war=01;31:*.ear=01;31:*.sar=01;31:*.rar=01;31:*.alz=01;31:*.ace=01;31:*.zoo=01;31:*.cpio=01;31:*.7z=01;31:*.rz=01;31:*.cab=01;31:*.wim=01;31:*.swm=01;31:*.dwm=01;31:*.esd=01;31:*.jpg=01;35:*.jpeg=01;35:*.mjpg=01;35:*.mjpeg=01;35:*.gif=01;35:*.bmp=01;35:*.pbm=01;35:*.pgm=01;35:*.ppm=01;35:*.tga=01;35:*.xbm=01;35:*.xpm=01;35:*.tif=01;35:*.tiff=01;35:*.png=01;35:*.svg=01;35:*.svgz=01;35:*.mng=01;35:*.pcx=01;35:*.mov=01;35:*.mpg=01;35:*.mpeg=01;35:*.m2v=01;35:*.mkv=01;35:*.webm=01;35:*.webp=01;35:*.ogm=01;35:*.mp4=01;35:*.m4v=01;35:*.mp4v=01;35:*.vob=01;35:*.qt=01;35:*.nuv=01;35:*.wmv=01;35:*.asf=01;35:*.rm=01;35:*.rmvb=01;35:*.flc=01;35:*.avi=01;35:*.fli=01;35:*.flv=01;35:*.gl=01;35:*.dl=01;35:*.xcf=01;35:*.xwd=01;35:*.yuv=01;35:*.cgm=01;35:*.emf=01;35:*.ogv=01;35:*.ogx=01;35:*.aac=00;36:*.au=00;36:*.flac=00;36:*.m4a=00;36:*.mid=00;36:*.midi=00;36:*.mka=00;36:*.mp3=00;36:*.mpc=00;36:*.ogg=00;36:*.ra=00;36:*.wav=00;36:*.oga=00;36:*.opus=00;36:*.spx=00;36:*.xspf=00;36:'), ('GNOME_TERMINAL_SERVICE', ':1.111'), ('SSH_AGENT_LAUNCHER', 'gnome-keyring'), ('SSH_AUTH_SOCK', '/run/user/1000/keyring/ssh'), ('AMENT_PREFIX_PATH', '/home/xkai/agribot/agribot_ws/install/livox_ros_driver2:/opt/ros/humble'), ('SHELL', '/bin/bash'), ('QT_ACCESSIBILITY', '1'), ('GDMSESSION', 'ubuntu'), ('LESSCLOSE', '/usr/bin/lesspipe %s %s'), ('GPG_AGENT_INFO', '/run/user/1000/gnupg/S.gpg-agent:0:1'), ('QT_IM_MODULE', 'ibus'), ('PWD', '/home/xkai/agribot/agribot_ws/build/ros2_livox_simulation'), ('XDG_CONFIG_DIRS', '/etc/xdg/xdg-ubuntu:/etc/xdg'), ('DBUS_STARTER_ADDRESS', 'unix:path=/run/user/1000/bus,guid=3c37591b5e78eef04b7cc03968bce2de'), ('XDG_DATA_DIRS', '/usr/share/ubuntu:/usr/share/gnome:/usr/local/share/:/usr/share/:/var/lib/snapd/desktop'), ('PYTHONPATH', '/home/xkai/agribot/agribot_ws/install/livox_ros_driver2/local/lib/python3.10/dist-packages:/opt/ros/humble/lib/python3.10/site-packages:/opt/ros/humble/local/lib/python3.10/dist-packages'), ('COLCON', '1'), ('VTE_VERSION', '6800'), ('CMAKE_PREFIX_PATH', '/home/xkai/agribot/agribot_ws/install/livox_ros_driver2:/opt/ros/humble')]), 'shell': False}
[0.448588] (ros2_livox_simulation) StdoutLine: {'line': b'\x1b[35m\x1b[1mConsolidate compiler generated dependencies of target ros2_livox\x1b[0m\n'}
[0.476857] (ros2_livox_simulation) StdoutLine: {'line': b'[100%] Built target ros2_livox\n'}
[0.484774] (ros2_livox_simulation) CommandEnded: {'returncode': 0}
[0.485260] (ros2_livox_simulation) JobProgress: {'identifier': 'ros2_livox_simulation', 'progress': 'install'}
[0.485776] (ros2_livox_simulation) Command: {'cmd': ['/usr/bin/cmake', '--install', '/home/xkai/agribot/agribot_ws/build/ros2_livox_simulation'], 'cwd': '/home/xkai/agribot/agribot_ws/build/ros2_livox_simulation', 'env': OrderedDict([('LESSOPEN', '| /usr/bin/lesspipe %s'), ('LANGUAGE', 'zh_CN:zh'), ('USER', 'xkai'), ('XDG_SESSION_TYPE', 'x11'), ('SHLVL', '1'), ('LD_LIBRARY_PATH', '/home/xkai/agribot/agribot_ws/install/livox_ros_driver2/lib:/usr/lib/x86_64-linux-gnu/gazebo-11/plugins:/opt/ros/humble/opt/rviz_ogre_vendor/lib:/opt/ros/humble/lib/x86_64-linux-gnu:/opt/ros/humble/lib'), ('HOME', '/home/xkai'), ('DESKTOP_SESSION', 'ubuntu'), ('ROS_PYTHON_VERSION', '3'), ('GNOME_SHELL_SESSION_MODE', 'ubuntu'), ('GTK_MODULES', 'gail:atk-bridge'), ('DBUS_STARTER_BUS_TYPE', 'session'), ('SYSTEMD_EXEC_PID', '1771'), ('DBUS_SESSION_BUS_ADDRESS', 'unix:path=/run/user/1000/bus,guid=3c37591b5e78eef04b7cc03968bce2de'), ('COLORTERM', 'truecolor'), ('ROS_DISTRO', 'humble'), ('GTK_IM_MODULE', 'ibus'), ('LOGNAME', 'xkai'), ('_', '/usr/bin/colcon'), ('ROS_VERSION', '2'), ('XDG_SESSION_CLASS', 'user'), ('USERNAME', 'xkai'), ('TERM', 'xterm-256color'), ('GNOME_DESKTOP_SESSION_ID', 'this-is-deprecated'), ('ROS_LOCALHOST_ONLY', '0'), ('WINDOWPATH', '2'), ('PATH', '/opt/ros/humble/bin:/usr/local/sbin:/usr/local/bin:/usr/sbin:/usr/bin:/sbin:/bin:/usr/games:/usr/local/games:/snap/bin:/snap/bin'), ('SESSION_MANAGER', 'local/xkai-Ubuntun:@/tmp/.ICE-unix/1771,unix/xkai-Ubuntun:/tmp/.ICE-unix/1771'), ('XDG_MENU_PREFIX', 'gnome-'), ('GNOME_TERMINAL_SCREEN', '/org/gnome/Terminal/screen/a75f91f8_973b_40a4_bf00_d0df8d56385d'), ('XDG_RUNTIME_DIR', '/run/user/1000'), ('DISPLAY', ':1'), ('LANG', 'zh_CN.UTF-8'), ('XDG_CURRENT_DESKTOP', 'ubuntu:GNOME'), ('XMODIFIERS', '@im=ibus'), ('XDG_SESSION_DESKTOP', 'ubuntu'), ('XAUTHORITY', '/run/user/1000/gdm/Xauthority'), ('LS_COLORS', 'rs=0:di=01;34:ln=01;36:mh=00:pi=40;33:so=01;35:do=01;35:bd=40;33;01:cd=40;33;01:or=40;31;01:mi=00:su=37;41:sg=30;43:ca=30;41:tw=30;42:ow=34;42:st=37;44:ex=01;32:*.tar=01;31:*.tgz=01;31:*.arc=01;31:*.arj=01;31:*.taz=01;31:*.lha=01;31:*.lz4=01;31:*.lzh=01;31:*.lzma=01;31:*.tlz=01;31:*.txz=01;31:*.tzo=01;31:*.t7z=01;31:*.zip=01;31:*.z=01;31:*.dz=01;31:*.gz=01;31:*.lrz=01;31:*.lz=01;31:*.lzo=01;31:*.xz=01;31:*.zst=01;31:*.tzst=01;31:*.bz2=01;31:*.bz=01;31:*.tbz=01;31:*.tbz2=01;31:*.tz=01;31:*.deb=01;31:*.rpm=01;31:*.jar=01;31:*.war=01;31:*.ear=01;31:*.sar=01;31:*.rar=01;31:*.alz=01;31:*.ace=01;31:*.zoo=01;31:*.cpio=01;31:*.7z=01;31:*.rz=01;31:*.cab=01;31:*.wim=01;31:*.swm=01;31:*.dwm=01;31:*.esd=01;31:*.jpg=01;35:*.jpeg=01;35:*.mjpg=01;35:*.mjpeg=01;35:*.gif=01;35:*.bmp=01;35:*.pbm=01;35:*.pgm=01;35:*.ppm=01;35:*.tga=01;35:*.xbm=01;35:*.xpm=01;35:*.tif=01;35:*.tiff=01;35:*.png=01;35:*.svg=01;35:*.svgz=01;35:*.mng=01;35:*.pcx=01;35:*.mov=01;35:*.mpg=01;35:*.mpeg=01;35:*.m2v=01;35:*.mkv=01;35:*.webm=01;35:*.webp=01;35:*.ogm=01;35:*.mp4=01;35:*.m4v=01;35:*.mp4v=01;35:*.vob=01;35:*.qt=01;35:*.nuv=01;35:*.wmv=01;35:*.asf=01;35:*.rm=01;35:*.rmvb=01;35:*.flc=01;35:*.avi=01;35:*.fli=01;35:*.flv=01;35:*.gl=01;35:*.dl=01;35:*.xcf=01;35:*.xwd=01;35:*.yuv=01;35:*.cgm=01;35:*.emf=01;35:*.ogv=01;35:*.ogx=01;35:*.aac=00;36:*.au=00;36:*.flac=00;36:*.m4a=00;36:*.mid=00;36:*.midi=00;36:*.mka=00;36:*.mp3=00;36:*.mpc=00;36:*.ogg=00;36:*.ra=00;36:*.wav=00;36:*.oga=00;36:*.opus=00;36:*.spx=00;36:*.xspf=00;36:'), ('GNOME_TERMINAL_SERVICE', ':1.111'), ('SSH_AGENT_LAUNCHER', 'gnome-keyring'), ('SSH_AUTH_SOCK', '/run/user/1000/keyring/ssh'), ('AMENT_PREFIX_PATH', '/home/xkai/agribot/agribot_ws/install/livox_ros_driver2:/opt/ros/humble'), ('SHELL', '/bin/bash'), ('QT_ACCESSIBILITY', '1'), ('GDMSESSION', 'ubuntu'), ('LESSCLOSE', '/usr/bin/lesspipe %s %s'), ('GPG_AGENT_INFO', '/run/user/1000/gnupg/S.gpg-agent:0:1'), ('QT_IM_MODULE', 'ibus'), ('PWD', '/home/xkai/agribot/agribot_ws/build/ros2_livox_simulation'), ('XDG_CONFIG_DIRS', '/etc/xdg/xdg-ubuntu:/etc/xdg'), ('DBUS_STARTER_ADDRESS', 'unix:path=/run/user/1000/bus,guid=3c37591b5e78eef04b7cc03968bce2de'), ('XDG_DATA_DIRS', '/usr/share/ubuntu:/usr/share/gnome:/usr/local/share/:/usr/share/:/var/lib/snapd/desktop'), ('PYTHONPATH', '/home/xkai/agribot/agribot_ws/install/livox_ros_driver2/local/lib/python3.10/dist-packages:/opt/ros/humble/lib/python3.10/site-packages:/opt/ros/humble/local/lib/python3.10/dist-packages'), ('COLCON', '1'), ('VTE_VERSION', '6800'), ('CMAKE_PREFIX_PATH', '/home/xkai/agribot/agribot_ws/install/livox_ros_driver2:/opt/ros/humble')]), 'shell': False}
[0.491273] (ros2_livox_simulation) StdoutLine: {'line': b'-- Install configuration: ""\n'}
[0.491450] (ros2_livox_simulation) StdoutLine: {'line': b'-- Up-to-date: /home/xkai/agribot/agribot_ws/install/ros2_livox_simulation/include\n'}
[0.491526] (ros2_livox_simulation) StdoutLine: {'line': b'-- Up-to-date: /home/xkai/agribot/agribot_ws/install/ros2_livox_simulation/include/ros2_livox\n'}
[0.491592] (ros2_livox_simulation) StdoutLine: {'line': b'-- Up-to-date: /home/xkai/agribot/agribot_ws/install/ros2_livox_simulation/include/ros2_livox/livox_ode_multiray_shape.h\n'}
[0.491656] (ros2_livox_simulation) StdoutLine: {'line': b'-- Up-to-date: /home/xkai/agribot/agribot_ws/install/ros2_livox_simulation/include/ros2_livox/csv_reader.hpp\n'}
[0.491719] (ros2_livox_simulation) StdoutLine: {'line': b'-- Up-to-date: /home/xkai/agribot/agribot_ws/install/ros2_livox_simulation/include/ros2_livox/livox_points_plugin.h\n'}
[0.491815] (ros2_livox_simulation) StdoutLine: {'line': b'-- Up-to-date: /home/xkai/agribot/agribot_ws/install/ros2_livox_simulation/share/ros2_livox_simulation/meshes\n'}
[0.491934] (ros2_livox_simulation) StdoutLine: {'line': b'-- Up-to-date: /home/xkai/agribot/agribot_ws/install/ros2_livox_simulation/share/ros2_livox_simulation/meshes/livox_mid-360-90x.dae\n'}
[0.492005] (ros2_livox_simulation) StdoutLine: {'line': b'-- Up-to-date: /home/xkai/agribot/agribot_ws/install/ros2_livox_simulation/share/ros2_livox_simulation/meshes/mid-360-asm.stl\n'}
[0.492070] (ros2_livox_simulation) StdoutLine: {'line': b'-- Up-to-date: /home/xkai/agribot/agribot_ws/install/ros2_livox_simulation/share/ros2_livox_simulation/meshes/livox_mid360.dae\n'}
[0.492132] (ros2_livox_simulation) StdoutLine: {'line': b'-- Up-to-date: /home/xkai/agribot/agribot_ws/install/ros2_livox_simulation/share/ros2_livox_simulation/meshes/livox_mid40.dae\n'}
[0.492195] (ros2_livox_simulation) StdoutLine: {'line': b'-- Up-to-date: /home/xkai/agribot/agribot_ws/install/ros2_livox_simulation/lib/libros2_livox.so\n'}
[0.492257] (ros2_livox_simulation) StdoutLine: {'line': b'-- Installing: /home/xkai/agribot/agribot_ws/install/ros2_livox_simulation/share/ros2_livox_simulation/environment/library_path.sh\n'}
[0.492318] (ros2_livox_simulation) StdoutLine: {'line': b'-- Up-to-date: /home/xkai/agribot/agribot_ws/install/ros2_livox_simulation/share/ros2_livox_simulation/environment/library_path.dsv\n'}
[0.492551] (ros2_livox_simulation) StdoutLine: {'line': b'-- Up-to-date: /home/xkai/agribot/agribot_ws/install/ros2_livox_simulation/share/ros2_livox_simulation/scan_mode/mid40.csv\n'}
[0.492643] (ros2_livox_simulation) StdoutLine: {'line': b'-- Up-to-date: /home/xkai/agribot/agribot_ws/install/ros2_livox_simulation/share/ros2_livox_simulation/scan_mode/mid70.csv\n'}
[0.492788] (ros2_livox_simulation) StdoutLine: {'line': b'-- Up-to-date: /home/xkai/agribot/agribot_ws/install/ros2_livox_simulation/share/ros2_livox_simulation/scan_mode/mid360.csv\n'}
[0.492859] (ros2_livox_simulation) StdoutLine: {'line': b'-- Up-to-date: /home/xkai/agribot/agribot_ws/install/ros2_livox_simulation/share/ros2_livox_simulation/scan_mode/tele.csv\n'}
[0.492930] (ros2_livox_simulation) StdoutLine: {'line': b'-- Up-to-date: /home/xkai/agribot/agribot_ws/install/ros2_livox_simulation/share/ros2_livox_simulation/scan_mode/horizon.csv\n'}
[0.493040] (ros2_livox_simulation) StdoutLine: {'line': b'-- Up-to-date: /home/xkai/agribot/agribot_ws/install/ros2_livox_simulation/share/ros2_livox_simulation/scan_mode/HAP.csv\n'}
[0.493091] (ros2_livox_simulation) StdoutLine: {'line': b'-- Up-to-date: /home/xkai/agribot/agribot_ws/install/ros2_livox_simulation/share/ros2_livox_simulation/scan_mode/avia.csv\n'}
[0.493138] (ros2_livox_simulation) StdoutLine: {'line': b'-- Up-to-date: /home/xkai/agribot/agribot_ws/install/ros2_livox_simulation/share/ros2_livox_simulation/urdf/mid40.xacro\n'}
[0.493185] (ros2_livox_simulation) StdoutLine: {'line': b'-- Up-to-date: /home/xkai/agribot/agribot_ws/install/ros2_livox_simulation/share/ros2_livox_simulation/urdf/mid70.xacro\n'}
[0.493234] (ros2_livox_simulation) StdoutLine: {'line': b'-- Up-to-date: /home/xkai/agribot/agribot_ws/install/ros2_livox_simulation/share/ros2_livox_simulation/urdf/mid360.xacro\n'}
[0.493279] (ros2_livox_simulation) StdoutLine: {'line': b'-- Up-to-date: /home/xkai/agribot/agribot_ws/install/ros2_livox_simulation/share/ros2_livox_simulation/urdf/tele.xacro\n'}
[0.493325] (ros2_livox_simulation) StdoutLine: {'line': b'-- Up-to-date: /home/xkai/agribot/agribot_ws/install/ros2_livox_simulation/share/ros2_livox_simulation/urdf/horizon.xacro\n'}
[0.493382] (ros2_livox_simulation) StdoutLine: {'line': b'-- Up-to-date: /home/xkai/agribot/agribot_ws/install/ros2_livox_simulation/share/ros2_livox_simulation/urdf/HAP.xacro\n'}
[0.493429] (ros2_livox_simulation) StdoutLine: {'line': b'-- Up-to-date: /home/xkai/agribot/agribot_ws/install/ros2_livox_simulation/share/ros2_livox_simulation/urdf/avia.xacro\n'}
[0.493475] (ros2_livox_simulation) StdoutLine: {'line': b'-- Up-to-date: /home/xkai/agribot/agribot_ws/install/ros2_livox_simulation/share/ros2_livox_simulation/urdf/mid360-copy.xacro\n'}
[0.493520] (ros2_livox_simulation) StdoutLine: {'line': b'-- Up-to-date: /home/xkai/agribot/agribot_ws/install/ros2_livox_simulation/share/ament_index/resource_index/package_run_dependencies/ros2_livox_simulation\n'}
[0.493566] (ros2_livox_simulation) StdoutLine: {'line': b'-- Up-to-date: /home/xkai/agribot/agribot_ws/install/ros2_livox_simulation/share/ament_index/resource_index/parent_prefix_path/ros2_livox_simulation\n'}
[0.493611] (ros2_livox_simulation) StdoutLine: {'line': b'-- Installing: /home/xkai/agribot/agribot_ws/install/ros2_livox_simulation/share/ros2_livox_simulation/environment/ament_prefix_path.sh\n'}
[0.493656] (ros2_livox_simulation) StdoutLine: {'line': b'-- Up-to-date: /home/xkai/agribot/agribot_ws/install/ros2_livox_simulation/share/ros2_livox_simulation/environment/ament_prefix_path.dsv\n'}
[0.493701] (ros2_livox_simulation) StdoutLine: {'line': b'-- Installing: /home/xkai/agribot/agribot_ws/install/ros2_livox_simulation/share/ros2_livox_simulation/environment/path.sh\n'}
[0.493753] (ros2_livox_simulation) StdoutLine: {'line': b'-- Up-to-date: /home/xkai/agribot/agribot_ws/install/ros2_livox_simulation/share/ros2_livox_simulation/environment/path.dsv\n'}
[0.493802] (ros2_livox_simulation) StdoutLine: {'line': b'-- Up-to-date: /home/xkai/agribot/agribot_ws/install/ros2_livox_simulation/share/ros2_livox_simulation/local_setup.bash\n'}
[0.493851] (ros2_livox_simulation) StdoutLine: {'line': b'-- Up-to-date: /home/xkai/agribot/agribot_ws/install/ros2_livox_simulation/share/ros2_livox_simulation/local_setup.sh\n'}
[0.493899] (ros2_livox_simulation) StdoutLine: {'line': b'-- Up-to-date: /home/xkai/agribot/agribot_ws/install/ros2_livox_simulation/share/ros2_livox_simulation/local_setup.zsh\n'}
[0.493947] (ros2_livox_simulation) StdoutLine: {'line': b'-- Up-to-date: /home/xkai/agribot/agribot_ws/install/ros2_livox_simulation/share/ros2_livox_simulation/local_setup.dsv\n'}
[0.493994] (ros2_livox_simulation) StdoutLine: {'line': b'-- Up-to-date: /home/xkai/agribot/agribot_ws/install/ros2_livox_simulation/share/ros2_livox_simulation/package.dsv\n'}
[0.494042] (ros2_livox_simulation) StdoutLine: {'line': b'-- Up-to-date: /home/xkai/agribot/agribot_ws/install/ros2_livox_simulation/share/ament_index/resource_index/packages/ros2_livox_simulation\n'}
[0.494090] (ros2_livox_simulation) StdoutLine: {'line': b'-- Up-to-date: /home/xkai/agribot/agribot_ws/install/ros2_livox_simulation/share/ros2_livox_simulation/cmake/ament_cmake_export_libraries-extras.cmake\n'}
[0.494138] (ros2_livox_simulation) StdoutLine: {'line': b'-- Up-to-date: /home/xkai/agribot/agribot_ws/install/ros2_livox_simulation/share/ros2_livox_simulation/cmake/ros2_livox_simulationConfig.cmake\n'}
[0.494186] (ros2_livox_simulation) StdoutLine: {'line': b'-- Up-to-date: /home/xkai/agribot/agribot_ws/install/ros2_livox_simulation/share/ros2_livox_simulation/cmake/ros2_livox_simulationConfig-version.cmake\n'}
[0.494263] (ros2_livox_simulation) StdoutLine: {'line': b'-- Up-to-date: /home/xkai/agribot/agribot_ws/install/ros2_livox_simulation/share/ros2_livox_simulation/package.xml\n'}
[0.494676] (ros2_livox_simulation) CommandEnded: {'returncode': 0}
[0.500344] (-) TimerEvent: {}
[0.506284] (ros2_livox_simulation) JobEnded: {'identifier': 'ros2_livox_simulation', 'rc': 0}
[0.506884] (-) EventReactorShutdown: {}
