trial,t_wall,t_sim,x,y,yaw,linear_x,angular_z,confidence,width,safety_margin,obstacle,center_points
1,0.11518574500223622,0.27199999999999136,6.735085346857954e-06,1.1511262820345237e-07,1.8150003908611544e-07,0.0,0.0,0.5782536864280701,0.7719979286193848,0.04733024537563324,False,20
1,0.21535689099982847,0.3059999999999832,6.933229335552918e-06,1.1528194422579849e-07,1.8172476424206194e-07,0.0,0.0,0.5851762890815735,0.7719979286193848,0.04733024537563324,False,20
1,0.3283467470027972,0.37400000000002365,7.329517315151583e-06,1.1562057793641909e-07,1.821744841749832e-07,0.0,0.0,0.5851762890815735,0.7738839983940125,0.06541438400745392,False,20
1,0.4557474430039292,0.4420000000000073,7.725805296223895e-06,1.1595921204395464e-07,1.826242294148491e-07,0.0,0.0,0.5619024038314819,0.7711362242698669,0.06360436975955963,False,21
1,0.5905699880022439,0.4759999999999991,7.92394928724122e-06,1.1612852923278877e-07,1.8284910233552333e-07,0.0,0.0,0.5619024038314819,0.7711362242698669,0.06360436975955963,False,21
1,0.74049884499982,0.5780000000000314,8.518381262240856e-06,1.1663648124579533e-07,1.8352372132642356e-07,0.0,0.0,0.5758613348007202,0.7683192491531372,0.062135905027389526,False,21
1,0.8604936960036866,0.646000000000015,8.914669247136933e-06,1.1697511623504128e-07,1.8397346707157124e-07,0.0,0.0,0.5755385160446167,0.7668765187263489,0.061142876744270325,False,19
1,0.9953160410004784,0.6800000000000068,9.11281324004207e-06,1.1714443385487756e-07,1.8419833977160996e-07,0.0,0.0,0.5755385160446167,0.7668765187263489,0.061142876744270325,False,19
1,1.1095624240042525,0.7819999999999823,9.707245220655705e-06,1.1765238715320821e-07,1.8487295796797625e-07,0.0,0.0,0.5672823190689087,0.7648017406463623,0.060574352741241455,False,21
1,1.210256553000363,0.7819999999999823,9.707245220655705e-06,1.1765238715320821e-07,1.8487295796797625e-07,0.0,0.0,0.5672823190689087,0.7648017406463623,0.060574352741241455,False,21
1,1.3242438300003414,0.8840000000000146,1.0301677204020612e-05,1.1816034112784395e-07,1.855475761739362e-07,0.0,0.0,0.5680214166641235,0.7665918469429016,0.06032189726829529,False,21
1,1.4247557859998778,0.8840000000000146,1.0301677204020612e-05,1.1816034112784395e-07,1.855475761739362e-07,0.0,0.0,0.5680214166641235,0.7665918469429016,0.06032189726829529,False,21
1,1.544751436005754,0.98599999999999,1.0896109190219622e-05,1.1866829584435009e-07,1.862221939690763e-07,0.0,0.0,0.5670738220214844,0.7636891603469849,0.06026415526866913,False,19
1,1.6454249640009948,0.98599999999999,1.0896109190219622e-05,1.1866829584435009e-07,1.862221939690763e-07,0.0,0.0,0.5670738220214844,0.7636891603469849,0.06026415526866913,False,19
1,1.7549608450062806,1.0880000000000223,1.1490541179278325e-05,1.1917625118981882e-07,1.8689681136979697e-07,0.0,0.0,0.5772576332092285,0.7664875984191895,0.047001659870147705,False,20
1,1.8556597510032589,1.0880000000000223,1.1490541179278325e-05,1.1917625118981882e-07,1.8689681136979697e-07,0.0,0.0,0.5772576332092285,0.7664875984191895,0.047001659870147705,False,20
1,1.9694614300024114,1.1899999999999977,1.20849731711308e-05,1.1968420720045735e-07,1.875714285991643e-07,0.0,0.0,0.5674862265586853,0.7676447033882141,0.06286108493804932,False,19
1,2.070055260002846,1.1899999999999977,1.20849731711308e-05,1.1968420720045735e-07,1.875714285991643e-07,0.0,0.0,0.5674862265586853,0.7676447033882141,0.06286108493804932,False,19
1,2.2021320260028006,1.2580000000000382,1.248126116721671e-05,1.2002284492814213e-07,1.8802117279175476e-07,0.0,0.0,0.559413731098175,0.7621064782142639,0.04692564904689789,False,21
1,2.313663479006209,1.29200000000003,1.2679405165684672e-05,1.2019216392593926e-07,1.8824604520069745e-07,0.0,0.0,0.559413731098175,0.7621064782142639,0.04692564904689789,False,21
1,2.419698358004098,1.3600000000000136,1.3075693163607221e-05,1.2053080206839524e-07,1.8869578989555265e-07,0.0,0.0,0.5751363039016724,0.7654160857200623,0.06026090681552887,False,21
1,2.52917740400153,1.3940000000000055,1.327383716301844e-05,1.2070012124649374e-07,1.8892066239709325e-07,0.0,0.0,0.5751363039016724,0.7654160857200623,0.06026090681552887,False,21
1,2.63635054200131,1.461999999999989,1.3670125162779361e-05,1.2103875985917204e-07,1.8937040678454102e-07,0.0,0.0,0.5686869621276855,0.7671607136726379,0.04680721461772919,False,21
1,2.7396753700013505,1.4960000000000377,1.3868269163116054e-05,1.2120807929494982e-07,1.8959527922965144e-07,0.0,0.0,0.5686869621276855,0.7703701257705688,0.04680721461772919,False,21
1,2.844312285000342,1.5640000000000214,1.4264557164701038e-05,1.2154671836202962e-07,1.9004502334521533e-07,0.0,0.0,0.584417462348938,0.7703701257705688,0.06329861283302307,False,19
1,2.9494225020025624,1.5980000000000132,1.4462701165951497e-05,1.2171603799803397e-07,1.902698952980826e-07,0.0,0.0,0.584417462348938,0.7713347673416138,0.06329861283302307,False,19
1,3.055876812999486,1.6659999999999968,1.4858989169324113e-05,1.2205467747185064e-07,1.9071963949702524e-07,0.0,0.0,0.5692126750946045,0.7713347673416138,0.047096431255340576,False,21
1,3.156486241001403,1.6999999999999886,1.5057133171480531e-05,1.2222399734218457e-07,1.9094451130115973e-07,0.0,0.0,0.5692126750946045,0.7713347673416138,0.047096431255340576,False,21
1,3.2705517260037595,1.768000000000029,1.5453421176665934e-05,1.2256263726054568e-07,1.913942551146792e-07,0.0,0.0,0.5765699148178101,0.7733511924743652,0.06504051387310028,False,21
1,3.372091838005872,1.802000000000021,1.5651565179725276e-05,1.2273195733429227e-07,1.91619126878247e-07,0.0,0.0,0.5765699148178101,0.7733511924743652,0.06504051387310028,False,21
1,3.4865226350011653,1.8700000000000045,1.60478531867252e-05,1.2307059770298065e-07,1.920688707811542e-07,0.0,0.0,0.5698807239532471,0.7727879881858826,0.04711724817752838,False,21
1,3.5877370840025833,1.9039999999999964,1.6245997190631085e-05,1.2323991798597515e-07,1.9229374260208452e-07,0.0,0.0,0.5698807239532471,0.7736724615097046,0.04711724817752838,False,21
1,3.7002316910002264,1.9720000000000368,1.664228519943512e-05,1.2357855882246855e-07,1.9274348629969017e-07,0.0,0.0,0.5690528750419617,0.7736724615097046,0.06617456674575806,False,20
1,3.826274036000541,2.0400000000000205,1.7038573209397084e-05,1.239171999294631e-07,1.9319322992238707e-07,0.0,0.0,0.568178653717041,0.7692896723747253,0.06413258612155914,False,21
1,3.9610949810012244,2.0740000000000123,1.7236717214822155e-05,1.2408652058853622e-07,1.9341810152929476e-07,0.0,0.0,0.568178653717041,0.7692896723747253,0.06413258612155914,False,21
1,4.072466105004423,2.1759999999999877,1.7831149232940945e-05,1.2459448304627218e-07,1.9409271687733734e-07,0.0,0.0,0.5447430610656738,0.7680745720863342,0.06265775859355927,False,20
1,4.173078921005072,2.1759999999999877,1.7831149232940945e-05,1.2459448304627218e-07,1.9409271687733734e-07,0.0,0.0,0.5447430610656738,0.7680745720863342,0.06265775859355927,False,20
1,4.286093305003305,2.27800000000002,1.8425581253715163e-05,1.2510244614883053e-07,1.9476733129125955e-07,0.0,0.0,0.5754254460334778,0.7672159075737,0.06157916784286499,False,20
1,4.386669339000946,2.27800000000002,1.8425581253715163e-05,1.2510244614883053e-07,1.9476733129125955e-07,0.0,0.0,0.5754254460334778,0.7672159075737,0.06157916784286499,False,20
1,4.500620673003141,2.3799999999999955,1.9020013277103176e-05,1.2561040989412718e-07,1.954419462071918e-07,0.0,0.0,0.5753018260002136,0.7671366333961487,0.06131444871425629,False,20
1,4.601230831001885,2.3799999999999955,1.9020013277103176e-05,1.2561040989412718e-07,1.954419462071918e-07,0.0,0.0,0.5753018260002136,0.7671366333961487,0.06131444871425629,False,20
1,4.710594164003851,2.4820000000000277,1.9614445303176974e-05,1.2611837430988965e-07,1.9611656107649624e-07,0.0,0.0,0.5680465698242188,0.7666357755661011,0.060379669070243835,False,21
1,4.811336574006418,2.4820000000000277,1.9614445303176974e-05,1.2611837430988965e-07,1.9611656107649624e-07,0.0,0.0,0.5680465698242188,0.7666357755661011,0.060379669070243835,False,21
1,4.916179930005455,2.584000000000003,2.0208877331885818e-05,1.266263393851592e-07,1.9679117570922779e-07,0.0,0.0,0.5670053958892822,0.7648774981498718,0.060350775718688965,False,20
1,5.01670047200605,2.584000000000003,2.0208877331885818e-05,1.266263393851592e-07,1.9679117570922779e-07,0.0,0.0,0.5670053958892822,0.7648774981498718,0.060350775718688965,False,20
1,5.117453638005827,2.6860000000000355,2.0803309363237078e-05,1.2713430513077522e-07,1.974657896150437e-07,0.0,0.0,0.5669876337051392,0.7649214863777161,0.06023825705051422,False,20
1,5.217988063006487,2.6860000000000355,2.0803309363237078e-05,1.2713430513077522e-07,1.974657896150437e-07,0.0,0.0,0.5669876337051392,0.7649214863777161,0.06023825705051422,False,20
1,5.332225960999494,2.788000000000011,2.1397741397204302e-05,1.2764227152105028e-07,1.9814040267675063e-07,0.0,0.0,0.567043125629425,0.7634648680686951,0.059992700815200806,False,21
1,5.432885228001396,2.788000000000011,2.1397741397204302e-05,1.2764227152105028e-07,1.9814040267675063e-07,0.0,0.0,0.567043125629425,0.7634648680686951,0.059992700815200806,False,21
1,5.547663640005339,2.8899999999999864,2.1992173433714197e-05,1.2815023858489434e-07,1.9881501595296495e-07,0.0,0.0,0.5601977705955505,0.7629005908966064,0.059288546442985535,False,21
1,5.648332714001299,2.8899999999999864,2.1992173433714197e-05,1.2815023858489434e-07,1.9881501595296495e-07,0.0,0.0,0.5601977705955505,0.7629005908966064,0.059288546442985535,False,21
1,5.77748449700448,2.958000000000027,2.2388461459542375e-05,1.2848888361592983e-07,1.9926475800647676e-07,0.0,0.0,0.56633061170578,0.7636831402778625,0.05922532081604004,False,21
1,5.883757824005443,2.9920000000000186,2.258660547286911e-05,1.286582062388552e-07,1.9948962917026786e-07,0.0,0.0,0.56633061170578,0.7636831402778625,0.05922532081604004,False,21
1,5.990280130004976,3.0600000000000023,2.2982893500368695e-05,1.289968517130775e-07,1.9993937122435367e-07,0.0,0.0,0.5744063854217529,0.7641509771347046,0.05908431112766266,False,20
1,6.09876038999937,3.093999999999994,2.3181037514579707e-05,1.2916617456958064e-07,2.0016424218770758e-07,0.0,0.0,0.5744063854217529,0.7641509771347046,0.05908431112766266,False,20
1,6.206465257004311,3.1620000000000346,2.3577325543830928e-05,1.295048205132496e-07,2.0061398442696958e-07,0.0,0.0,0.5668002367019653,0.7623195648193359,0.05922436714172363,False,21
1,6.310107631004939,3.1960000000000264,2.3775469558887184e-05,1.2967414357100928e-07,2.0083885548644755e-07,0.0,0.0,0.5668002367019653,0.7646968364715576,0.05922436714172363,False,21
1,6.414440375003323,3.26400000000001,2.417175758980374e-05,1.3001278991590055e-07,2.0128859684554406e-07,0.0,0.0,0.5826741456985474,0.7646968364715576,0.05916886031627655,False,21
1,6.519991478002339,3.298000000000002,2.4369901605646692e-05,1.301821131988106e-07,2.0151346785577225e-07,0.0,0.0,0.5826741456985474,0.7623335719108582,0.05916886031627655,False,21
1,6.625281308006379,3.3659999999999854,2.4766189638272817e-05,1.305207600010275e-07,2.019632093004284e-07,0.0,0.0,0.5662417411804199,0.7623335719108582,0.058991119265556335,False,20
1,6.744882721002796,3.434000000000026,2.5162477672025212e-05,1.3085940705677767e-07,2.0241295038016583e-07,0.0,0.0,0.5599004030227661,0.7623797059059143,0.05877932906150818,False,21
1,6.879328199000156,3.4680000000000177,2.5360621689299312e-05,1.3102873070355936e-07,2.0263782114701604e-07,0.0,0.0,0.5599004030227661,0.7623797059059143,0.05877932906150818,False,21
1,6.997439730002952,3.569999999999993,2.595505374295955e-05,1.3153670200815973e-07,2.0331243315564074e-07,0.0,0.0,0.5599567890167236,0.7627180218696594,0.05907391011714935,False,21
1,7.0979603190062335,3.569999999999993,2.595505374295955e-05,1.3153670200815973e-07,2.0331243315564074e-07,0.0,0.0,0.5599567890167236,0.7627180218696594,0.05907391011714935,False,21
1,7.218825562005804,3.6720000000000255,2.6549485799147714e-05,1.3204467402378174e-07,2.0398704537973153e-07,0.0,0.0,0.566887617111206,0.7619460821151733,0.05915018916130066,False,20
1,7.319484954001382,3.6720000000000255,2.6549485799147714e-05,1.3204467402378174e-07,2.0398704537973153e-07,0.0,0.0,0.566887617111206,0.7619460821151733,0.05915018916130066,False,20
1,7.439210214004561,3.774000000000001,2.7143917857845156e-05,1.3255264668913136e-07,2.046616572110369e-07,0.0,0.0,0.5741620063781738,0.7644007802009583,0.05930131673812866,False,21
1,7.539900148003653,3.774000000000001,2.7143917857845156e-05,1.3255264668913136e-07,2.046616572110369e-07,0.0,0.0,0.5741620063781738,0.7644007802009583,0.05930131673812866,False,21
1,7.652883670001756,3.876000000000033,2.7738349919061416e-05,1.3306061999048803e-07,2.0533626864386114e-07,0.0,0.0,0.5601741075515747,0.7653915882110596,0.04676271975040436,False,20
1,7.753516768003465,3.876000000000033,2.7738349919061416e-05,1.3306061999048803e-07,2.0533626864386114e-07,0.0,0.0,0.5601741075515747,0.7653915882110596,0.04676271975040436,False,20
1,7.867015727999387,3.9780000000000086,2.8332781982762234e-05,1.3356859391633536e-07,2.060108795711118e-07,0.0,0.0,0.5678893327713013,0.7663149833679199,0.06253211200237274,False,20
1,7.967539632001717,3.9780000000000086,2.8332781982762234e-05,1.3356859391633536e-07,2.060108795711118e-07,0.0,0.0,0.5678893327713013,0.7663149833679199,0.06253211200237274,False,20
1,8.079711719001352,4.079999999999984,2.8927214048964957e-05,1.3407656849693047e-07,2.0668549026739812e-07,0.0,0.0,0.5755629539489746,0.7685214281082153,0.06181131303310394,False,21
1,8.180537509004353,4.079999999999984,2.8927214048964957e-05,1.3407656849693047e-07,2.0668549026739812e-07,0.0,0.0,0.5755629539489746,0.7685214281082153,0.06181131303310394,False,21
1,8.293476995000674,4.182000000000016,2.9521646117589354e-05,1.3458454370503253e-07,2.0736010084269324e-07,0.0,0.0,0.5667794346809387,0.7658332586288452,0.06112305819988251,False,20
1,8.394183181000699,4.182000000000016,2.9521646117589354e-05,1.3458454370503253e-07,2.0736010084269324e-07,0.0,0.0,0.5667794346809387,0.7658332586288452,0.06112305819988251,False,20
1,8.511165035000886,4.283999999999992,3.0116078188676624e-05,1.350925195310875e-07,2.0803471143591622e-07,0.0,0.0,0.5672399401664734,0.7656594514846802,0.06085681915283203,False,20
1,8.611698362001334,4.283999999999992,3.0116078188676624e-05,1.350925195310875e-07,2.0803471143591622e-07,0.0,0.0,0.5672399401664734,0.7656594514846802,0.06085681915283203,False,20
1,8.713945560004504,4.386000000000024,3.071051026217863e-05,1.3560049602398863e-07,2.0870932227721993e-07,0.0,0.0,0.5667535662651062,0.7651728391647339,0.0604531466960907,False,20
1,8.814507217000937,4.386000000000024,3.071051026217863e-05,1.3560049602398863e-07,2.0870932227721993e-07,0.0,0.0,0.5667535662651062,0.7651728391647339,0.0604531466960907,False,20
1,8.923864128002606,4.4879999999999995,3.130494233821593e-05,1.3610847317018725e-07,2.0938393215204396e-07,0.0,0.0,0.5749543309211731,0.7647305727005005,0.05991308391094208,False,21
1,9.024540515005356,4.4879999999999995,3.130494233821593e-05,1.3610847317018725e-07,2.0938393215204396e-07,0.0,0.0,0.5749543309211731,0.7647305727005005,0.05991308391094208,False,21
1,9.14843120900332,4.590000000000032,3.189937441667708e-05,1.366164509347434e-07,2.10058541365888e-07,0.0,0.0,0.5518194437026978,0.7633344531059265,0.05960935354232788,False,20
1,9.248968523999793,4.590000000000032,3.189937441667708e-05,1.366164509347434e-07,2.10058541365888e-07,0.0,0.0,0.5518194437026978,0.7633344531059265,0.05960935354232788,False,20
1,9.390645445004338,4.6580000000000155,3.229566247034193e-05,1.369551031096108e-07,2.1050828102721557e-07,0.0,0.0,0.566149115562439,0.762451171875,0.05904929339885712,False,21
1,9.491173352005717,4.6580000000000155,3.229566247034193e-05,1.369551031096108e-07,2.1050828102721557e-07,0.0,0.0,0.566149115562439,0.762451171875,0.05904929339885712,False,21
1,9.613268291002896,4.759999999999991,3.2890094552839345e-05,1.3746308191659073e-07,2.111828906373419e-07,0.0,0.0,0.566299319267273,0.7602109909057617,0.059093594551086426,False,19
1,9.71760858700145,4.793999999999983,3.308823858090429e-05,1.3763240833853815e-07,2.1140776028636785e-07,0.0,0.0,0.566299319267273,0.7602109909057617,0.059093594551086426,False,19
1,9.826446892002423,4.862000000000023,3.348452663781134e-05,1.3797106136659784e-07,2.1185750008527486e-07,0.0,0.0,0.566646158695221,0.7614539265632629,0.05908659100532532,False,20
1,9.926812584999425,4.896000000000015,3.3682670666660385e-05,1.3814038797156325e-07,2.1208237000061116e-07,0.0,0.0,0.566646158695221,0.7614539265632629,0.05908659100532532,False,20
1,10.037361290000263,4.963999999999999,3.407895872513606e-05,1.3847904146102592e-07,2.1253210928696914e-07,0.0,0.0,0.5824705958366394,0.7644217610359192,0.059229686856269836,False,21
1,10.13849732500239,4.9979999999999905,3.427710275475098e-05,1.3864836830597106e-07,2.1275697897677624e-07,0.0,0.0,0.5824705958366394,0.7644217610359192,0.059229686856269836,False,21
1,10.251838019001298,5.066000000000031,3.4673390814813927e-05,1.3898702216287443e-07,2.132067182553871e-07,0.0,0.0,0.5764424800872803,0.7662090063095093,0.046805351972579956,False,19
1,10.355347830001847,5.100000000000023,3.487153484526889e-05,1.391563491807312e-07,2.1343158765151001e-07,0.0,0.0,0.5675474405288696,0.7662090063095093,0.046805351972579956,False,19
1,10.464280134001456,5.168000000000006,3.5267822906895254e-05,1.3949500349099072e-07,2.1388132684003997e-07,0.0,0.0,0.5675474405288696,0.766852080821991,0.062328040599823,False,21
1,10.564935127003992,5.168000000000006,3.5267822906895254e-05,1.3949500349099072e-07,2.1388132684003997e-07,0.0,0.0,0.5675474405288696,0.766852080821991,0.062328040599823,False,21
1,10.684565171999566,5.270000000000039,3.586225500138134e-05,1.4000298543845248e-07,2.1455593513351098e-07,0.0,0.0,0.5600104928016663,0.7605393528938293,0.04708030819892883,False,21
1,10.808997260006436,5.338000000000022,3.625854306564752e-05,1.4034164042499586e-07,2.1500567406562276e-07,0.0,0.0,0.5828962326049805,0.7651785016059875,0.059908345341682434,False,21
1,10.9435495620055,5.372000000000014,3.6456687098177214e-05,1.4051096800917064e-07,2.1523054352410104e-07,0.0,0.0,0.5828962326049805,0.7651785016059875,0.059908345341682434,False,21
1,11.050664848000451,5.4739999999999895,3.705111919737438e-05,1.4101895126541971e-07,2.1590515183267573e-07,0.0,0.0,0.5674899220466614,0.7641258239746094,0.04686203598976135,False,21
1,11.151216407000902,5.4739999999999895,3.705111919737438e-05,1.4101895126541971e-07,2.1590515183267573e-07,0.0,0.0,0.5674899220466614,0.7641258239746094,0.04686203598976135,False,21
1,11.263457339002343,5.576000000000022,3.764555129895635e-05,1.4152693507846436e-07,2.16579759954792e-07,0.0,0.0,0.5674728155136108,0.7652150392532349,0.0612817257642746,False,20
1,11.364102330000605,5.576000000000022,3.764555129895635e-05,1.4152693507846436e-07,2.16579759954792e-07,0.0,0.0,0.5674728155136108,0.7652150392532349,0.0612817257642746,False,20
1,11.479110628999479,5.677999999999997,3.8239983402902755e-05,1.4203491957171636e-07,2.172543676030596e-07,0.0,0.0,0.5690507292747498,0.7682803273200989,0.04689623415470123,False,21
1,11.579719663001015,5.677999999999997,3.8239983402902755e-05,1.4203491957171636e-07,2.172543676030596e-07,0.0,0.0,0.5690507292747498,0.7682803273200989,0.04689623415470123,False,21
1,11.691420512004697,5.78000000000003,3.8834415509109935e-05,1.4254290469853286e-07,2.1792897474765547e-07,0.0,0.0,0.5683354735374451,0.7686653137207031,0.06367498636245728,False,21
1,11.791958683003031,5.78000000000003,3.8834415509109935e-05,1.4254290469853286e-07,2.1792897474765547e-07,0.0,0.0,0.5683354735374451,0.7686653137207031,0.06367498636245728,False,21
1,11.895292821005569,5.882000000000005,3.9428847617711035e-05,1.4305089040774168e-07,2.186035821167208e-07,0.0,0.0,0.5695384740829468,0.7712293267250061,0.04700280725955963,False,21
1,11.995900358000654,5.882000000000005,3.9428847617711035e-05,1.4305089040774168e-07,2.186035821167208e-07,0.0,0.0,0.5695384740829468,0.7712293267250061,0.04700280725955963,False,21
1,12.108007058006478,5.984000000000037,4.002327972851263e-05,1.435588767822464e-07,2.1927818905728347e-07,0.0,0.0,0.5680825114250183,0.7704172730445862,0.06496147811412811,False,20
1,12.20858653900359,5.984000000000037,4.002327972851263e-05,1.435588767822464e-07,2.1927818905728347e-07,0.0,0.0,0.5680825114250183,0.7704172730445862,0.06496147811412811,False,20
1,12.319305912002164,6.086000000000013,4.061771184168516e-05,1.440668637098182e-07,2.1995279610023927e-07,0.0,0.0,0.5700182318687439,0.7708278894424438,0.0467475950717926,False,19
1,12.419899209002324,6.086000000000013,4.061771184168516e-05,1.440668637098182e-07,2.1995279610023927e-07,0.0,0.0,0.5700182318687439,0.7708278894424438,0.0467475950717926,False,19
1,12.528938898001797,6.187999999999988,4.1212143957074666e-05,1.4457485133257046e-07,2.2062740310664623e-07,0.0,0.0,0.5459141731262207,0.7719774842262268,0.06541162729263306,False,20
1,12.629503275005845,6.187999999999988,4.1212143957074666e-05,1.4457485133257046e-07,2.2062740310664623e-07,0.0,0.0,0.5459141731262207,0.7719774842262268,0.06541162729263306,False,20
1,12.747965968002973,6.256000000000029,4.16084320353045e-05,1.4491351004965314e-07,2.2107714075807677e-07,0.0,0.0,0.5619469881057739,0.7710361480712891,0.046477749943733215,False,19
1,12.852117815004021,6.2900000000000205,4.180657607480648e-05,1.4508283953429486e-07,2.2130200940153087e-07,0.0,0.0,0.5619469881057739,0.7710361480712891,0.046477749943733215,False,19
1,12.956317855001544,6.358000000000004,4.220286415454336e-05,1.4542149870086137e-07,2.2175174688955778e-07,0.0,0.0,0.5687487721443176,0.7734497785568237,0.06638187170028687,False,20
1,13.069687412003987,6.391999999999996,4.2401008194801245e-05,1.4559082837686463e-07,2.219766157599711e-07,0.0,0.0,0.5687487721443176,0.7734497785568237,0.06638187170028687,False,20
1,13.173307119999663,6.460000000000036,4.2797296276078124e-05,1.4592948790428597e-07,2.2242635318576477e-07,0.0,0.0,0.5762255787849426,0.7724348902702332,0.06466507911682129,False,21
1,13.27381706199958,6.460000000000036,4.2797296276078124e-05,1.4592948790428597e-07,2.2242635318576477e-07,0.0,0.0,0.5762255787849426,0.7724348902702332,0.06466507911682129,False,21
1,13.401770783006214,6.562000000000012,4.339172839987323e-05,1.464374777436172e-07,2.2310095895346294e-07,0.0,0.0,0.5678406357765198,0.7670024633407593,0.06312261521816254,False,21
1,13.507755462000205,6.596000000000004,4.35898724416104e-05,1.4660680784603096e-07,2.2332582797159836e-07,0.0,0.0,0.5678406357765198,0.7670024633407593,0.06312261521816254,False,21
1,13.61633066899958,6.663999999999987,4.3986160525915675e-05,1.4694546824706448e-07,2.2377556516826269e-07,0.0,0.0,0.5753132700920105,0.7686746716499329,0.06194360554218292,False,19
1,13.721824112006288,6.698000000000036,4.418430456846079e-05,1.4711479853702255e-07,2.2400043372281618e-07,0.0,0.0,0.5753132700920105,0.7652642130851746,0.06194360554218292,False,19
1,13.826527997000085,6.7660000000000196,4.458059265425619e-05,1.4745345927649232e-07,2.2445017065493764e-07,0.0,0.0,0.567292332649231,0.7652642130851746,0.061190858483314514,False,21
1,13.947523246002675,6.834000000000003,4.497688074105643e-05,1.4779212039973927e-07,2.2489990758231214e-07,0.0,0.0,0.5605670213699341,0.7638272047042847,0.060407087206840515,False,21
1,14.082044262999261,6.867999999999995,4.517502478481846e-05,1.479614510327236e-07,2.2512477596752368e-07,0.0,0.0,0.5605670213699341,0.7638272047042847,0.060407087206840515,False,21
1,14.213820621000195,6.970000000000027,4.576945691758165e-05,1.4846944331914806e-07,2.257993813402252e-07,0.0,0.0,0.5669352412223816,0.7619278430938721,0.059902727603912354,False,20
1,14.31438192800124,6.970000000000027,4.576945691758165e-05,1.4846944331914806e-07,2.257993813402252e-07,0.0,0.0,0.5669352412223816,0.7619278430938721,0.059902727603912354,False,20
1,14.417769367006258,7.072000000000003,4.6363889052537105e-05,1.4897743623641337e-07,2.2647398642435374e-07,0.0,0.0,0.5731909275054932,0.7592509984970093,0.04659603536128998,False,20
1,14.518390596000245,7.072000000000003,4.6363889052537105e-05,1.4897743623641337e-07,2.2647398642435374e-07,0.0,0.0,0.5731909275054932,0.7592509984970093,0.04659603536128998,False,20
1,14.630530816000828,7.174000000000035,4.695832118969739e-05,1.494854297951628e-07,2.2714859133987612e-07,0.0,0.0,0.5737223625183105,0.7637383341789246,0.05881282687187195,False,20
1,14.731289609000669,7.174000000000035,4.695832118969739e-05,1.494854297951628e-07,2.2714859133987612e-07,0.0,0.0,0.5737223625183105,0.7637383341789246,0.05881282687187195,False,20
1,14.836159991005843,7.2760000000000105,4.755275332895149e-05,1.4999342389665697e-07,2.2782319627444237e-07,0.0,0.0,0.5742924809455872,0.7647926807403564,0.04685118794441223,False,21
1,14.936834526000894,7.2760000000000105,4.755275332895149e-05,1.4999342389665697e-07,2.2782319627444237e-07,0.0,0.0,0.5742924809455872,0.7647926807403564,0.04685118794441223,False,21
1,15.045402583004034,7.377999999999986,4.814718547050019e-05,1.5050141865390566e-07,2.2849780043850194e-07,0.0,0.0,0.5680767893791199,0.7673850059509277,0.06232960522174835,False,21
1,15.146030599004007,7.377999999999986,4.814718547050019e-05,1.5050141865390566e-07,2.2849780043850194e-07,0.0,0.0,0.5680767893791199,0.7673850059509277,0.06232960522174835,False,21
1,15.264465006999671,7.480000000000018,4.8741617614173494e-05,1.5100941399992283e-07,2.2917240483267046e-07,0.0,0.0,0.5776340961456299,0.7694134712219238,0.04697248339653015,False,21
1,15.365006350002659,7.480000000000018,4.8741617614173494e-05,1.5100941399992283e-07,2.2917240483267046e-07,0.0,0.0,0.5776340961456299,0.7694134712219238,0.04697248339653015,False,21
1,15.477402116004669,7.581999999999994,4.9336049760131864e-05,1.5151740993530145e-07,2.2984700880629512e-07,0.0,0.0,0.5844875574111938,0.7712525725364685,0.06399387121200562,False,20
1,15.578052333999949,7.581999999999994,4.9336049760131864e-05,1.5151740993530145e-07,2.2984700880629512e-07,0.0,0.0,0.5844875574111938,0.7712525725364685,0.06399387121200562,False,20
1,15.689731960002973,7.684000000000026,4.9930481908201825e-05,1.5202540653593871e-07,2.3052161250591722e-07,0.0,0.0,0.5683400630950928,0.7674357891082764,0.04690419137477875,False,21
1,15.790512892999686,7.684000000000026,4.9930481908201825e-05,1.5202540653593871e-07,2.3052161250591722e-07,0.0,0.0,0.5683400630950928,0.7674357891082764,0.04690419137477875,False,21
1,15.896786463999888,7.786000000000001,5.052491405848833e-05,1.5253340371050438e-07,2.3119621677926887e-07,0.0,0.0,0.5619765520095825,0.7674659490585327,0.06275886297225952,False,20
1,15.997495428004186,7.786000000000001,5.052491405848833e-05,1.5253340371050438e-07,2.3119621677926887e-07,0.0,0.0,0.5619765520095825,0.7674659490585327,0.06275886297225952,False,20
1,16.108596592006506,7.888000000000034,5.1119346210883824e-05,1.5304140151496345e-07,2.3187082036740222e-07,0.0,0.0,0.5688201189041138,0.7656162977218628,0.04688127338886261,False,19
1,16.209270115003164,7.888000000000034,5.1119346210883824e-05,1.5304140151496345e-07,2.3187082036740222e-07,0.0,0.0,0.5688201189041138,0.7656162977218628,0.04688127338886261,False,19
1,16.33723860000464,7.956000000000017,5.151563431365696e-05,1.5338006701435289e-07,2.323205559882061e-07,0.0,0.0,0.5675506591796875,0.767333984375,0.062318772077560425,False,20
1,16.448804960004054,7.990000000000009,5.171377836542647e-05,1.535493998942316e-07,2.3254542382409034e-07,0.0,0.0,0.5675506591796875,0.767333984375,0.062318772077560425,False,20
1,16.55204307900567,8.057999999999993,5.2110066469646804e-05,1.5388806583678785e-07,2.3299515928517458e-07,0.0,0.0,0.5749688148498535,0.7690452337265015,0.0470239520072937,False,21
1,16.652229657003772,8.091999999999985,5.230821052207681e-05,1.5405739886775746e-07,2.3322002700632767e-07,0.0,0.0,0.5749688148498535,0.7690452337265015,0.0470239520072937,False,21
1,16.758600159002526,8.160000000000025,5.2704498627718314e-05,1.5439606520707433e-07,2.3366976260004162e-07,0.0,0.0,0.5685734152793884,0.7700743675231934,0.06422489881515503,False,20
1,16.86138547000155,8.194000000000017,5.290264268092634e-05,1.545653984820381e-07,2.3389463031751448e-07,0.0,0.0,0.5685734152793884,0.7700743675231934,0.06422489881515503,False,20
1,16.96923785400577,8.262,5.3298930787985116e-05,1.549040652166797e-07,2.3434436549638216e-07,0.0,0.0,0.5781546831130981,0.7715883851051331,0.047328442335128784,False,19
1,17.070337952005502,8.295999999999992,5.349707484182675e-05,1.5507339866138608e-07,2.3456923295141574e-07,0.0,0.0,0.5781546831130981,0.7735276818275452,0.047328442335128784,False,19
1,17.174190095000085,8.364000000000033,5.389336295028328e-05,1.554120658168054e-07,2.350189682716451e-07,0.0,0.0,0.5850991010665894,0.7735276818275452,0.06517976522445679,False,20
1,17.279363224006374,8.398000000000025,5.409150700487692e-05,1.55581399474866e-07,2.352438358933597e-07,0.0,0.0,0.5618252754211426,0.7735276818275452,0.06517976522445679,False,20
1,17.384833406002144,8.466000000000008,5.448779511475852e-05,1.5592006701559863e-07,2.3569357079285658e-07,0.0,0.0,0.5618252754211426,0.7708365321159363,0.06342701613903046,False,21
1,17.48714693000511,8.5,5.4685939169981865e-05,1.5608940090594736e-07,2.3591843851825958e-07,0.0,0.0,0.5757744908332825,0.7708365321159363,0.06342701613903046,False,21
1,17.59327091400337,8.567999999999984,5.508222728124561e-05,1.5642806882974496e-07,2.3636817342327195e-07,0.0,0.0,0.5757744908332825,0.7679575085639954,0.061900779604911804,False,21
1,17.6937462470014,8.602000000000032,5.5280371337249144e-05,1.5659740288996353e-07,2.3659304110758967e-07,0.0,0.0,0.5757744908332825,0.7679575085639954,0.061900779604911804,False,21
1,17.810910903004697,8.670000000000016,5.567665944989069e-05,1.5693607127446863e-07,2.3704277585189303e-07,0.0,0.0,0.5753742456436157,0.76642906665802,0.060965150594711304,False,19
1,17.911049100002856,8.704000000000008,5.587480350652827e-05,1.5710540555199117e-07,2.3726764298431616e-07,0.0,0.0,0.5753742456436157,0.7645827531814575,0.06043693423271179,False,21
1,18.021487285004696,8.771999999999991,5.627109162058795e-05,1.5744407424513818e-07,2.377173774235262e-07,0.0,0.0,0.5672181844711304,0.7645827531814575,0.06043693423271179,False,21
1,18.125052919000154,8.805999999999983,5.646923567799358e-05,1.576134087196129e-07,2.3794224499479696e-07,0.0,0.0,0.5679835081100464,0.7645827531814575,0.06043693423271179,False,21
1,18.235809592006262,8.874000000000024,5.686552379341979e-05,1.5795207785918898e-07,2.383919794840635e-07,0.0,0.0,0.5679835081100464,0.7664309740066528,0.060216039419174194,False,21
1,18.363773643999593,8.942000000000007,5.726181190973635e-05,1.5829074724680076e-07,2.3884171392623885e-07,0.0,0.0,0.5670437216758728,0.763556182384491,0.06017947196960449,False,20
1,18.49821232999966,8.975999999999999,5.745995596824222e-05,1.5846008204074372e-07,2.390665810539559e-07,0.0,0.0,0.5670437216758728,0.763556182384491,0.06017947196960449,False,20
1,18.61837087400636,9.078000000000031,5.8054388145134615e-05,1.5896808684563896e-07,2.397411829531577e-07,0.0,0.0,0.5772317051887512,0.7663905620574951,0.04699845612049103,False,20
1,18.71893475700199,9.078000000000031,5.8054388145134615e-05,1.5896808684563896e-07,2.397411829531577e-07,0.0,0.0,0.5772317051887512,0.7663905620574951,0.04699845612049103,False,20
1,18.823408339005255,9.180000000000007,5.8648820324079184e-05,1.5947609219078698e-07,2.404157844100418e-07,0.0,0.0,0.5674797296524048,0.7675692439079285,0.06281045079231262,False,20
1,18.92402795900125,9.180000000000007,5.8648820324079184e-05,1.5947609219078698e-07,2.404157844100418e-07,0.0,0.0,0.5674797296524048,0.7675692439079285,0.06281045079231262,False,20
1,19.04139523699996,9.281999999999982,5.924325250497228e-05,1.599840981451773e-07,2.4109038569982886e-07,0.0,0.0,0.5510351061820984,0.7623177766799927,0.046950921416282654,False,21
1,19.141997669001285,9.281999999999982,5.924325250497228e-05,1.599840981451773e-07,2.4109038569982886e-07,0.0,0.0,0.5510351061820984,0.7623177766799927,0.046950921416282654,False,21
1,19.26903384600155,9.384000000000015,5.9837684688052e-05,1.604921047227559e-07,2.417649870519735e-07,0.0,0.0,0.5750243067741394,0.765255331993103,0.06017804145812988,False,21
1,19.3695746960002,9.384000000000015,5.9837684688052e-05,1.604921047227559e-07,2.417649870519735e-07,0.0,0.0,0.5750243067741394,0.765255331993103,0.06017804145812988,False,21
1,19.4791838950041,9.48599999999999,6.0432116873052055e-05,1.6100011185077607e-07,2.4243958754336367e-07,0.0,0.0,0.5686568021774292,0.7670466899871826,0.046789467334747314,False,21
1,19.579820332000963,9.48599999999999,6.0432116873052055e-05,1.6100011185077607e-07,2.4243958754336367e-07,0.0,0.0,0.5686568021774292,0.7670466899871826,0.046789467334747314,False,21
1,19.691139621005277,9.588000000000022,6.1026549060140284e-05,1.6150811958903764e-07,2.4311418788307553e-07,0.0,0.0,0.5843983888626099,0.7702751159667969,0.0632483959197998,False,20
1,19.791686379001476,9.588000000000022,6.1026549060140284e-05,1.6150811958903764e-07,2.4311418788307553e-07,0.0,0.0,0.5843983888626099,0.7702751159667969,0.0632483959197998,False,20
1,19.9209094809994,9.656000000000006,6.14228371859731e-05,1.618467916949186e-07,2.435639211026788e-07,0.0,0.0,0.5691136121749878,0.7711699604988098,0.04708057641983032,False,18
1,20.021539881003264,9.656000000000006,6.14228371859731e-05,1.618467916949186e-07,2.435639211026788e-07,0.0,0.0,0.5691136121749878,0.7711699604988098,0.04708057641983032,False,18
1,20.14252095900156,9.758000000000038,6.201726937635817e-05,1.6235480047116344e-07,2.442385212896926e-07,0.0,0.0,0.5766595005989075,0.773552656173706,0.06511272490024567,False,20
1,20.251016341004288,9.79200000000003,6.221541344027465e-05,1.6252413682155988e-07,2.444633877959859e-07,0.0,0.0,0.5766595005989075,0.773552656173706,0.06511272490024567,False,20
1,20.354989609004406,9.860000000000014,6.261170156875639e-05,1.6286280980676507e-07,2.4491312159316154e-07,0.0,0.0,0.5698884725570679,0.7728294134140015,0.04710039496421814,False,19
1,20.455517348003923,9.860000000000014,6.261170156875639e-05,1.6286280980676507e-07,2.4491312159316154e-07,0.0,0.0,0.5698884725570679,0.7728294134140015,0.04710039496421814,False,19
1,20.5796759280056,9.961999999999989,6.320613376310227e-05,1.633708197083569e-07,2.4558772187211916e-07,0.0,0.0,0.5542635917663574,0.7738203406333923,0.06620873510837555,False,20
1,20.68934006800555,9.996000000000038,6.340427782834451e-05,1.6354015647031936e-07,2.4581258851258894e-07,0.0,0.0,0.5542635917663574,0.7738203406333923,0.06620873510837555,False,20
1,20.797380328003783,10.064000000000021,6.380056595945826e-05,1.6387883019212433e-07,2.4626232211457226e-07,0.0,0.0,0.5681573152542114,0.7694224119186401,0.06415952742099762,False,20
1,20.90282818600099,10.098000000000013,6.399871002534755e-05,1.6404816716039412e-07,2.464871888536083e-07,0.0,0.0,0.5681573152542114,0.7694224119186401,0.06415952742099762,False,20
1,21.01241272200423,10.165999999999997,6.439499815779183e-05,1.6438684124562334e-07,2.4693692209525803e-07,0.0,0.0,0.5447519421577454,0.7681132555007935,0.06267772614955902,False,21
1,21.113057172005938,10.165999999999997,6.439499815779183e-05,1.6438684124562334e-07,2.4693692209525803e-07,0.0,0.0,0.5447519421577454,0.7681132555007935,0.06267772614955902,False,21
1,21.235639089005417,10.268000000000029,6.49894303580774e-05,1.6489485293930164e-07,2.476115211993253e-07,0.0,0.0,0.5754282474517822,0.767241358757019,0.06159280240535736,False,20
1,21.336289564002072,10.268000000000029,6.49894303580774e-05,1.6489485293930164e-07,2.476115211993253e-07,0.0,0.0,0.5754282474517822,0.767241358757019,0.06159280240535736,False,20
1,21.467756625999755,10.370000000000005,6.558386256024212e-05,1.6540286517226636e-07,2.4828612037625173e-07,0.0,0.0,0.5752550959587097,0.7670973539352417,0.06131786108016968,False,21
1,21.568388674000744,10.370000000000005,6.558386256024212e-05,1.6540286517226636e-07,2.4828612037625173e-07,0.0,0.0,0.5752550959587097,0.7670973539352417,0.06131786108016968,False,21
1,21.69513995700254,10.472000000000037,6.617829476439482e-05,1.6591087799469063e-07,2.4896071909386093e-07,0.0,0.0,0.5680499076843262,0.76664799451828,0.06037886440753937,False,21
1,21.821660380999674,10.54000000000002,6.6574582901535e-05,1.6624955354468508e-07,2.49410452124775e-07,0.0,0.0,0.5669476985931396,0.7649372816085815,0.06034444272518158,False,20
1,21.955915384001855,10.574000000000012,6.677272697045182e-05,1.6641889142748382e-07,2.496353185230309e-07,0.0,0.0,0.5669476985931396,0.7649372816085815,0.06034444272518158,False,20
1,22.066614626004593,10.675999999999988,6.736715917842351e-05,1.6692690542078571e-07,2.503099173972162e-07,0.0,0.0,0.5669825077056885,0.764895498752594,0.0602266788482666,False,21
1,22.167294709004636,10.675999999999988,6.736715917842351e-05,1.6692690542078571e-07,2.503099173972162e-07,0.0,0.0,0.5669825077056885,0.764895498752594,0.0602266788482666,False,21
1,22.283232330002647,10.77800000000002,6.796159138842007e-05,1.6743491999354166e-07,2.5098451623851623e-07,0.0,0.0,0.5670374631881714,0.7634479999542236,0.0599825382232666,False,21
1,22.383914455000195,10.77800000000002,6.796159138842007e-05,1.6743491999354166e-07,2.5098451623851623e-07,0.0,0.0,0.5670374631881714,0.7634479999542236,0.0599825382232666,False,21
1,22.49915312500525,10.879999999999995,6.855602360032655e-05,1.6794293517164192e-07,2.5165911523897053e-07,0.0,0.0,0.5601378679275513,0.7628163695335388,0.0592799186706543,False,21
1,22.59969115000422,10.879999999999995,6.855602360032655e-05,1.6794293517164192e-07,2.5165911523897053e-07,0.0,0.0,0.5601378679275513,0.7628163695335388,0.0592799186706543,False,21
1,22.71378360700328,10.982000000000028,6.915045581413126e-05,1.6845095090643868e-07,2.523337133165479e-07,0.0,0.0,0.5662863254547119,0.7637434601783752,0.059217408299446106,False,21
1,22.81430046900641,10.982000000000028,6.915045581413126e-05,1.6845095090643868e-07,2.523337133165479e-07,0.0,0.0,0.5662863254547119,0.7637434601783752,0.059217408299446106,False,21
1,22.922013565999805,11.084000000000003,6.974488802991225e-05,1.6895896720493055e-07,2.530083114549088e-07,0.0,0.0,0.5745164155960083,0.7638065814971924,0.059044525027275085,False,20
1,23.022558908000065,11.084000000000003,6.974488802991225e-05,1.6895896720493055e-07,2.530083114549088e-07,0.0,0.0,0.5745164155960083,0.7638065814971924,0.059044525027275085,False,20
1,23.1323720970031,11.186000000000035,7.033932024760924e-05,1.6946698405009452e-07,2.536829084613612e-07,0.0,0.0,0.5667928457260132,0.7623173594474792,0.059204116463661194,False,21
1,23.232958712003892,11.186000000000035,7.033932024760924e-05,1.6946698405009452e-07,2.536829084613612e-07,0.0,0.0,0.5667928457260132,0.7623173594474792,0.059204116463661194,False,21
1,23.34688165099942,11.288000000000011,7.093375246712812e-05,1.699750015412611e-07,2.5435750585436964e-07,0.0,0.0,0.5826722383499146,0.7646891474723816,0.05915433168411255,False,21
1,23.447425593003572,11.288000000000011,7.093375246712812e-05,1.699750015412611e-07,2.5435750585436964e-07,0.0,0.0,0.5826722383499146,0.7646891474723816,0.05915433168411255,False,21
1,23.575795159005793,11.355999999999995,7.133004061452225e-05,1.7031368012461785e-07,2.548072373484213e-07,0.0,0.0,0.5660824775695801,0.7621204853057861,0.05897727608680725,False,20
1,23.681000251002843,11.389999999999986,7.152818468856735e-05,1.7048301954388864e-07,2.550321035733291e-07,0.0,0.0,0.5660824775695801,0.7621204853057861,0.05897727608680725,False,20
1,23.785149795003235,11.458000000000027,7.19244728372005e-05,1.708216985859962e-07,2.5548183504027694e-07,0.0,0.0,0.5599499940872192,0.7625822424888611,0.05891849100589752,False,21
1,23.887618170003407,11.492000000000019,7.212261691183714e-05,1.7099103819180376e-07,2.5570670067562926e-07,0.0,0.0,0.5599499940872192,0.7625822424888611,0.05891849100589752,False,21
1,24.027777897004853,11.593999999999994,7.271704913696699e-05,1.714990573931762e-07,2.563812987320003e-07,0.0,0.0,0.5599827170372009,0.7630541920661926,0.05925258994102478,False,21
1,24.152333816004102,11.662000000000035,7.311333728809901e-05,1.7183773719807247e-07,2.568310302468389e-07,0.0,0.0,0.5668615102767944,0.7618644833564758,0.05922529101371765,False,20
1,24.252884038003685,11.662000000000035,7.311333728809901e-05,1.7183773719807247e-07,2.568310302468389e-07,0.0,0.0,0.5668615102767944,0.7618644833564758,0.05922529101371765,False,20
1,24.36053764400276,11.76400000000001,7.370776951635613e-05,1.7234575734083718e-07,2.575056273886889e-07,0.0,0.0,0.57416832447052,0.7644571661949158,0.05935722589492798,False,21
1,24.4612005720046,11.76400000000001,7.370776951635613e-05,1.7234575734083718e-07,2.575056273886889e-07,0.0,0.0,0.57416832447052,0.7644571661949158,0.05935722589492798,False,21
1,24.567051798003376,11.865999999999985,7.430220174645596e-05,1.728537780473478e-07,2.581802237377153e-07,0.0,0.0,0.5601814985275269,0.765421986579895,0.046743035316467285,False,21
1,24.66767171000538,11.865999999999985,7.430220174645596e-05,1.728537780473478e-07,2.581802237377153e-07,0.0,0.0,0.5601814985275269,0.765421986579895,0.046743035316467285,False,21
1,24.772571900000912,11.968000000000018,7.489663397832998e-05,1.7336179938226515e-07,2.5885482038668063e-07,0.0,0.0,0.5678961873054504,0.7663459777832031,0.06256183981895447,False,20
1,24.87315479300014,11.968000000000018,7.489663397832998e-05,1.7336179938226515e-07,2.5885482038668063e-07,0.0,0.0,0.5678961873054504,0.7663459777832031,0.06256183981895447,False,20
1,24.976057531006518,12.069999999999993,7.549106621212911e-05,1.7386982122423762e-07,2.5952941638481966e-07,0.0,0.0,0.5756068229675293,0.7685933709144592,0.061828941106796265,False,20
1,25.076667888002703,12.069999999999993,7.549106621212911e-05,1.7386982122423762e-07,2.5952941638481966e-07,0.0,0.0,0.5756068229675293,0.7685933709144592,0.061828941106796265,False,20
1,25.18511105200014,12.172000000000025,7.608549844775013e-05,1.7437784366710458e-07,2.602040125159084e-07,0.0,0.0,0.5667861104011536,0.7658372521400452,0.06113326549530029,False,21
1,25.285627910001494,12.172000000000025,7.608549844775013e-05,1.7437784366710458e-07,2.602040125159084e-07,0.0,0.0,0.5667861104011536,0.7658372521400452,0.06113326549530029,False,21
1,25.3914681890019,12.274000000000001,7.66799306851783e-05,1.7488586668316364e-07,2.608786090389674e-07,0.0,0.0,0.5672310590744019,0.7656367421150208,0.06085585057735443,False,20
1,25.492046586005017,12.274000000000001,7.66799306851783e-05,1.7488586668316364e-07,2.608786090389674e-07,0.0,0.0,0.5672310590744019,0.7656367421150208,0.06085585057735443,False,20
1,25.601414378004847,12.376000000000033,7.727436292434596e-05,1.75393890249277e-07,2.6155320524310787e-07,0.0,0.0,0.5667480826377869,0.7651580572128296,0.06045016646385193,False,19
1,25.701952966002864,12.376000000000033,7.727436292434596e-05,1.75393890249277e-07,2.6155320524310787e-07,0.0,0.0,0.5667480826377869,0.7651580572128296,0.06045016646385193,False,19
1,25.819248938001692,12.478000000000009,7.786879516537022e-05,1.7590191441510315e-07,2.6222780142894744e-07,0.0,0.0,0.574956476688385,0.7647340893745422,0.05991530418395996,False,20
1,25.919845767006336,12.478000000000009,7.786879516537022e-05,1.7590191441510315e-07,2.6222780142894744e-07,0.0,0.0,0.574956476688385,0.7647340893745422,0.05991530418395996,False,20
1,26.02369731600629,12.579999999999984,7.846322740823414e-05,1.7640993912263816e-07,2.6290239727396875e-07,0.0,0.0,0.5434802174568176,0.763271689414978,0.05960935354232788,False,20
1,26.124413634999655,12.579999999999984,7.846322740823414e-05,1.7640993912263816e-07,2.6290239727396875e-07,0.0,0.0,0.5434802174568176,0.763271689414978,0.05960935354232788,False,20
1,26.252144254001905,12.682000000000016,7.905765965287399e-05,1.7691796442354215e-07,2.635769924529584e-07,0.0,0.0,0.5662041902542114,0.7624749541282654,0.05904282629489899,False,21
1,26.35283850900305,12.682000000000016,7.905765965287399e-05,1.7691796442354215e-07,2.635769924529584e-07,0.0,0.0,0.5662041902542114,0.7624749541282654,0.05904282629489899,False,21
1,26.463565704005305,12.75,7.945394781689588e-05,1.7725664828346876e-07,2.640267228754734e-07,0.0,0.0,0.5662851333618164,0.7601590156555176,0.05908907949924469,False,19
1,26.57061841900577,12.783999999999992,7.965209189920259e-05,1.7742599031765015e-07,2.642515879514535e-07,0.0,0.0,0.5662851333618164,0.7601590156555176,0.05908907949924469,False,19
1,26.671197790004953,12.783999999999992,7.965209189920259e-05,1.7742599031765015e-07,2.642515879514535e-07,0.0,0.0,0.5662851333618164,0.7601590156555176,0.05908907949924469,False,19
1,26.802178575002472,12.886000000000024,8.024652414733574e-05,1.7793401670795441e-07,2.64926182844783e-07,0.0,0.0,0.5666758418083191,0.7615596055984497,0.05917757749557495,False,20
1,26.90289704600582,12.886000000000024,8.024652414733574e-05,1.7793401670795441e-07,2.64926182844783e-07,0.0,0.0,0.5666758418083191,0.7615596055984497,0.05917757749557495,False,20
1,27.01189751000493,12.988,8.084095639731377e-05,1.7844204368219875e-07,2.65600778081346e-07,0.0,0.0,0.5824563503265381,0.7643890380859375,0.059220507740974426,False,21
1,27.112521512004605,12.988,8.084095639731377e-05,1.7844204368219875e-07,2.65600778081346e-07,0.0,0.0,0.5824563503265381,0.7643890380859375,0.059220507740974426,False,21
1,27.222268900004565,13.090000000000032,8.143538864909417e-05,1.7895007124220313e-07,2.6627537313419646e-07,0.0,0.0,0.5764161348342896,0.766147792339325,0.046785593032836914,False,19
1,27.322791368002072,13.090000000000032,8.143538864909417e-05,1.7895007124220313e-07,2.6627537313419646e-07,0.0,0.0,0.5764161348342896,0.766147792339325,0.046785593032836914,False,19
1,27.449312856006145,13.158000000000015,8.183167681788265e-05,1.7928875659372073e-07,2.667251032823786e-07,0.0,0.0,0.5675398707389832,0.7668185234069824,0.06231875717639923,False,21
1,27.557641406005132,13.192000000000007,8.202982090258068e-05,1.7945809935256688e-07,2.6694996792187734e-07,0.0,0.0,0.5675398707389832,0.7668185234069824,0.06231875717639923,False,21
1,27.66098533400509,13.259999999999991,8.242610907257955e-05,1.7979678512021173e-07,2.67399698251638e-07,0.0,0.0,0.5599761009216309,0.7604104280471802,0.046999961137771606,False,21
1,27.770356549001008,13.293999999999983,8.262425315787303e-05,1.7996612805564805e-07,2.6762456304338227e-07,0.0,0.0,0.5599761009216309,0.7604104280471802,0.046999961137771606,False,21
1,27.876698917003523,13.362000000000023,8.302054132901682e-05,1.803048141626322e-07,2.680742927515893e-07,0.0,0.0,0.5827553272247314,0.7649688720703125,0.05990244448184967,False,21
1,27.981463096999505,13.396000000000015,8.32186854149014e-05,1.804741572998522e-07,2.682991578465195e-07,0.0,0.0,0.567421019077301,0.7649688720703125,0.05990244448184967,False,21
1,28.08508456400159,13.463999999999999,8.361497358721874e-05,1.8081284380207236e-07,2.687488873570063e-07,0.0,0.0,0.567421019077301,0.7636002898216248,0.04677474498748779,False,21
1,28.185559706005733,13.463999999999999,8.361497358721874e-05,1.8081284380207236e-07,2.687488873570063e-07,0.0,0.0,0.567421019077301,0.7636002898216248,0.04677474498748779,False,21
1,28.306730041003902,13.566000000000031,8.420940584715191e-05,1.8132087396611443e-07,2.694234816787844e-07,0.0,0.0,0.5674574971199036,0.7651314735412598,0.06127472221851349,False,20
1,28.410275802001706,13.600000000000023,8.440754993418315e-05,1.8149021744669327e-07,2.696483459846329e-07,0.0,0.0,0.5674574971199036,0.7651314735412598,0.06127472221851349,False,20
1,28.52174821900553,13.668000000000006,8.480383810880116e-05,1.8182890463355637e-07,2.7009807566823146e-07,0.0,0.0,0.569023847579956,0.7682085633277893,0.04684768617153168,False,21
1,28.622141092004313,13.701999999999998,8.500198219639314e-05,1.8199824835131323e-07,2.7032293985956133e-07,0.0,0.0,0.5683242678642273,0.7682085633277893,0.04684768617153168,False,21
1,28.730206056003226,13.770000000000039,8.539827037221896e-05,1.823369359466815e-07,2.707726688836388e-07,0.0,0.0,0.5683242678642273,0.7686113715171814,0.06366631388664246,False,20
1,28.83055448900268,13.80400000000003,8.55964144603808e-05,1.8250627981360393e-07,2.70997533735928e-07,0.0,0.0,0.5683242678642273,0.7711848020553589,0.046979665756225586,False,19
1,28.94161261300178,13.872000000000014,8.59927026372765e-05,1.8284496776774286e-07,2.714472628259239e-07,0.0,0.0,0.569529116153717,0.7711848020553589,0.046979665756225586,False,19
1,29.064504626003327,13.939999999999998,8.638899081494025e-05,1.831836560206307e-07,2.7189699216037927e-07,0.0,0.0,0.5680731534957886,0.7703812718391418,0.06495295464992523,False,20
1,29.19883751200541,13.97399999999999,8.658713490402063e-05,1.8335300019541025e-07,2.721218570950193e-07,0.0,0.0,0.5680731534957886,0.7703812718391418,0.06495295464992523,False,20
1,29.312726278003538,14.076000000000022,8.718156717252117e-05,1.8386103317162907e-07,2.7279645064066226e-07,0.0,0.0,0.5700111389160156,0.7707991600036621,0.0467311292886734,False,19
1,29.41331350800465,14.076000000000022,8.718156717252117e-05,1.8386103317162907e-07,2.7279645064066226e-07,0.0,0.0,0.5700111389160156,0.7707991600036621,0.0467311292886734,False,19
1,29.526451826000994,14.177999999999997,8.77759994426814e-05,1.84369066727005e-07,2.73471044630841e-07,0.0,0.0,0.5458922386169434,0.7719489336013794,0.06540562212467194,False,20
1,29.627068123001663,14.177999999999997,8.77759994426814e-05,1.84369066727005e-07,2.73471044630841e-07,0.0,0.0,0.5458922386169434,0.7719489336013794,0.06540562212467194,False,20
1,29.73752154900285,14.28000000000003,8.83704317144701e-05,1.8487710087424413e-07,2.741456378461444e-07,0.0,0.0,0.56194007396698,0.7709963917732239,0.04645895957946777,False,19
1,29.838034127002175,14.28000000000003,8.83704317144701e-05,1.8487710087424413e-07,2.741456378461444e-07,0.0,0.0,0.56194007396698,0.7709963917732239,0.04645895957946777,False,19
1,29.95010305300093,14.382000000000005,8.896486398788338e-05,1.8538513553275816e-07,2.7482023114105964e-07,0.0,0.0,0.5687975883483887,0.7734829187393188,0.06637728214263916,False,20
1,30.050627820004593,14.382000000000005,8.896486398788338e-05,1.8538513553275816e-07,2.7482023114105964e-07,0.0,0.0,0.5687975883483887,0.7734829187393188,0.06637728214263916,False,20
1,30.158577637004782,14.484000000000037,8.955929626301836e-05,1.8589317071621894e-07,2.754948236672665e-07,0.0,0.0,0.576233983039856,0.772447943687439,0.06467905640602112,False,21
1,30.25929072600411,14.484000000000037,8.955929626301836e-05,1.8589317071621894e-07,2.754948236672665e-07,0.0,0.0,0.576233983039856,0.772447943687439,0.06467905640602112,False,21
1,30.37741687700327,14.586000000000013,9.015372853992233e-05,1.8640120643724493e-07,2.7616941603459893e-07,0.0,0.0,0.567846953868866,0.7670210003852844,0.06313067674636841,False,20
1,30.477960747004545,14.586000000000013,9.015372853992233e-05,1.8640120643724493e-07,2.7616941603459893e-07,0.0,0.0,0.567846953868866,0.7670210003852844,0.06313067674636841,False,20
1,30.594573900001706,14.687999999999988,9.074816081848383e-05,1.869092427263308e-07,2.768440086002537e-07,0.0,0.0,0.5752466917037964,0.7686941027641296,0.061950668692588806,False,19
1,30.695134281006176,14.687999999999988,9.074816081848383e-05,1.869092427263308e-07,2.768440086002537e-07,0.0,0.0,0.5752466917037964,0.7686941027641296,0.061950668692588806,False,19
1,30.802927941003873,14.79000000000002,9.134259309866903e-05,1.874172795804134e-07,2.7751860051188617e-07,0.0,0.0,0.5673008561134338,0.7652773857116699,0.06119509041309357,False,21
1,30.903435530002753,14.79000000000002,9.134259309866903e-05,1.874172795804134e-07,2.7751860051188617e-07,0.0,0.0,0.5673008561134338,0.7652773857116699,0.06119509041309357,False,21
1,31.03154326200456,14.858000000000004,9.173888128642498e-05,1.8775597113551016e-07,2.7796832932764073e-07,0.0,0.0,0.5605648756027222,0.763822078704834,0.06040847301483154,False,21
1,31.140118903000257,14.891999999999996,9.193702538059069e-05,1.879253169876854e-07,2.781931929978058e-07,0.0,0.0,0.5605648756027222,0.763822078704834,0.06040847301483154,False,21
1,31.24500913800148,14.960000000000036,9.233331356941652e-05,1.8826400890840318e-07,2.7864292160289436e-07,0.0,0.0,0.5669560432434082,0.7620220184326172,0.05990862846374512,False,20
1,31.34551973100315,14.960000000000036,9.233331356941652e-05,1.8826400890840318e-07,2.7864292160289436e-07,0.0,0.0,0.5669560432434082,0.7620220184326172,0.05990862846374512,False,20
1,31.470600575004937,15.062000000000012,9.292774585411417e-05,1.8877204720734223e-07,2.7931751375122073e-07,0.0,0.0,0.5732274055480957,0.7593607902526855,0.04665428400039673,False,20
1,31.581689685001038,15.096000000000004,9.312588994938014e-05,1.8894139348288453e-07,2.7954237797848163e-07,0.0,0.0,0.5732274055480957,0.7593607902526855,0.04665428400039673,False,20
1,31.688658037004643,15.163999999999987,9.352217814044333e-05,1.8928008617346388e-07,2.799921061085107e-07,0.0,0.0,0.5737345814704895,0.7638064622879028,0.0588250458240509,False,20
1,31.79450767700473,15.198000000000036,9.372032223622191e-05,1.8944943258907126e-07,2.8021697039835353e-07,0.0,0.0,0.5737345814704895,0.7638064622879028,0.0588250458240509,False,20
1,31.905388017003133,15.26600000000002,9.41166104283229e-05,1.8978812557434973e-07,2.806666980365959e-07,0.0,0.0,0.5665682554244995,0.7620097398757935,0.058998867869377136,False,21
1,32.00627056800295,15.300000000000011,9.431475452464835e-05,1.899574721606374e-07,2.8089156239880897e-07,0.0,0.0,0.5665682554244995,0.7620097398757935,0.058998867869377136,False,21
1,32.11990296400472,15.367999999999995,9.471104271781966e-05,1.902961655622996e-07,2.813412896924259e-07,0.0,0.0,0.5667780637741089,0.7621281147003174,0.05907455086708069,False,20
1,32.22048990199983,15.367999999999995,9.471104271781966e-05,1.902961655622996e-07,2.813412896924259e-07,0.0,0.0,0.5667780637741089,0.7621281147003174,0.05907455086708069,False,20
1,32.343592017001356,15.470000000000027,9.530547500891584e-05,1.908042060769157e-07,2.820158811006242e-07,0.0,0.0,0.5827099680900574,0.7638068199157715,0.059110745787620544,False,19
1,32.446330897000735,15.504000000000019,9.55036191063359e-05,1.909735530435517e-07,2.822407447894968e-07,0.0,0.0,0.5742331743240356,0.7638068199157715,0.059110745787620544,False,19
1,32.55469060000178,15.572000000000003,9.589990730161273e-05,1.9131224715075835e-07,2.8269047276589854e-07,0.0,0.0,0.5742331743240356,0.7629765272140503,0.05873116850852966,False,20
1,32.67837115400471,15.639999999999986,9.629619549759993e-05,1.9165094149352258e-07,2.831401996377931e-07,0.0,0.0,0.5597361326217651,0.7613493800163269,0.05851687490940094,False,21
1,32.81298048100143,15.674000000000035,9.649433959593246e-05,1.9182028875954158e-07,2.83365063284703e-07,0.0,0.0,0.5597361326217651,0.7613493800163269,0.05851687490940094,False,21
1,32.92203223600518,15.77600000000001,9.708877189181257e-05,1.9232833093582125e-07,2.8403965460406664e-07,0.0,0.0,0.5666383504867554,0.7600939273834229,0.058280110359191895,False,20
1,33.02270300600503,15.77600000000001,9.708877189181257e-05,1.9232833093582125e-07,2.8403965460406664e-07,0.0,0.0,0.5666383504867554,0.7600939273834229,0.058280110359191895,False,20
1,33.13573130500299,15.877999999999986,9.768320418924482e-05,1.9283637368439084e-07,2.847142458632757e-07,0.0,0.0,0.5676034688949585,0.7609313726425171,0.04677218198776245,False,21
1,33.23639658900356,15.877999999999986,9.768320418924482e-05,1.9283637368439084e-07,2.847142458632757e-07,0.0,0.0,0.5676034688949585,0.7609313726425171,0.04677218198776245,False,21
1,33.3511456250053,15.980000000000018,9.827763648824353e-05,1.9334441691073045e-07,2.853888368847504e-07,0.0,0.0,0.5666773319244385,0.7632647752761841,0.05969874560832977,False,20
1,33.45186570200167,15.980000000000018,9.827763648824353e-05,1.9334441691073045e-07,2.853888368847504e-07,0.0,0.0,0.5666773319244385,0.7632647752761841,0.05969874560832977,False,20
1,33.56225840700063,16.081999999999994,9.887206878886248e-05,1.938524607148089e-07,2.860634280290048e-07,0.0,0.0,0.5745100975036621,0.7653883099555969,0.05973975360393524,False,19
1,33.66290982800274,16.081999999999994,9.887206878886248e-05,1.938524607148089e-07,2.860634280290048e-07,0.0,0.0,0.5745100975036621,0.7653883099555969,0.05973975360393524,False,19
1,33.76901339000324,16.184000000000026,9.946650109106695e-05,1.9436050509103887e-07,2.867380183470273e-07,0.0,0.0,0.5667482018470764,0.7622494697570801,0.05936935544013977,False,20
1,33.8697116580006,16.184000000000026,9.946650109106695e-05,1.9436050509103887e-07,2.867380183470273e-07,0.0,0.0,0.5667482018470764,0.7622494697570801,0.05936935544013977,False,20
1,33.98339486199984,16.286,0.00010006093339485133,1.9486854994562102e-07,2.8741260912435666e-07,0.0,0.0,0.5829020738601685,0.7642545104026794,0.05938956141471863,False,20
1,34.084070458004135,16.286,0.00010006093339485133,1.9486854994562102e-07,2.8741260912435666e-07,0.0,0.0,0.5829020738601685,0.7642545104026794,0.05938956141471863,False,20
1,34.199464187004196,16.388000000000034,0.00010065536570023513,1.9537659539209648e-07,2.880871997173644e-07,0.0,0.0,0.5826081037521362,0.7635022401809692,0.05909097194671631,False,21
1,34.30015364300198,16.388000000000034,0.00010065536570023513,1.9537659539209648e-07,2.880871997173644e-07,0.0,0.0,0.5826081037521362,0.7635022401809692,0.05909097194671631,False,21
1,34.412130790005904,16.49000000000001,0.00010124979800707826,1.9588464136653882e-07,2.887617890527294e-07,0.0,0.0,0.5598040223121643,0.7629045844078064,0.05877925455570221,False,20
1,34.51265474899992,16.49000000000001,0.00010124979800707826,1.9588464136653882e-07,2.887617890527294e-07,0.0,0.0,0.5598040223121643,0.7629045844078064,0.05877925455570221,False,20
1,34.641780423000455,16.557999999999993,0.00010164608621252621,1.962233389656818e-07,2.8921151543320634e-07,0.0,0.0,0.5742310285568237,0.7621009349822998,0.058353736996650696,False,21
1,34.74202548600442,16.591999999999985,0.00010184423031556894,1.963926878711591e-07,2.894363790476318e-07,0.0,0.0,0.5742310285568237,0.7621009349822998,0.058353736996650696,False,21
1,34.847008304001065,16.660000000000025,0.00010224051852200872,1.9673138586965324e-07,2.8988610507275183e-07,0.0,0.0,0.5742447972297668,0.7622465491294861,0.05825880169868469,False,21
1,34.94836430500436,16.694000000000017,0.00010243866262554498,1.9690073493919422e-07,2.9011096833968934e-07,0.0,0.0,0.5742447972297668,0.7622465491294861,0.05825880169868469,False,21
1,35.05564303199935,16.762,0.00010283495083305552,1.972394333141316e-07,2.905606952499198e-07,0.0,0.0,0.5663055181503296,0.761370837688446,0.05837060511112213,False,21
1,35.162228055000014,16.795999999999992,0.00010303309493713518,1.9740878250949846e-07,2.907855580744457e-07,0.0,0.0,0.5663055181503296,0.761370837688446,0.05837060511112213,False,21
1,35.270426424001926,16.864000000000033,0.00010342938314555341,1.9774748127627187e-07,2.912352845571734e-07,0.0,0.0,0.5673216581344604,0.7638971209526062,0.05863878130912781,False,21
1,35.37636458400084,16.898000000000025,0.00010362752725014959,1.9791683076267093e-07,2.9146014768393897e-07,0.0,0.0,0.5673216581344604,0.7638971209526062,0.05863878130912781,False,21
1,35.48645843000122,16.966000000000008,0.0001040238154597019,1.9825552977463062e-07,2.919098746869241e-07,0.0,0.0,0.5667370557785034,0.7618634104728699,0.059010669589042664,False,20
1,35.5911355490025,17.0,0.00010422195956477425,1.9842487934339427e-07,2.921347375430773e-07,0.0,0.0,0.5667370557785034,0.7651898264884949,0.059010669589042664,False,20
1,35.69758870800433,17.067999999999984,0.00010461824777530928,1.987635787911812e-07,2.9258446400151464e-07,0.0,0.0,0.5769184827804565,0.7651898264884949,0.04701116681098938,False,21
1,35.79979764800373,17.102000000000032,0.00010481639188085392,1.9893292862388895e-07,2.928093271587708e-07,0.0,0.0,0.5769184827804565,0.7665284276008606,0.04701116681098938,False,21
1,35.90871275700192,17.170000000000016,0.00010521268009241764,1.992716283581626e-07,2.9325905350161865e-07,0.0,0.0,0.5672736167907715,0.7665284276008606,0.062103405594825745,False,20
1,36.03036631500436,17.238,0.00010560896830466397,1.9961032838324725e-07,2.937087797635031e-07,0.0,0.0,0.5508583784103394,0.761633574962616,0.046970829367637634,False,21
1,36.16497038100351,17.27199999999999,0.0001058071124110738,1.9977967848387933e-07,2.939336427879154e-07,0.0,0.0,0.5508583784103394,0.761633574962616,0.046970829367637634,False,21
1,36.28711784200277,17.374000000000024,0.00010640154473119364,2.0028772910838797e-07,2.9460823204909346e-07,0.0,0.0,0.5748937129974365,0.7646633982658386,0.05977340042591095,False,21
1,36.387635342005524,17.374000000000024,0.00010640154473119364,2.0028772910838797e-07,2.9460823204909346e-07,0.0,0.0,0.5748937129974365,0.7646633982658386,0.05977340042591095,False,21
1,36.4993539269999,17.476,0.00010699597705287342,2.0079578029593586e-07,2.9528282108117736e-07,0.0,0.0,0.5683531761169434,0.7670773863792419,0.0467560738325119,False,21
1,36.599873568004114,17.476,0.00010699597705287342,2.0079578029593586e-07,2.9528282108117736e-07,0.0,0.0,0.5683531761169434,0.7670773863792419,0.0467560738325119,False,21
1,36.70696556800249,17.57800000000003,0.00010759040937598436,2.0130383204928441e-07,2.959574091958388e-07,0.0,0.0,0.5843014717102051,0.769864022731781,0.06301580369472504,False,21
1,36.80752432400186,17.57800000000003,0.00010759040937598436,2.0130383204928441e-07,2.959574091958388e-07,0.0,0.0,0.5843014717102051,0.769864022731781,0.06301580369472504,False,21
1,36.91676438000286,17.680000000000007,0.0001081848417006457,2.0181188426629393e-07,2.9663199818496994e-07,0.0,0.0,0.5690324306488037,0.7708754539489746,0.04704548418521881,False,21
1,37.017290609001066,17.680000000000007,0.0001081848417006457,2.0181188426629393e-07,2.9663199818496994e-07,0.0,0.0,0.5690324306488037,0.7708754539489746,0.04704548418521881,False,21
1,37.125919389000046,17.781999999999982,0.00010877927402673558,2.0231993708397496e-07,2.9730658632528867e-07,0.0,0.0,0.5766002535820007,0.7732940912246704,0.06496208906173706,False,21
1,37.2265674290029,17.781999999999982,0.00010877927402673558,2.0231993708397496e-07,2.9730658632528867e-07,0.0,0.0,0.5766002535820007,0.7732940912246704,0.06496208906173706,False,21
1,37.34038320700347,17.884000000000015,0.00010937370635435767,2.0282799035443025e-07,2.9798117532814194e-07,0.0,0.0,0.569855272769928,0.7726870775222778,0.04711039364337921,False,21
1,37.44092114800151,17.884000000000015,0.00010937370635435767,2.0282799035443025e-07,2.9798117532814194e-07,0.0,0.0,0.569855272769928,0.7726870775222778,0.04711039364337921,False,21
1,37.55495721700572,17.98599999999999,0.00010996813868346294,2.0333604423995582e-07,2.986557635644738e-07,0.0,0.0,0.5542411208152771,0.7736854553222656,0.06611296534538269,False,21
1,37.655505362999975,17.98599999999999,0.00010996813868346294,2.0333604423995582e-07,2.986557635644738e-07,0.0,0.0,0.5542411208152771,0.7736854553222656,0.06611296534538269,False,21
1,37.766032753002946,18.088000000000022,0.00011056257101402364,2.0384409865627818e-07,2.993303520750062e-07,0.0,0.0,0.5681523084640503,0.7693343162536621,0.06408825516700745,False,21
1,37.86661877000006,18.088000000000022,0.00011056257101402364,2.0384409865627818e-07,2.993303520750062e-07,0.0,0.0,0.5681523084640503,0.7693343162536621,0.06408825516700745,False,21
1,37.97962534000544,18.189999999999998,0.0001111570033460298,2.0435215357836267e-07,3.00004940142675e-07,0.0,0.0,0.5523079037666321,0.7671576142311096,0.06262345612049103,False,21
1,38.08013936500356,18.189999999999998,0.0001111570033460298,2.0435215357836267e-07,3.00004940142675e-07,0.0,0.0,0.5523079037666321,0.7671576142311096,0.06262345612049103,False,21
1,38.19447593900259,18.29200000000003,0.00011175143567941507,2.0486020907763704e-07,3.0067952810397425e-07,0.0,0.0,0.5690546035766602,0.7673605680465698,0.06152142584323883,False,19
1,38.29515981400618,18.29200000000003,0.00011175143567941507,2.0486020907763704e-07,3.0067952810397425e-07,0.0,0.0,0.5690546035766602,0.7673605680465698,0.06152142584323883,False,19
1,38.441790482000215,18.360000000000014,0.00011214772390254592,2.051989129924201e-07,3.011292538214382e-07,0.0,0.0,0.5752319097518921,0.7669991850852966,0.0612572580575943,False,21
1,38.5424539730011,18.360000000000014,0.00011214772390254592,2.051989129924201e-07,3.011292538214382e-07,0.0,0.0,0.5752319097518921,0.7669991850852966,0.0612572580575943,False,21
1,38.66322317199956,18.46199999999999,0.00011274215623834332,2.0570696935308685e-07,3.018038408822059e-07,0.0,0.0,0.5680285692214966,0.7665667533874512,0.06032980978488922,False,20
1,38.76377446600236,18.46199999999999,0.00011274215623834332,2.0570696935308685e-07,3.018038408822059e-07,0.0,0.0,0.5680285692214966,0.7665667533874512,0.06032980978488922,False,20
1,38.886350428001606,18.56400000000002,0.00011333658857557534,2.0621502621519056e-07,3.024784282393503e-07,0.0,0.0,0.5669324398040771,0.7648617625236511,0.060296431183815,False,20
1,38.987016160004714,18.56400000000002,0.00011333658857557534,2.0621502621519056e-07,3.024784282393503e-07,0.0,0.0,0.5669324398040771,0.7648617625236511,0.060296431183815,False,20
1,39.1101612220009,18.665999999999997,0.00011393102091420424,2.0672308364163521e-07,3.031530157368728e-07,0.0,0.0,0.5608780384063721,0.7670718431472778,0.04701574146747589,False,20
1,39.21496329700312,18.69999999999999,0.00011412916502736171,2.0689243616984616e-07,3.033778782866319e-07,0.0,0.0,0.5608780384063721,0.7670718431472778,0.04701574146747589,False,20
1,39.32715778900456,18.76800000000003,0.00011452545325425821,2.072311415591122e-07,3.0382760327081044e-07,0.0,0.0,0.5682374238967896,0.7686218023300171,0.06334914267063141,False,20
1,39.43003256900556,18.80200000000002,0.00011472359736788753,2.0740049434931685e-07,3.040524658468703e-07,0.0,0.0,0.5682374238967896,0.7686218023300171,0.06334914267063141,False,20
1,39.54394821599999,18.870000000000005,0.00011511988559571558,2.0773920004605966e-07,3.045021906206074e-07,0.0,0.0,0.5599741339683533,0.7625057697296143,0.04724016785621643,False,21
1,39.64489825700002,18.903999999999996,0.00011531802970982975,2.0790855290870237e-07,3.047270528913999e-07,0.0,0.0,0.5599741339683533,0.7666929960250854,0.060879677534103394,False,21
1,39.75279836200207,18.972000000000037,0.00011571431793863359,2.0824725901472113e-07,3.051767779298326e-07,0.0,0.0,0.5671313405036926,0.7666929960250854,0.060879677534103394,False,21
1,39.8560669550061,19.00600000000003,0.00011591246205324042,2.0841661214526557e-07,3.054016401956409e-07,0.0,0.0,0.5671313405036926,0.7680268287658691,0.060879677534103394,False,21
1,39.96642229099962,19.074000000000012,0.00011630875028298925,2.0875531848465233e-07,3.0585136503770025e-07,0.0,0.0,0.5689886808395386,0.7680268287658691,0.04705105721950531,False,21
1,40.092088782002975,19.141999999999996,0.00011670503851328147,2.090940251572657e-07,3.063010890563475e-07,0.0,0.0,0.5684177279472351,0.7692345380783081,0.06352610886096954,False,19
1,40.22697140100354,19.175999999999988,0.00011690318262873312,2.0926337858358975e-07,3.065259517195735e-07,0.0,0.0,0.5684177279472351,0.7692345380783081,0.06352610886096954,False,19
1,40.33891414900427,19.27800000000002,0.0001174976149759103,2.0977143912367884e-07,3.0720053847650256e-07,0.0,0.0,0.5838982462882996,0.7699662446975708,0.06243826448917389,False,19
1,40.439598938006384,19.27800000000002,0.0001174976149759103,2.0977143912367884e-07,3.0720053847650256e-07,0.0,0.0,0.5838982462882996,0.7699662446975708,0.06243826448917389,False,19
1,40.55534121200617,19.379999999999995,0.00011809204732446789,2.1027950025208287e-07,3.0787512539009554e-07,0.0,0.0,0.566927433013916,0.7661052942276001,0.06146739423274994,False,19
1,40.65603912600636,19.379999999999995,0.00011809204732446789,2.1027950025208287e-07,3.0787512539009554e-07,0.0,0.0,0.566927433013916,0.7661052942276001,0.06146739423274994,False,19
1,40.763823180001054,19.482000000000028,0.00011868647967443842,2.1078756191467747e-07,3.085497115103695e-07,0.0,0.0,0.5607163310050964,0.7658042907714844,0.0608096569776535,False,20
1,40.864378860002034,19.482000000000028,0.00011868647967443842,2.1078756191467747e-07,3.085497115103695e-07,0.0,0.0,0.5607163310050964,0.7658042907714844,0.0608096569776535,False,20
1,40.97141838900279,19.584000000000003,0.00011928091202577677,2.1129562402902054e-07,3.0922429812649255e-07,0.0,0.0,0.5605897307395935,0.7654327154159546,0.060679152607917786,False,21
1,41.07206693899934,19.584000000000003,0.00011928091202577677,2.1129562402902054e-07,3.0922429812649255e-07,0.0,0.0,0.5605897307395935,0.7654327154159546,0.060679152607917786,False,21
1,41.18550497000251,19.686000000000035,0.00011987534437851244,2.1180368671012268e-07,3.098988837272159e-07,0.0,0.0,0.5673425197601318,0.7635414600372314,0.06030568480491638,False,21
1,41.286101846002566,19.686000000000035,0.00011987534437851244,2.1180368671012268e-07,3.098988837272159e-07,0.0,0.0,0.5673425197601318,0.7635414600372314,0.06030568480491638,False,21
1,41.399357369002246,19.78800000000001,0.00012046977673269401,2.1231174988168786e-07,3.1057346995970177e-07,0.0,0.0,0.5744383335113525,0.7657009363174438,0.06017686426639557,False,20
1,41.49993812900357,19.78800000000001,0.00012046977673269401,2.1231174988168786e-07,3.1057346995970177e-07,0.0,0.0,0.5744383335113525,0.7657009363174438,0.06017686426639557,False,20
1,41.60605754700373,19.889999999999986,0.00012106420908824167,2.1281981360884803e-07,3.112480558049902e-07,0.0,0.0,0.5603625774383545,0.7662214636802673,0.04672780632972717,False,21
1,41.70665127800021,19.889999999999986,0.00012106420908824167,2.1281981360884803e-07,3.112480558049902e-07,0.0,0.0,0.5603625774383545,0.7662214636802673,0.04672780632972717,False,21
1,41.831312569003785,19.958000000000027,0.00012146049732601923,2.1315852300878876e-07,3.1169777912072354e-07,0.0,0.0,0.5680197477340698,0.7672287821769714,0.06304532289505005,False,20
1,41.93144665500586,19.99200000000002,0.0001216586414451372,2.1332787787788638e-07,3.1192264124109734e-07,0.0,0.0,0.5680197477340698,0.7672287821769714,0.06304532289505005,False,20
1,42.05091437200463,20.060000000000002,0.00012205492968380771,2.1366658767446675e-07,3.1237236501069224e-07,0.0,0.0,0.5757359266281128,0.7691912055015564,0.062190935015678406,False,21
1,42.151592739006446,20.093999999999994,0.00012225307380337325,2.1383594259992052e-07,3.125972271389969e-07,0.0,0.0,0.5757359266281128,0.7691912055015564,0.062190935015678406,False,21
1,42.269567441006075,20.162000000000035,0.00012264936204295102,2.1417465269279344e-07,3.1304695063735816e-07,0.0,0.0,0.566883385181427,0.7662724852561951,0.06140480935573578,False,21
1,42.375924510000914,20.196000000000026,0.000122847506162906,2.1434400789452278e-07,3.132718122200644e-07,0.0,0.0,0.566883385181427,0.7662724852561951,0.06140480935573578,False,21
1,42.4847525160003,20.26400000000001,0.00012324379440338496,2.1468271834814865e-07,3.137215361137535e-07,0.0,0.0,0.5672948956489563,0.7659438252449036,0.06105309724807739,False,21
1,42.58538367100118,20.26400000000001,0.00012324379440338496,2.1468271834814865e-07,3.137215361137535e-07,0.0,0.0,0.5672948956489563,0.7659438252449036,0.06105309724807739,False,21
1,42.70677039800648,20.365999999999985,0.00012383822676516418,2.151907844523462e-07,3.143961216909664e-07,0.0,0.0,0.5668448209762573,0.7654486894607544,0.06059767305850983,False,21
1,42.80751348200283,20.400000000000034,0.00012403637088597005,2.153601399358261e-07,3.1462098299447916e-07,0.0,0.0,0.5668448209762573,0.7649248242378235,0.06059767305850983,False,21
1,42.91459829000087,20.468000000000018,0.00012443265912826873,2.1569885107198898e-07,3.1507070703138564e-07,0.0,0.0,0.5750012397766113,0.7649248242378235,0.06003193557262421,False,20
1,43.0161581220018,20.50200000000001,0.000124630803249533,2.1586820675655476e-07,3.152955687809518e-07,0.0,0.0,0.5750012397766113,0.7649248242378235,0.06003193557262421,False,20
1,43.13061840199953,20.569999999999993,0.0001250270914927255,2.1620691827656477e-07,3.1574529211888073e-07,0.0,0.0,0.5435210466384888,0.7634161114692688,0.05969610810279846,False,20
1,43.23138066200045,20.603999999999985,0.0001252252356144356,2.1637627409428162e-07,3.159701537725135e-07,0.0,0.0,0.5435210466384888,0.7634161114692688,0.05969610810279846,False,20
1,43.349050410004565,20.672000000000025,0.00012562152385855833,2.167149859502497e-07,3.1641987723372424e-07,0.0,0.0,0.5662204027175903,0.7625552415847778,0.05910833179950714,False,21
1,43.46781111200107,20.74000000000001,0.00012601781210309785,2.1705369805458492e-07,3.1686960068918564e-07,0.0,0.0,0.5663855671882629,0.7604122757911682,0.059217795729637146,False,21
1,43.602464439005416,20.774,0.00012621595622565578,2.1722305418894727e-07,3.1709446210857737e-07,0.0,0.0,0.5663855671882629,0.7604122757911682,0.059217795729637146,False,21
1,43.71541794500081,20.876000000000033,0.0001268103885940586,2.1773112289195812e-07,3.1776904619577255e-07,0.0,0.0,0.5667101144790649,0.7616901397705078,0.059272706508636475,False,21
1,43.815991564006254,20.876000000000033,0.0001268103885940586,2.1773112289195812e-07,3.1776904619577255e-07,0.0,0.0,0.5667101144790649,0.7616901397705078,0.059272706508636475,False,21
1,43.92730663600378,20.97800000000001,0.00012740482096381582,2.1823919220329504e-07,3.184436310523244e-07,0.0,0.0,0.5824806690216064,0.764492392539978,0.0592883825302124,False,21
1,44.02798315200198,20.97800000000001,0.00012740482096381582,2.1823919220329504e-07,3.184436310523244e-07,0.0,0.0,0.5824806690216064,0.764492392539978,0.0592883825302124,False,21
1,44.137365515001875,21.079999999999984,0.0001279992533348654,2.1874726197996856e-07,3.1911821542943326e-07,0.0,0.0,0.5764551758766174,0.7662289142608643,0.046777769923210144,False,19
1,44.238077614005306,21.079999999999984,0.0001279992533348654,2.1874726197996856e-07,3.1911821542943326e-07,0.0,0.0,0.5764551758766174,0.7662289142608643,0.046777769923210144,False,19
1,44.346390209000674,21.182000000000016,0.00012859368570724682,2.192553322021844e-07,3.197927999217634e-07,0.0,0.0,0.5675460696220398,0.766859233379364,0.06235359609127045,False,19
1,44.447002001004876,21.182000000000016,0.00012859368570724682,2.192553322021844e-07,3.197927999217634e-07,0.0,0.0,0.5675460696220398,0.766859233379364,0.06235359609127045,False,19
1,44.557954388001235,21.283999999999992,0.00012918811808093015,2.1976340313098082e-07,3.204673843587948e-07,0.0,0.0,0.5599499940872192,0.7602909207344055,0.04699033498764038,False,21
1,44.65861887100618,21.283999999999992,0.00012918811808093015,2.1976340313098082e-07,3.204673843587948e-07,0.0,0.0,0.5599499940872192,0.7602909207344055,0.04699033498764038,False,21
1,44.76667993199953,21.386000000000024,0.00012978255045595312,2.202714744279138e-07,3.211419685595578e-07,0.0,0.0,0.576149046421051,0.7647330164909363,0.059764280915260315,False,21
1,44.86722874500265,21.386000000000024,0.00012978255045595312,2.202714744279138e-07,3.211419685595578e-07,0.0,0.0,0.576149046421051,0.7647330164909363,0.059764280915260315,False,21
1,44.977001832005044,21.488,0.0001303769828322537,2.2077954624940874e-07,3.2181655245227514e-07,0.0,0.0,0.5673909783363342,0.7634903788566589,0.046794816851615906,False,21
1,45.07752897600585,21.488,0.0001303769828322537,2.2077954624940874e-07,3.2181655245227514e-07,0.0,0.0,0.5673909783363342,0.7634903788566589,0.046794816851615906,False,21
1,45.190981878004095,21.590000000000032,0.00013097141520982802,2.212876186169706e-07,3.224911371901242e-07,0.0,0.0,0.5674451589584351,0.7650315165519714,0.06119352579116821,False,20
1,45.29158999700303,21.590000000000032,0.00013097141520982802,2.212876186169706e-07,3.224911371901242e-07,0.0,0.0,0.5674451589584351,0.7650315165519714,0.06119352579116821,False,20
1,45.42965465200541,21.658000000000015,0.00013136770346219677,2.216263338186093e-07,3.2294085986862254e-07,0.0,0.0,0.5690351128578186,0.7681999206542969,0.04686388373374939,False,21
1,45.53309449399967,21.692000000000007,0.00013156584758867908,2.2179569150368203e-07,3.231657210925185e-07,0.0,0.0,0.5690351128578186,0.7681999206542969,0.04686388373374939,False,21
1,45.63557305100403,21.75999999999999,0.0001319621358418445,2.2213440697784187e-07,3.2361544377697747e-07,0.0,0.0,0.5683149099349976,0.7685537934303284,0.06361603736877441,False,20
1,45.73915051200311,21.793999999999983,0.00013216027996873492,2.2230376484895388e-07,3.238403054192513e-07,0.0,0.0,0.5683149099349976,0.7685537934303284,0.06361603736877441,False,20
1,45.84387297700596,21.862000000000023,0.00013255656822278245,2.2264248071124955e-07,3.242900280211444e-07,0.0,0.0,0.5695582032203674,0.7712437510490417,0.0470445454120636,False,18
1,45.950058838003315,21.896000000000015,0.0001327547123500918,2.228118387329425e-07,3.245148890953881e-07,0.0,0.0,0.5695582032203674,0.7712437510490417,0.0470445454120636,False,18
1,46.05824912300159,21.964,0.00013315100060500582,2.2315055499364364e-07,3.249646112657483e-07,0.0,0.0,0.5680808424949646,0.7703916430473328,0.06492112576961517,False,20
1,46.15874708800402,21.964,0.00013315100060500582,2.2315055499364364e-07,3.249646112657483e-07,0.0,0.0,0.5680808424949646,0.7703916430473328,0.06492112576961517,False,20
1,46.278776661005395,22.06600000000003,0.00013374543298841834,2.2365862967352427e-07,3.25639194665437e-07,0.0,0.0,0.5700513124465942,0.7708876729011536,0.046804919838905334,False,19
1,46.37938098200539,22.100000000000023,0.0001339435771164927,2.2382798805546853e-07,3.2586405604419927e-07,0.0,0.0,0.5700513124465942,0.7708876729011536,0.046804919838905334,False,19
1,46.49777046700183,22.168000000000006,0.00013433986537317267,2.2416670497627706e-07,3.263137783152068e-07,0.0,0.0,0.5458828210830688,0.7718353271484375,0.06538654863834381,False,20
1,46.59827872100141,22.168000000000006,0.00013433986537317267,2.2416670497627706e-07,3.263137783152068e-07,0.0,0.0,0.5458828210830688,0.7718353271484375,0.06538654863834381,False,20
1,46.720042201006436,22.27000000000004,0.0001349342977591578,2.2467478069363657e-07,3.2698836204964934e-07,0.0,0.0,0.5619269609451294,0.7709199786186218,0.046422675251960754,False,20
1,46.82232964600553,22.30400000000003,0.00013513244188804834,2.2484413944512857e-07,3.272132228751657e-07,0.0,0.0,0.5689284205436707,0.7709199786186218,0.046422675251960754,False,20
1,46.93295503099944,22.372000000000014,0.0001355287301464188,2.2518285698896549e-07,3.2766294528249025e-07,0.0,0.0,0.5689284205436707,0.7735953330993652,0.06636947393417358,False,20
1,47.034553445999336,22.406000000000006,0.00013572687427578075,2.2535221579592473e-07,3.278878059474459e-07,0.0,0.0,0.5689284205436707,0.7724800109863281,0.06636947393417358,False,20
1,47.1483193660024,22.47399999999999,0.00013612316253498692,2.256909337741556e-07,3.2833752865368494e-07,0.0,0.0,0.5762743353843689,0.7724800109863281,0.06467217206954956,False,21
1,47.24835237300431,22.508000000000038,0.0001363213066647717,2.2586029280175733e-07,3.285623894609025e-07,0.0,0.0,0.567851185798645,0.7670254707336426,0.06312310695648193,False,21
1,47.36462141400261,22.576000000000022,0.0001367175949247585,2.261990110014604e-07,3.290121113753646e-07,0.0,0.0,0.567851185798645,0.7670254707336426,0.06312310695648193,False,21
1,47.49246538300213,22.644000000000005,0.0001371138831852501,2.2653772950780216e-07,3.2946183341216784e-07,0.0,0.0,0.5752446055412292,0.7686992883682251,0.06194604933261871,False,19
1,47.62719141400157,22.677999999999997,0.00013731202731572488,2.2670708884559105e-07,3.296866940446169e-07,0.0,0.0,0.5752446055412292,0.7686992883682251,0.06194604933261871,False,19
1,47.749182712999755,22.78000000000003,0.0001379064597079884,2.2721516715443913e-07,3.3036127620620374e-07,0.0,0.0,0.5672770142555237,0.7655227184295654,0.061215490102767944,False,21
1,47.84970020200126,22.78000000000003,0.0001379064597079884,2.2721516715443913e-07,3.3036127620620374e-07,0.0,0.0,0.5672770142555237,0.7655227184295654,0.061215490102767944,False,21
1,47.96222685500106,22.882000000000005,0.000138500892101435,2.2772324599480642e-07,3.310358594721526e-07,0.0,0.0,0.5606662034988403,0.7640376091003418,0.06042201817035675,False,21
1,48.06287240900565,22.882000000000005,0.000138500892101435,2.2772324599480642e-07,3.310358594721526e-07,0.0,0.0,0.5606662034988403,0.7640376091003418,0.06042201817035675,False,21
1,48.178198108005745,22.984000000000037,0.0001390953244960135,2.2823132529932695e-07,3.3171044275902857e-07,0.0,0.0,0.5671136379241943,0.7625184655189514,0.059949085116386414,False,20
1,48.27877054200508,22.984000000000037,0.0001390953244960135,2.2823132529932695e-07,3.3171044275902857e-07,0.0,0.0,0.5671136379241943,0.7625184655189514,0.059949085116386414,False,20
1,48.38105614200322,23.086000000000013,0.0001396897568919299,2.2873940516450098e-07,3.323850249032777e-07,0.0,0.0,0.573299765586853,0.7595899701118469,0.046770721673965454,False,21
1,48.48174675000337,23.086000000000013,0.0001396897568919299,2.2873940516450098e-07,3.323850249032777e-07,0.0,0.0,0.573299765586853,0.7595899701118469,0.046770721673965454,False,21
1,48.59030935000192,23.187999999999988,0.00014028418928906973,2.292474855010294e-07,3.330596075870879e-07,0.0,0.0,0.5737728476524353,0.7639583349227905,0.05885809659957886,False,19
1,48.69085377400188,23.187999999999988,0.00014028418928906973,2.292474855010294e-07,3.330596075870879e-07,0.0,0.0,0.5737728476524353,0.7639583349227905,0.05885809659957886,False,19
1,48.79216944700602,23.29000000000002,0.00014087862168733062,2.2975556631041544e-07,3.337341897487664e-07,0.0,0.0,0.5665584206581116,0.7620688080787659,0.05897054076194763,False,20
1,48.89268122800422,23.29000000000002,0.00014087862168733062,2.2975556631041544e-07,3.337341897487664e-07,0.0,0.0,0.5665584206581116,0.7620688080787659,0.05897054076194763,False,20
1,49.015797386004124,23.358000000000004,0.00014127490995356675,2.300942872169735e-07,3.341839108771045e-07,0.0,0.0,0.5667510032653809,0.7621101140975952,0.059048354625701904,False,21
1,49.11843208999926,23.391999999999996,0.00014147305408686393,2.30263647735388e-07,3.3440877199783396e-07,0.0,0.0,0.5667510032653809,0.7621101140975952,0.059048354625701904,False,21
1,49.22230152600241,23.460000000000036,0.0001418693423539028,2.306023688390635e-07,3.348584932861036e-07,0.0,0.0,0.5827311277389526,0.7638243436813354,0.05908070504665375,False,20
1,49.32637170300586,23.494000000000028,0.0001420674864875465,2.3077172952801045e-07,3.350833536569432e-07,0.0,0.0,0.574228048324585,0.7638243436813354,0.05908070504665375,False,20
1,49.427040509006474,23.562000000000012,0.00014246377475537596,2.3111045107616245e-07,3.3553307510634226e-07,0.0,0.0,0.574228048324585,0.7629514336585999,0.05870524048805237,False,20
1,49.531409326002176,23.596000000000004,0.0001426619188894659,2.3127981194420403e-07,3.3575793541524965e-07,0.0,0.0,0.574228048324585,0.761447548866272,0.05870524048805237,False,20
1,49.63361247300054,23.663999999999987,0.00014305820715798537,2.3161853374279732e-07,3.3620765660844e-07,0.0,0.0,0.5597565174102783,0.761447548866272,0.05849736928939819,False,21
1,49.734468961003586,23.698000000000036,0.00014325635129249469,2.317878948228085e-07,3.3643251727019554e-07,0.0,0.0,0.5666557550430298,0.761447548866272,0.05849736928939819,False,21
1,49.83803842800262,23.76600000000002,0.00014365263956171844,2.3212661703833842e-07,3.368822382385676e-07,0.0,0.0,0.5666557550430298,0.760260820388794,0.05826321244239807,False,20
1,49.94629142800113,23.80000000000001,0.00014385078369669527,2.3229597811640944e-07,3.3710709867707816e-07,0.0,0.0,0.5666557550430298,0.760260820388794,0.05826321244239807,False,20
1,50.055218311004865,23.867999999999995,0.00014424707196676384,2.326347007130122e-07,3.375568194978711e-07,0.0,0.0,0.5676441788673401,0.761044979095459,0.04686446487903595,False,20
1,50.16020124600618,23.901999999999987,0.0001444452161020104,2.328040620283044e-07,3.3778167995551685e-07,0.0,0.0,0.5666788816452026,0.761044979095459,0.04686446487903595,False,20
1,50.267134005000116,23.970000000000027,0.0001448415043729637,2.3314278487279042e-07,3.382314008950703e-07,0.0,0.0,0.5666788816452026,0.7636628746986389,0.05980435013771057,False,20
1,50.36986406500364,24.00400000000002,0.0001450396485085186,2.333121463912493e-07,3.384562610868681e-07,0.0,0.0,0.5666788816452026,0.7666136622428894,0.05980435013771057,False,20
1,50.47860996500094,24.072000000000003,0.00014543593678033014,2.3365086961629544e-07,3.3890598205831747e-07,0.0,0.0,0.57444828748703,0.7666136622428894,0.047015681862831116,False,21
1,50.58469158200023,24.105999999999995,0.00014563408091628968,2.3382023132215403e-07,3.3913084222995365e-07,0.0,0.0,0.57444828748703,0.7678110003471375,0.047015681862831116,False,21
1,50.69687445300224,24.174000000000035,0.00014603036918875737,2.3415895480818997e-07,3.395805632381716e-07,0.0,0.0,0.5680881142616272,0.7678110003471375,0.06272700428962708,False,21
1,50.81821622700227,24.24200000000002,0.00014642665746170732,2.3449767859147613e-07,3.400302845813991e-07,0.0,0.0,0.5778170824050903,0.7700581550598145,0.047283291816711426,False,21
1,50.952865834005934,24.27600000000001,0.0001466248015984076,2.3466704055783634e-07,3.402551443910532e-07,0.0,0.0,0.5778170824050903,0.7700581550598145,0.047283291816711426,False,21
1,51.056014903006144,24.377999999999986,0.00014721923400917237,2.3517512674389239e-07,3.4092972570510176e-07,0.0,0.0,0.5847848057746887,0.7719513177871704,0.06428681313991547,False,20
1,51.15653174700128,24.377999999999986,0.00014721923400917237,2.3517512674389239e-07,3.4092972570510176e-07,0.0,0.0,0.5847848057746887,0.7719513177871704,0.06428681313991547,False,20
1,51.26811050900142,24.480000000000018,0.00014781366642126117,2.3568321349623704e-07,3.416043070772682e-07,0.0,0.0,0.5615057945251465,0.7696002125740051,0.06274867057800293,False,20
1,51.36876461900101,24.480000000000018,0.00014781366642126117,2.3568321349623704e-07,3.416043070772682e-07,0.0,0.0,0.5615057945251465,0.7696002125740051,0.06274867057800293,False,20
1,51.47586001300078,24.581999999999994,0.0001484080988344758,2.3619130067066317e-07,3.4227888848733756e-07,0.0,0.0,0.5755575299263,0.7670810222625732,0.061365172266960144,False,19
1,51.57644923800399,24.581999999999994,0.0001484080988344758,2.3619130067066317e-07,3.4227888848733756e-07,0.0,0.0,0.5755575299263,0.7670810222625732,0.061365172266960144,False,19
1,51.68321243700484,24.684000000000026,0.00014900253124874733,2.3669938840179926e-07,3.4295346922727066e-07,0.0,0.0,0.5751357674598694,0.7661673426628113,0.060557425022125244,False,20
1,51.78384320100304,24.684000000000026,0.00014900253124874733,2.3669938840179926e-07,3.4295346922727066e-07,0.0,0.0,0.5751357674598694,0.7661673426628113,0.060557425022125244,False,20
1,51.88554378100525,24.786,0.00014959696366422187,2.372074766301102e-07,3.436280497059989e-07,0.0,0.0,0.5670768618583679,0.7640975117683411,0.060101866722106934,False,21
1,51.986187052003515,24.786,0.00014959696366422187,2.372074766301102e-07,3.436280497059989e-07,0.0,0.0,0.5670768618583679,0.7640975117683411,0.060101866722106934,False,21
1,52.094954243002576,24.888000000000034,0.00015019139608093762,2.3771556527999944e-07,3.443026300974936e-07,0.0,0.0,0.5678960680961609,0.7660502195358276,0.059957355260849,False,21
1,52.19574576800369,24.888000000000034,0.00015019139608093762,2.3771556527999944e-07,3.443026300974936e-07,0.0,0.0,0.5678960680961609,0.7660502195358276,0.059957355260849,False,21
1,52.31110269400233,24.99000000000001,0.00015078582849877573,2.3822365453158588e-07,3.44977210820668e-07,0.0,0.0,0.567077100276947,0.7634059190750122,0.0600096732378006,False,20
1,52.411690856999485,24.99000000000001,0.00015078582849877573,2.3822365453158588e-07,3.44977210820668e-07,0.0,0.0,0.567077100276947,0.7634059190750122,0.0600096732378006,False,20
1,52.53603077099979,25.057999999999993,0.0001511821167779169,2.385623808799302e-07,3.4542693113449467e-07,0.0,0.0,0.5771822333335876,0.7662060260772705,0.04700101912021637,False,21
1,52.64186683700245,25.091999999999985,0.00015138026091772927,2.387317441371805e-07,3.4565179072440366e-07,0.0,0.0,0.5771822333335876,0.7662060260772705,0.04700101912021637,False,21
1,52.74715427100455,25.160000000000025,0.00015177654919761247,2.3907047092137713e-07,3.461015109204412e-07,0.0,0.0,0.5675439834594727,0.7675532102584839,0.06273841857910156,False,20
1,52.84811386900401,25.194000000000017,0.0001519746933377696,2.3923983431584207e-07,3.463263709828006e-07,0.0,0.0,0.5675439834594727,0.7675532102584839,0.06273841857910156,False,20
1,52.955955511002685,25.262,0.00015237098161850673,2.395785613987221e-07,3.467760907850559e-07,0.0,0.0,0.5509623289108276,0.762161135673523,0.046917110681533813,False,21
1,53.06042978200276,25.295999999999992,0.0001525691257590364,2.3974792503043056e-07,3.470009516977736e-07,0.0,0.0,0.5509623289108276,0.7651690244674683,0.046917110681533813,False,21
1,53.16570219700225,25.364000000000033,0.00015296541404046654,2.4008665244979054e-07,3.474506712814474e-07,0.0,0.0,0.5749949812889099,0.7651690244674683,0.060146912932395935,False,20
1,53.26703238000482,25.398000000000025,0.00015316355818131193,2.4025601619920924e-07,3.4767553107360265e-07,0.0,0.0,0.5684300661087036,0.7651690244674683,0.060146912932395935,False,20
1,53.37136174199986,25.466000000000008,0.00015355984646342642,2.4059474395769453e-07,3.4812525207897795e-07,0.0,0.0,0.5684300661087036,0.767388641834259,0.04670800268650055,False,21
1,53.471871966001345,25.5,0.00015375799060463524,2.4076410789913343e-07,3.483501119040503e-07,0.0,0.0,0.5684300661087036,0.7703517079353333,0.04670800268650055,False,21
1,53.57836351700098,25.567999999999984,0.0001541542788874601,2.4110283594996325e-07,3.487998322416452e-07,0.0,0.0,0.5844115614891052,0.7703517079353333,0.0633641928434372,False,20
1,53.7003462480061,25.636000000000024,0.00015455056717087563,2.4144156423401586e-07,3.492495512806102e-07,0.0,0.0,0.569102942943573,0.7711712121963501,0.04700632393360138,False,21
1,53.834882070004824,25.670000000000016,0.00015474871131273583,2.416109285079667e-07,3.4947441199018144e-07,0.0,0.0,0.569102942943573,0.7711712121963501,0.04700632393360138,False,21
1,53.94330701400031,25.77199999999999,0.00015534314373902248,2.421190214781644e-07,3.501489909294933e-07,0.0,0.0,0.5766518712043762,0.7735463976860046,0.06515423953533173,False,21
1,54.04384179200133,25.77199999999999,0.00015534314373902248,2.421190214781644e-07,3.501489909294933e-07,0.0,0.0,0.5766518712043762,0.7735463976860046,0.06515423953533173,False,21
1,54.15832911000325,25.874000000000024,0.0001559375761664393,2.4262711497654726e-07,3.5082357152750655e-07,0.0,0.0,0.5698908567428589,0.7728358507156372,0.0470799058675766,False,19
1,54.25898393300304,25.874000000000024,0.0001559375761664393,2.4262711497654726e-07,3.5082357152750655e-07,0.0,0.0,0.5698908567428589,0.7728358507156372,0.0470799058675766,False,19
1,54.37063860200578,25.976,0.00015653200859496157,2.431352089576589e-07,3.514981514676331e-07,0.0,0.0,0.5542737245559692,0.7738158106803894,0.06621892750263214,False,20
1,54.47134160900168,25.976,0.00015653200859496157,2.431352089576589e-07,3.514981514676331e-07,0.0,0.0,0.5542737245559692,0.7738158106803894,0.06621892750263214,False,20
1,54.5844387380057,26.07800000000003,0.00015712644102442233,2.4364330346678164e-07,3.521727303131359e-07,0.0,0.0,0.568120539188385,0.7695775032043457,0.06416982412338257,False,21
1,54.68503084900294,26.07800000000003,0.00015712644102442233,2.4364330346678164e-07,3.521727303131359e-07,0.0,0.0,0.568120539188385,0.7695775032043457,0.06416982412338257,False,21
1,54.78828490800515,26.180000000000007,0.00015772087345504362,2.4415139844208165e-07,3.5284731003520785e-07,0.0,0.0,0.5523384809494019,0.7671805620193481,0.06262896955013275,False,21
1,54.88891136000166,26.180000000000007,0.00015772087345504362,2.4415139844208165e-07,3.5284731003520785e-07,0.0,0.0,0.5523384809494019,0.7671805620193481,0.06262896955013275,False,21
1,55.00039999800356,26.281999999999982,0.00015831530588687488,2.446594938620649e-07,3.5352188881110655e-07,0.0,0.0,0.5690462589263916,0.7673460841178894,0.061523064970970154,False,19
1,55.100989234000735,26.281999999999982,0.00015831530588687488,2.446594938620649e-07,3.5352188881110655e-07,0.0,0.0,0.5690462589263916,0.7673460841178894,0.061523064970970154,False,19
1,55.20555384400359,26.384000000000015,0.00015890973831975607,2.451675898798092e-07,3.541964678579537e-07,0.0,0.0,0.5752231478691101,0.7669738531112671,0.061252012848854065,False,20
1,55.30610441099998,26.384000000000015,0.00015890973831975607,2.451675898798092e-07,3.541964678579537e-07,0.0,0.0,0.5752231478691101,0.7669738531112671,0.061252012848854065,False,20
1,55.41212562900182,26.48599999999999,0.00015950417075362953,2.4567568623242545e-07,3.54871046567189e-07,0.0,0.0,0.5680510997772217,0.766607940196991,0.060322731733322144,False,21
1,55.51280762900569,26.48599999999999,0.00015950417075362953,2.4567568623242545e-07,3.54871046567189e-07,0.0,0.0,0.5680510997772217,0.766607940196991,0.060322731733322144,False,21
1,55.61620775300253,26.588000000000022,0.00016009860318858026,2.4618378322375795e-07,3.555456254749269e-07,0.0,0.0,0.5669371485710144,0.7648680806159973,0.06028030812740326,False,20
1,55.71689515199978,26.588000000000022,0.00016009860318858026,2.4618378322375795e-07,3.555456254749269e-07,0.0,0.0,0.5669371485710144,0.7648680806159973,0.06028030812740326,False,20
1,55.82400581600086,26.689999999999998,0.00016069303562464728,2.4669188057332207e-07,3.56220204704877e-07,0.0,0.0,0.5608782172203064,0.7670816779136658,0.0470382422208786,False,20
1,55.92465091000486,26.689999999999998,0.00016069303562464728,2.4669188057332207e-07,3.56220204704877e-07,0.0,0.0,0.5608782172203064,0.7670816779136658,0.0470382422208786,False,20
1,56.03850229300588,26.79200000000003,0.00016128746806177941,2.4719997850382787e-07,3.568947832973128e-07,0.0,0.0,0.5682385563850403,0.7686173319816589,0.06333562731742859,False,19
1,56.139151180002955,26.79200000000003,0.00016128746806177941,2.4719997850382787e-07,3.568947832973128e-07,0.0,0.0,0.5682385563850403,0.7686173319816589,0.06333562731742859,False,19
1,56.26650530700135,26.860000000000014,0.0001616837563537185,2.4753871070992244e-07,3.573445018265996e-07,0.0,0.0,0.5599877834320068,0.7624565958976746,0.04724857211112976,False,21
1,56.36999525099964,26.894000000000005,0.00016188190049995282,2.4770807698370494e-07,3.5756936158976173e-07,0.0,0.0,0.5599877834320068,0.7624565958976746,0.04724857211112976,False,21
1,56.474453716000426,26.96199999999999,0.0001622781887927376,2.4804680951778914e-07,3.580190801838272e-07,0.0,0.0,0.5671167373657227,0.766692042350769,0.06087256968021393,False,21
1,56.57542914700025,26.996000000000038,0.00016247633293914017,2.4821617583048105e-07,3.582439401981948e-07,0.0,0.0,0.5671167373657227,0.7679980397224426,0.04706105589866638,False,21
1,56.676405629004876,27.06400000000002,0.00016287262123259672,2.4855490865825673e-07,3.5869365929509736e-07,0.0,0.0,0.5690023899078369,0.7679980397224426,0.04706105589866638,False,21
1,56.7948525660031,27.132000000000005,0.0001632689095263794,2.48893641785735e-07,3.591433783414237e-07,0.0,0.0,0.5684457421302795,0.7690858244895935,0.06352196633815765,False,20
1,56.92968869500328,27.165999999999997,0.00016346705367345895,2.490630083869417e-07,3.593682374006989e-07,0.0,0.0,0.5684457421302795,0.7690858244895935,0.06352196633815765,False,20
1,57.03362804300559,27.26800000000003,0.00016406148611550816,2.4957110859095956e-07,3.6004281595474937e-07,0.0,0.0,0.58381587266922,0.7698092460632324,0.06243063509464264,False,20
1,57.13421183900209,27.26800000000003,0.00016406148611550816,2.4957110859095956e-07,3.6004281595474937e-07,0.0,0.0,0.58381587266922,0.7698092460632324,0.06243063509464264,False,20
1,57.249954901999445,27.370000000000005,0.00016465591855870402,2.500792092557035e-07,3.607173945422357e-07,0.0,0.0,0.5669150352478027,0.7660155296325684,0.061458736658096313,False,19
1,57.3507676320005,27.370000000000005,0.00016465591855870402,2.500792092557035e-07,3.607173945422357e-07,0.0,0.0,0.5669150352478027,0.7660155296325684,0.061458736658096313,False,19
1,57.46233126300649,27.472000000000037,0.00016525035100272562,2.505873104697615e-07,3.613919723090001e-07,0.0,0.0,0.5606874227523804,0.7657157182693481,0.06080347299575806,False,20
1,57.56295283399959,27.472000000000037,0.00016525035100272562,2.505873104697615e-07,3.613919723090001e-07,0.0,0.0,0.5606874227523804,0.7657157182693481,0.06080347299575806,False,20
1,57.67902087900438,27.574000000000012,0.0001658447834478765,2.5109541207483367e-07,3.6206655118180847e-07,0.0,0.0,0.5605655908584595,0.7653515934944153,0.06066632270812988,False,21
1,57.779593944003864,27.574000000000012,0.0001658447834478765,2.5109541207483367e-07,3.6206655118180847e-07,0.0,0.0,0.5605655908584595,0.7653515934944153,0.06066632270812988,False,21
1,57.89053832799982,27.675999999999988,0.00016643921589412853,2.5160351421050997e-07,3.6274112900698754e-07,0.0,0.0,0.5673195719718933,0.76347815990448,0.0602937787771225,False,21
1,57.99112584800605,27.675999999999988,0.00016643921589412853,2.5160351421050997e-07,3.6274112900698754e-07,0.0,0.0,0.5673195719718933,0.76347815990448,0.0602937787771225,False,21
1,58.09938702900399,27.77800000000002,0.0001670336483412492,2.5211161691143867e-07,3.634157071636282e-07,0.0,0.0,0.5678533911705017,0.7654900550842285,0.06006738543510437,False,20
1,58.200040579002234,27.77800000000002,0.0001670336483412492,2.5211161691143867e-07,3.634157071636282e-07,0.0,0.0,0.5678533911705017,0.7654900550842285,0.06006738543510437,False,20
1,58.316165694006486,27.879999999999995,0.00016762808078930576,2.526197199974189e-07,3.640902845772114e-07,0.0,0.0,0.5603083968162537,0.7660169005393982,0.04666215181350708,False,21
1,58.4166896980023,27.879999999999995,0.00016762808078930576,2.526197199974189e-07,3.640902845772114e-07,0.0,0.0,0.5603083968162537,0.7660169005393982,0.04666215181350708,False,21
1,58.52542788500432,27.982000000000028,0.00016822251323861045,2.5312782362092325e-07,3.647648620306321e-07,0.0,0.0,0.567984402179718,0.7670775651931763,0.06298224627971649,False,20
1,58.626086537005904,27.982000000000028,0.00016822251323861045,2.5312782362092325e-07,3.647648620306321e-07,0.0,0.0,0.567984402179718,0.7670775651931763,0.06298224627971649,False,20
1,58.7347887979995,28.084000000000003,0.00016881694568886578,2.5363592764149514e-07,3.6543943921210917e-07,0.0,0.0,0.5756351351737976,0.769029438495636,0.06209735572338104,False,20
1,58.83546896400367,28.084000000000003,0.00016881694568886578,2.5363592764149514e-07,3.6543943921210917e-07,0.0,0.0,0.5756351351737976,0.769029438495636,0.06209735572338104,False,20
1,58.94084031999955,28.186000000000035,0.0001694113781399954,2.5414403225408165e-07,3.661140164625948e-07,0.0,0.0,0.5668715238571167,0.7661916017532349,0.06133165955543518,False,21
1,59.04151355000067,28.186000000000035,0.0001694113781399954,2.5414403225408165e-07,3.661140164625948e-07,0.0,0.0,0.5668715238571167,0.7661916017532349,0.06133165955543518,False,21
1,59.14784644700558,28.28800000000001,0.0001700058105922153,2.546521372230119e-07,3.667885935706164e-07,0.0,0.0,0.5672771334648132,0.7658640742301941,0.06098966300487518,False,21
1,59.24848273899988,28.28800000000001,0.0001700058105922153,2.546521372230119e-07,3.667885935706164e-07,0.0,0.0,0.5672771334648132,0.7658640742301941,0.06098966300487518,False,21
1,59.35983517199929,28.389999999999986,0.00017060024304560526,2.551602428077582e-07,3.6746317107578525e-07,0.0,0.0,0.5668097138404846,0.7654135823249817,0.06058664619922638,False,21
1,59.46046363400092,28.389999999999986,0.00017060024304560526,2.551602428077582e-07,3.6746317107578525e-07,0.0,0.0,0.5668097138404846,0.7654135823249817,0.06058664619922638,False,21
1,59.59215045400197,28.458000000000027,0.00017099653134830832,2.554989801188589e-07,3.679128901648712e-07,0.0,0.0,0.5668092370033264,0.7628878355026245,0.06004658341407776,False,21
1,59.692473712006176,28.49200000000002,0.00017119467549991376,2.5566834883952305e-07,3.6813774923878023e-07,0.0,0.0,0.5668092370033264,0.7628878355026245,0.06004658341407776,False,21
1,59.79803602600441,28.560000000000002,0.00017159096380321487,2.56007086473485e-07,3.6858746752726077e-07,0.0,0.0,0.5599192380905151,0.7630726099014282,0.05953337252140045,False,21
1,59.8980651660022,28.593999999999994,0.00017178910795499162,2.5617645533913766e-07,3.688123255974105e-07,0.0,0.0,0.5661822557449341,0.7627581357955933,0.058860406279563904,False,21
1,60.048194183000305,28.662000000000035,0.0001721853962590729,2.5651519326329077e-07,3.692620446124839e-07,0.0,0.0,0.5661822557449341,0.7627581357955933,0.058860406279563904,False,21
1,60.1555333780052,28.76400000000001,0.00017277982871587334,2.570233005759256e-07,3.6993662167592823e-07,0.0,0.0,0.5664505958557129,0.7605772018432617,0.05901174247264862,False,21
1,60.25623005700618,28.76400000000001,0.00017277982871587334,2.570233005759256e-07,3.6993662167592823e-07,0.0,0.0,0.5664505958557129,0.7605772018432617,0.05901174247264862,False,21
1,60.36622754700511,28.865999999999985,0.00017337426117377966,2.575314084279584e-07,3.706111980382366e-07,0.0,0.0,0.5667071342468262,0.7616852521896362,0.0590440034866333,False,20
1,60.466802654002095,28.865999999999985,0.00017337426117377966,2.575314084279584e-07,3.706111980382366e-07,0.0,0.0,0.5667071342468262,0.7616852521896362,0.0590440034866333,False,20
1,60.570771256003354,28.968000000000018,0.00017396869363273029,2.5803951667050254e-07,3.712857750019274e-07,0.0,0.0,0.5824579000473022,0.7645241022109985,0.05906014144420624,False,19
1,60.671382785003516,28.968000000000018,0.00017396869363273029,2.5803951667050254e-07,3.712857750019274e-07,0.0,0.0,0.5824579000473022,0.7645241022109985,0.05906014144420624,False,19
1,60.779429494003125,29.069999999999993,0.0001745631260925821,2.5854762543296805e-07,3.719603520376356e-07,0.0,0.0,0.5824248790740967,0.7635924220085144,0.05860355496406555,False,21
1,60.880037886003265,29.069999999999993,0.0001745631260925821,2.5854762543296805e-07,3.719603520376356e-07,0.0,0.0,0.5824248790740967,0.7635924220085144,0.05860355496406555,False,21
1,60.982084207003936,29.172000000000025,0.00017515755855340622,2.5905573457000635e-07,3.7263492784915275e-07,0.0,0.0,0.5662664175033569,0.7609984278678894,0.05873608589172363,False,21
1,61.08261818300525,29.172000000000025,0.00017515755855340622,2.5905573457000635e-07,3.7263492784915275e-07,0.0,0.0,0.5662664175033569,0.7609984278678894,0.05873608589172363,False,21
1,61.19232702800218,29.274,0.0001757519910153037,2.595638443112586e-07,3.733095041787814e-07,0.0,0.0,0.5589564442634583,0.7563803791999817,0.04679912328720093,False,20
1,61.29287497900077,29.274,0.0001757519910153037,2.595638443112586e-07,3.733095041787814e-07,0.0,0.0,0.5589564442634583,0.7563803791999817,0.04679912328720093,False,20
1,61.443066265004745,29.376000000000033,0.00017634642347807766,2.600719544627604e-07,3.7398408134766356e-07,0.0,0.0,0.581710934638977,0.761150062084198,0.05770641565322876,False,20
1,61.565801415999886,29.444000000000017,0.00017674271178712243,2.6041069480871764e-07,3.7443379867874853e-07,0.0,0.0,0.5588991045951843,0.7596863508224487,0.04665417969226837,False,21
1,61.70069572200009,29.47800000000001,0.00017694085594182826,2.605800651508755e-07,3.746586573570497e-07,0.0,0.0,0.5588991045951843,0.7596863508224487,0.04665417969226837,False,21
1,61.815145435000886,29.579999999999984,0.00017753528840657373,2.610881762467096e-07,3.7533323437190114e-07,0.0,0.0,0.5670381784439087,0.7631092071533203,0.06000140309333801,False,21
1,61.91580934200465,29.579999999999984,0.00017753528840657373,2.610881762467096e-07,3.7533323437190114e-07,0.0,0.0,0.5670381784439087,0.7631092071533203,0.06000140309333801,False,21
1,62.02324048400624,29.682000000000016,0.00017812972087226115,2.615962878733921e-07,3.7600781026851594e-07,0.0,0.0,0.5686781406402588,0.7669275403022766,0.04679770767688751,False,21
1,62.12376114400104,29.682000000000016,0.00017812972087226115,2.615962878733921e-07,3.7600781026851594e-07,0.0,0.0,0.5686781406402588,0.7669275403022766,0.04679770767688751,False,21
1,62.224252192005224,29.75,0.0001785260091832332,2.619350293253007e-07,3.764575271605479e-07,0.0,0.0,0.5681252479553223,0.7674880027770996,0.0629168301820755,False,20
1,62.3588764360029,29.783999999999992,0.00017872415333890094,2.621044000416974e-07,3.7668238605709487e-07,0.0,0.0,0.5681252479553223,0.7674880027770996,0.0629168301820755,False,20
1,62.47586295899964,29.886000000000024,0.00017931858580643367,2.6261251255740533e-07,3.773569614130551e-07,0.0,0.0,0.5693897008895874,0.7705182433128357,0.04702128469944,False,21
1,62.576424418002716,29.886000000000024,0.00017931858580643367,2.6261251255740533e-07,3.773569614130551e-07,0.0,0.0,0.5693897008895874,0.7705182433128357,0.04702128469944,False,21
1,62.685951245999604,29.988,0.00017991301827492614,2.631206256316795e-07,3.7803153738783343e-07,0.0,0.0,0.5679423809051514,0.769747257232666,0.06451071798801422,False,21
1,62.78658905500197,29.988,0.00017991301827492614,2.631206256316795e-07,3.7803153738783343e-07,0.0,0.0,0.5679423809051514,0.769747257232666,0.06451071798801422,False,21
1,62.889657346000604,30.090000000000032,0.0001805074507443159,2.636287391411926e-07,3.787061124869167e-07,0.0,0.0,0.5699375867843628,0.77045077085495,0.04679234325885773,False,21
1,62.99020009900414,30.090000000000032,0.0001805074507443159,2.636287391411926e-07,3.787061124869167e-07,0.0,0.0,0.5699375867843628,0.77045077085495,0.04679234325885773,False,21
1,63.1131422239996,30.158000000000015,0.0001809037390579117,2.6396748180536324e-07,3.7915583008108517e-07,0.0,0.0,0.5457353591918945,0.7712790369987488,0.06514686346054077,False,20
1,63.21401423399948,30.192000000000007,0.0001811018832148406,2.6413685320027644e-07,3.793806881248612e-07,0.0,0.0,0.5457353591918945,0.7712790369987488,0.06514686346054077,False,20
1,63.318472907005344,30.25999999999999,0.00018149817152888137,2.6447559618924686e-07,3.798304061736295e-07,0.0,0.0,0.5617806911468506,0.7706720232963562,0.04634000360965729,False,21
1,63.42705023600138,30.293999999999983,0.0001816963156861767,2.646449677190887e-07,3.800552646359828e-07,0.0,0.0,0.5617806911468506,0.7706720232963562,0.04634000360965729,False,21
1,63.5310396950008,30.362000000000023,0.000182092604000881,2.649837109741719e-07,3.805049817692268e-07,0.0,0.0,0.5688563585281372,0.7732931971549988,0.06622716784477234,False,20
1,63.63701574400329,30.396000000000015,0.00018229074815829258,2.65153082697816e-07,3.807298396964852e-07,0.0,0.0,0.5688563585281372,0.7718803882598877,0.06622716784477234,False,20
1,63.78704008000204,30.464,0.00018268703647368557,2.654918262060848e-07,3.811795574143675e-07,0.0,0.0,0.5759616494178772,0.7718803882598877,0.06449185311794281,False,21
1,63.89566620700498,30.56600000000003,0.00018328146894727943,2.65999941961755e-07,3.8185413255970413e-07,0.0,0.0,0.5678021311759949,0.7667927742004395,0.06298491358757019,False,21
1,63.99620638600027,30.56600000000003,0.00018328146894727943,2.65999941961755e-07,3.8185413255970413e-07,0.0,0.0,0.5678021311759949,0.7667927742004395,0.06298491358757019,False,21
1,64.10875253300037,30.668000000000006,0.00018387590142206678,2.6650805826361155e-07,3.82528708289697e-07,0.0,0.0,0.5751773118972778,0.7685425281524658,0.06184306740760803,False,19
1,64.20938832300453,30.668000000000006,0.00018387590142206678,2.6650805826361155e-07,3.82528708289697e-07,0.0,0.0,0.5751773118972778,0.7685425281524658,0.06184306740760803,False,19
1,64.3201613420024,30.77000000000004,0.00018447033389759355,2.670161749572413e-07,3.832032833974742e-07,0.0,0.0,0.5672532320022583,0.7653858661651611,0.06113491952419281,False,21
1,64.42080868100311,30.77000000000004,0.00018447033389759355,2.670161749572413e-07,3.832032833974742e-07,0.0,0.0,0.5672532320022583,0.7653858661651611,0.06113491952419281,False,21
1,64.52402091499971,30.872000000000014,0.00018506476637392827,2.675242921477843e-07,3.838778589430585e-07,0.0,0.0,0.5606108903884888,0.7639502286911011,0.06035959720611572,False,21
1,64.62469221900392,30.872000000000014,0.00018506476637392827,2.675242921477843e-07,3.838778589430585e-07,0.0,0.0,0.5606108903884888,0.7639502286911011,0.06035959720611572,False,21
1,64.72543504200439,30.97399999999999,0.00018565919885145258,2.6803240968835244e-07,3.845524334932888e-07,0.0,0.0,0.5671528577804565,0.762224555015564,0.05978648364543915,False,20
1,64.8260778860058,30.97399999999999,0.00018565919885145258,2.6803240968835244e-07,3.845524334932888e-07,0.0,0.0,0.5671528577804565,0.762224555015564,0.05978648364543915,False,20
1,64.93269444700127,31.076000000000022,0.0001862536313297302,2.6854052787929326e-07,3.852270080153103e-07,0.0,0.0,0.5732473731040955,0.7593727707862854,0.046704620122909546,False,20
1,65.03328679800325,31.076000000000022,0.0001862536313297302,2.6854052787929326e-07,3.852270080153103e-07,0.0,0.0,0.5732473731040955,0.7593727707862854,0.046704620122909546,False,20
1,65.13992093900015,31.177999999999997,0.00018684806380892677,2.690486465658037e-07,3.8590158287555287e-07,0.0,0.0,0.5660105347633362,0.7622418999671936,0.058778852224349976,False,20
1,65.24062202200003,31.177999999999997,0.00018684806380892677,2.690486465658037e-07,3.8590158287555287e-07,0.0,0.0,0.5660105347633362,0.7622418999671936,0.058778852224349976,False,20
1,65.36143351800274,31.28000000000003,0.00018744249628914814,2.695567656288108e-07,3.86576157255217e-07,0.0,0.0,0.5665084719657898,0.7619194984436035,0.05890977382659912,False,21
1,65.46204032999958,31.28000000000003,0.00018744249628914814,2.695567656288108e-07,3.86576157255217e-07,0.0,0.0,0.5665084719657898,0.7619194984436035,0.05890977382659912,False,21
1,65.61130856000091,31.382000000000005,0.00018803692877004648,2.7006488513556816e-07,3.872507312816075e-07,0.0,0.0,0.5666939616203308,0.761929452419281,0.058957427740097046,False,20
1,65.73640925200016,31.44999999999999,0.00018843321709136225,2.7040363171550295e-07,3.8770044759441754e-07,0.0,0.0,0.5826830267906189,0.7636793851852417,0.059007734060287476,False,20
1,65.87149374400178,31.484000000000037,0.00018863136125208367,2.705730051227001e-07,3.8792530529439326e-07,0.0,0.0,0.5826830267906189,0.7636793851852417,0.059007734060287476,False,20
1,65.97655829500582,31.586000000000013,0.00018922579373497088,2.710811256626726e-07,3.885998803426057e-07,0.0,0.0,0.5741947889328003,0.762828528881073,0.058647096157073975,False,20
1,66.07724413500546,31.586000000000013,0.00018922579373497088,2.710811256626726e-07,3.885998803426057e-07,0.0,0.0,0.5741947889328003,0.762828528881073,0.058647096157073975,False,20
1,66.18898546700075,31.687999999999988,0.00018982022621864478,2.71589246625309e-07,3.892744545209958e-07,0.0,0.0,0.5597224235534668,0.761323094367981,0.05844166874885559,False,21
1,66.28965670300386,31.687999999999988,0.00018982022621864478,2.71589246625309e-07,3.892744545209958e-07,0.0,0.0,0.5597224235534668,0.761323094367981,0.05844166874885559,False,21
1,66.39839379399928,31.79000000000002,0.0001904146587034354,2.720973681156355e-07,3.899490284403581e-07,0.0,0.0,0.5666238069534302,0.7601680755615234,0.058219000697135925,False,20
1,66.4990088400009,31.79000000000002,0.0001904146587034354,2.720973681156355e-07,3.899490284403581e-07,0.0,0.0,0.5666238069534302,0.7601680755615234,0.058219000697135925,False,20
1,66.62998366800457,31.858000000000004,0.00019081094702698724,2.724361159965648e-07,3.9039874533425657e-07,0.0,0.0,0.5676276683807373,0.7609800696372986,0.04685084521770477,False,20
1,66.73369590800576,31.891999999999996,0.00019100909118897023,2.7260548996944594e-07,3.9062360382714687e-07,0.0,0.0,0.5676276683807373,0.7635372877120972,0.04685084521770477,False,20
1,66.88283767500252,31.960000000000036,0.0001914053795131522,2.729442381948676e-07,3.910733205040392e-07,0.0,0.0,0.5666118860244751,0.7635372877120972,0.059775903820991516,False,20
1,66.98634865700296,32.06200000000001,0.0001919998120000761,2.734523607707496e-07,3.917478947759327e-07,0.0,0.0,0.5744393467903137,0.7665653228759766,0.04700064659118652,False,21
1,67.08693013200536,32.06200000000001,0.0001919998120000761,2.734523607707496e-07,3.917478947759327e-07,0.0,0.0,0.5744393467903137,0.7665653228759766,0.04700064659118652,False,21
1,67.19180579500244,32.16399999999999,0.00019259424448791074,2.739604839630743e-07,3.9242246827324253e-07,0.0,0.0,0.5680666565895081,0.7677145600318909,0.06270706653594971,False,21
1,67.2922629080058,32.16399999999999,0.00019259424448791074,2.739604839630743e-07,3.9242246827324253e-07,0.0,0.0,0.5680666565895081,0.7677145600318909,0.06270706653594971,False,21
1,67.40190374200029,32.26600000000002,0.00019318867697666608,2.7446860768402466e-07,3.930970434546147e-07,0.0,0.0,0.5778331756591797,0.7701781392097473,0.047253623604774475,False,21
1,67.50254198699986,32.26600000000002,0.00019318867697666608,2.7446860768402466e-07,3.930970434546147e-07,0.0,0.0,0.5778331756591797,0.7701781392097473,0.047253623604774475,False,21
1,67.65268176999962,32.367999999999995,0.00019378310946626884,2.749767317652131e-07,3.937716168660625e-07,0.0,0.0,0.5685033798217773,0.7706047892570496,0.06427168846130371,False,20
1,67.77019896400452,32.436000000000035,0.00019417939779321032,2.753154815137851e-07,3.942213333829964e-07,0.0,0.0,0.561462938785553,0.7694562077522278,0.06273670494556427,False,20
1,67.90485910500138,32.47000000000003,0.00019437754195683653,2.7548485639286565e-07,3.9444619083610197e-07,0.0,0.0,0.561462938785553,0.7694562077522278,0.06273670494556427,False,20
1,68.00966857599997,32.572,0.00019497197444808727,2.759929814510946e-07,3.951207656409034e-07,0.0,0.0,0.5676674842834473,0.7649747729301453,0.06135307252407074,False,19
1,68.11028893200273,32.572,0.00019497197444808727,2.759929814510946e-07,3.951207656409034e-07,0.0,0.0,0.5676674842834473,0.7649747729301453,0.06135307252407074,False,19
1,68.221867570006,32.674000000000035,0.0001955664069403125,2.765011070239495e-07,3.9579533906395365e-07,0.0,0.0,0.5750861167907715,0.7660346031188965,0.06054741144180298,False,20
1,68.32241935700586,32.674000000000035,0.0001955664069403125,2.765011070239495e-07,3.9579533906395365e-07,0.0,0.0,0.5750861167907715,0.7660346031188965,0.06054741144180298,False,20
1,68.42585433700151,32.74200000000002,0.00019596269526884515,2.768398575007092e-07,3.962450548351436e-07,0.0,0.0,0.5670493245124817,0.7639752626419067,0.06009276211261749,False,21
1,68.55992607100052,32.77600000000001,0.00019616083943337212,2.770092328791928e-07,3.964699124137314e-07,0.0,0.0,0.5670493245124817,0.7639752626419067,0.06009276211261749,False,21
1,68.6630010680019,32.877999999999986,0.00019675527192719242,2.775173593725045e-07,3.9714448566185454e-07,0.0,0.0,0.5678603053092957,0.765953779220581,0.05994799733161926,False,20
1,68.76363672200387,32.877999999999986,0.00019675527192719242,2.775173593725045e-07,3.9714448566185454e-07,0.0,0.0,0.5678603053092957,0.765953779220581,0.05994799733161926,False,20
1,68.87341664400446,32.98000000000002,0.0001973497044220479,2.780254864169093e-07,3.9781905869665535e-07,0.0,0.0,0.5670508146286011,0.7633153796195984,0.05999630689620972,False,20
1,68.97398855400388,32.98000000000002,0.0001973497044220479,2.780254864169093e-07,3.9781905869665535e-07,0.0,0.0,0.5670508146286011,0.7633153796195984,0.05999630689620972,False,20
1,69.080189969005,33.081999999999994,0.0001979441369175344,2.7853361377784425e-07,3.9849363159508777e-07,0.0,0.0,0.5771573781967163,0.7661253809928894,0.04695706069469452,False,21
1,69.18087420500524,33.081999999999994,0.0001979441369175344,2.7853361377784425e-07,3.9849363159508777e-07,0.0,0.0,0.5771573781967163,0.7661253809928894,0.04695706069469452,False,21
1,69.28784904300119,33.184000000000026,0.00019853856941393685,2.7904174151761543e-07,3.991682045961236e-07,0.0,0.0,0.5675703883171082,0.7675917744636536,0.0627257227897644,False,20
1,69.38854006800102,33.184000000000026,0.00019853856941393685,2.7904174151761543e-07,3.991682045961236e-07,0.0,0.0,0.5675703883171082,0.7675917744636536,0.0627257227897644,False,20
1,69.49844493300043,33.286,0.00019913300191129815,2.795498697952608e-07,3.998427776467656e-07,0.0,0.0,0.5509642362594604,0.7621815800666809,0.04693657159805298,False,21
1,69.59904044500581,33.286,0.00019913300191129815,2.795498697952608e-07,3.998427776467656e-07,0.0,0.0,0.5509642362594604,0.7621815800666809,0.04693657159805298,False,21
1,69.70964354800526,33.388000000000034,0.00019972743440936505,2.8005799865820106e-07,4.005173501950347e-07,0.0,0.0,0.5672164559364319,0.763600766658783,0.060145244002342224,False,21
1,69.81035231800342,33.388000000000034,0.00019972743440936505,2.8005799865820106e-07,4.005173501950347e-07,0.0,0.0,0.5672164559364319,0.763600766658783,0.060145244002342224,False,21
1,69.9162543180064,33.49000000000001,0.00020032186690845588,2.805661278379309e-07,4.011919231960052e-07,0.0,0.0,0.5684366226196289,0.7671797871589661,0.04664815962314606,False,21
1,70.01680164199934,33.49000000000001,0.00020032186690845588,2.805661278379309e-07,4.011919231960052e-07,0.0,0.0,0.5684366226196289,0.7671797871589661,0.04664815962314606,False,21
1,70.14053661900107,33.55799999999999,0.00020071815524149404,2.809048810268589e-07,4.01641638583113e-07,0.0,0.0,0.576036274433136,0.7703455686569214,0.06335784494876862,False,19
1,70.24135133399977,33.55799999999999,0.00020071815524149404,2.809048810268589e-07,4.01641638583113e-07,0.0,0.0,0.576036274433136,0.7703455686569214,0.06335784494876862,False,19
1,70.36076448700624,33.660000000000025,0.00020131258774187333,2.8141301095578117e-07,4.023162110484826e-07,0.0,0.0,0.5690761804580688,0.7710912823677063,0.04695741832256317,False,21
1,70.46458283700485,33.69400000000002,0.00020151073190874174,2.815823878057541e-07,4.025410689826948e-07,0.0,0.0,0.5690761804580688,0.7710912823677063,0.04695741832256317,False,21
1,70.57068734000495,33.762,0.00020190702024286888,2.8192114150317276e-07,4.0299078369510247e-07,0.0,0.0,0.5766335129737854,0.7734794616699219,0.06513936817646027,False,21
1,70.67891058900568,33.79599999999999,0.00020210516441014235,2.820905184193146e-07,4.032156412814629e-07,0.0,0.0,0.5766335129737854,0.7734794616699219,0.06513936817646027,False,21
1,70.78470518200629,33.86400000000003,0.00020250145274476432,2.8242927246263275e-07,4.0366535780470126e-07,0.0,0.0,0.5698713064193726,0.7727692127227783,0.047046467661857605,False,21
1,70.88691530800133,33.898000000000025,0.00020269959691215748,2.8259864955549037e-07,4.038902154906058e-07,0.0,0.0,0.5698713064193726,0.7733644843101501,0.047046467661857605,False,21
1,70.98969174200465,33.96600000000001,0.00020309588524749286,2.829374038378936e-07,4.0433993015812405e-07,0.0,0.0,0.5544160008430481,0.7733644843101501,0.06620422005653381,False,20
1,71.08973114900436,34.0,0.00020329402941526463,2.8310678107867085e-07,4.0456478820447775e-07,0.0,0.0,0.5681080222129822,0.769528865814209,0.06620422005653381,False,20
1,71.19761082300101,34.067999999999984,0.00020369031775091875,2.834455358094761e-07,4.050145034902815e-07,0.0,0.0,0.5681080222129822,0.769528865814209,0.06416021287441254,False,21
1,71.31875055400451,34.136000000000024,0.0002040866060872312,2.8378429062583555e-07,4.0546421870992095e-07,0.0,0.0,0.552332878112793,0.7671406269073486,0.06262165307998657,False,21
1,71.45337380400451,34.170000000000016,0.00020428475025547135,2.8395366817654063e-07,4.056890765924897e-07,0.0,0.0,0.552332878112793,0.7671406269073486,0.06262165307998657,False,21
1,71.56453587800206,34.27199999999999,0.00020487918276067317,2.8446180101822906e-07,4.0636364876117074e-07,0.0,0.0,0.569045901298523,0.7672296166419983,0.06151469051837921,False,20
1,71.66504080400045,34.27199999999999,0.00020487918276067317,2.8446180101822906e-07,4.0636364876117074e-07,0.0,0.0,0.569045901298523,0.7672296166419983,0.06151469051837921,False,20
1,71.76830217600218,34.374000000000024,0.0002054736152668304,2.8496993432532864e-07,4.070382220014084e-07,0.0,0.0,0.5752686262130737,0.7669925689697266,0.061239033937454224,False,21
1,71.8689556390018,34.374000000000024,0.0002054736152668304,2.8496993432532864e-07,4.070382220014084e-07,0.0,0.0,0.5752686262130737,0.7669925689697266,0.061239033937454224,False,21
1,71.97207381800399,34.476,0.00020606804777376217,2.854780680859835e-07,4.077127943842817e-07,0.0,0.0,0.5680370926856995,0.7665621638298035,0.06030967831611633,False,21
1,72.07259804100613,34.476,0.00020606804777376217,2.854780680859835e-07,4.077127943842817e-07,0.0,0.0,0.5680370926856995,0.7665621638298035,0.06030967831611633,False,21
1,72.1849770330009,34.57800000000003,0.00020666248028135313,2.859862021160696e-07,4.0838736594139675e-07,0.0,0.0,0.5669242739677429,0.7648146748542786,0.06025964021682739,False,20
1,72.28554120899935,34.57800000000003,0.00020666248028135313,2.859862021160696e-07,4.0838736594139675e-07,0.0,0.0,0.5669242739677429,0.7648146748542786,0.06025964021682739,False,20
1,72.40502439100237,34.68000000000001,0.0002072569127898106,2.864943368135901e-07,4.090619376812933e-07,0.0,0.0,0.5666554570198059,0.7661747932434082,0.047029048204422,False,20
1,72.5057019990054,34.68000000000001,0.0002072569127898106,2.864943368135901e-07,4.090619376812933e-07,0.0,0.0,0.5666554570198059,0.7661747932434082,0.047029048204422,False,20
1,72.60779834900313,34.78199999999998,0.00020785134529901746,2.8700247189207883e-07,4.0973650964624204e-07,0.0,0.0,0.5681599378585815,0.7686260938644409,0.06331916153430939,False,20
1,72.70847573100036,34.78199999999998,0.00020785134529901746,2.8700247189207883e-07,4.0973650964624204e-07,0.0,0.0,0.5681599378585815,0.7686260938644409,0.06331916153430939,False,20
1,72.85550926300493,34.884000000000015,0.00020844577780913722,2.875106074305757e-07,4.1041108113319734e-07,0.0,0.0,0.5599676966667175,0.762390673160553,0.04721873998641968,False,21
1,72.9737775120011,34.952,0.0002088420661495922,2.878493648366621e-07,4.108607952802992e-07,0.0,0.0,0.5670872926712036,0.7666619420051575,0.06086374819278717,False,21
1,73.10836132800614,34.98599999999999,0.00020904021031994654,2.880187436539696e-07,4.110856524444289e-07,0.0,0.0,0.5670872926712036,0.7666619420051575,0.06086374819278717,False,21
1,73.20961260900367,35.08800000000002,0.00020963464283168263,2.8852688004476417e-07,4.117602235957153e-07,0.0,0.0,0.568992555141449,0.7679681181907654,0.04704989492893219,False,21
1,73.31026965500496,35.08800000000002,0.00020963464283168263,2.8852688004476417e-07,4.117602235957153e-07,0.0,0.0,0.568992555141449,0.7679681181907654,0.04704989492893219,False,21
1,73.41435545599961,35.19,0.00021022907534401893,2.8903501704437386e-07,4.124347951531611e-07,0.0,0.0,0.5684124827384949,0.7691728472709656,0.06351672112941742,False,19
1,73.51505674900545,35.19,0.00021022907534401893,2.8903501704437386e-07,4.124347951531611e-07,0.0,0.0,0.5684124827384949,0.7691728472709656,0.06351672112941742,False,19
1,73.63407688400184,35.25800000000004,0.0002106253636861479,2.8937377529728346e-07,4.1288450901270727e-07,0.0,0.0,0.5754097104072571,0.7698036432266235,0.062422022223472595,False,20
1,73.74071131200617,35.29200000000003,0.00021082350785727984,2.8954315446401147e-07,4.131093666490272e-07,0.0,0.0,0.5754097104072571,0.7698036432266235,0.062422022223472595,False,20
1,73.84519198600174,35.360000000000014,0.00021121979619967077,2.8988191299372497e-07,4.1355908127746455e-07,0.0,0.0,0.5669026970863342,0.7659251689910889,0.06144934892654419,False,21
1,73.95560457800457,35.394000000000005,0.00021141794037100436,2.9005129234924535e-07,4.1378393768415807e-07,0.0,0.0,0.5669026970863342,0.7659251689910889,0.06144934892654419,False,21
1,74.06259956100257,35.46199999999999,0.00021181422871420844,2.9039005113437116e-07,4.1423365255937387e-07,0.0,0.0,0.5606584548950195,0.7656264305114746,0.06079661846160889,False,20
1,74.17085515600047,35.49600000000004,0.00021201237288587292,2.905594306859803e-07,4.144585102586381e-07,0.0,0.0,0.5606584548950195,0.7656264305114746,0.06079661846160889,False,20
1,74.2797648170017,35.56400000000002,0.00021240866122926695,2.908981898215008e-07,4.149082235399288e-07,0.0,0.0,0.5606004595756531,0.7650836110115051,0.06065303087234497,False,21
1,74.38171762099955,35.59800000000001,0.00021260680540120726,2.910675694606686e-07,4.1513308106556955e-07,0.0,0.0,0.5606004595756531,0.7650836110115051,0.06065303087234497,False,21
1,74.49124735400255,35.666,0.00021300309374537542,2.914063288967641e-07,4.155827962013918e-07,0.0,0.0,0.5673614144325256,0.7634804248809814,0.06028151512145996,False,21
1,74.59177348600497,35.69999999999999,0.0002132012379175213,2.915757086727363e-07,4.158076532352315e-07,0.0,0.0,0.5673614144325256,0.7634804248809814,0.06028151512145996,False,21
1,74.70368340600544,35.76800000000003,0.00021359752626195876,2.9191446842271797e-07,4.162573672591845e-07,0.0,0.0,0.5678037405014038,0.765396773815155,0.06005440652370453,False,21
1,74.82151710400649,35.83600000000001,0.00021399381460708187,2.9225322837023026e-07,4.167070819290152e-07,0.0,0.0,0.560278058052063,0.7659074664115906,0.046595364809036255,False,20
1,74.95604422800534,35.870000000000005,0.00021419195877968788,2.9242260843524916e-07,4.169319388367087e-07,0.0,0.0,0.560278058052063,0.7659074664115906,0.046595364809036255,False,20
1,75.058708372002,35.97200000000004,0.00021478639129787194,2.929307488652072e-07,4.1760651041016277e-07,0.0,0.0,0.5679659843444824,0.767009437084198,0.06297352910041809,False,20
1,75.15933054400375,35.97200000000004,0.00021478639129787194,2.929307488652072e-07,4.1760651041016277e-07,0.0,0.0,0.5679659843444824,0.767009437084198,0.06297352910041809,False,20
1,75.2706596930002,36.07400000000001,0.00021538082381706604,2.934388898240018e-07,4.1828108095017616e-07,0.0,0.0,0.5755013823509216,0.7688651084899902,0.06208972632884979,False,20
1,75.37130059000629,36.07400000000001,0.00021538082381706604,2.934388898240018e-07,4.1828108095017616e-07,0.0,0.0,0.5755013823509216,0.7688651084899902,0.06208972632884979,False,20
1,75.48133584000607,36.17599999999999,0.00021597525633685255,2.9394703125681826e-07,4.18955652630387e-07,0.0,0.0,0.5668280124664307,0.7660345435142517,0.06132298707962036,False,21
1,75.58195503300522,36.17599999999999,0.00021597525633685255,2.9394703125681826e-07,4.18955652630387e-07,0.0,0.0,0.5668280124664307,0.7660345435142517,0.06132298707962036,False,21
1,75.69111064000026,36.27800000000002,0.00021656968885749167,2.944551730689846e-07,4.196302233531786e-07,0.0,0.0,0.5672358870506287,0.7657272815704346,0.060974642634391785,False,21
1,75.79165220900177,36.27800000000002,0.00021656968885749167,2.944551730689846e-07,4.196302233531786e-07,0.0,0.0,0.5672358870506287,0.7657272815704346,0.060974642634391785,False,21
1,75.90020956200169,36.379999999999995,0.00021716412137886458,2.949633154674331e-07,4.2030479506920153e-07,0.0,0.0,0.5667827129364014,0.7653600573539734,0.06060270965099335,False,21
1,76.00076838800305,36.379999999999995,0.00021716412137886458,2.949633154674331e-07,4.2030479506920153e-07,0.0,0.0,0.5667827129364014,0.7653600573539734,0.06060270965099335,False,21
1,76.11144291900564,36.48200000000003,0.00021775855390093963,2.9547145819974914e-07,4.209793660636013e-07,0.0,0.0,0.5667610168457031,0.7628241181373596,0.06006386876106262,False,21
1,76.21203043599962,36.48200000000003,0.00021775855390093963,2.9547145819974914e-07,4.209793660636013e-07,0.0,0.0,0.5667610168457031,0.7628241181373596,0.06006386876106262,False,21
1,76.32911915500154,36.584,0.00021835298642386685,2.959796014730063e-07,4.216539377531144e-07,0.0,0.0,0.5599273443222046,0.7631138563156128,0.05959048867225647,False,21
1,76.4297720579998,36.584,0.00021835298642386685,2.959796014730063e-07,4.216539377531144e-07,0.0,0.0,0.5599273443222046,0.7631138563156128,0.05959048867225647,False,21
1,76.54038557100284,36.686000000000035,0.00021894741894737174,2.964877451423781e-07,4.223285080054568e-07,0.0,0.0,0.5661823749542236,0.7627854943275452,0.05890205502510071,False,21
1,76.64092897900264,36.686000000000035,0.00021894741894737174,2.964877451423781e-07,4.223285080054568e-07,0.0,0.0,0.5661823749542236,0.7627854943275452,0.05890205502510071,False,21
1,76.74646893000318,36.78800000000001,0.00021954185147183766,2.969958891641996e-07,4.230030798981293e-07,0.0,0.0,0.5664607286453247,0.7605945467948914,0.059038400650024414,False,20
1,76.84703686099965,36.78800000000001,0.00021954185147183766,2.969958891641996e-07,4.230030798981293e-07,0.0,0.0,0.5664607286453247,0.7605945467948914,0.059038400650024414,False,20
1,76.956771175006,36.889999999999986,0.00022013628399684786,2.975040337601662e-07,4.236776501262913e-07,0.0,0.0,0.5667577385902405,0.7618497014045715,0.05915860831737518,False,21
1,77.05741458200646,36.889999999999986,0.00022013628399684786,2.975040337601662e-07,4.236776501262913e-07,0.0,0.0,0.5667577385902405,0.7618497014045715,0.05915860831737518,False,21
1,77.18776352699933,36.95800000000003,0.00022053257234747308,2.978427970024877e-07,4.241273649774311e-07,0.0,0.0,0.5824854373931885,0.7646487355232239,0.0591423362493515,False,19
1,77.29481038100494,36.99200000000002,0.00022073071652288067,2.980121787148389e-07,4.243522216236203e-07,0.0,0.0,0.5824854373931885,0.7646487355232239,0.0591423362493515,False,19
1,77.39800556400587,37.06,0.0002211270048738446,2.9835094234142034e-07,4.2480193441763787e-07,0.0,0.0,0.5823875665664673,0.7637208104133606,0.05866523087024689,False,21
1,77.5035537050062,37.093999999999994,0.00022132514904950155,2.985203241945565e-07,4.2502679225925296e-07,0.0,0.0,0.5823875665664673,0.7637208104133606,0.05866523087024689,False,21
1,77.60861797600228,37.162000000000035,0.00022172143740103664,2.988590880411916e-07,4.254765058818904e-07,0.0,0.0,0.5662748217582703,0.7610488533973694,0.058778226375579834,False,21
1,77.70914145500137,37.162000000000035,0.00022172143740103664,2.988590880411916e-07,4.254765058818904e-07,0.0,0.0,0.5662748217582703,0.7610488533973694,0.058778226375579834,False,21
1,77.82964766200166,37.26400000000001,0.00022231586992885926,2.9936723426229147e-07,4.2615107557699855e-07,0.0,0.0,0.5652818083763123,0.7560862302780151,0.04670834541320801,False,20
1,77.93015938600001,37.26400000000001,0.00022231586992885926,2.9936723426229147e-07,4.2615107557699855e-07,0.0,0.0,0.5652818083763123,0.7560862302780151,0.04670834541320801,False,20
1,78.05791374700493,37.365999999999985,0.00022291030245742043,2.998753809713253e-07,4.268256455320713e-07,0.0,0.0,0.5817083716392517,0.761133074760437,0.05774600803852081,False,20
1,78.16226833400287,37.400000000000034,0.00022310844663380987,3.000447633404049e-07,4.270505021324082e-07,0.0,0.0,0.5590087175369263,0.761133074760437,0.05774600803852081,False,20
1,78.26890985100181,37.46800000000002,0.00022350473498660654,3.0038352811161526e-07,4.275002161201857e-07,0.0,0.0,0.5590087175369263,0.7598142027854919,0.046635791659355164,False,21
1,78.3694689910044,37.46800000000002,0.00022350473498660654,3.0038352811161526e-07,4.275002161201857e-07,0.0,0.0,0.5590087175369263,0.7598142027854919,0.046635791659355164,False,21
1,78.49227485600568,37.56999999999999,0.00022409916751651169,3.008916757412793e-07,4.281747852757818e-07,0.0,0.0,0.5670911073684692,0.7632562518119812,0.060020044445991516,False,21
1,78.59279669100215,37.56999999999999,0.00022409916751651169,3.008916757412793e-07,4.281747852757818e-07,0.0,0.0,0.5670911073684692,0.7632562518119812,0.060020044445991516,False,21
1,78.71630263000407,37.672000000000025,0.00022469360004708644,3.0139982376828914e-07,4.2884935648179597e-07,0.0,0.0,0.5686931610107422,0.7669705152511597,0.046860143542289734,False,21
1,78.8357880790063,37.74000000000001,0.00022508988840120236,3.017385894222075e-07,4.292990685601866e-07,0.0,0.0,0.5681431293487549,0.7675638794898987,0.06292468309402466,False,20
1,78.9703302650014,37.774,0.000225288032578421,3.0190797228803814e-07,4.295239257508662e-07,0.0,0.0,0.5681431293487549,0.7675638794898987,0.06292468309402466,False,20
1,79.08234913600609,37.87600000000003,0.00022588246511041606,3.024161212510437e-07,4.3019849645868594e-07,0.0,0.0,0.5694145560264587,0.7705893516540527,0.04706202447414398,False,21
1,79.18292421500519,37.87600000000003,0.00022588246511041606,3.024161212510437e-07,4.3019849645868594e-07,0.0,0.0,0.5694145560264587,0.7705893516540527,0.04706202447414398,False,21
1,79.29943700400327,37.97800000000001,0.00022647689764318524,3.029242706179199e-07,4.308730662225249e-07,0.0,0.0,0.5679494738578796,0.7697222828865051,0.06451153755187988,False,20
1,79.40007804900233,37.97800000000001,0.00022647689764318524,3.029242706179199e-07,4.308730662225249e-07,0.0,0.0,0.5679494738578796,0.7697222828865051,0.06451153755187988,False,20
1,79.51430710800196,38.079999999999984,0.0002270713301766522,3.0343242054590135e-07,4.315476355623957e-07,0.0,0.0,0.5699782371520996,0.7703832983970642,0.04683654010295868,False,19
1,79.61496042100043,38.079999999999984,0.0002270713301766522,3.0343242054590135e-07,4.315476355623957e-07,0.0,0.0,0.5699782371520996,0.7703832983970642,0.04683654010295868,False,19
1,79.72543326900632,38.182000000000016,0.0002276657627108881,3.039405708139805e-07,4.322222060415449e-07,0.0,0.0,0.545742928981781,0.7713105082511902,0.06514617800712585,False,20
1,79.82603102300345,38.182000000000016,0.0002276657627108881,3.039405708139805e-07,4.322222060415449e-07,0.0,0.0,0.545742928981781,0.7713105082511902,0.06514617800712585,False,20
1,79.93192533800175,38.28399999999999,0.00022826019524583695,3.044487216434896e-07,4.328967745771752e-07,0.0,0.0,0.5617886781692505,0.7706999778747559,0.04636150598526001,False,21
1,80.03257618000498,38.28399999999999,0.00022826019524583695,3.044487216434896e-07,4.328967745771752e-07,0.0,0.0,0.5617886781692505,0.7706999778747559,0.04636150598526001,False,21
1,80.14317210000445,38.386000000000024,0.00022885462778152827,3.049568728072401e-07,4.335713454022903e-07,0.0,0.0,0.5688807368278503,0.7733742594718933,0.0662236213684082,False,20
1,80.24369394400128,38.386000000000024,0.00022885462778152827,3.049568728072401e-07,4.335713454022903e-07,0.0,0.0,0.5688807368278503,0.7733742594718933,0.0662236213684082,False,20
1,80.35736974500469,38.488,0.00022944906031794688,3.0546502448977917e-07,4.342459133504078e-07,0.0,0.0,0.5759806036949158,0.7719323039054871,0.06448817253112793,False,21
1,80.45806531300332,38.488,0.00022944906031794688,3.0546502448977917e-07,4.342459133504078e-07,0.0,0.0,0.5759806036949158,0.7719323039054871,0.06448817253112793,False,21
1,80.57020356900466,38.59000000000003,0.0002300434928550199,3.059731765704694e-07,4.34920484204065e-07,0.0,0.0,0.5678269267082214,0.7668427228927612,0.06297183036804199,False,21
1,80.67077465500188,38.59000000000003,0.0002300434928550199,3.059731765704694e-07,4.34920484204065e-07,0.0,0.0,0.5678269267082214,0.7668427228927612,0.06297183036804199,False,21
1,80.7902505450038,38.658000000000015,0.00023043978121360924,3.0631194493546727e-07,4.353701956965888e-07,0.0,0.0,0.5751572847366333,0.7684365510940552,0.06174968183040619,False,19
1,80.89394694100338,38.69200000000001,0.00023063792539290608,3.064813290825048e-07,4.355950517737497e-07,0.0,0.0,0.5751572847366333,0.7684365510940552,0.06174968183040619,False,19
1,80.99754756800394,38.75999999999999,0.00023103421375175954,3.068200976750177e-07,4.360447649278519e-07,0.0,0.0,0.5672551393508911,0.7653312683105469,0.06106181442737579,False,21
1,81.10308418200293,38.79399999999998,0.00023123235793137166,3.0698948211781773e-07,4.362696219199218e-07,0.0,0.0,0.5672551393508911,0.7653312683105469,0.06106181442737579,False,21
1,81.20923583700642,38.86200000000002,0.00023162864629089775,3.073282510317741e-07,4.367193333181365e-07,0.0,0.0,0.5605943202972412,0.7638853788375854,0.06030301749706268,False,21
1,81.31536277499981,38.896000000000015,0.00023182679047064345,3.07497635494325e-07,4.369441895553176e-07,0.0,0.0,0.5605943202972412,0.7638853788375854,0.06030301749706268,False,21
1,81.42456144800235,38.964,0.00023222307883035212,3.078364046937689e-07,4.373939023020674e-07,0.0,0.0,0.5671427249908447,0.7621726989746094,0.05974438786506653,False,20
1,81.52835870000126,38.99799999999999,0.000232421223010417,3.08005789459639e-07,4.376187587936768e-07,0.0,0.0,0.5671427249908447,0.7621726989746094,0.05974438786506653,False,20
1,81.63830324400624,39.06600000000003,0.0002328175113708109,3.0834455890766974e-07,4.3806847066307254e-07,0.0,0.0,0.5732643008232117,0.7593908905982971,0.046712249517440796,False,20
1,81.73895437000465,39.10000000000002,0.00023301565555102714,3.085139437319908e-07,4.3829332686196406e-07,0.0,0.0,0.5732643008232117,0.7593908905982971,0.046712249517440796,False,20
1,81.8503932540043,39.168000000000006,0.00023341194391161965,3.0885271352745653e-07,4.3874303942956057e-07,0.0,0.0,0.5661159753799438,0.7624326348304749,0.058771565556526184,False,20
1,81.95153788800235,39.202,0.00023361008809214597,3.0902209859493867e-07,4.389678955638935e-07,0.0,0.0,0.5661159753799438,0.7624326348304749,0.058771565556526184,False,20
1,82.06584512800328,39.27000000000004,0.00023400637645336385,3.093608686846645e-07,4.3941760842211173e-07,0.0,0.0,0.5665192604064941,0.7619770765304565,0.05890306830406189,False,20
1,82.16642609500559,39.27000000000004,0.00023400637645336385,3.093608686846645e-07,4.3941760842211173e-07,0.0,0.0,0.5665192604064941,0.7619770765304565,0.05890306830406189,False,20
1,82.29462457900081,39.372000000000014,0.00023460080899543679,3.09869024222663e-07,4.4009217686026924e-07,0.0,0.0,0.5667001605033875,0.7619672417640686,0.05894920229911804,False,20
1,82.39513383300073,39.372000000000014,0.00023460080899543679,3.09869024222663e-07,4.4009217686026924e-07,0.0,0.0,0.5667001605033875,0.7619672417640686,0.05894920229911804,False,20
1,82.51927230699948,39.47399999999999,0.0002351952415385371,3.103771803343151e-07,4.407667469404628e-07,0.0,0.0,0.582685112953186,0.7636940479278564,0.05899685621261597,False,19
1,82.61931389700476,39.50800000000004,0.00023539338571967102,3.105465657544217e-07,4.4099160320869756e-07,0.0,0.0,0.582685112953186,0.7636940479278564,0.05899685621261597,False,19
1,82.73793947200465,39.57600000000002,0.00023578967408204986,3.1088533673633095e-07,4.4144131479665716e-07,0.0,0.0,0.5741577744483948,0.762790322303772,0.058641329407691956,False,20
1,82.86428300900297,39.644000000000005,0.00023618596244496344,3.112241079954828e-07,4.4189102798451705e-07,0.0,0.0,0.5597261190414429,0.7613310217857361,0.058437034487724304,False,21
1,82.99891026000114,39.678,0.00023638410662652062,3.1139349376960244e-07,4.4211588470429306e-07,0.0,0.0,0.5597261190414429,0.7613310217857361,0.058437034487724304,False,21
1,83.10977991099935,39.78000000000003,0.00023697853917144978,3.119016510309565e-07,4.427904522944893e-07,0.0,0.0,0.5667092204093933,0.7603409290313721,0.05825525522232056,False,20
1,83.21062647300278,39.78000000000003,0.00023697853917144978,3.119016510309565e-07,4.427904522944893e-07,0.0,0.0,0.5667092204093933,0.7603409290313721,0.05825525522232056,False,20
1,83.32474961900152,39.882000000000005,0.00023757297171727058,3.124098089224555e-07,4.434650217862093e-07,0.0,0.0,0.5676539540290833,0.7610628604888916,0.046884194016456604,False,20
1,83.42564733600011,39.882000000000005,0.00023757297171727058,3.124098089224555e-07,4.434650217862093e-07,0.0,0.0,0.5676539540290833,0.7610628604888916,0.046884194016456604,False,20
1,83.54081062800105,39.98400000000004,0.0002381674042635771,3.129179670999513e-07,4.4413958972149223e-07,0.0,0.0,0.5667400360107422,0.7638583183288574,0.05990983545780182,False,20
1,83.64162884899997,39.98400000000004,0.0002381674042635771,3.129179670999513e-07,4.4413958972149223e-07,0.0,0.0,0.5667400360107422,0.7638583183288574,0.05990983545780182,False,20
1,83.74615549400187,40.08600000000001,0.00023876183681067684,3.1342612591631907e-07,4.448141575215583e-07,0.0,0.0,0.5744742155075073,0.7667078971862793,0.04701349139213562,False,21
1,83.84683212500386,40.08600000000001,0.00023876183681067684,3.1342612591631907e-07,4.448141575215583e-07,0.0,0.0,0.5744742155075073,0.7667078971862793,0.04701349139213562,False,21
1,83.97453920800035,40.18799999999999,0.0002393562693582857,3.1393428506150305e-07,4.4548872661888175e-07,0.0,0.0,0.5680848360061646,0.7676082849502563,0.0627785325050354,False,21
1,84.07504310900549,40.18799999999999,0.0002393562693582857,3.1393428506150305e-07,4.4548872661888175e-07,0.0,0.0,0.5680848360061646,0.7676082849502563,0.0627785325050354,False,21
1,84.19188299000234,40.29000000000002,0.0002399507019066804,3.1444244470996573e-07,4.46163293892706e-07,0.0,0.0,0.5778948068618774,0.7703718543052673,0.047327920794487,False,21
1,84.29241150300368,40.29000000000002,0.0002399507019066804,3.1444244470996573e-07,4.46163293892706e-07,0.0,0.0,0.5778948068618774,0.7703718543052673,0.047327920794487,False,21
1,84.41801997000584,40.358000000000004,0.00024034699027266748,3.1478121804205284e-07,4.4661300711109303e-07,0.0,0.0,0.568540096282959,0.7707392573356628,0.06430800259113312,False,20
1,84.52354988600564,40.391999999999996,0.00024054513445566751,3.149506047894198e-07,4.4683786359232053e-07,0.0,0.0,0.568540096282959,0.7707392573356628,0.06430800259113312,False,20
1,84.62669163499959,40.460000000000036,0.00024094142282187186,3.152893783433985e-07,4.472875746290486e-07,0.0,0.0,0.5614867806434631,0.769547164440155,0.06276331841945648,False,20
1,84.72850625300634,40.49400000000003,0.00024113956700522014,3.1545876519381926e-07,4.4751243145527454e-07,0.0,0.0,0.5614867806434631,0.769547164440155,0.06276331841945648,False,20
1,84.83525175600516,40.56200000000001,0.00024153585537214526,3.1579753919225544e-07,4.4796214504665224e-07,0.0,0.0,0.5677115321159363,0.765151858329773,0.061369895935058594,False,19
1,84.93881575900014,40.596000000000004,0.0002417339995556037,3.159669262388428e-07,4.481870015347915e-07,0.0,0.0,0.5677115321159363,0.765151858329773,0.061369895935058594,False,19
1,85.04711708100513,40.66399999999999,0.00024213028792275217,3.163057003951081e-07,4.4863671214771366e-07,0.0,0.0,0.5751209855079651,0.7661554217338562,0.06055910885334015,False,20
1,85.14841155600152,40.698000000000036,0.00024232843210639276,3.164750875051435e-07,4.488615688348059e-07,0.0,0.0,0.5751209855079651,0.7661554217338562,0.06055910885334015,False,20
1,85.25910971400299,40.76600000000002,0.00024272472047423988,3.1681386201202683e-07,4.49311282092063e-07,0.0,0.0,0.5670649409294128,0.7640559077262878,0.06009994447231293,False,21
1,85.36416278099932,40.80000000000001,0.0002429228646581628,3.169832493822427e-07,4.495361385874148e-07,0.0,0.0,0.5670649409294128,0.7660005688667297,0.06009994447231293,False,21
1,85.46979713600012,40.867999999999995,0.0002433191530263343,3.1732202410591593e-07,4.499858485480361e-07,0.0,0.0,0.5678732991218567,0.7660005688667297,0.059950873255729675,False,20
1,85.56996160200652,40.90199999999999,0.00024351729721035264,3.1749141151599045e-07,4.502107047079094e-07,0.0,0.0,0.5678732991218567,0.7660005688667297,0.059950873255729675,False,20
1,85.68472335700062,40.97000000000003,0.00024391358557894092,3.178301866006012e-07,4.5066041708061685e-07,0.0,0.0,0.5670571327209473,0.7633395195007324,0.05999210476875305,False,20
1,85.81183998500637,41.03800000000001,0.00024430987394782975,3.181689619554581e-07,4.5111012909274853e-07,0.0,0.0,0.5771214365959167,0.7660733461380005,0.04695235192775726,False,21
1,85.94599215700146,41.072,0.00024450801813231124,3.183383496804409e-07,4.5133498497302034e-07,0.0,0.0,0.5771214365959167,0.7660733461380005,0.04695235192775726,False,21
1,86.05897005800216,41.174000000000035,0.0002451024506861625,3.1884651307970985e-07,4.520095521640135e-07,0.0,0.0,0.5675822496414185,0.7675848603248596,0.06271818280220032,False,20
1,86.15960316000564,41.174000000000035,0.0002451024506861625,3.1884651307970985e-07,4.520095521640135e-07,0.0,0.0,0.5675822496414185,0.7675848603248596,0.06271818280220032,False,20
1,86.28322329600633,41.27600000000001,0.00024569688324088635,3.193546771072502e-07,4.5268412053785546e-07,0.0,0.0,0.550997793674469,0.7622515559196472,0.04696531593799591,False,21
1,86.38382340100361,41.27600000000001,0.00024569688324088635,3.193546771072502e-07,4.5268412053785546e-07,0.0,0.0,0.550997793674469,0.7622515559196472,0.04696531593799591,False,21
1,86.50630132300284,41.377999999999986,0.00024629131579595107,3.198628414029635e-07,4.53358687199516e-07,0.0,0.0,0.5672220587730408,0.7636179327964783,0.06014662981033325,False,20
1,86.60693398300646,41.377999999999986,0.00024629131579595107,3.198628414029635e-07,4.53358687199516e-07,0.0,0.0,0.5672220587730408,0.7636179327964783,0.06014662981033325,False,20
1,86.71698819100129,41.48000000000002,0.0002468857483519365,3.203710062335068e-07,4.5403325518434444e-07,0.0,0.0,0.5684581995010376,0.7672383189201355,0.04668624699115753,False,21
1,86.81749951500387,41.48000000000002,0.0002468857483519365,3.203710062335068e-07,4.5403325518434444e-07,0.0,0.0,0.5684581995010376,0.7672383189201355,0.04668624699115753,False,21
1,86.93465919099981,41.581999999999994,0.00024748018090834214,3.208791714330064e-07,4.5470782116852854e-07,0.0,0.0,0.5760138034820557,0.7704712152481079,0.06335322558879852,False,20
1,87.0353012830019,41.581999999999994,0.00024748018090834214,3.208791714330064e-07,4.5470782116852854e-07,0.0,0.0,0.5760138034820557,0.7704712152481079,0.06335322558879852,False,20
1,87.14361445700342,41.684000000000026,0.00024807461346542953,3.2138733702514864e-07,4.553823887702017e-07,0.0,0.0,0.5690833330154419,0.7711136341094971,0.04697881639003754,False,21
1,87.24429911300103,41.684000000000026,0.00024807461346542953,3.2138733702514864e-07,4.553823887702017e-07,0.0,0.0,0.5690833330154419,0.7711136341094971,0.04697881639003754,False,21
1,87.35492299100588,41.786,0.00024866904602317656,3.2189550317229866e-07,4.56056955649761e-07,0.0,0.0,0.576637327671051,0.7734747529029846,0.06512555480003357,False,21
1,87.45563356000639,41.786,0.00024866904602317656,3.2189550317229866e-07,4.56056955649761e-07,0.0,0.0,0.576637327671051,0.7734747529029846,0.06512555480003357,False,21
1,87.56693649299996,41.888000000000034,0.00024926347858131954,3.224036696345582e-07,4.5673152327822577e-07,0.0,0.0,0.5698710083961487,0.7727603912353516,0.047052621841430664,False,19
1,87.6674913090028,41.888000000000034,0.00024926347858131954,3.224036696345582e-07,4.5673152327822577e-07,0.0,0.0,0.5698710083961487,0.7727603912353516,0.047052621841430664,False,19
1,87.76957089800271,41.99000000000001,0.0002498579111404318,3.229118366722731e-07,4.5740609001174043e-07,0.0,0.0,0.5544160604476929,0.7733461260795593,0.06619012355804443,False,20
1,87.87026978600625,41.99000000000001,0.0002498579111404318,3.229118366722731e-07,4.5740609001174043e-07,0.0,0.0,0.5544160604476929,0.7733461260795593,0.06619012355804443,False,20
1,87.9964467250029,42.091999999999985,0.0002504523436998151,3.2342000412139923e-07,4.5808065702180526e-07,0.0,0.0,0.568098247051239,0.7694993615150452,0.0641510933637619,False,21
1,88.09709118799947,42.091999999999985,0.0002504523436998151,3.2342000412139923e-07,4.5808065702180526e-07,0.0,0.0,0.568098247051239,0.7694993615150452,0.0641510933637619,False,21
1,88.24365505500464,42.160000000000025,0.00025084863207320207,3.2375878265847506e-07,4.585303677253731e-07,0.0,0.0,0.5523326396942139,0.7671200633049011,0.06261476874351501,False,21
1,88.35814939200645,42.19400000000002,0.0002510467762600827,3.239281720093335e-07,4.587552232366264e-07,0.0,0.0,0.5523326396942139,0.7671200633049011,0.06261476874351501,False,21
1,88.4610516840039,42.262,0.00025144306463384825,3.2426695101384024e-07,4.59204934423175e-07,0.0,0.0,0.5690323114395142,0.7671087980270386,0.061506643891334534,False,20
1,88.56546419700317,42.29599999999999,0.00025164120882083685,3.244363404152351e-07,4.5942979037294915e-07,0.0,0.0,0.5690323114395142,0.7671087980270386,0.061506643891334534,False,20
1,88.67369246900489,42.36400000000003,0.0002520374971949667,3.2477511955592107e-07,4.5987950236512875e-07,0.0,0.0,0.5752454400062561,0.7669253349304199,0.06122632324695587,False,20
1,88.77657585400448,42.398000000000025,0.00025223564138229446,3.2494450916621025e-07,4.6010435754314037e-07,0.0,0.0,0.5752454400062561,0.7669253349304199,0.06122632324695587,False,20
1,88.8856547280011,42.46600000000001,0.0002526319297570241,3.2528328871394975e-07,4.6055406797359355e-07,0.0,0.0,0.5680738091468811,0.7666807770729065,0.06039324402809143,False,21
1,88.98954732499988,42.5,0.00025283007394439347,3.2545267843089696e-07,4.6077892375242295e-07,0.0,0.0,0.5680738091468811,0.7648636102676392,0.06039324402809143,False,21
1,89.09786287200404,42.567999999999984,0.00025322636231944577,3.257914581880484e-07,4.6122863711387917e-07,0.0,0.0,0.5669323801994324,0.7648636102676392,0.06031152606010437,False,20
1,89.19869538500643,42.60200000000003,0.0002534245065069691,3.2596084808011433e-07,4.6145349270778344e-07,0.0,0.0,0.5669323801994324,0.7648636102676392,0.06031152606010437,False,20
1,89.31703977500001,42.670000000000016,0.0002538207948825852,3.2629962810288404e-07,4.6190320220583885e-07,0.0,0.0,0.5667077898979187,0.7662965655326843,0.047055214643478394,False,20
1,89.41740533200209,42.70400000000001,0.00025401893907042034,3.2646901816837805e-07,4.621280577842948e-07,0.0,0.0,0.5667077898979187,0.7662965655326843,0.047055214643478394,False,20
1,89.5356890510011,42.77199999999999,0.00025441522744625413,3.2680779859028716e-07,4.625777697477774e-07,0.0,0.0,0.5681765675544739,0.7686904072761536,0.06334351003170013,False,20
1,89.63591345400346,42.80599999999998,0.0002546133716342324,3.2697718879748533e-07,4.628026259550939e-07,0.0,0.0,0.5681765675544739,0.7686904072761536,0.06334351003170013,False,20
1,89.75427236100222,42.874000000000024,0.00025500966001045736,3.273159693340917e-07,4.6325233571592095e-07,0.0,0.0,0.5600628852844238,0.7624694108963013,0.047233447432518005,False,21
1,89.87921169100446,42.94200000000001,0.0002554059483870631,3.276547500888661e-07,4.637020463369439e-07,0.0,0.0,0.5606126189231873,0.7667183876037598,0.060967281460762024,False,21
1,90.01380815900484,42.976,0.0002556040925753818,3.2782414061033395e-07,4.639269015878502e-07,0.0,0.0,0.5606126189231873,0.7667183876037598,0.060967281460762024,False,21
1,90.13807269400422,43.07800000000003,0.00025619852514070394,3.283323123633865e-07,4.6460147018714013e-07,0.0,0.0,0.5690203309059143,0.7680798768997192,0.047058939933776855,False,21
1,90.23872537800344,43.07800000000003,0.00025619852514070394,3.283323123633865e-07,4.6460147018714013e-07,0.0,0.0,0.5690203309059143,0.7680798768997192,0.047058939933776855,False,21
1,90.3669498800009,43.18000000000001,0.0002567929577069806,3.288404845214492e-07,4.652760356282238e-07,0.0,0.0,0.5683915019035339,0.7692095637321472,0.06357474625110626,False,19
1,90.46747056599997,43.18000000000001,0.0002567929577069806,3.288404845214492e-07,4.652760356282238e-07,0.0,0.0,0.5683915019035339,0.7692095637321472,0.06357474625110626,False,19
1,90.59037806800188,43.28199999999998,0.00025738739027349276,3.29348657052261e-07,4.659506031326466e-07,0.0,0.0,0.5754148960113525,0.7698361277580261,0.06246088445186615,False,20
1,90.6911450560001,43.28199999999998,0.00025738739027349276,3.29348657052261e-07,4.659506031326466e-07,0.0,0.0,0.5754148960113525,0.7698361277580261,0.06246088445186615,False,20
1,90.80141027300124,43.384000000000015,0.00025798182284085276,3.2985683014255025e-07,4.6662516980019006e-07,0.0,0.0,0.5669139623641968,0.7659450769424438,0.061475545167922974,False,21
1,90.90195412700268,43.384000000000015,0.00025798182284085276,3.2985683014255025e-07,4.6662516980019006e-07,0.0,0.0,0.5669139623641968,0.7659450769424438,0.061475545167922974,False,21
1,91.0108376499993,43.48599999999999,0.00025857625540865207,3.3036500348096134e-07,4.6729973447149655e-07,0.0,0.0,0.5606504678726196,0.7656135559082031,0.0608111172914505,False,20
1,91.11147715200059,43.48599999999999,0.00025857625540865207,3.3036500348096134e-07,4.6729973447149655e-07,0.0,0.0,0.5606504678726196,0.7656135559082031,0.0608111172914505,False,20
1,91.2165458620002,43.58800000000002,0.00025917068797704076,3.3087317737928556e-07,4.67974301817309e-07,0.0,0.0,0.5605915784835815,0.7650545835494995,0.0606524795293808,False,21
1,91.31933169200056,43.58800000000002,0.00025917068797704076,3.3087317737928556e-07,4.67974301817309e-07,0.0,0.0,0.5605915784835815,0.7650545835494995,0.0606524795293808,False,21
1,91.43022567799926,43.656000000000006,0.0002595669763564138,3.3121196032460095e-07,4.684240128848907e-07,0.0,0.0,0.5673489570617676,0.7634540796279907,0.060278818011283875,False,21
1,91.56491435600037,43.69,0.0002597651205461372,3.3138135182126427e-07,4.6864886798711655e-07,0.0,0.0,0.5673489570617676,0.7634540796279907,0.060278818011283875,False,21
1,91.68690241700097,43.75800000000004,0.00026016140892571454,3.317201348604371e-07,4.690985776057804e-07,0.0,0.0,0.5677961707115173,0.7653812170028687,0.06004860997200012,False,20
1,91.79873335000593,43.79200000000003,0.0002603595531157107,3.318895264555285e-07,4.6932343381458093e-07,0.0,0.0,0.5677961707115173,0.7653812170028687,0.06004860997200012,False,20
1,91.90314829700219,43.860000000000014,0.0002607558414957976,3.322283099271972e-07,4.697731452816306e-07,0.0,0.0,0.5603107810020447,0.765950083732605,0.0466013103723526,False,20
1,92.00380159100314,43.860000000000014,0.0002607558414957976,3.322283099271972e-07,4.697731452816306e-07,0.0,0.0,0.5603107810020447,0.765950083732605,0.0466013103723526,False,20
1,92.14452656800131,43.96199999999999,0.0002613502740664432,3.3273648542570945e-07,4.7044770993455367e-07,0.0,0.0,0.5680153965950012,0.7671881914138794,0.06306968629360199,False,20
1,92.2450385320044,43.96199999999999,0.0002613502740664432,3.3273648542570945e-07,4.7044770993455367e-07,0.0,0.0,0.5680153965950012,0.7671881914138794,0.06306968629360199,False,20
1,92.38570258099935,44.06400000000002,0.0002619447066374535,3.332446612441928e-07,4.7112227538390074e-07,0.0,0.0,0.5755262970924377,0.7689732313156128,0.06216077506542206,False,21
1,92.48633667400281,44.06400000000002,0.0002619447066374535,3.332446612441928e-07,4.7112227538390074e-07,0.0,0.0,0.5755262970924377,0.7689732313156128,0.06216077506542206,False,21
1,92.61385477600561,44.166,0.00026253913920933503,3.337528377041693e-07,4.717968417262396e-07,0.0,0.0,0.5668728351593018,0.7661756873130798,0.06137332320213318,False,20
1,92.71498330699978,44.19999999999999,0.0002627372833999978,3.339222299868648e-07,4.7202169715439344e-07,0.0,0.0,0.5668728351593018,0.7658050060272217,0.061003923416137695,False,21
1,92.82035722300498,44.26800000000003,0.00026313357178148243,3.342610146152659e-07,4.7247140654426887e-07,0.0,0.0,0.5672524571418762,0.7658050060272217,0.061003923416137695,False,21
1,92.92359341300471,44.30200000000002,0.000263331715972359,3.344304068778555e-07,4.726962618717413e-07,0.0,0.0,0.5672524571418762,0.7654317021369934,0.061003923416137695,False,21
1,93.03095408800436,44.370000000000005,0.00026372800435437533,3.347691916950888e-07,4.7314597273255213e-07,0.0,0.0,0.5667889714241028,0.7654317021369934,0.06062193214893341,False,21
1,93.13271145500039,44.403999999999996,0.00026392614854547,3.3493858422984155e-07,4.733708281071085e-07,0.0,0.0,0.5667889714241028,0.7650151252746582,0.06062193214893341,False,21
1,93.24339159500232,44.47200000000004,0.0002643224369278125,3.352773695514229e-07,4.738205379485559e-07,0.0,0.0,0.5750290751457214,0.7650151252746582,0.06006591022014618,False,20
1,93.3435540940045,44.50600000000003,0.0002645205811190039,3.3544676214499956e-07,4.740453927782571e-07,0.0,0.0,0.5750290751457214,0.7635236382484436,0.06006591022014618,False,20
1,93.45767900899955,44.57400000000001,0.0002649168695018876,3.357855475424494e-07,4.744951050735889e-07,0.0,0.0,0.5435507893562317,0.7635236382484436,0.05976773798465729,False,20
1,93.55824435200338,44.57400000000001,0.0002649168695018876,3.357855475424494e-07,4.744951050735889e-07,0.0,0.0,0.5435507893562317,0.7635236382484436,0.05976773798465729,False,20
1,93.68022609400214,44.67599999999999,0.0002655113020764918,3.3629372599737734e-07,4.751696702261016e-07,0.0,0.0,0.5662874579429626,0.7626956105232239,0.059162721037864685,False,21
1,93.80709023500094,44.74400000000003,0.00026590759045978535,3.3663251199414157e-07,4.756193803084946e-07,0.0,0.0,0.5664265751838684,0.760627806186676,0.059322938323020935,False,21
1,93.94191269200383,44.77800000000002,0.0002661057346514599,3.368019051724815e-07,4.7584423565220405e-07,0.0,0.0,0.5664265751838684,0.760627806186676,0.059322938323020935,False,21
1,94.05531652300124,44.879999999999995,0.00026670016722718775,3.3731008447418337e-07,4.765188014846826e-07,0.0,0.0,0.5669305920600891,0.7622247338294983,0.059547871351242065,False,21
1,94.15591638500337,44.879999999999995,0.00026670016722718775,3.3731008447418337e-07,4.765188014846826e-07,0.0,0.0,0.5669305920600891,0.7622247338294983,0.059547871351242065,False,21
1,94.27453800399962,44.98200000000003,0.00026729459980351627,3.378182643405168e-07,4.771933662130442e-07,0.0,0.0,0.5826034545898438,0.76458340883255,0.059558168053627014,False,21
1,94.37521454800299,44.98200000000003,0.00026729459980351627,3.378182643405168e-07,4.771933662130442e-07,0.0,0.0,0.5826034545898438,0.76458340883255,0.059558168053627014,False,21
1,94.50276894000126,45.084,0.00026788903238036087,3.38326444701523e-07,4.778679325585741e-07,0.0,0.0,0.5765278339385986,0.7664403319358826,0.046666219830513,False,18
1,94.60327207500086,45.084,0.00026788903238036087,3.38326444701523e-07,4.778679325585741e-07,0.0,0.0,0.5765278339385986,0.7664403319358826,0.046666219830513,False,18
1,94.71932376699988,45.186000000000035,0.00026848346495783344,3.3883462540052527e-07,4.785424995405875e-07,0.0,0.0,0.5675524473190308,0.7669552564620972,0.06249317526817322,False,19
1,94.81988246900437,45.186000000000035,0.00026848346495783344,3.3883462540052527e-07,4.785424995405875e-07,0.0,0.0,0.5675524473190308,0.7669552564620972,0.06249317526817322,False,19
1,94.92922415600333,45.28800000000001,0.000269077897535744,3.393428064987052e-07,4.792170630314724e-07,0.0,0.0,0.55995112657547,0.7601788640022278,0.0467761754989624,False,21
1,95.02980537300027,45.28800000000001,0.000269077897535744,3.393428064987052e-07,4.792170630314724e-07,0.0,0.0,0.55995112657547,0.7601788640022278,0.0467761754989624,False,21
1,95.14959071300109,45.389999999999986,0.00026967233011422186,3.398509882135043e-07,4.798916287870671e-07,0.0,0.0,0.5761725306510925,0.7647922039031982,0.059916600584983826,False,21
1,95.25028168000426,45.389999999999986,0.00026967233011422186,3.398509882135043e-07,4.798916287870671e-07,0.0,0.0,0.5761725306510925,0.7647922039031982,0.059916600584983826,False,21
1,95.3826731290028,45.45800000000003,0.00027006861850017083,3.4018977613681786e-07,4.803413399698383e-07,0.0,0.0,0.559241771697998,0.7616667747497559,0.04664705693721771,False,21
1,95.48601697300182,45.49200000000002,0.00027026676269319323,3.4035917021818866e-07,4.805661953657074e-07,0.0,0.0,0.559241771697998,0.7616667747497559,0.04664705693721771,False,21
1,95.58890263700596,45.56,0.00027066305107942756,3.4069795843474133e-07,4.810159038913658e-07,0.0,0.0,0.5672032237052917,0.7648126482963562,0.0612235963344574,False,20
1,95.69074115900003,45.593999999999994,0.00027086119527267635,3.4086735266910037e-07,4.81240758559659e-07,0.0,0.0,0.5672032237052917,0.7648126482963562,0.0612235963344574,False,20
1,95.79682388100628,45.662000000000035,0.00027125748365944887,3.4120614114332417e-07,4.816904699828237e-07,0.0,0.0,0.5689720511436462,0.7680939435958862,0.04679010808467865,False,21
1,95.89875717700488,45.696000000000026,0.0002714556278528928,3.4137553556086457e-07,4.819153255284604e-07,0.0,0.0,0.5689720511436462,0.7680939435958862,0.04679010808467865,False,21
1,96.00740275700082,45.76400000000001,0.00027185191623986873,3.417143243459462e-07,4.823650362608934e-07,0.0,0.0,0.568356990814209,0.7685626149177551,0.06362342834472656,False,21
1,96.10782454600121,45.798,0.00027205006043347444,3.418837188022711e-07,4.825898904983215e-07,0.0,0.0,0.568356990814209,0.7712439298629761,0.06362342834472656,False,21
1,96.21382124400407,45.865999999999985,0.0002724463488208719,3.422225079328868e-07,4.830396005410165e-07,0.0,0.0,0.5695836544036865,0.7712439298629761,0.04702332615852356,False,21
1,96.31457125700399,45.865999999999985,0.0002724463488208719,3.422225079328868e-07,4.830396005410165e-07,0.0,0.0,0.5695836544036865,0.7712439298629761,0.04702332615852356,False,21
1,96.46092094600317,45.96800000000002,0.00027304078140224586,3.42730692007696e-07,4.837141643843721e-07,0.0,0.0,0.5680887699127197,0.7703158259391785,0.06491453945636749,False,20
1,96.56184997300443,45.96800000000002,0.00027304078140224586,3.42730692007696e-07,4.837141643843721e-07,0.0,0.0,0.5680887699127197,0.7703158259391785,0.06491453945636749,False,20
1,96.7064075620001,46.06999999999999,0.0002736352139840574,3.4323887654713754e-07,4.843887314523067e-07,0.0,0.0,0.570071280002594,0.7707498669624329,0.04680979251861572,False,21
1,96.81018813099945,46.06999999999999,0.0002736352139840574,3.4323887654713754e-07,4.843887314523067e-07,0.0,0.0,0.570071280002594,0.7707498669624329,0.04680979251861572,False,21
1,96.9227721970019,46.172000000000025,0.0002742296465665017,3.4374706144714935e-07,4.850632954072361e-07,0.0,0.0,0.5458269715309143,0.7716473340988159,0.06537938117980957,False,20
1,97.02332793200185,46.172000000000025,0.0002742296465665017,3.4374706144714935e-07,4.850632954072361e-07,0.0,0.0,0.5458269715309143,0.7716473340988159,0.06537938117980957,False,20
1,97.14148927000497,46.274,0.00027482407914985107,3.4425524675303664e-07,4.857378597489083e-07,0.0,0.0,0.5618380904197693,0.7709029316902161,0.04634059965610504,False,20
1,97.2420535199999,46.274,0.00027482407914985107,3.4425524675303664e-07,4.857378597489083e-07,0.0,0.0,0.5618380904197693,0.7709029316902161,0.04634059965610504,False,20
1,97.3571973040016,46.37600000000003,0.00027541851173334747,3.447634325224678e-07,4.864124263106644e-07,0.0,0.0,0.5689198970794678,0.7735446691513062,0.06635592877864838,False,20
1,97.45774961700226,46.37600000000003,0.00027541851173334747,3.447634325224678e-07,4.864124263106644e-07,0.0,0.0,0.5689198970794678,0.7735446691513062,0.06635592877864838,False,20
1,97.57363267500477,46.47800000000001,0.0002760129443176067,3.4527161886487846e-07,4.870869914798071e-07,0.0,0.0,0.5760055184364319,0.7720624804496765,0.06458711624145508,False,21
1,97.67421151800227,46.47800000000001,0.0002760129443176067,3.4527161886487846e-07,4.870869914798071e-07,0.0,0.0,0.5760055184364319,0.7720624804496765,0.06458711624145508,False,21
1,97.78056651700172,46.579999999999984,0.00027660737690242323,3.45779805406157e-07,4.877615544970235e-07,0.0,0.0,0.5755187273025513,0.768701434135437,0.06304223835468292,False,21
1,97.88125378000404,46.579999999999984,0.00027660737690242323,3.45779805406157e-07,4.877615544970235e-07,0.0,0.0,0.5755187273025513,0.768701434135437,0.06304223835468292,False,21
1,97.99450042800163,46.682000000000016,0.00027720180948765955,3.462879924622376e-07,4.884361196310895e-07,0.0,0.0,0.5751830339431763,0.7685317993164062,0.061805546283721924,False,19
1,98.09542878900538,46.682000000000016,0.00027720180948765955,3.462879924622376e-07,4.884361196310895e-07,0.0,0.0,0.5751830339431763,0.7685317993164062,0.061805546283721924,False,19
1,98.19865302000107,46.78399999999999,0.0002777962420735711,3.4679618016289134e-07,4.891106855475754e-07,0.0,0.0,0.5671555995941162,0.7651898264884949,0.0610320121049881,False,21
1,98.29937545700523,46.78399999999999,0.0002777962420735711,3.4679618016289134e-07,4.891106855475754e-07,0.0,0.0,0.5671555995941162,0.7651898264884949,0.0610320121049881,False,21
1,98.40345241100295,46.886000000000024,0.0002783906746599866,3.4730436806522086e-07,4.897852480001518e-07,0.0,0.0,0.5605853199958801,0.7638511657714844,0.06027916073799133,False,20
1,98.50410493300296,46.886000000000024,0.0002783906746599866,3.4730436806522086e-07,4.897852480001518e-07,0.0,0.0,0.5605853199958801,0.7638511657714844,0.06027916073799133,False,20
1,98.61312771800294,46.988,0.0002789851072465578,3.4781255636456155e-07,4.904598116631864e-07,0.0,0.0,0.5670894980430603,0.7619242072105408,0.05958501994609833,False,20
1,98.71370451000257,46.988,0.0002789851072465578,3.4781255636456155e-07,4.904598116631864e-07,0.0,0.0,0.5670894980430603,0.7619242072105408,0.05958501994609833,False,20
1,98.86099653199926,47.09000000000003,0.00027957953983413905,3.4832074524479844e-07,4.911343769083378e-07,0.0,0.0,0.5732663869857788,0.7593148350715637,0.04670877754688263,False,20
1,98.96164366700395,47.09000000000003,0.00027957953983413905,3.4832074524479844e-07,4.911343769083378e-07,0.0,0.0,0.5732663869857788,0.7593148350715637,0.04670877754688263,False,20
1,99.09962092200294,47.19200000000001,0.0002801739724218786,3.488289347168624e-07,4.918089407347677e-07,0.0,0.0,0.5661807656288147,0.7619112730026245,0.058711156249046326,False,19
1,99.20037558000331,47.19200000000001,0.0002801739724218786,3.488289347168624e-07,4.918089407347677e-07,0.0,0.0,0.5661807656288147,0.7619112730026245,0.058711156249046326,False,19
1,99.31287890200474,47.25999999999999,0.00028057026081392596,3.491677275946576e-07,4.922586494740715e-07,0.0,0.0,0.5664898157119751,0.7618977427482605,0.05885663628578186,False,20
1,99.41349722400628,47.25999999999999,0.00028057026081392596,3.491677275946576e-07,4.922586494740715e-07,0.0,0.0,0.5664898157119751,0.7618977427482605,0.05885663628578186,False,20
1,99.55630336400645,47.36200000000002,0.00028116469340293965,3.496759174260402e-07,4.929332143040429e-07,0.0,0.0,0.5666986107826233,0.7619783282279968,0.05891123414039612,False,21
1,99.65784800700203,47.36200000000002,0.00028116469340293965,3.496759174260402e-07,4.929332143040429e-07,0.0,0.0,0.5666986107826233,0.7619783282279968,0.05891123414039612,False,21
1,99.77158451900323,47.464,0.00028175912599206826,3.501841079281686e-07,4.936077784138886e-07,0.0,0.0,0.5826898813247681,0.7636969685554504,0.05896374583244324,False,19
1,99.8722229710038,47.464,0.00028175912599206826,3.501841079281686e-07,4.936077784138886e-07,0.0,0.0,0.5826898813247681,0.7636969685554504,0.05896374583244324,False,19
1,99.98606662000384,47.56600000000003,0.0002823535585817021,3.5069229890157043e-07,4.942823427818784e-07,0.0,0.0,0.5742112398147583,0.762902021408081,0.05867046117782593,False,20
1,100.08663838800567,47.56600000000003,0.0002823535585817021,3.5069229890157043e-07,4.942823427818784e-07,0.0,0.0,0.5742112398147583,0.762902021408081,0.05867046117782593,False,20
1,100.19701840600464,47.668000000000006,0.00028294799117212395,3.5120048991647053e-07,4.949569069210492e-07,0.0,0.0,0.5597553253173828,0.761418879032135,0.05847121775150299,False,21
1,100.29760284000076,47.668000000000006,0.00028294799117212395,3.5120048991647053e-07,4.949569069210492e-07,0.0,0.0,0.5597553253173828,0.761418879032135,0.05847121775150299,False,21
1,100.40631704500265,47.77000000000004,0.0002835424237626954,3.517086815894731e-07,4.956314705882303e-07,0.0,0.0,0.5667164921760559,0.760381281375885,0.058278024196624756,False,20
1,100.50684221400297,47.77000000000004,0.0002835424237626954,3.517086815894731e-07,4.956314705882303e-07,0.0,0.0,0.5667164921760559,0.760381281375885,0.058278024196624756,False,20
1,100.6208220020053,47.872000000000014,0.0002841368563539933,3.5221687386155485e-07,4.963060349817628e-07,0.0,0.0,0.5676634907722473,0.7610928416252136,0.04688972234725952,False,20
1,100.72135926000192,47.872000000000014,0.0002841368563539933,3.5221687386155485e-07,4.963060349817628e-07,0.0,0.0,0.5676634907722473,0.7610928416252136,0.04688972234725952,False,20
1,100.82779255300557,47.97399999999999,0.0002847312889459148,3.527250663184891e-07,4.969805988320864e-07,0.0,0.0,0.5667107701301575,0.7638422846794128,0.059918612241744995,False,21
1,100.92834924700583,47.97399999999999,0.0002847312889459148,3.527250663184891e-07,4.969805988320864e-07,0.0,0.0,0.5667107701301575,0.7638422846794128,0.059918612241744995,False,21
1,101.0363978450041,48.075999999999965,0.00028532572153796513,3.5323325914842506e-07,4.976551622731118e-07,0.0,0.0,0.5746277570724487,0.7657676935195923,0.05992551147937775,False,20
1,101.1369342800026,48.075999999999965,0.00028532572153796513,3.5323325914842506e-07,4.976551622731118e-07,0.0,0.0,0.5746277570724487,0.7657676935195923,0.05992551147937775,False,20
1,101.25448905400117,48.178000000000054,0.0002859201541308902,3.537414526336961e-07,4.983297253029515e-07,0.0,0.0,0.566842794418335,0.7625502347946167,0.0594964325428009,False,20
1,101.35515547800605,48.178000000000054,0.0002859201541308902,3.537414526336961e-07,4.983297253029515e-07,0.0,0.0,0.566842794418335,0.7625502347946167,0.0594964325428009,False,20
1,101.46984722500201,48.28000000000003,0.00028651458672421725,3.5424964668010364e-07,4.990042898643298e-07,0.0,0.0,0.5829979777336121,0.7644941210746765,0.0594201385974884,False,21
1,101.57038472700515,48.28000000000003,0.00028651458672421725,3.5424964668010364e-07,4.990042898643298e-07,0.0,0.0,0.5829979777336121,0.7644941210746765,0.0594201385974884,False,21
1,101.68449985100597,48.382000000000005,0.0002871090193176896,3.547578406975506e-07,4.996788533061063e-07,0.0,0.0,0.5664243698120117,0.7619290947914124,0.05910186469554901,False,20
1,101.78504654100107,48.382000000000005,0.0002871090193176896,3.547578406975506e-07,4.996788533061063e-07,0.0,0.0,0.5664243698120117,0.7619290947914124,0.05910186469554901,False,20
1,101.90537660900009,48.48399999999998,0.0002877034519121408,3.552660353184526e-07,5.003534160892542e-07,0.0,0.0,0.5597482323646545,0.7627337574958801,0.05878490209579468,False,20
1,102.0060002800019,48.48399999999998,0.0002877034519121408,3.552660353184526e-07,5.003534160892542e-07,0.0,0.0,0.5597482323646545,0.7627337574958801,0.05878490209579468,False,20
1,102.11936715100455,48.585999999999956,0.0002882978845068938,3.557742304891928e-07,5.010279792955638e-07,0.0,0.0,0.5665146708488464,0.7601563334465027,0.05832953751087189,False,21
1,102.21990426000411,48.585999999999956,0.0002882978845068938,3.557742304891928e-07,5.010279792955638e-07,0.0,0.0,0.5665146708488464,0.7601563334465027,0.05832953751087189,False,21
1,102.33936617900326,48.688000000000045,0.0002888923171018511,3.5628242615535566e-07,5.017025434835118e-07,0.0,0.0,0.5741264820098877,0.7626695036888123,0.05833911895751953,False,21
1,102.44006200000149,48.688000000000045,0.0002888923171018511,3.5628242615535566e-07,5.017025434835118e-07,0.0,0.0,0.5741264820098877,0.7626695036888123,0.05833911895751953,False,21
1,102.55385480200493,48.79000000000002,0.0002894867496979099,3.5679062209705334e-07,5.023771083307416e-07,0.0,0.0,0.5663057565689087,0.7613673210144043,0.058402881026268005,False,21
1,102.65443794300518,48.79000000000002,0.0002894867496979099,3.5679062209705334e-07,5.023771083307416e-07,0.0,0.0,0.5663057565689087,0.7613673210144043,0.058402881026268005,False,21
1,102.76933457099949,48.891999999999996,0.0002900811822943148,3.572988184434776e-07,5.030516698591687e-07,0.0,0.0,0.5673130750656128,0.7638835906982422,0.05865289270877838,False,21
1,102.86995550000574,48.891999999999996,0.0002900811822943148,3.572988184434776e-07,5.030516698591687e-07,0.0,0.0,0.5673130750656128,0.7638835906982422,0.05865289270877838,False,21
1,103.00296858799993,48.95999999999998,0.0002904774706918756,3.5763761624692403e-07,5.035013785364209e-07,0.0,0.0,0.5667212009429932,0.7617963552474976,0.05899588763713837,False,20
1,103.10747797800286,48.99399999999997,0.00029067561489081557,3.578070153118463e-07,5.037262324487581e-07,0.0,0.0,0.5667212009429932,0.7617963552474976,0.05899588763713837,False,20
1,103.21305583200592,49.061999999999955,0.00029107190328912227,3.581458134865746e-07,5.041759425556046e-07,0.0,0.0,0.5768492817878723,0.7650284767150879,0.046947166323661804,False,21
1,103.31909792300576,49.09600000000006,0.0002912700474882817,3.583152125578733e-07,5.044007976426358e-07,0.0,0.0,0.5768492817878723,0.7650284767150879,0.046947166323661804,False,21
1,103.42686965500616,49.164000000000044,0.00029166633588662005,3.586540110488857e-07,5.048505079991581e-07,0.0,0.0,0.5674490928649902,0.7667264342308044,0.06211023032665253,False,20
1,103.5297909600049,49.198000000000036,0.0002918644800858402,3.588234103047249e-07,5.050753626333998e-07,0.0,0.0,0.5674490928649902,0.7613294124603271,0.06211023032665253,False,20
1,103.63432096800534,49.26600000000002,0.00029226076848448343,3.5916220893685577e-07,5.055250693825604e-07,0.0,0.0,0.5591996312141418,0.7613294124603271,0.04693378508090973,False,21
1,103.73498168600054,49.26600000000002,0.00029226076848448343,3.5916220893685577e-07,5.055250693825604e-07,0.0,0.0,0.5591996312141418,0.7613294124603271,0.04693378508090973,False,21
1,103.87937829500152,49.367999999999995,0.00029285520108313524,3.5967040726633435e-07,5.061996320607608e-07,0.0,0.0,0.5670962929725647,0.7630516886711121,0.05979949235916138,False,21
1,103.98003000300378,49.367999999999995,0.00029285520108313524,3.5967040726633435e-07,5.061996320607608e-07,0.0,0.0,0.5670962929725647,0.7630516886711121,0.05979949235916138,False,21
1,104.12255791500502,49.46999999999997,0.00029344963368214136,3.6017860604803467e-07,5.068741966267952e-07,0.0,0.0,0.568352997303009,0.7668483257293701,0.04666665196418762,False,21
1,104.22317908500554,49.46999999999997,0.00029344963368214136,3.6017860604803467e-07,5.068741966267952e-07,0.0,0.0,0.568352997303009,0.7668483257293701,0.04666665196418762,False,21
1,104.37261936499999,49.57200000000006,0.00029404406628153476,3.606868054075929e-07,5.075487621591846e-07,0.0,0.0,0.5759469866752625,0.7701463103294373,0.06313915550708771,False,21
1,104.47314402300253,49.57200000000006,0.00029404406628153476,3.606868054075929e-07,5.075487621591846e-07,0.0,0.0,0.5759469866752625,0.7701463103294373,0.06313915550708771,False,21
1,104.59988222000538,49.674000000000035,0.00029463849888147547,3.6119500507723836e-07,5.082233240735844e-07,0.0,0.0,0.5690221190452576,0.7708833813667297,0.04697483777999878,False,21
1,104.70178029499948,49.70800000000003,0.0002948366430816653,3.6136440508784583e-07,5.084481783150733e-07,0.0,0.0,0.5690221190452576,0.7732621431350708,0.04697483777999878,False,21
1,104.81471854700067,49.77600000000001,0.00029523293148215604,3.6170320517457783e-07,5.088978851666828e-07,0.0,0.0,0.576592743396759,0.7732621431350708,0.06498649716377258,False,21
1,104.94061023500399,49.843999999999994,0.0002956292198825817,3.6204200539679946e-07,5.093475945359586e-07,0.0,0.0,0.561970591545105,0.7712676525115967,0.047019436955451965,False,21
1,105.0752719910015,49.877999999999986,0.0002958273640828869,3.6221140559025e-07,5.095724493717987e-07,0.0,0.0,0.561970591545105,0.7712676525115967,0.047019436955451965,False,21
1,105.18288138200296,49.97999999999996,0.00029642179668446216,3.6271960658946575e-07,5.102470142109587e-07,0.0,0.0,0.5543828010559082,0.7731760740280151,0.06610134243965149,False,20
1,105.28357463500288,49.97999999999996,0.00029642179668446216,3.6271960658946575e-07,5.102470142109587e-07,0.0,0.0,0.5543828010559082,0.7731760740280151,0.06610134243965149,False,20
1,105.38441260400577,50.08200000000005,0.00029701622928647933,3.6322780807813725e-07,5.109215764957723e-07,0.0,0.0,0.5680704712867737,0.7693716883659363,0.06408527493476868,False,21
1,105.48494762200426,50.08200000000005,0.00029701622928647933,3.6322780807813725e-07,5.109215764957723e-07,0.0,0.0,0.5680704712867737,0.7693716883659363,0.06408527493476868,False,21
1,105.59172116000263,50.184000000000026,0.00029761066188875194,3.6373600981854805e-07,5.115961364733255e-07,0.0,0.0,0.5671179890632629,0.7668942809104919,0.06256480515003204,False,21
1,105.6923745170061,50.184000000000026,0.00029761066188875194,3.6373600981854805e-07,5.115961364733255e-07,0.0,0.0,0.5671179890632629,0.7668942809104919,0.06256480515003204,False,21
1,105.84203970600356,50.286,0.000298205094491692,3.642442118694771e-07,5.122707001177939e-07,0.0,0.0,0.5689818859100342,0.7670191526412964,0.061465874314308167,False,19
1,105.95890044800035,50.353999999999985,0.00029860138289387926,3.6458301355874774e-07,5.127204097558675e-07,0.0,0.0,0.5751731395721436,0.7667750120162964,0.0611882358789444,False,21
1,106.09320100100012,50.38799999999998,0.00029879952709500977,3.6475241449839006e-07,5.129452640103574e-07,0.0,0.0,0.5751731395721436,0.7667750120162964,0.0611882358789444,False,21
1,106.20253211600357,50.490000000000066,0.00029939395969874,3.652606177702928e-07,5.136198277703768e-07,0.0,0.0,0.5680484771728516,0.766595184803009,0.06036044657230377,False,20
1,106.30312546100322,50.490000000000066,0.00029939395969874,3.652606177702928e-07,5.136198277703768e-07,0.0,0.0,0.5680484771728516,0.766595184803009,0.06036044657230377,False,20
1,106.42100296900026,50.59200000000004,0.00029998839230279285,3.6576882125682307e-07,5.142943901787833e-07,0.0,0.0,0.5669133067131042,0.7647786736488342,0.060272976756095886,False,20
1,106.52159861300606,50.59200000000004,0.00029998839230279285,3.6576882125682307e-07,5.142943901787833e-07,0.0,0.0,0.5669133067131042,0.7647786736488342,0.060272976756095886,False,20
1,106.65287643600459,50.660000000000025,0.0003003846807060418,3.661076238685129e-07,5.147440979659258e-07,0.0,0.0,0.5667003393173218,0.7662490606307983,0.047045931220054626,False,20
1,106.76281111199933,50.69400000000002,0.0003005828249076862,3.662770251399812e-07,5.149689517189785e-07,0.0,0.0,0.5667003393173218,0.7662490606307983,0.047045931220054626,False,20
1,106.86498288599978,50.762,0.0003009791133110188,3.6661582788312183e-07,5.15418660579181e-07,0.0,0.0,0.568167507648468,0.7686444520950317,0.06331658363342285,False,19
1,106.96784662300342,50.79599999999999,0.00030117725751273826,3.6678522934523927e-07,5.156435147608891e-07,0.0,0.0,0.568167507648468,0.7686444520950317,0.06331658363342285,False,19
1,107.07659209000121,50.863999999999976,0.00030157354591640395,3.6712403251619536e-07,5.160932240190906e-07,0.0,0.0,0.5600510835647583,0.7624320983886719,0.047228530049324036,False,21
1,107.18141491900315,50.89799999999997,0.0003017716901182765,3.672934342257511e-07,5.163180782394607e-07,0.0,0.0,0.5607095956802368,0.7624320983886719,0.047228530049324036,False,21
1,107.28423717700207,50.966000000000065,0.0003021679785224921,3.6763223766753807e-07,5.167677858901397e-07,0.0,0.0,0.5607095956802368,0.7668985724449158,0.06103530526161194,False,21
1,107.38452284900268,51.00000000000006,0.00030236612272460965,3.6780163958641463e-07,5.169926398524475e-07,0.0,0.0,0.5607095956802368,0.7668985724449158,0.06103530526161194,False,21
1,107.49808477700572,51.06800000000004,0.00030276241112887903,3.681404433559386e-07,5.17442347116662e-07,0.0,0.0,0.5690032839775085,0.7680608630180359,0.047006890177726746,False,21
1,107.62019351200433,51.136000000000024,0.0003031586995333145,3.684792470614337e-07,5.178920559513305e-07,0.0,0.0,0.5683818459510803,0.7692382335662842,0.06361265480518341,False,20
1,107.75469744200382,51.170000000000016,0.00030335684373564414,3.6864864906395134e-07,5.181169106166958e-07,0.0,0.0,0.5683818459510803,0.7692382335662842,0.06361265480518341,False,20
1,107.86283374800405,51.27199999999999,0.00030395127634293313,3.69156855235215e-07,5.187914725993646e-07,0.0,0.0,0.5754436254501343,0.7698702216148376,0.06248465180397034,False,20
1,107.96347189300286,51.27199999999999,0.00030395127634293313,3.69156855235215e-07,5.187914725993646e-07,0.0,0.0,0.5754436254501343,0.7698702216148376,0.06248465180397034,False,20
1,108.06568445300218,51.37399999999997,0.00030454570895071,3.6966506205040204e-07,5.194660344495025e-07,0.0,0.0,0.5669204592704773,0.7659409046173096,0.06149248778820038,False,21
1,108.16624677800428,51.37399999999997,0.00030454570895071,3.6966506205040204e-07,5.194660344495025e-07,0.0,0.0,0.5669204592704773,0.7659409046173096,0.06149248778820038,False,21
1,108.27477677600109,51.476000000000056,0.00030514014155875535,3.7017326941148324e-07,5.201405965998595e-07,0.0,0.0,0.5606390833854675,0.7655850648880005,0.06081870198249817,False,20
1,108.37535991200275,51.476000000000056,0.00030514014155875535,3.7017326941148324e-07,5.201405965998595e-07,0.0,0.0,0.5606390833854675,0.7655850648880005,0.06081870198249817,False,20
1,108.49440400500316,51.57800000000003,0.00030573457416749675,3.706814771354027e-07,5.208151604632411e-07,0.0,0.0,0.5605801939964294,0.7650151252746582,0.060646846890449524,False,21
1,108.59505066300335,51.57800000000003,0.00030573457416749675,3.706814771354027e-07,5.208151604632411e-07,0.0,0.0,0.5605801939964294,0.7650151252746582,0.060646846890449524,False,21
1,108.70505191900156,51.68000000000001,0.00030632900677669177,3.711896848910703e-07,5.21489722026779e-07,0.0,0.0,0.5673254728317261,0.7633089423179626,0.06027229130268097,False,21
1,108.80557878700347,51.68000000000001,0.00030632900677669177,3.711896848910703e-07,5.21489722026779e-07,0.0,0.0,0.5673254728317261,0.7633089423179626,0.06027229130268097,False,21
1,108.95394678199955,51.78199999999998,0.0003069234393861171,3.7169789322841324e-07,5.221642838220349e-07,0.0,0.0,0.5677846074104309,0.7653544545173645,0.06003992259502411,False,21
1,109.07944268500432,51.849999999999966,0.00030731972779244644,3.7203669915457476e-07,5.226139912870104e-07,0.0,0.0,0.5603469610214233,0.7660610675811768,0.04667171835899353,False,21
1,109.21421005900629,51.88399999999996,0.00030751787199589714,3.7220610215900764e-07,5.228388451116652e-07,0.0,0.0,0.5603469610214233,0.7660610675811768,0.04667171835899353,False,21
1,109.32443559300009,51.98600000000005,0.000308112304606545,3.727143117168724e-07,5.235134063391583e-07,0.0,0.0,0.56797194480896,0.7671098113059998,0.06306101381778717,False,20
1,109.42510038900218,51.98600000000005,0.000308112304606545,3.727143117168724e-07,5.235134063391583e-07,0.0,0.0,0.56797194480896,0.7671098113059998,0.06306101381778717,False,20
1,109.5350534370009,52.08800000000002,0.00030870673721744785,3.7322252137181013e-07,5.241879701970979e-07,0.0,0.0,0.5758349299430847,0.7629550099372864,0.046661585569381714,False,21
1,109.63557233600295,52.08800000000002,0.00030870673721744785,3.7322252137181013e-07,5.241879701970979e-07,0.0,0.0,0.5758349299430847,0.7629550099372864,0.046661585569381714,False,21
1,109.74239607200434,52.19,0.0003093011698286339,3.7373073138232987e-07,5.248625327347677e-07,0.0,0.0,0.5745135545730591,0.7668691277503967,0.06079721450805664,False,20
1,109.84292593000282,52.19,0.0003093011698286339,3.7373073138232987e-07,5.248625327347677e-07,0.0,0.0,0.5745135545730591,0.7668691277503967,0.06079721450805664,False,20
1,109.96272984300595,52.25799999999998,0.0003096974582366468,3.7406953832254007e-07,5.253122401014662e-07,0.0,0.0,0.5607700347900391,0.76539546251297,0.06068609654903412,False,21
1,110.06734629100538,52.29199999999997,0.0003098956024406587,3.7423894185172833e-07,5.255370939440703e-07,0.0,0.0,0.5607700347900391,0.76539546251297,0.06068609654903412,False,21
1,110.17255513200507,52.35999999999996,0.00031029189084874013,3.745777491164952e-07,5.259868004432422e-07,0.0,0.0,0.5666382908821106,0.764725387096405,0.06047680974006653,False,21
1,110.27988450600242,52.39400000000006,0.0003104900350527954,3.747471528514121e-07,5.262116538456595e-07,0.0,0.0,0.5666382908821106,0.764725387096405,0.06047680974006653,False,21
1,110.38497763800115,52.462000000000046,0.00031088632346105765,3.750859603915453e-07,5.266613619996371e-07,0.0,0.0,0.5743535161018372,0.7644559144973755,0.060054466128349304,False,20
1,110.48574356400059,52.49600000000004,0.00031108446766521265,3.752553643224129e-07,5.268862156831941e-07,0.0,0.0,0.5743535161018372,0.7644559144973755,0.060054466128349304,False,20
1,110.59430191100546,52.56400000000002,0.00031148075607395154,3.755941722192738e-07,5.273359243808233e-07,0.0,0.0,0.5513967275619507,0.7626965045928955,0.059588924050331116,False,20
1,110.6957403330016,52.59800000000001,0.00031167890027839016,3.757635761034451e-07,5.275607786608301e-07,0.0,0.0,0.5513967275619507,0.7626965045928955,0.059588924050331116,False,20
1,110.8022106760036,52.666,0.00031207518868729906,3.7610238432614263e-07,5.280104870525144e-07,0.0,0.0,0.5660946369171143,0.7625753283500671,0.058939337730407715,False,20
1,110.9211221680016,52.73399999999998,0.0003124714770963788,3.7644119254802384e-07,5.284601954832173e-07,0.0,0.0,0.5664280652999878,0.7604514956474304,0.05908682942390442,False,21
1,111.05561048800155,52.76799999999997,0.00031266962130092283,3.7661059669268647e-07,5.286850486139889e-07,0.0,0.0,0.5664280652999878,0.7604514956474304,0.05908682942390442,False,21
1,111.16105854600028,52.87000000000006,0.00031326405391507526,3.7711880964495317e-07,5.293596096685056e-07,0.0,0.0,0.5668675303459167,0.7620177268981934,0.05932369828224182,False,21
1,111.26164229500137,52.87000000000006,0.00031326405391507526,3.7711880964495317e-07,5.293596096685056e-07,0.0,0.0,0.5668675303459167,0.7620177268981934,0.05932369828224182,False,21
1,111.36223482600326,52.97200000000004,0.00031385848652978584,3.7762702299171684e-07,5.300341694459968e-07,0.0,0.0,0.5826107859611511,0.7646259069442749,0.05942562222480774,False,21
1,111.46279795900045,52.97200000000004,0.00031385848652978584,3.7762702299171684e-07,5.300341694459968e-07,0.0,0.0,0.5826107859611511,0.7646259069442749,0.05942562222480774,False,21
1,111.56714696900599,53.07400000000001,0.0003144529191448,3.7813523688754256e-07,5.307087293499048e-07,0.0,0.0,0.5933698415756226,0.8210169672966003,0.2511342167854309,False,21
1,111.66764494100062,53.07400000000001,0.0003144529191448,3.7813523688754256e-07,5.307087293499048e-07,0.0,0.0,0.5933698415756226,0.8210169672966003,0.2511342167854309,False,21
1,111.77707108200411,53.17599999999999,0.00031504735176037446,3.7864345106319123e-07,5.313832938647978e-07,0.0,0.0,0.566429615020752,0.7613615393638611,0.058948203921318054,False,21
1,111.8780210410041,53.17599999999999,0.00031504735176037446,3.7864345106319123e-07,5.313832938647978e-07,0.0,0.0,0.566429615020752,0.7613615393638611,0.058948203921318054,False,21
1,111.9829346270053,53.27799999999996,0.0003156417843764082,3.7915166576136426e-07,5.320578575688273e-07,0.0,0.0,0.5654774308204651,0.756684422492981,0.04683849215507507,False,18
1,112.08346157900087,53.27799999999996,0.0003156417843764082,3.7915166576136426e-07,5.320578575688273e-07,0.0,0.0,0.5654774308204651,0.756684422492981,0.04683849215507507,False,18
1,112.23285763199965,53.38000000000005,0.0003162362169927026,3.7965988079423536e-07,5.327324185072824e-07,0.0,0.0,0.5818908214569092,0.7612000703811646,0.05790039896965027,False,21
1,112.3564977950009,53.448000000000036,0.0003166325054037001,3.799986910801474e-07,5.331821247802562e-07,0.0,0.0,0.5599430203437805,0.7635822296142578,0.04669885337352753,False,21
1,112.49101849400176,53.48200000000003,0.0003168306496092294,3.8016809626095436e-07,5.334069773315742e-07,0.0,0.0,0.5599430203437805,0.7635822296142578,0.04669885337352753,False,21
1,112.59716476500034,53.584,0.00031742508222641153,3.806763120771869e-07,5.340815380354117e-07,0.0,0.0,0.5675057172775269,0.7661470770835876,0.06204880774021149,False,21
1,112.69780856500438,53.584,0.00031742508222641153,3.806763120771869e-07,5.340815380354117e-07,0.0,0.0,0.5675057172775269,0.7661470770835876,0.06204880774021149,False,21
1,112.80979955200019,53.68599999999998,0.00031801951484394667,3.811845283362228e-07,5.34756099343337e-07,0.0,0.0,0.5691868662834167,0.7689568400382996,0.04682818055152893,False,21
1,112.9104099210017,53.68599999999998,0.00031801951484394667,3.811845283362228e-07,5.34756099343337e-07,0.0,0.0,0.5691868662834167,0.7689568400382996,0.04682818055152893,False,21
1,113.013024675005,53.787999999999954,0.0003186139474616748,3.8169274509155074e-07,5.354306617024309e-07,0.0,0.0,0.568510890007019,0.7692863941192627,0.06406885385513306,False,20
1,113.1136836460064,53.787999999999954,0.0003186139474616748,3.8169274509155074e-07,5.354306617024309e-07,0.0,0.0,0.568510890007019,0.7692863941192627,0.06406885385513306,False,20
1,113.22057431400026,53.89000000000004,0.0003192083800802794,3.8220096222217125e-07,5.361052241448004e-07,0.0,0.0,0.569704532623291,0.7717242240905762,0.047054827213287354,False,21
1,113.32110691800335,53.89000000000004,0.0003192083800802794,3.8220096222217125e-07,5.361052241448004e-07,0.0,0.0,0.569704532623291,0.7717242240905762,0.047054827213287354,False,21
1,113.42855955700361,53.99200000000002,0.00031980281269927083,3.8270917993601524e-07,5.367797863302015e-07,0.0,0.0,0.5681939721107483,0.7707375884056091,0.06515480577945709,False,20
1,113.52930797600129,53.99200000000002,0.00031980281269927083,3.8270917993601524e-07,5.367797863302015e-07,0.0,0.0,0.5681939721107483,0.7707375884056091,0.06515480577945709,False,20
1,113.6550232610025,54.06,0.0003201991011122034,3.83047991835327e-07,5.372294915154867e-07,0.0,0.0,0.5701256394386292,0.7709612846374512,0.04679371416568756,False,21
1,113.7565170300004,54.093999999999994,0.00032039724531867774,3.8321739784303616e-07,5.37454344337664e-07,0.0,0.0,0.5701256394386292,0.7718285322189331,0.06550818681716919,False,20
1,113.90517850300239,54.16199999999998,0.00032079353373168145,3.8355621019662604e-07,5.379040497034375e-07,0.0,0.0,0.5458712577819824,0.7718285322189331,0.06550818681716919,False,20
1,114.00568394500442,54.26400000000007,0.0003213879663516166,3.8406442867982344e-07,5.385786104630257e-07,0.0,0.0,0.5619018077850342,0.7710636854171753,0.04636308550834656,False,19
1,114.10637341200345,54.26400000000007,0.0003213879663516166,3.8406442867982344e-07,5.385786104630257e-07,0.0,0.0,0.5619018077850342,0.7710636854171753,0.04636308550834656,False,19
1,114.21881028200005,54.36600000000004,0.00032198239897208037,3.8457264768875306e-07,5.392531715305315e-07,0.0,0.0,0.5689771175384521,0.7736866474151611,0.06640875339508057,False,20
1,114.31945904800523,54.36600000000004,0.00032198239897208037,3.8457264768875306e-07,5.392531715305315e-07,0.0,0.0,0.5689771175384521,0.7736866474151611,0.06640875339508057,False,20
1,114.42997843299963,54.46800000000002,0.0003225768315925706,3.850808671790368e-07,5.399277336380004e-07,0.0,0.0,0.5760207176208496,0.7721323370933533,0.06462523341178894,False,21
1,114.53050626400363,54.46800000000002,0.0003225768315925706,3.850808671790368e-07,5.399277336380004e-07,0.0,0.0,0.5760207176208496,0.7721323370933533,0.06462523341178894,False,21
1,114.63381873300386,54.56999999999999,0.0003231712642139213,3.855890872664106e-07,5.406022963680454e-07,0.0,0.0,0.5755279064178467,0.7686004638671875,0.06306612491607666,False,21
1,114.73438515000453,54.56999999999999,0.0003231712642139213,3.855890872664106e-07,5.406022963680454e-07,0.0,0.0,0.5755279064178467,0.7686004638671875,0.06306612491607666,False,21
1,114.83962980499928,54.67199999999997,0.0003237656968355317,3.860973077340883e-07,5.412768569976479e-07,0.0,0.0,0.5751692056655884,0.7684969305992126,0.061825916171073914,False,19
1,114.94016010199994,54.67199999999997,0.0003237656968355317,3.860973077340883e-07,5.412768569976479e-07,0.0,0.0,0.5751692056655884,0.7684969305992126,0.061825916171073914,False,19
1,115.04048593600601,54.77400000000006,0.00032436012945770334,3.8660552862820873e-07,5.419514158397665e-07,0.0,0.0,0.5671446919441223,0.7651584148406982,0.061044707894325256,False,21
1,115.14112772400404,54.77400000000006,0.00032436012945770334,3.8660552862820873e-07,5.419514158397665e-07,0.0,0.0,0.5671446919441223,0.7651584148406982,0.061044707894325256,False,21
1,115.24552033300279,54.87600000000003,0.00032495456208001417,3.871137497837726e-07,5.426259752061605e-07,0.0,0.0,0.5605859756469727,0.7638347148895264,0.06028680503368378,False,21
1,115.34612351000396,54.87600000000003,0.00032495456208001417,3.871137497837726e-07,5.426259752061605e-07,0.0,0.0,0.5605859756469727,0.7638347148895264,0.06028680503368378,False,21
1,115.45529811400047,54.97800000000001,0.0003255489947028658,3.8762197117813963e-07,5.433005356358219e-07,0.0,0.0,0.567125141620636,0.7621109485626221,0.05973304808139801,False,20
1,115.55582471500384,54.97800000000001,0.0003255489947028658,3.8762197117813963e-07,5.433005356358219e-07,0.0,0.0,0.567125141620636,0.7621109485626221,0.05973304808139801,False,20
1,115.65640024300228,55.079999999999984,0.00032614342732616673,3.8813019308389685e-07,5.439750965046225e-07,0.0,0.0,0.5668046474456787,0.7593287229537964,0.04668518900871277,False,20
1,115.75692024599994,55.079999999999984,0.00032614342732616673,3.8813019308389685e-07,5.439750965046225e-07,0.0,0.0,0.5668046474456787,0.7593287229537964,0.04668518900871277,False,20
1,115.86240277199977,55.18199999999996,0.00032673785994955353,3.8863841553128647e-07,5.446496576521102e-07,0.0,0.0,0.5661560297012329,0.7618315815925598,0.05865973234176636,False,20
1,115.96293511800468,55.18199999999996,0.00032673785994955353,3.8863841553128647e-07,5.446496576521102e-07,0.0,0.0,0.5661560297012329,0.7618315815925598,0.05865973234176636,False,20
1,116.06445364600222,55.28400000000005,0.0003273322925737036,3.8914663852795145e-07,5.453242190249247e-07,0.0,0.0,0.5664591789245605,0.7618149518966675,0.05881679058074951,False,20
1,116.16497597100533,55.28400000000005,0.0003273322925737036,3.8914663852795145e-07,5.453242190249247e-07,0.0,0.0,0.5664591789245605,0.7618149518966675,0.05881679058074951,False,20
1,116.26943089200358,55.386000000000024,0.0003279267251979877,3.896548619014477e-07,5.459987793313027e-07,0.0,0.0,0.5666720867156982,0.7619082927703857,0.05887812376022339,False,20
1,116.37001163900277,55.386000000000024,0.0003279267251979877,3.896548619014477e-07,5.459987793313027e-07,0.0,0.0,0.5666720867156982,0.7619082927703857,0.05887812376022339,False,20
1,116.4800122900051,55.488,0.000328521157822875,3.9016308589246675e-07,5.466733392417964e-07,0.0,0.0,0.5827012062072754,0.76337730884552,0.05886411666870117,False,20
1,116.58055945800152,55.488,0.000328521157822875,3.9016308589246675e-07,5.466733392417964e-07,0.0,0.0,0.5827012062072754,0.76337730884552,0.05886411666870117,False,20
1,116.6846521050029,55.589999999999975,0.0003291155904479831,3.906713098435543e-07,5.473478987898536e-07,0.0,0.0,0.5741780996322632,0.7627688646316528,0.05859583616256714,False,20
1,116.78531228600332,55.589999999999975,0.0003291155904479831,3.906713098435543e-07,5.473478987898536e-07,0.0,0.0,0.5741780996322632,0.7627688646316528,0.05859583616256714,False,20
1,116.90185870400455,55.692000000000064,0.00032971002307361635,3.9117953422808076e-07,5.48022458925077e-07,0.0,0.0,0.5597193837165833,0.7612868547439575,0.05840234458446503,False,21
1,117.00251959400339,55.692000000000064,0.00032971002307361635,3.9117953422808076e-07,5.48022458925077e-07,0.0,0.0,0.5597193837165833,0.7612868547439575,0.05840234458446503,False,21
1,117.12456945700251,55.76000000000005,0.0003301063114908411,3.9151835070597464e-07,5.484721662183822e-07,0.0,0.0,0.5667182207107544,0.7603192925453186,0.05822347104549408,False,20
1,117.22941429600178,55.79400000000004,0.0003303044556996178,3.9168775902880987e-07,5.486970195427414e-07,0.0,0.0,0.5667182207107544,0.7603192925453186,0.05822347104549408,False,20
1,117.33489623100468,55.86200000000002,0.000330700744117173,3.9202657576748545e-07,5.49146726022692e-07,0.0,0.0,0.5676383972167969,0.7610135078430176,0.046879351139068604,False,20
1,117.44176872200478,55.896000000000015,0.00033089888832597055,3.921959842904655e-07,5.493715792049863e-07,0.0,0.0,0.5676383972167969,0.7610135078430176,0.046879351139068604,False,20
1,117.54959339100606,55.964,0.00033129517674371743,3.9253480142565013e-07,5.498212857821872e-07,0.0,0.0,0.5599679946899414,0.763407826423645,0.059767916798591614,False,21
1,117.64987752700108,55.99799999999999,0.0003314933209527071,3.9270421010629675e-07,5.500461390197148e-07,0.0,0.0,0.5745904445648193,0.7655747532844543,0.05980730056762695,False,19
1,117.75273953800206,56.065999999999974,0.0003318896093707493,3.930430276609709e-07,5.504958454998477e-07,0.0,0.0,0.5745904445648193,0.7655747532844543,0.05980730056762695,False,19
1,117.87227404800069,56.13399999999996,0.00033228589778896674,3.9338184529906856e-07,5.509455525926007e-07,0.0,0.0,0.5667916536331177,0.762606143951416,0.05947105586528778,False,20
1,118.00698156500584,56.16800000000006,0.00033248404199823006,3.9355125430020195e-07,5.511704056054079e-07,0.0,0.0,0.5667916536331177,0.762606143951416,0.05947105586528778,False,20
1,118.11038293100137,56.27000000000004,0.00033307847462593415,3.9405948129931295e-07,5.518449660709508e-07,0.0,0.0,0.5829449892044067,0.7646969556808472,0.059436261653900146,False,21
1,118.2109351110048,56.27000000000004,0.00033307847462593415,3.9405948129931295e-07,5.518449660709508e-07,0.0,0.0,0.5829449892044067,0.7646969556808472,0.059436261653900146,False,21
1,118.31741342299938,56.372000000000014,0.00033367290725418424,3.945677087323859e-07,5.525195267566666e-07,0.0,0.0,0.5663899183273315,0.7618149518966675,0.05911095440387726,False,20
1,118.4179624890021,56.372000000000014,0.00033367290725418424,3.945677087323859e-07,5.525195267566666e-07,0.0,0.0,0.5663899183273315,0.7618149518966675,0.05911095440387726,False,20
1,118.52752115300245,56.47399999999999,0.00033426733988281944,3.950759361994605e-07,5.531940873344831e-07,0.0,0.0,0.5596880912780762,0.7626032829284668,0.05879111588001251,False,20
1,118.62803395100491,56.47399999999999,0.00033426733988281944,3.950759361994605e-07,5.531940873344831e-07,0.0,0.0,0.5596880912780762,0.7626032829284668,0.05879111588001251,False,20
1,118.77611197900114,56.575999999999965,0.0003348617725118367,3.9558416427560643e-07,5.538686481041868e-07,0.0,0.0,0.5664904713630676,0.7600940465927124,0.058331117033958435,False,21
1,118.89765621900005,56.64400000000006,0.00033525806093138294,3.9592298312605167e-07,5.543183534930217e-07,0.0,0.0,0.5741021037101746,0.762620747089386,0.05833916366100311,False,21
1,119.0321944640018,56.678000000000054,0.0003354562051411749,3.960923926613872e-07,5.5454320629614e-07,0.0,0.0,0.5741021037101746,0.762620747089386,0.05833916366100311,False,21
1,119.13432651800395,56.78000000000003,0.00033605063777075034,3.9660062158499274e-07,5.552177649548071e-07,0.0,0.0,0.5662944316864014,0.7613188624382019,0.05840139091014862,False,21
1,119.23504362300446,56.78000000000003,0.00033605063777075034,3.9660062158499274e-07,5.552177649548071e-07,0.0,0.0,0.5662944316864014,0.7613188624382019,0.05840139091014862,False,21
1,119.38365020300262,56.882000000000005,0.00033664507040083967,3.9710885098248225e-07,5.558923242557963e-07,0.0,0.0,0.5672951340675354,0.7638421058654785,0.058649271726608276,False,21
1,119.5029322410046,56.94999999999999,0.0003370413588213005,3.9744767092348113e-07,5.563420291437811e-07,0.0,0.0,0.566707193851471,0.7617494463920593,0.058986857533454895,False,20
1,119.6375155160058,56.98399999999998,0.00033723950303149886,3.976170809683457e-07,5.565668823996571e-07,0.0,0.0,0.566707193851471,0.7617494463920593,0.058986857533454895,False,20
1,119.78040974200121,57.085999999999956,0.00033783393566211685,3.9812531124822466e-07,5.572414425489029e-07,0.0,0.0,0.5768152475357056,0.7649164795875549,0.046876147389411926,False,18
1,119.8953123350002,57.15400000000005,0.0003382302240829225,3.9846413175531943e-07,5.576911502222103e-07,0.0,0.0,0.5674682855606079,0.7666759490966797,0.06210002303123474,False,21
1,120.02995065900177,57.188000000000045,0.00033842836829342743,3.9863354197907733e-07,5.579160043468346e-07,0.0,0.0,0.5674682855606079,0.7666759490966797,0.06210002303123474,False,21
2,0.1299440809962107,0.34000000000003183,6.9163822834228394e-06,1.1502409022788418e-07,1.8161398222279906e-07,0.0,0.0,0.5691515207290649,0.771094799041748,0.047109007835388184,False,21
2,0.2529252620006446,0.40800000000001546,7.31267027758364e-06,1.1536271966579166e-07,1.820636954999765e-07,0.0,0.0,0.5765249133110046,0.7731404304504395,0.06489214301109314,False,21
2,0.3874196429969743,0.4420000000000073,7.510814275195517e-06,1.155320345620335e-07,1.8228856550099988e-07,0.0,0.0,0.5765249133110046,0.7731404304504395,0.06489214301109314,False,21
2,0.5012019639980281,0.5439999999999827,8.105246270155315e-06,1.1603997971117698e-07,1.8296317662440352e-07,0.0,0.0,0.5698462724685669,0.7726513743400574,0.04712802171707153,False,21
2,0.6017744519995176,0.5439999999999827,8.105246270155315e-06,1.1603997971117698e-07,1.8296317662440352e-07,0.0,0.0,0.5698462724685669,0.7726513743400574,0.04712802171707153,False,21
2,0.7075937940026051,0.6460000000000719,8.699678267950952e-06,1.1654792554926349e-07,1.8363778716702906e-07,0.0,0.0,0.569022536277771,0.7735467553138733,0.0660874992609024,False,20
2,0.8082431259972509,0.6460000000000719,8.699678267950952e-06,1.1654792554926349e-07,1.8363778716702906e-07,0.0,0.0,0.569022536277771,0.7735467553138733,0.0660874992609024,False,20
2,0.9556436839993694,0.7480000000000473,9.294110268519111e-06,1.170558720119e-07,1.8431239725354584e-07,0.0,0.0,0.5681597590446472,0.769198477268219,0.06406626105308533,False,21
2,1.0617339029995492,0.8160000000000309,9.690398270420248e-06,1.173945033735105e-07,1.8476213760691707e-07,0.0,0.0,0.5447253584861755,0.7680040001869202,0.06260743737220764,False,21
2,1.1962984100027825,0.8500000000000227,9.888542271844613e-06,1.1756381914462886e-07,1.84987007756325e-07,0.0,0.0,0.5447253584861755,0.7680040001869202,0.06260743737220764,False,21
2,1.2999398320025648,0.9519999999999982,1.048297427793353e-05,1.1807176697791449e-07,1.8566161803290416e-07,0.0,0.0,0.5754159688949585,0.7671657800674438,0.06154121458530426,False,20
2,1.400456960000156,0.9519999999999982,1.048297427793353e-05,1.1807176697791449e-07,1.8566161803290416e-07,0.0,0.0,0.5754159688949585,0.7671657800674438,0.06154121458530426,False,20
2,1.5133165959996404,1.0540000000000873,1.1077406286829228e-05,1.1857971546518331e-07,1.8633622780843518e-07,0.0,0.0,0.5752955079078674,0.7671017646789551,0.06128682196140289,False,21
2,1.6139081270011957,1.0540000000000873,1.1077406286829228e-05,1.1857971546518331e-07,1.8633622780843518e-07,0.0,0.0,0.5752955079078674,0.7671017646789551,0.06128682196140289,False,21
2,1.7213030400016578,1.1560000000000628,1.1671838298549491e-05,1.190876645944643e-07,1.8701083760525856e-07,0.0,0.0,0.5680400133132935,0.7666081190109253,0.060359299182891846,False,20
2,1.8218710729997838,1.1560000000000628,1.1671838298549491e-05,1.190876645944643e-07,1.8701083760525856e-07,0.0,0.0,0.5680400133132935,0.7666081190109253,0.060359299182891846,False,20
2,1.9343170400024974,1.2240000000000464,1.2068126307909072e-05,1.1942629770698835e-07,1.8746057715171344e-07,0.0,0.0,0.56700199842453,0.7648594379425049,0.06033580005168915,False,20
2,2.036246456002118,1.2580000000000382,1.2266270313040974e-05,1.1959561438163025e-07,1.8768544676699967e-07,0.0,0.0,0.56700199842453,0.7648594379425049,0.06033580005168915,False,20
2,2.1415631619966007,1.3260000000000218,1.266255832420033e-05,1.199342479404904e-07,1.8813518641371103e-07,0.0,0.0,0.5669850707054138,0.7649092674255371,0.06022806465625763,False,21
2,2.243078311003046,1.3600000000000136,1.2860702330281127e-05,1.2010356482835604e-07,1.8836005609817696e-07,0.0,0.0,0.5670415163040161,0.7634552717208862,0.059985190629959106,False,20
2,2.3919182019963046,1.4279999999999973,1.3256990343245463e-05,1.2044219883349703e-07,1.8880979550696974e-07,0.0,0.0,0.5670415163040161,0.7634552717208862,0.059985190629959106,False,20
2,2.4921537580012227,1.5300000000000864,1.3851422365044469e-05,1.2095015036505995e-07,1.8948440473016685e-07,0.0,0.0,0.5602247714996338,0.7629781365394592,0.05928300321102142,False,21
2,2.5929237919990555,1.5300000000000864,1.3851422365044469e-05,1.2095015036505995e-07,1.8948440473016685e-07,0.0,0.0,0.5602247714996338,0.7629781365394592,0.05928300321102142,False,21
2,2.7392925230014953,1.6320000000000618,1.4445854389511046e-05,1.214581025814024e-07,1.9015901291605548e-07,0.0,0.0,0.5663485527038574,0.7637370228767395,0.05922134220600128,False,21
2,2.848771309996664,1.7000000000000455,1.4842142407309189e-05,1.2179673774581914e-07,1.9060875191944779e-07,0.0,0.0,0.574421763420105,0.7641894221305847,0.05908161401748657,False,20
2,2.9835891440015985,1.7340000000000373,1.5040286416650398e-05,1.2196605544175961e-07,1.9083362103412855e-07,0.0,0.0,0.574421763420105,0.7641894221305847,0.05908161401748657,False,20
2,3.130156341001566,1.8360000000000127,1.563471844646426e-05,1.224740089409749e-07,1.9150822897192883e-07,0.0,0.0,0.566810667514801,0.7623493671417236,0.059220701456069946,False,21
2,3.2432182490010746,1.9039999999999964,1.6031006467896215e-05,1.2281264494907544e-07,1.9195796762782822e-07,0.0,0.0,0.5826829075813293,0.7647177577018738,0.059165969491004944,False,21
2,3.3777337170031387,1.9379999999999882,1.622915047902766e-05,1.2298196310532607e-07,1.921828370523679e-07,0.0,0.0,0.5826829075813293,0.7647177577018738,0.059165969491004944,False,21
2,3.485186509999039,2.0400000000000773,1.682358251430937e-05,1.2348991792395208e-07,1.9285744480628006e-07,0.0,0.0,0.5662433505058289,0.7623504400253296,0.05898946523666382,False,20
2,3.5858615550023387,2.0400000000000773,1.682358251430937e-05,1.2348991792395208e-07,1.9285744480628006e-07,0.0,0.0,0.5662433505058289,0.7623504400253296,0.05898946523666382,False,20
2,3.696081939000578,2.1420000000000528,1.74180145521936e-05,1.2399787342449394e-07,1.9353205209577112e-07,0.0,0.0,0.5599058866500854,0.7623965740203857,0.05877797305583954,False,21
2,3.7965987770003267,2.1420000000000528,1.74180145521936e-05,1.2399787342449394e-07,1.9353205209577112e-07,0.0,0.0,0.5599058866500854,0.7623965740203857,0.05877797305583954,False,21
2,3.9448911549989134,2.244000000000028,1.8012446592761012e-05,1.2450582953641954e-07,1.942066585972824e-07,0.0,0.0,0.5599616765975952,0.7627333402633667,0.05907396972179413,False,21
2,4.072244347997184,2.312000000000012,1.840873462126717e-05,1.2484446731821048e-07,1.9465639630228472e-07,0.0,0.0,0.5668914914131165,0.7619578838348389,0.059150516986846924,False,20
2,4.2068661079974845,2.3460000000000036,1.8606878635925306e-05,1.2501378630682305e-07,1.9488126544753543e-07,0.0,0.0,0.5668914914131165,0.7619578838348389,0.059150516986846924,False,20
2,4.307488054000714,2.447999999999979,1.9201310681732017e-05,1.255217437013908e-07,1.9555587142639857e-07,0.0,0.0,0.5741665959358215,0.7644097208976746,0.05930162966251373,False,21
2,4.408080465000239,2.447999999999979,1.9201310681732017e-05,1.255217437013908e-07,1.9555587142639857e-07,0.0,0.0,0.5741665959358215,0.7644097208976746,0.05930162966251373,False,21
2,4.512963909000973,2.550000000000068,1.979574273018505e-05,1.260297017307678e-07,1.9623047782968544e-07,0.0,0.0,0.5601762533187866,0.7653997540473938,0.04676850140094757,False,20
2,4.6135146750020795,2.550000000000068,1.979574273018505e-05,1.260297017307678e-07,1.9623047782968544e-07,0.0,0.0,0.5601762533187866,0.7653997540473938,0.04676850140094757,False,20
2,4.720869691998814,2.6520000000000437,2.039017478122976e-05,1.2653766043585923e-07,1.9690508402528758e-07,0.0,0.0,0.5678914785385132,0.7663213014602661,0.06253257393836975,False,20
2,4.8217514869975275,2.6520000000000437,2.039017478122976e-05,1.2653766043585923e-07,1.9690508402528758e-07,0.0,0.0,0.5678914785385132,0.7663213014602661,0.06253257393836975,False,20
2,4.959533832996385,2.754000000000019,2.0984606834857037e-05,1.2704561974771651e-07,1.9757968986394974e-07,0.0,0.0,0.5755622982978821,0.7685261964797974,0.061812445521354675,False,21
2,5.07931305099919,2.8220000000000027,2.138089487202727e-05,1.2738425966732592e-07,1.9802942680068718e-07,0.0,0.0,0.5667797327041626,0.7658390998840332,0.06112442910671234,False,20
2,5.21391740800027,2.8559999999999945,2.1579038891067753e-05,1.2755357973670088e-07,1.982542953606932e-07,0.0,0.0,0.5667797327041626,0.7658390998840332,0.06112442910671234,False,20
2,5.332700033999572,2.923999999999978,2.1975326929950592e-05,1.2789222006210673e-07,1.9870403241525138e-07,0.0,0.0,0.5672421455383301,0.7656667828559875,0.06085863709449768,False,20
2,5.433032923996507,2.9580000000000837,2.217347094986971e-05,1.2806154036079016e-07,1.989289007412891e-07,0.0,0.0,0.5672421455383301,0.7656667828559875,0.06085863709449768,False,20
2,5.536899257996993,3.0260000000000673,2.2569758990520234e-05,1.2840018113807233e-07,1.9937863763918738e-07,0.0,0.0,0.5667554140090942,0.7651780247688293,0.060454919934272766,False,20
2,5.63862854999752,3.060000000000059,2.2767903011255107e-05,1.2856950160454182e-07,1.9960350604789688e-07,0.0,0.0,0.574954628944397,0.7651780247688293,0.060454919934272766,False,20
2,5.74032836999686,3.1280000000000427,2.3164191053623006e-05,1.2890814283618118e-07,2.000532429803456e-07,0.0,0.0,0.574954628944397,0.7647321820259094,0.05991366505622864,False,21
2,5.852082138997503,3.1960000000000264,2.3560479097124547e-05,1.292467843380173e-07,2.005029796414427e-07,0.0,0.0,0.5518152117729187,0.7633323669433594,0.05961008369922638,False,20
2,5.986717783998756,3.230000000000018,2.3758623119267148e-05,1.2941610517224495e-07,2.0072784783153084e-07,0.0,0.0,0.5518152117729187,0.7633323669433594,0.05961008369922638,False,20
2,6.092060882998339,3.3319999999999936,2.4353055187440083e-05,1.2992406814166573e-07,2.0140245218314988e-07,0.0,0.0,0.5661505460739136,0.7624545097351074,0.059050053358078,False,21
2,6.192869259000872,3.3319999999999936,2.4353055187440083e-05,1.2992406814166573e-07,2.0140245218314988e-07,0.0,0.0,0.5661505460739136,0.7624545097351074,0.059050053358078,False,21
2,6.294405563996406,3.4340000000000828,2.494748725810278e-05,1.3043203172078218e-07,2.0207705640651515e-07,0.0,0.0,0.5663002729415894,0.7602144479751587,0.059094324707984924,False,19
2,6.395028353996167,3.4340000000000828,2.494748725810278e-05,1.3043203172078218e-07,2.0207705640651515e-07,0.0,0.0,0.5663002729415894,0.7602144479751587,0.059094324707984924,False,19
2,6.4981269119962235,3.536000000000058,2.554191933130945e-05,1.3093999596064464e-07,2.0275166016963891e-07,0.0,0.0,0.5666479468345642,0.7614577412605286,0.05908741056919098,False,20
2,6.598683204996632,3.536000000000058,2.554191933130945e-05,1.3093999596064464e-07,2.0275166016963891e-07,0.0,0.0,0.5666479468345642,0.7614577412605286,0.05908741056919098,False,20
2,6.7442897529981565,3.6380000000000337,2.6136351407072232e-05,1.3144796081268728e-07,2.0342626416654162e-07,0.0,0.0,0.5824730396270752,0.7644193768501282,0.059230610728263855,False,21
2,6.855416183003399,3.7060000000000173,2.6532639458993687e-05,1.3178660445396213e-07,2.0387600014023342e-07,0.0,0.0,0.5765109062194824,0.7663251161575317,0.046806976199150085,False,19
2,6.989948465998168,3.740000000000009,2.673078348536641e-05,1.319559263322812e-07,2.041008678302263e-07,0.0,0.0,0.5765109062194824,0.7663251161575317,0.046806976199150085,False,19
2,7.134829788999923,3.8419999999999845,2.7325215566137775e-05,1.3246389249136246e-07,2.0477547148719873e-07,0.0,0.0,0.5675472021102905,0.7668539881706238,0.06232927739620209,False,21
2,7.248504144001345,3.910000000000082,2.772150362137602e-05,1.3280253691371984e-07,2.052252067870902e-07,0.0,0.0,0.5600119829177856,0.7605440616607666,0.047081947326660156,False,21
2,7.383061868000368,3.9440000000000737,2.791964764939066e-05,1.3297185926832685e-07,2.0545007470033063e-07,0.0,0.0,0.5600119829177856,0.7605440616607666,0.047081947326660156,False,21
2,7.490280266996706,4.046000000000049,2.851407973510165e-05,1.3347982667424972e-07,2.0612467762164025e-07,0.0,0.0,0.5828946232795715,0.7651799321174622,0.0599091500043869,False,21
2,7.5907999530027155,4.046000000000049,2.851407973510165e-05,1.3347982667424972e-07,2.0612467762164025e-07,0.0,0.0,0.5828946232795715,0.7651799321174622,0.0599091500043869,False,21
2,7.700213140997221,4.148000000000025,2.9108511823321918e-05,1.3398779467479998e-07,2.0679928025392513e-07,0.0,0.0,0.567491888999939,0.7641292810440063,0.04686354100704193,False,21
2,7.80088208700181,4.148000000000025,2.9108511823321918e-05,1.3398779467479998e-07,2.0679928025392513e-07,0.0,0.0,0.567491888999939,0.7641292810440063,0.04686354100704193,False,21
2,7.9489885160000995,4.25,2.9702943913943475e-05,1.344957633169262e-07,2.0747388285293723e-07,0.0,0.0,0.5674716830253601,0.7652165293693542,0.06128281354904175,False,20
2,8.07127739599673,4.317999999999984,3.0099231975720328e-05,1.348344094264867e-07,2.0792361787615462e-07,0.0,0.0,0.569053053855896,0.7682793736457825,0.04689699411392212,False,21
2,8.205565678996209,4.351999999999975,3.0297376006999284e-05,1.350037325985396e-07,2.0814848542876885e-07,0.0,0.0,0.569053053855896,0.7682793736457825,0.04689699411392212,False,21
2,8.309865479001019,4.454000000000065,3.0891808102477634e-05,1.3551170249375973e-07,2.0882308747242168e-07,0.0,0.0,0.5683358311653137,0.7686677575111389,0.06367641687393188,False,21
2,8.410453457996482,4.454000000000065,3.0891808102477634e-05,1.3551170249375973e-07,2.0882308747242168e-07,0.0,0.0,0.5683358311653137,0.7686677575111389,0.06367641687393188,False,21
2,8.514264373996411,4.55600000000004,3.148624020047307e-05,1.360196730493392e-07,2.094976893862495e-07,0.0,0.0,0.5695385932922363,0.7712313532829285,0.04700279235839844,False,21
2,8.614946110996243,4.55600000000004,3.148624020047307e-05,1.360196730493392e-07,2.094976893862495e-07,0.0,0.0,0.5695385932922363,0.7712313532829285,0.04700279235839844,False,21
2,8.747272571999929,4.624000000000024,3.188252826711322e-05,1.363583204267725e-07,2.0994742336184564e-07,0.0,0.0,0.5680830478668213,0.7704197764396667,0.06496292352676392,False,20
2,8.851185578998411,4.6580000000000155,3.208067230083033e-05,1.3652764421021917e-07,2.1017229021012341e-07,0.0,0.0,0.5680830478668213,0.7708296179771423,0.06496292352676392,False,20
2,9.000157966002007,4.725999999999999,3.247696036912367e-05,1.368662920164736e-07,2.1062202436523833e-07,0.0,0.0,0.5700182318687439,0.7708296179771423,0.04674817621707916,False,19
2,9.14707135000208,4.8279999999999745,3.3071392473487705e-05,1.3737426422126084e-07,2.1129662562036442e-07,0.0,0.0,0.5459158420562744,0.7719823122024536,0.06541262567043304,False,20
2,9.258118880003167,4.896000000000072,3.346768054440091e-05,1.3771291271290227e-07,2.1174635964861892e-07,0.0,0.0,0.5619474649429321,0.771039605140686,0.04647880792617798,False,19
2,9.392407141996955,4.930000000000064,3.366582458029033e-05,1.378822370448058e-07,2.1197122646486448e-07,0.0,0.0,0.5619474649429321,0.771039605140686,0.04647880792617798,False,19
2,9.495866327997646,5.032000000000039,3.4260256689410545e-05,1.383902104578553e-07,2.1264582709577972e-07,0.0,0.0,0.568741500377655,0.7734442949295044,0.06638264656066895,False,20
2,9.596387290002895,5.032000000000039,3.4260256689410545e-05,1.383902104578553e-07,2.1264582709577972e-07,0.0,0.0,0.568741500377655,0.7734442949295044,0.06638264656066895,False,20
2,9.704188017996785,5.1340000000000146,3.4854688800863096e-05,1.38898184480821e-07,2.133204271822345e-07,0.0,0.0,0.5762240290641785,0.7724318504333496,0.06466281414031982,False,21
2,9.804728932998842,5.1340000000000146,3.4854688800863096e-05,1.38898184480821e-07,2.133204271822345e-07,0.0,0.0,0.5762240290641785,0.7724318504333496,0.06466281414031982,False,21
2,9.945544390997384,5.23599999999999,3.544912091476161e-05,1.39406159150871e-07,2.1399502767061345e-07,0.0,0.0,0.567839503288269,0.7669984102249146,0.06312133371829987,False,21
2,10.060301944002276,5.304000000000087,3.5845408991968825e-05,1.3974480926390953e-07,2.1444476114343303e-07,0.0,0.0,0.5752776861190796,0.7687286138534546,0.061942487955093384,False,19
2,10.194631751997804,5.338000000000079,3.6043553030992454e-05,1.3991413439915218e-07,2.146696276716526e-07,0.0,0.0,0.5752776861190796,0.7687286138534546,0.061942487955093384,False,19
2,10.296220563999668,5.440000000000055,3.663798514956561e-05,1.404221103178996e-07,2.1534422726225776e-07,0.0,0.0,0.5672968029975891,0.7652822136878967,0.061190202832221985,False,21
2,10.39673507399857,5.440000000000055,3.663798514956561e-05,1.404221103178996e-07,2.1534422726225776e-07,0.0,0.0,0.5672968029975891,0.7652822136878967,0.061190202832221985,False,21
2,10.496956263996253,5.54200000000003,3.7232417270467635e-05,1.4093008684778514e-07,2.160188273741906e-07,0.0,0.0,0.5605686902999878,0.7638393640518188,0.060406893491744995,False,21
2,10.597656566998921,5.54200000000003,3.7232417270467635e-05,1.4093008684778514e-07,2.160188273741906e-07,0.0,0.0,0.5605686902999878,0.7638393640518188,0.060406893491744995,False,21
2,10.708245654001075,5.6440000000000055,3.782684939375577e-05,1.414380639727645e-07,2.1669342680162254e-07,0.0,0.0,0.5669389367103577,0.7619397044181824,0.05990175902843475,False,20
2,10.808818739002163,5.6440000000000055,3.782684939375577e-05,1.414380639727645e-07,2.1669342680162254e-07,0.0,0.0,0.5669389367103577,0.7619397044181824,0.05990175902843475,False,20
2,10.951570179000555,5.745999999999981,3.8421281519277796e-05,1.4194604174161587e-07,2.1736802602304126e-07,0.0,0.0,0.5731934309005737,0.7592587471008301,0.046604275703430176,False,20
2,11.064786625000124,5.814000000000078,3.881756960425354e-05,1.422846939139144e-07,2.1781775868817805e-07,0.0,0.0,0.5737258791923523,0.7637427449226379,0.05881088972091675,False,20
2,11.199309577001259,5.84800000000007,3.9015713647172056e-05,1.4245402010558862e-07,2.1804262524518619e-07,0.0,0.0,0.5737258791923523,0.7637427449226379,0.05881088972091675,False,20
2,11.344360066999798,5.9500000000000455,3.9610145777259874e-05,1.429619990884369e-07,2.1871722398830534e-07,0.0,0.0,0.5742927193641663,0.7647979259490967,0.04685667157173157,False,21
2,11.462380441997084,6.018000000000029,4.000643386527138e-05,1.4330065206077705e-07,2.19166956766206e-07,0.0,0.0,0.5680781602859497,0.7673894762992859,0.062328919768333435,False,21
2,11.597180393000599,6.052000000000021,4.0204577909695206e-05,1.4346997867237134e-07,2.193918229663537e-07,0.0,0.0,0.5680781602859497,0.7673894762992859,0.062328919768333435,False,21
2,11.7040231830033,6.153999999999996,4.0799010044344046e-05,1.439779588626995e-07,2.2006642132925796e-07,0.0,0.0,0.5776345729827881,0.769419252872467,0.04697684943675995,False,21
2,11.804588462997344,6.153999999999996,4.0799010044344046e-05,1.439779588626995e-07,2.2006642132925796e-07,0.0,0.0,0.5776345729827881,0.769419252872467,0.04697684943675995,False,21
2,11.912376970998594,6.2560000000000855,4.139344218129833e-05,1.4448593965735607e-07,2.207410194601917e-07,0.0,0.0,0.5844898223876953,0.7712585926055908,0.06399424374103546,False,20
2,12.01303475000168,6.2560000000000855,4.139344218129833e-05,1.4448593965735607e-07,2.207410194601917e-07,0.0,0.0,0.5844898223876953,0.7712585926055908,0.06399424374103546,False,20
2,12.127259403001517,6.324000000000069,4.178973027386436e-05,1.448245938376831e-07,2.2119075140281277e-07,0.0,0.0,0.5683632493019104,0.7674733996391296,0.046914905309677124,False,21
2,12.232166966001387,6.358000000000061,4.1987874320562404e-05,1.449939210310151e-07,2.2141561748635966e-07,0.0,0.0,0.5683632493019104,0.7674733996391296,0.046914905309677124,False,21
2,12.33479582900327,6.426000000000045,4.2384162414659324e-05,1.4533257563866802e-07,2.2186534924226178e-07,0.0,0.0,0.5619802474975586,0.7674754858016968,0.06275835633277893,False,20
2,12.441582045001269,6.460000000000036,4.258230646207121e-05,1.455019030443912e-07,2.2209021496100812e-07,0.0,0.0,0.5688228607177734,0.7674754858016968,0.06275835633277893,False,20
2,12.590759157996217,6.52800000000002,4.29785945576769e-05,1.4584055804946469e-07,2.2253994679533728e-07,0.0,0.0,0.5688228607177734,0.7656248807907104,0.046887487173080444,False,19
2,12.697784869000316,6.6299999999999955,4.3573026702970006e-05,1.4634854107060712e-07,2.232145442908218e-07,0.0,0.0,0.5675299763679504,0.7673110961914062,0.062319010496139526,False,20
2,12.798472930000571,6.6299999999999955,4.3573026702970006e-05,1.4634854107060712e-07,2.232145442908218e-07,0.0,0.0,0.5675299763679504,0.7673110961914062,0.062319010496139526,False,20
2,12.94428899599734,6.732000000000085,4.4167458850480085e-05,1.4685652470445234e-07,2.23889141674333e-07,0.0,0.0,0.5749684572219849,0.7690462470054626,0.047024354338645935,False,21
2,13.059295516999555,6.800000000000068,4.456374695006003e-05,1.4719518079106988e-07,2.2433887311848222e-07,0.0,0.0,0.5685738325119019,0.7700755596160889,0.0642257034778595,False,20
2,13.193841428997985,6.83400000000006,4.4761891000248775e-05,1.4736450891755525e-07,2.2456373842717206e-07,0.0,0.0,0.5685738325119019,0.7700755596160889,0.0642257034778595,False,20
2,13.34197584699723,6.9360000000000355,4.5356323152191506e-05,1.4787249380846762e-07,2.2523833538727643e-07,0.0,0.0,0.5781543254852295,0.7715893983840942,0.04732859134674072,False,19
2,13.462430319996201,7.004000000000019,4.5752611254686656e-05,1.4821115070103834e-07,2.256880663305331e-07,0.0,0.0,0.5850996971130371,0.7735295295715332,0.06518089771270752,False,20
2,13.596987475997594,7.038000000000011,4.595075530629093e-05,1.4838047920690442e-07,2.2591293155252135e-07,0.0,0.0,0.5850996971130371,0.7735295295715332,0.06518089771270752,False,20
2,13.701476818001538,7.139999999999986,4.6545187462588254e-05,1.488884652931542e-07,2.2658752809789694e-07,0.0,0.0,0.5618268251419067,0.770840585231781,0.06342798471450806,False,21
2,13.80202811700292,7.139999999999986,4.6545187462588254e-05,1.488884652931542e-07,2.2658752809789694e-07,0.0,0.0,0.5618268251419067,0.770840585231781,0.06342798471450806,False,21
2,13.94924496600288,7.2420000000000755,4.713961962101061e-05,1.493964519312732e-07,2.2726212440553768e-07,0.0,0.0,0.5757753849029541,0.7679579854011536,0.06190170347690582,False,21
2,14.06691730699822,7.310000000000059,4.753590772786035e-05,1.4973511007298093e-07,2.2771185512712384e-07,0.0,0.0,0.5755035281181335,0.766783595085144,0.061069414019584656,False,19
2,14.201869835000252,7.344000000000051,4.773405178168724e-05,1.499044392158028e-07,2.2793672039470108e-07,0.0,0.0,0.5755035281181335,0.766783595085144,0.061069414019584656,False,19
2,14.346450981996895,7.446000000000026,4.832848394450192e-05,1.5041242707255552e-07,2.2861131639892741e-07,0.0,0.0,0.5672535300254822,0.7647047638893127,0.060515791177749634,False,21
2,14.461509931003093,7.51400000000001,4.872477205428334e-05,1.507510859897516e-07,2.290610466219187e-07,0.0,0.0,0.5680087208747864,0.7665295600891113,0.06027562916278839,False,21
2,14.595499563001795,7.548000000000002,4.892291610957477e-05,1.509204155052817e-07,2.292859117994558e-07,0.0,0.0,0.5680087208747864,0.7665295600891113,0.06027562916278839,False,21
2,14.699538093998854,7.649999999999977,4.951734827672496e-05,1.5142840453176817e-07,2.2996050746621873e-07,0.0,0.0,0.5670595169067383,0.7636286616325378,0.06022503972053528,False,20
2,14.800198830002046,7.649999999999977,4.951734827672496e-05,1.5142840453176817e-07,2.2996050746621873e-07,0.0,0.0,0.5670595169067383,0.7636286616325378,0.06022503972053528,False,20
2,14.943870787996275,7.752000000000066,5.0111780446106e-05,1.5193639417449653e-07,2.3063510280322753e-07,0.0,0.0,0.5772444605827332,0.7664400935173035,0.04700036346912384,False,20
2,15.062801196996588,7.82000000000005,5.05080685601917e-05,1.5227505426460723e-07,2.3108483328922235e-07,0.0,0.0,0.5674865245819092,0.7676098942756653,0.06283651292324066,False,19
2,15.197416625000187,7.854000000000042,5.0706212617561766e-05,1.5244438440852103e-07,2.3130969825303012e-07,0.0,0.0,0.5674865245819092,0.7676098942756653,0.06283651292324066,False,19
2,15.347572446000413,7.956000000000017,5.130064479121066e-05,1.5295237525713098e-07,2.319842931847132e-07,0.0,0.0,0.5594357252120972,0.7621215581893921,0.0469212681055069,False,21
2,15.468541889000335,8.024000000000001,5.16969329080858e-05,1.5329103615522773e-07,2.3243402287643137e-07,0.0,0.0,0.5751487016677856,0.7654575109481812,0.06026853621006012,False,21
2,15.56924120199983,8.024000000000001,5.16969329080858e-05,1.5329103615522773e-07,2.3243402287643137e-07,0.0,0.0,0.5751487016677856,0.7654575109481812,0.06026853621006012,False,21
2,15.681873342000472,8.125999999999976,5.2291365085170745e-05,1.537990279736971e-07,2.331086175943858e-07,0.0,0.0,0.5686834454536438,0.7671491503715515,0.0467972457408905,False,21
2,15.782532536999497,8.125999999999976,5.2291365085170745e-05,1.537990279736971e-07,2.331086175943858e-07,0.0,0.0,0.5686834454536438,0.7671491503715515,0.0467972457408905,False,21
2,15.9323700620007,8.228000000000065,5.288579726446269e-05,1.5430702038105566e-07,2.337832115780887e-07,0.0,0.0,0.5844163298606873,0.7703609466552734,0.06329989433288574,False,20
2,16.036005433001264,8.262000000000057,5.308394132465385e-05,1.544763512717534e-07,2.3400807595512186e-07,0.0,0.0,0.5844163298606873,0.7712296843528748,0.06329989433288574,False,20
2,16.13944876199821,8.330000000000041,5.348022944574654e-05,1.548150133700527e-07,2.3445780562359002e-07,0.0,0.0,0.569129467010498,0.7712296843528748,0.047085970640182495,False,21
2,16.242457312000624,8.364000000000033,5.367837350668536e-05,1.54984344498899e-07,2.3468267042232544e-07,0.0,0.0,0.569129467010498,0.7712296843528748,0.047085970640182495,False,21
2,16.350170901998354,8.432000000000016,5.407466162918751e-05,1.55323006932569e-07,2.3513239966575247e-07,0.0,0.0,0.5766709446907043,0.7736050486564636,0.06514367461204529,False,21
2,16.45024058999843,8.466000000000008,5.427280569076081e-05,1.5549233824016545e-07,2.3535726436700944e-07,0.0,0.0,0.5698978900909424,0.7728665471076965,0.04710426926612854,False,21
2,16.554906839999603,8.533999999999992,5.4669093814679794e-05,1.5583100107111402e-07,2.3580699378486403e-07,0.0,0.0,0.5698978900909424,0.7728665471076965,0.04710426926612854,False,21
2,16.673663405003026,8.601999999999975,5.5065381939516014e-05,1.5616966416763052e-07,2.3625672305901932e-07,0.0,0.0,0.5542698502540588,0.7738522887229919,0.0662272572517395,False,20
2,16.80823734000296,8.636000000000081,5.5263526002292344e-05,1.5633899581307163e-07,2.3648158761013186e-07,0.0,0.0,0.5542698502540588,0.7738522887229919,0.0662272572517395,False,20
2,16.909856279999076,8.738000000000056,5.5857958191972683e-05,1.5684699117379175e-07,2.371561808787236e-07,0.0,0.0,0.5685702562332153,0.7659722566604614,0.047224223613739014,False,21
2,17.01037666299817,8.738000000000056,5.5857958191972683e-05,1.5684699117379175e-07,2.371561808787236e-07,0.0,0.0,0.5685702562332153,0.7659722566604614,0.047224223613739014,False,21
2,17.15764438699989,8.840000000000032,5.645239038369349e-05,1.57354987100063e-07,2.3783077411285458e-07,0.0,0.0,0.5447291135787964,0.768004298210144,0.06227904558181763,False,20
2,17.27458524100075,8.908000000000015,5.684867851262583e-05,1.576936513999071e-07,2.3828050248337185e-07,0.0,0.0,0.5693381428718567,0.7687487602233887,0.04682452976703644,False,19
2,17.409016826997686,8.942000000000007,5.704682257747645e-05,1.5786298361493497e-07,2.385053665853635e-07,0.0,0.0,0.5693381428718567,0.7687487602233887,0.04682452976703644,False,19
2,17.512091083000996,9.043999999999983,5.764125477321705e-05,1.5837098072750221e-07,2.3917995918416133e-07,0.0,0.0,0.5764899253845215,0.7722910642623901,0.06464926898479462,False,20
2,17.61274619500182,9.043999999999983,5.764125477321705e-05,1.5837098072750221e-07,2.3917995918416133e-07,0.0,0.0,0.5764899253845215,0.7722910642623901,0.06464926898479462,False,20
2,17.714682088997506,9.146000000000072,5.823568697107054e-05,1.5887897837885643e-07,2.398545514620891e-07,0.0,0.0,0.5693873167037964,0.7725741863250732,0.04701162874698639,False,21
2,17.815214485002798,9.146000000000072,5.823568697107054e-05,1.5887897837885643e-07,2.398545514620891e-07,0.0,0.0,0.5693873167037964,0.7725741863250732,0.04701162874698639,False,21
2,17.960466755997913,9.248000000000047,5.883011917084697e-05,1.593869766475849e-07,2.4052914431952345e-07,0.0,0.0,0.5688712000846863,0.7737603187561035,0.06581723690032959,False,19
2,18.075668992001738,9.316000000000031,5.922640730515955e-05,1.5972564248506454e-07,2.409788725482417e-07,0.0,0.0,0.5684233903884888,0.7715246081352234,0.06437157094478607,False,21
2,18.210273165001126,9.350000000000023,5.9424551372644786e-05,1.5989497548394524e-07,2.412037367151378e-07,0.0,0.0,0.5684233903884888,0.7715246081352234,0.06437157094478607,False,21
2,18.316794755002775,9.451999999999998,6.001898357649955e-05,1.604029749178672e-07,2.418783285172121e-07,0.0,0.0,0.5681173205375671,0.7684281468391418,0.06312209367752075,False,21
2,18.417429169996467,9.451999999999998,6.001898357649955e-05,1.604029749178672e-07,2.418783285172121e-07,0.0,0.0,0.5681173205375671,0.7684281468391418,0.06312209367752075,False,21
2,18.522767269001633,9.554000000000087,6.0613415782286365e-05,1.6091097494169324e-07,2.42552920390049e-07,0.0,0.0,0.5611922740936279,0.7668406367301941,0.061657652258872986,False,19
2,18.623335324002255,9.554000000000087,6.0613415782286365e-05,1.6091097494169324e-07,2.42552920390049e-07,0.0,0.0,0.5611922740936279,0.7668406367301941,0.061657652258872986,False,19
2,18.76962562800327,9.656000000000063,6.120784799016656e-05,1.6141897550029055e-07,2.4322751198316317e-07,0.0,0.0,0.5671023726463318,0.7665572166442871,0.061018213629722595,False,21
2,18.882226121000713,9.724000000000046,6.160413612987326e-05,1.6175764289548727e-07,2.4367723964464127e-07,0.0,0.0,0.5750724077224731,0.7659022808074951,0.06040821969509125,False,21
2,18.98276997300127,9.724000000000046,6.160413612987326e-05,1.6175764289548727e-07,2.4367723964464127e-07,0.0,0.0,0.5750724077224731,0.7659022808074951,0.06040821969509125,False,21
2,19.1306899639967,9.826000000000022,6.219856834111491e-05,1.6226564444469146e-07,2.443518305045283e-07,0.0,0.0,0.567147970199585,0.7639061808586121,0.060235291719436646,False,20
2,19.23170478999964,9.860000000000014,6.239671241194296e-05,1.6243497840319622e-07,2.4457669461385553e-07,0.0,0.0,0.5829311609268188,0.7658751606941223,0.05993504822254181,False,21
2,19.381849518002127,9.927999999999997,6.279300055426346e-05,1.6277364658649698e-07,2.4502642228941227e-07,0.0,0.0,0.5829311609268188,0.7658751606941223,0.05993504822254181,False,21
2,19.48570576599741,10.030000000000086,6.338743276944683e-05,1.6328164929136437e-07,2.4570101322542697e-07,0.0,0.0,0.5662714838981628,0.7630197405815125,0.05956867337226868,False,21
2,19.586315114996978,10.030000000000086,6.338743276944683e-05,1.6328164929136437e-07,2.4570101322542697e-07,0.0,0.0,0.5662714838981628,0.7630197405815125,0.05956867337226868,False,21
2,19.70312887900218,10.132000000000062,6.398186498655445e-05,1.6378965255682783e-07,2.4637560419631566e-07,0.0,0.0,0.5601311922073364,0.7633029222488403,0.0593661367893219,False,20
2,19.80374247999862,10.132000000000062,6.398186498655445e-05,1.6378965255682783e-07,2.4637560419631566e-07,0.0,0.0,0.5601311922073364,0.7633029222488403,0.0593661367893219,False,20
2,19.95054309799889,10.234000000000037,6.457629720558024e-05,1.6429765642151602e-07,2.4705019544479023e-07,0.0,0.0,0.5601428151130676,0.7636349201202393,0.05959266424179077,False,21
2,20.070139891999133,10.302000000000021,6.497258535266819e-05,1.646363260165514e-07,2.4749992220658937e-07,0.0,0.0,0.5669768452644348,0.7622609734535217,0.05948302149772644,False,20
2,20.20472225300182,10.336000000000013,6.517072942655586e-05,1.6480566087891014e-07,2.477247855397341e-07,0.0,0.0,0.5669768452644348,0.7622609734535217,0.05948302149772644,False,20
2,20.318379907002964,10.437999999999988,6.576516164941105e-05,1.653136658672813e-07,2.4839937578887454e-07,0.0,0.0,0.5742388367652893,0.764754056930542,0.059552326798439026,False,21
2,20.41911613100092,10.437999999999988,6.576516164941105e-05,1.653136658672813e-07,2.4839937578887454e-07,0.0,0.0,0.5742388367652893,0.764754056930542,0.059552326798439026,False,21
2,20.519410075998167,10.540000000000077,6.635959387432016e-05,1.6582167138710005e-07,2.4907396546951844e-07,0.0,0.0,0.5602315664291382,0.7656218409538269,0.046743035316467285,False,21
2,20.619992389998515,10.540000000000077,6.635959387432016e-05,1.6582167138710005e-07,2.4907396546951844e-07,0.0,0.0,0.5602315664291382,0.7656218409538269,0.046743035316467285,False,21
2,20.72752525699616,10.642000000000053,6.695402610100518e-05,1.6632967752490754e-07,2.497485560984862e-07,0.0,0.0,0.5679324269294739,0.7665181159973145,0.06267616152763367,False,20
2,20.828486416998203,10.642000000000053,6.695402610100518e-05,1.6632967752490754e-07,2.497485560984862e-07,0.0,0.0,0.5679324269294739,0.7665181159973145,0.06267616152763367,False,20
2,20.969552408998425,10.744000000000028,6.754845832966086e-05,1.6683768426824384e-07,2.504231459477515e-07,0.0,0.0,0.5756357908248901,0.768722414970398,0.06191618740558624,False,21
2,21.082589126999665,10.812000000000012,6.79447464831894e-05,1.6717635571911803e-07,2.508728723191089e-07,0.0,0.0,0.5668056011199951,0.765936553478241,0.06119978427886963,False,21
2,21.21716977399774,10.846000000000004,6.814289056031927e-05,1.6734569156138383e-07,2.510977355576134e-07,0.0,0.0,0.5668056011199951,0.765936553478241,0.06119978427886963,False,21
2,21.31763730000239,10.947999999999979,6.873732279280868e-05,1.6785369942837694e-07,2.5177232509234486e-07,0.0,0.0,0.5672481060028076,0.7657158374786377,0.06090758740901947,False,20
2,21.418549164001888,10.947999999999979,6.873732279280868e-05,1.6785369942837694e-07,2.5177232509234486e-07,0.0,0.0,0.5672481060028076,0.7657158374786377,0.06090758740901947,False,20
2,21.52518975300336,11.050000000000068,6.933175502714124e-05,1.6836170783589103e-07,2.524469139260209e-07,0.0,0.0,0.566760778427124,0.7652170062065125,0.060489654541015625,False,19
2,21.625823160997243,11.050000000000068,6.933175502714124e-05,1.6836170783589103e-07,2.524469139260209e-07,0.0,0.0,0.566760778427124,0.7652170062065125,0.060489654541015625,False,19
2,21.774248285000795,11.152000000000044,6.99261872634336e-05,1.6886971683936288e-07,2.531215031065677e-07,0.0,0.0,0.5749647617340088,0.7647758722305298,0.059944361448287964,False,19
2,21.887750353998854,11.220000000000027,7.032247542190957e-05,1.6920838982409789e-07,2.5357122868888255e-07,0.0,0.0,0.5434882044792175,0.7633066773414612,0.05963161587715149,False,20
2,22.022502093001094,11.254000000000019,7.052061950153787e-05,1.693777263918453e-07,2.537960914408831e-07,0.0,0.0,0.5434882044792175,0.7633066773414612,0.05963161587715149,False,20
2,22.16781344499759,11.355999999999995,7.11150517414467e-05,1.6988573656153648e-07,2.5447067979320983e-07,0.0,0.0,0.5662116408348083,0.7625002264976501,0.05905969440937042,False,21
2,22.29104728099628,11.423999999999978,7.151133990248703e-05,1.7022441027553503e-07,2.549204056009382e-07,0.0,0.0,0.5662892460823059,0.760178804397583,0.059101685881614685,False,19
2,22.391558577997785,11.423999999999978,7.151133990248703e-05,1.7022441027553503e-07,2.549204056009382e-07,0.0,0.0,0.5662892460823059,0.760178804397583,0.059101685881614685,False,19
2,22.495782733996748,11.526000000000067,7.21057721455704e-05,1.7073242133130914e-07,2.555949948067239e-07,0.0,0.0,0.5666808485984802,0.7615757584571838,0.05918744206428528,False,20
2,22.596301598001446,11.526000000000067,7.21057721455704e-05,1.7073242133130914e-07,2.555949948067239e-07,0.0,0.0,0.5666808485984802,0.7615757584571838,0.05918744206428528,False,20
2,22.745845429002657,11.628000000000043,7.270020439057194e-05,1.7124043300004794e-07,2.562695832668016e-07,0.0,0.0,0.582460343837738,0.7644001841545105,0.059228599071502686,False,21
2,22.855396847997326,11.696000000000026,7.309649255490174e-05,1.7157910769116032e-07,2.5671930878106757e-07,0.0,0.0,0.5764384269714355,0.7661802172660828,0.0467861145734787,False,21
2,22.990116747001593,11.730000000000018,7.329463663737065e-05,1.7174844517522283e-07,2.5694417137223235e-07,0.0,0.0,0.5764384269714355,0.7661802172660828,0.0467861145734787,False,21
2,23.14003968000179,11.831999999999994,7.388906888602075e-05,1.7225645796196496e-07,2.576187592571964e-07,0.0,0.0,0.5675422549247742,0.7668278813362122,0.062324151396751404,False,21
2,23.253889899999194,11.899999999999977,7.428535705284898e-05,1.725951334094073e-07,2.580684836733479e-07,0.0,0.0,0.559978187084198,0.760418176651001,0.04700104892253876,False,21
2,23.388299184996868,11.934000000000083,7.448350113658467e-05,1.7276447127731222e-07,2.582933464635431e-07,0.0,0.0,0.559978187084198,0.760418176651001,0.04700104892253876,False,21
2,23.489750824999646,12.036000000000058,7.507793338888246e-05,1.7327248522037648e-07,2.589679337359676e-07,0.0,0.0,0.582758903503418,0.7649722099304199,0.05990558862686157,False,21
2,23.59030958999938,12.036000000000058,7.507793338888246e-05,1.7327248522037648e-07,2.589679337359676e-07,0.0,0.0,0.582758903503418,0.7649722099304199,0.05990558862686157,False,21
2,23.71169526399899,12.138000000000034,7.567236564301905e-05,1.737804996399237e-07,2.5964252042778303e-07,0.0,0.0,0.5674227476119995,0.7636054754257202,0.04677604138851166,False,21
2,23.81232600200019,12.138000000000034,7.567236564301905e-05,1.737804996399237e-07,2.5964252042778303e-07,0.0,0.0,0.5674227476119995,0.7636054754257202,0.04677604138851166,False,21
2,23.91550704999827,12.240000000000009,7.626679789895152e-05,1.7428851461217648e-07,2.6031710805274404e-07,0.0,0.0,0.5674566626548767,0.7651348114013672,0.06127716600894928,False,20
2,24.016064094998,12.240000000000009,7.626679789895152e-05,1.7428851461217648e-07,2.6031710805274404e-07,0.0,0.0,0.5674566626548767,0.7651348114013672,0.06127716600894928,False,20
2,24.118981344996428,12.341999999999985,7.686123015670371e-05,1.747965301800894e-07,2.6099169543380074e-07,0.0,0.0,0.5690255165100098,0.7682099342346191,0.04684828221797943,False,21
2,24.219571289002488,12.341999999999985,7.686123015670371e-05,1.747965301800894e-07,2.6099169543380074e-07,0.0,0.0,0.5690255165100098,0.7682099342346191,0.04684828221797943,False,21
2,24.328047980998235,12.444000000000074,7.745566241622705e-05,1.753045462913542e-07,2.616662826204025e-07,0.0,0.0,0.5683247447013855,0.768615186214447,0.06366853415966034,False,20
2,24.428566239999782,12.444000000000074,7.745566241622705e-05,1.753045462913542e-07,2.616662826204025e-07,0.0,0.0,0.5683247447013855,0.768615186214447,0.06366853415966034,False,20
2,24.542639806997613,12.54600000000005,7.805009467745953e-05,1.7581256299230673e-07,2.623408697680987e-07,0.0,0.0,0.5695297122001648,0.7711879014968872,0.04697999358177185,False,19
2,24.643361089998507,12.54600000000005,7.805009467745953e-05,1.7581256299230673e-07,2.623408697680987e-07,0.0,0.0,0.5695297122001648,0.7711879014968872,0.04697999358177185,False,19
2,24.791718490996573,12.648000000000025,7.864452694037512e-05,1.7632058022047105e-07,2.630154556600646e-07,0.0,0.0,0.5680737495422363,0.770384669303894,0.06495484709739685,False,20
2,24.89947618899896,12.716000000000008,7.904081511672656e-05,1.766592587192497e-07,2.6346518015785566e-07,0.0,0.0,0.570011556148529,0.7708016633987427,0.04673188924789429,False,19
2,25.034025209999527,12.75,7.923895920516162e-05,1.768285980351803e-07,2.6369004201697644e-07,0.0,0.0,0.570011556148529,0.7708016633987427,0.04673188924789429,False,19
2,25.180463092001446,12.851999999999975,7.983339147173097e-05,1.77336616327064e-07,2.64364627430831e-07,0.0,0.0,0.5458938479423523,0.7719538807868958,0.06540688872337341,False,20
2,25.294041360000847,12.920000000000073,8.022967965036747e-05,1.7767529558097195e-07,2.648143512582626e-07,0.0,0.0,0.5619407892227173,0.7709997892379761,0.046459898352622986,False,20
2,25.428643587001716,12.954000000000065,8.042782374000253e-05,1.7784463525324648e-07,2.650392129003147e-07,0.0,0.0,0.5619407892227173,0.7709997892379761,0.046459898352622986,False,20
2,25.53196144699905,13.05600000000004,8.102225601006041e-05,1.783526546827728e-07,2.6571379875401055e-07,0.0,0.0,0.568793773651123,0.7734813690185547,0.06637820601463318,False,20
2,25.632604867998452,13.05600000000004,8.102225601006041e-05,1.783526546827728e-07,2.6571379875401055e-07,0.0,0.0,0.568793773651123,0.7734813690185547,0.06637820601463318,False,20
2,25.748607715002436,13.124000000000024,8.141854419111425e-05,1.7869133462018327e-07,2.6616352263367007e-07,0.0,0.0,0.5762320756912231,0.7724454998970032,0.0646776407957077,False,21
2,25.854979871000978,13.192000000000007,8.181483237295131e-05,1.79030014814916e-07,2.666132465497808e-07,0.0,0.0,0.5678457021713257,0.7670177221298218,0.06313003599643707,False,20
2,25.989513533997524,13.225999999999999,8.201297646413851e-05,1.7919935498219545e-07,2.6683810844740385e-07,0.0,0.0,0.5678457021713257,0.7670177221298218,0.06313003599643707,False,20
2,26.139007511003,13.327999999999975,8.260740873890704e-05,1.7970737593077607e-07,2.675126939077047e-07,0.0,0.0,0.5752463936805725,0.7686915397644043,0.06195002794265747,False,19
2,26.248175886001263,13.396000000000072,8.300369692305042e-05,1.80046056834634e-07,2.679624174020468e-07,0.0,0.0,0.5672992467880249,0.7652747631072998,0.06119479238986969,False,21
2,26.382699369001784,13.430000000000064,8.320184101540421e-05,1.8021539741668961e-07,2.6818727945315934e-07,0.0,0.0,0.5672992467880249,0.7652747631072998,0.06119479238986969,False,21
2,26.53136812699813,13.532000000000039,8.379627329366214e-05,1.8072341945563343e-07,2.6886186395174255e-07,0.0,0.0,0.5605652928352356,0.7638230919837952,0.0604085773229599,False,21
2,26.631394131996785,13.566000000000031,8.399441738676013e-05,1.8089276022450154e-07,2.690867254925261e-07,0.0,0.0,0.5669563412666321,0.762022852897644,0.05990785360336304,False,21
2,26.738860755998758,13.634000000000015,8.439070557354376e-05,1.8123144203136376e-07,2.6953644896416717e-07,0.0,0.0,0.5669563412666321,0.762022852897644,0.05990785360336304,False,20
2,26.848807203001343,13.701999999999998,8.478699376110801e-05,1.815701239676171e-07,2.69986171526263e-07,0.0,0.0,0.5732264518737793,0.7593583464622498,0.04665571451187134,False,20
2,26.983370560003095,13.73599999999999,8.498513785511067e-05,1.8173946506463878e-07,2.702110328500531e-07,0.0,0.0,0.5732264518737793,0.7593583464622498,0.04665571451187134,False,20
2,27.128864612001053,13.83800000000008,8.557957013839755e-05,1.8224748875201396e-07,2.708856173168148e-07,0.0,0.0,0.5737360715866089,0.7638043761253357,0.05882297456264496,False,20
2,27.24447566299932,13.906000000000063,8.597585832817358e-05,1.825861714697471e-07,2.713353398502777e-07,0.0,0.0,0.5665696263313293,0.762010931968689,0.05899764597415924,False,20
2,27.37903696900321,13.940000000000055,8.617400242339965e-05,1.8275551294527898e-07,2.7156020160614945e-07,0.0,0.0,0.5665696263313293,0.762010931968689,0.05899764597415924,False,20
2,27.485063378000632,14.04200000000003,8.676843471003932e-05,1.8326353771284467e-07,2.722347856831534e-07,0.0,0.0,0.5667598843574524,0.7620629072189331,0.059030383825302124,False,20
2,27.585593837997294,14.04200000000003,8.676843471003932e-05,1.8326353771284467e-07,2.722347856831534e-07,0.0,0.0,0.5667598843574524,0.7620629072189331,0.059030383825302124,False,20
2,27.69630892999703,14.144000000000005,8.736286699836601e-05,1.8377156303315654e-07,2.729093705546629e-07,0.0,0.0,0.5826970338821411,0.7637603282928467,0.059078872203826904,False,20
2,27.796836027002428,14.144000000000005,8.736286699836601e-05,1.8377156303315654e-07,2.729093705546629e-07,0.0,0.0,0.5826970338821411,0.7637603282928467,0.059078872203826904,False,20
2,27.899389862002863,14.245999999999981,8.795729928831944e-05,1.8427958889846888e-07,2.735839542577722e-07,0.0,0.0,0.5742272734642029,0.7629441022872925,0.05870784819126129,False,20
2,28.000064473999373,14.245999999999981,8.795729928831944e-05,1.8427958889846888e-07,2.735839542577722e-07,0.0,0.0,0.5742272734642029,0.7629441022872925,0.05870784819126129,False,20
2,28.10420413200336,14.34800000000007,8.855173158001887e-05,1.847876152820853e-07,2.742585379142756e-07,0.0,0.0,0.5597290992736816,0.7613237500190735,0.05849938094615936,False,21
2,28.204750399003387,14.34800000000007,8.855173158001887e-05,1.847876152820853e-07,2.742585379142756e-07,0.0,0.0,0.5597290992736816,0.7613237500190735,0.05849938094615936,False,21
2,28.316742878996592,14.450000000000045,8.914616387338797e-05,1.8529564222081465e-07,2.749331216423012e-07,0.0,0.0,0.5666341185569763,0.760076642036438,0.058267027139663696,False,20
2,28.417295148996345,14.450000000000045,8.914616387338797e-05,1.8529564222081465e-07,2.749331216423012e-07,0.0,0.0,0.5666341185569763,0.760076642036438,0.058267027139663696,False,20
2,28.520092826001928,14.552000000000021,8.974059616842197e-05,1.8580366973316274e-07,2.756077045663324e-07,0.0,0.0,0.5676007270812988,0.7609204053878784,0.046773478388786316,False,21
2,28.620615369000006,14.552000000000021,8.974059616842197e-05,1.8580366973316274e-07,2.756077045663324e-07,0.0,0.0,0.5676007270812988,0.7609204053878784,0.046773478388786316,False,21
2,28.73340568599815,14.653999999999996,9.033502846513865e-05,1.863116977542659e-07,2.7628228748459286e-07,0.0,0.0,0.5666743516921997,0.7632555365562439,0.0596919059753418,False,20
2,28.833962076001626,14.653999999999996,9.033502846513865e-05,1.863116977542659e-07,2.7628228748459286e-07,0.0,0.0,0.5666743516921997,0.7632555365562439,0.0596919059753418,False,20
2,28.98010305200296,14.756000000000085,9.092946076343566e-05,1.8681972633908527e-07,2.769568695345208e-07,0.0,0.0,0.574508011341095,0.765381932258606,0.059735655784606934,False,20
2,29.09422195299703,14.82400000000007,9.132574896325574e-05,1.8715841234936552e-07,2.774065917252611e-07,0.0,0.0,0.566747784614563,0.7622464299201965,0.05936680734157562,False,20
2,29.194738409998536,14.82400000000007,9.132574896325574e-05,1.8715841234936552e-07,2.774065917252611e-07,0.0,0.0,0.566747784614563,0.7622464299201965,0.05936680734157562,False,20
2,29.345006668001588,14.926000000000045,9.192018126429405e-05,1.8766644181882574e-07,2.7808117420041767e-07,0.0,0.0,0.5828936696052551,0.7643111944198608,0.059387996792793274,False,21
2,29.447247926000273,14.960000000000036,9.211832536494633e-05,1.878357851151197e-07,2.783060352033429e-07,0.0,0.0,0.5828936696052551,0.7633965611457825,0.059387996792793274,False,21
2,29.548885213996982,15.02800000000002,9.251461356691876e-05,1.8817447183698877e-07,2.7875575730178095e-07,0.0,0.0,0.5825684070587158,0.7633965611457825,0.05909031629562378,False,21
2,29.66492778799875,15.096000000000004,9.29109017695968e-05,1.8851315879594247e-07,2.7920547907445095e-07,0.0,0.0,0.5597805380821228,0.7628255486488342,0.05877886712551117,False,20
2,29.79967940699862,15.129999999999995,9.310904587114636e-05,1.8868250239929227e-07,2.794303399172728e-07,0.0,0.0,0.5597805380821228,0.7628255486488342,0.05877886712551117,False,20
2,29.93979153699911,15.232000000000085,9.37034781769647e-05,1.8919053352661067e-07,2.801049225264895e-07,0.0,0.0,0.5742121934890747,0.7620444297790527,0.05835366249084473,False,21
2,30.05439200699766,15.300000000000068,9.409976638181028e-05,1.8952922122189728e-07,2.8055464365439443e-07,0.0,0.0,0.5742314457893372,0.7622045874595642,0.05825892090797424,False,21
2,30.189004589999968,15.33400000000006,9.429791048445706e-05,1.896985651330463e-07,2.807795048097464e-07,0.0,0.0,0.5742314457893372,0.7622045874595642,0.05825892090797424,False,21
2,30.338277155002288,15.436000000000035,9.489234279357137e-05,1.9020659738562985e-07,2.8145408620053486e-07,0.0,0.0,0.5662994384765625,0.7613398432731628,0.058371350169181824,False,21
2,30.461442986001202,15.504000000000019,9.52886310005255e-05,1.9054528575806814e-07,2.819038071416432e-07,0.0,0.0,0.5673149824142456,0.7638770341873169,0.058639779686927795,False,20
2,30.59639702700224,15.538000000000011,9.548677510430722e-05,1.9071463006686023e-07,2.8212866782003396e-07,0.0,0.0,0.5673149824142456,0.7638770341873169,0.058639779686927795,False,20
2,30.699330846997327,15.639999999999986,9.608120741654794e-05,1.9122266336117648e-07,2.828032491161621e-07,0.0,0.0,0.5667327046394348,0.7618498206138611,0.0590125173330307,False,19
2,30.79985865100025,15.639999999999986,9.608120741654794e-05,1.9122266336117648e-07,2.828032491161621e-07,0.0,0.0,0.5667327046394348,0.7618498206138611,0.0590125173330307,False,19
2,30.94569813799899,15.742000000000075,9.667563973044446e-05,1.917306971214374e-07,2.834778311135469e-07,0.0,0.0,0.5769148468971252,0.7651790380477905,0.04700140655040741,False,21
2,31.051012818003073,15.81000000000006,9.707192794058744e-05,1.920693866475449e-07,2.8392755195785433e-07,0.0,0.0,0.5672667026519775,0.7665165662765503,0.062104880809783936,False,20
2,31.185686409000482,15.844000000000051,9.727007204589052e-05,1.9223873148373174e-07,2.841524123568982e-07,0.0,0.0,0.5672667026519775,0.7665165662765503,0.062104880809783936,False,20
2,31.287460890998773,15.946000000000026,9.786450436295984e-05,1.9274676632919922e-07,2.848269935124152e-07,0.0,0.0,0.5508573055267334,0.7616274952888489,0.04696589708328247,False,21
2,31.38818907800305,15.946000000000026,9.786450436295984e-05,1.9274676632919922e-07,2.848269935124152e-07,0.0,0.0,0.5508573055267334,0.7616274952888489,0.04696589708328247,False,21
2,31.495534925998072,16.048000000000002,9.845893668155832e-05,1.9325480181586066e-07,2.8550157527190896e-07,0.0,0.0,0.5748929977416992,0.7646600008010864,0.059773340821266174,False,21
2,31.596236894001777,16.048000000000002,9.845893668155832e-05,1.9325480181586066e-07,2.8550157527190896e-07,0.0,0.0,0.5748929977416992,0.7646600008010864,0.059773340821266174,False,21
2,31.705922961999022,16.149999999999977,9.90533690017753e-05,1.9376283769401915e-07,2.8617615630140293e-07,0.0,0.0,0.5683529376983643,0.7670767903327942,0.04675501585006714,False,21
2,31.80644886999653,16.149999999999977,9.90533690017753e-05,1.9376283769401915e-07,2.8617615630140293e-07,0.0,0.0,0.5683529376983643,0.7670767903327942,0.04675501585006714,False,21
2,31.912418298001285,16.252000000000066,9.964780132349976e-05,1.9427087418910474e-07,2.8685073778395814e-07,0.0,0.0,0.5843015909194946,0.7698647379875183,0.06301634013652802,False,21
2,32.01308475300175,16.252000000000066,9.964780132349976e-05,1.9427087418910474e-07,2.8685073778395814e-07,0.0,0.0,0.5843015909194946,0.7698647379875183,0.06301634013652802,False,21
2,32.113847257998714,16.354000000000042,0.00010024223364667401,1.9477891118483712e-07,2.8752531768255957e-07,0.0,0.0,0.5690333247184753,0.7708777189254761,0.047046199440956116,False,21
2,32.214541291003115,16.354000000000042,0.00010024223364667401,1.9477891118483712e-07,2.8752531768255957e-07,0.0,0.0,0.5690333247184753,0.7708777189254761,0.047046199440956116,False,21
2,32.321554251000634,16.456000000000017,0.00010083666597144334,1.9528694869715234e-07,2.881998984443777e-07,0.0,0.0,0.5766010880470276,0.7732987403869629,0.06496435403823853,False,21
2,32.42221552599949,16.456000000000017,0.00010083666597144334,1.9528694869715234e-07,2.881998984443777e-07,0.0,0.0,0.5766010880470276,0.7732987403869629,0.06496435403823853,False,21
2,32.53102104699792,16.557999999999993,0.00010143109829772361,1.95794986730927e-07,2.8887447836279947e-07,0.0,0.0,0.5698565244674683,0.772692084312439,0.04711180925369263,False,21
2,32.63170166200143,16.557999999999993,0.00010143109829772361,1.95794986730927e-07,2.8887447836279947e-07,0.0,0.0,0.5698565244674683,0.772692084312439,0.04711180925369263,False,21
2,32.75920949900319,16.625999999999976,0.00010182738651604017,1.9613367908602896e-07,2.893241986562185e-07,0.0,0.0,0.5542412400245667,0.7736904621124268,0.06611531972885132,False,21
2,32.870674224999675,16.694000000000074,0.00010222367473512609,1.9647237165792872e-07,2.89773918496048e-07,0.0,0.0,0.5681535601615906,0.7693392634391785,0.06408977508544922,False,21
2,33.005288070999086,16.728000000000065,0.00010242181884483883,1.9664171803293532e-07,2.899987785280907e-07,0.0,0.0,0.5681535601615906,0.7693392634391785,0.06408977508544922,False,21
2,33.105764387997624,16.83000000000004,0.00010301625117509206,1.9714975748011395e-07,2.906733589156021e-07,0.0,0.0,0.5447705984115601,0.7680708765983582,0.06262464821338654,False,21
2,33.20628346099693,16.83000000000004,0.00010301625117509206,1.9714975748011395e-07,2.906733589156021e-07,0.0,0.0,0.5447705984115601,0.7680708765983582,0.06262464821338654,False,21
2,33.31523510900297,16.932000000000016,0.00010361068350689959,1.9765779755194505e-07,2.9134793901595684e-07,0.0,0.0,0.575411319732666,0.7671772837638855,0.06155143678188324,False,20
2,33.41570734199922,16.932000000000016,0.00010361068350689959,1.9765779755194505e-07,2.9134793901595684e-07,0.0,0.0,0.575411319732666,0.7671772837638855,0.06155143678188324,False,20
2,33.565233576002356,17.033999999999992,0.00010420511584020376,1.981658380258376e-07,2.920225190968893e-07,0.0,0.0,0.575240433216095,0.7670374512672424,0.06128092110157013,False,21
2,33.68614019599772,17.101999999999975,0.00010460140406320494,1.985045320427743e-07,2.9247223892588276e-07,0.0,0.0,0.5680364370346069,0.7665978670120239,0.06034812331199646,False,20
2,33.82079009000154,17.13600000000008,0.00010479954817503015,1.9867387915823087e-07,2.9269709910318e-07,0.0,0.0,0.5680364370346069,0.7665978670120239,0.06034812331199646,False,20
2,33.96705310299876,17.238000000000056,0.00010539398051133799,1.9918192072357987e-07,2.933716783119301e-07,0.0,0.0,0.5669374465942383,0.7648868560791016,0.060312047600746155,False,20
2,34.08191832000011,17.30600000000004,0.00010579026873634972,1.9952061539083269e-07,2.9382139725501235e-07,0.0,0.0,0.5669757127761841,0.7648589611053467,0.0602034330368042,False,21
2,34.21650108099857,17.340000000000032,0.00010598841284916892,1.9968996280133783e-07,2.940462575552763e-07,0.0,0.0,0.5669757127761841,0.7648589611053467,0.0602034330368042,False,21
2,34.31758637099847,17.442000000000007,0.00010658284518850819,2.0019800542529818e-07,2.947208355308917e-07,0.0,0.0,0.5670268535614014,0.7634098529815674,0.05996207892894745,False,21
2,34.418341987999156,17.442000000000007,0.00010658284518850819,2.0019800542529818e-07,2.947208355308917e-07,0.0,0.0,0.5670268535614014,0.7634098529815674,0.05996207892894745,False,21
2,34.520116312996834,17.543999999999983,0.0001071772775293519,2.0070604851465183e-07,2.953954147251258e-07,0.0,0.0,0.560126006603241,0.7627764344215393,0.0592636913061142,False,21
2,34.620735694996256,17.543999999999983,0.0001071772775293519,2.0070604851465183e-07,2.953954147251258e-07,0.0,0.0,0.560126006603241,0.7627764344215393,0.0592636913061142,False,21
2,34.722221661999356,17.646000000000072,0.0001077717098715964,2.0121409219709335e-07,2.960699926448074e-07,0.0,0.0,0.5662687420845032,0.763716995716095,0.05920401215553284,False,21
2,34.82295001199964,17.646000000000072,0.0001077717098715964,2.0121409219709335e-07,2.960699926448074e-07,0.0,0.0,0.5662687420845032,0.763716995716095,0.05920401215553284,False,21
2,34.96571535900148,17.748000000000047,0.00010836614221543684,2.017221363932468e-07,2.967445713758123e-07,0.0,0.0,0.5744894742965698,0.7636833190917969,0.05901481211185455,False,20
2,35.08433837600023,17.81600000000003,0.00010876243044533832,2.0206083285792253e-07,2.971942901717178e-07,0.0,0.0,0.5668497681617737,0.762179970741272,0.05918991565704346,False,21
2,35.21873575299833,17.850000000000023,0.00010896057456061129,2.0223018115406568e-07,2.974191498357389e-07,0.0,0.0,0.5668497681617737,0.762179970741272,0.05918991565704346,False,21
2,35.32089401000121,17.951999999999998,0.00010955500690735176,2.027382263808456e-07,2.980937282254121e-07,0.0,0.0,0.5827133655548096,0.7647355198860168,0.059144243597984314,False,21
2,35.421577187000366,17.951999999999998,0.00010955500690735176,2.027382263808456e-07,2.980937282254121e-07,0.0,0.0,0.5827133655548096,0.7647355198860168,0.059144243597984314,False,21
2,35.57027914799983,18.054000000000087,0.00011014943925545702,2.032462721564933e-07,2.9876830702095636e-07,0.0,0.0,0.5660866498947144,0.7621198296546936,0.0589672327041626,False,20
2,35.69329382899741,18.12200000000007,0.00011054572748829756,2.035849696199503e-07,2.992180257798288e-07,0.0,0.0,0.5599425435066223,0.7625649571418762,0.05891117453575134,False,21
2,35.828077425998345,18.156000000000063,0.00011074387160501424,2.0375431844413138e-07,2.9944288507951736e-07,0.0,0.0,0.5599425435066223,0.7625649571418762,0.05891117453575134,False,21
2,35.955967048001185,18.224000000000046,0.00011114015983883403,2.0409301627592935e-07,2.99892604222456e-07,0.0,0.0,0.5599769949913025,0.7630301117897034,0.05924026668071747,False,21
2,36.058869512002275,18.258000000000038,0.00011133830395602907,2.042623653142884e-07,3.0011746341559076e-07,0.0,0.0,0.5599769949913025,0.7618422508239746,0.05924026668071747,False,21
2,36.207521506003104,18.326000000000022,0.00011173459219082334,2.0460106347972556e-07,3.0056718142936676e-07,0.0,0.0,0.5668514966964722,0.7618422508239746,0.05921413004398346,False,20
2,36.31497966199822,18.427999999999997,0.00011232902454420563,2.0510911115178163e-07,3.012417595383285e-07,0.0,0.0,0.5741544961929321,0.764437198638916,0.05934852361679077,False,21
2,36.41549409899744,18.427999999999997,0.00011232902454420563,2.0510911115178163e-07,3.012417595383285e-07,0.0,0.0,0.5741544961929321,0.764437198638916,0.05934852361679077,False,21
2,36.52937382399978,18.530000000000086,0.00011292345689908499,2.0561715934093447e-07,3.019163360431218e-07,0.0,0.0,0.5601451992988586,0.7653589844703674,0.04672624170780182,False,21
2,36.62993371999619,18.530000000000086,0.00011292345689908499,2.0561715934093447e-07,3.019163360431218e-07,0.0,0.0,0.5601451992988586,0.7653589844703674,0.04672624170780182,False,21
2,36.73170822099928,18.632000000000062,0.000113517889255281,2.0612520807484795e-07,3.025909137009071e-07,0.0,0.0,0.5678922533988953,0.7663246393203735,0.06255556643009186,False,20
2,36.83223324499704,18.632000000000062,0.000113517889255281,2.0612520807484795e-07,3.025909137009071e-07,0.0,0.0,0.5678922533988953,0.7663246393203735,0.06255556643009186,False,20
2,36.97495110699674,18.734000000000037,0.00011411232161297668,2.0663325724972143e-07,3.032654902928294e-07,0.0,0.0,0.5756030082702637,0.7685965299606323,0.06182040274143219,False,21
2,37.08780495300016,18.80200000000002,0.00011450860985213768,2.069719570682042e-07,3.037152086550367e-07,0.0,0.0,0.5667855143547058,0.7658237218856812,0.06112438440322876,False,21
2,37.22247837699979,18.836000000000013,0.00011470675397201677,2.0714130704998798e-07,3.0394006808950723e-07,0.0,0.0,0.5667855143547058,0.7658237218856812,0.06112438440322876,False,21
2,37.32872659799614,18.937999999999988,0.00011530118633247327,2.076493573081412e-07,3.0461464553071256e-07,0.0,0.0,0.5672228932380676,0.7656099200248718,0.06084205210208893,False,20
2,37.42924698100251,18.937999999999988,0.00011530118633247327,2.076493573081412e-07,3.0461464553071256e-07,0.0,0.0,0.5672228932380676,0.7656099200248718,0.06084205210208893,False,20
2,37.537674332997994,19.040000000000077,0.00011589561869433966,2.0815740812960912e-07,3.0528922281175057e-07,0.0,0.0,0.5667913556098938,0.7651991844177246,0.0604395866394043,False,20
2,37.638255655998364,19.040000000000077,0.00011589561869433966,2.0815740812960912e-07,3.0528922281175057e-07,0.0,0.0,0.5667913556098938,0.7651991844177246,0.0604395866394043,False,20
2,37.744601445003354,19.142000000000053,0.00011649005105755436,2.0866545942698692e-07,3.0596380017245907e-07,0.0,0.0,0.5749589204788208,0.764736533164978,0.059911251068115234,False,21
2,37.8452973789972,19.142000000000053,0.00011649005105755436,2.0866545942698692e-07,3.0596380017245907e-07,0.0,0.0,0.5749589204788208,0.764736533164978,0.059911251068115234,False,21
2,37.99482665999676,19.244000000000028,0.00011708448342223577,2.0917351131270314e-07,3.066383762985813e-07,0.0,0.0,0.5434826612472534,0.7632656097412109,0.05960492789745331,False,20
2,38.104343655002594,19.312000000000012,0.00011748077166609354,2.0951221283928763e-07,3.070880944180316e-07,0.0,0.0,0.5661904215812683,0.7624499797821045,0.05903927981853485,False,21
2,38.239551528997254,19.346000000000004,0.00011767891578818006,2.0968156365408306e-07,3.07312952899996e-07,0.0,0.0,0.5661904215812683,0.7624499797821045,0.05903927981853485,False,21
2,38.37959306999983,19.44799999999998,0.00011827334815550693,2.1018961652457835e-07,3.079875286100464e-07,0.0,0.0,0.5662940144538879,0.7601576447486877,0.05908714234828949,False,21
2,38.50736575599876,19.516000000000076,0.00011866963640121521,2.105283186971903e-07,3.084372467030266e-07,0.0,0.0,0.5666679739952087,0.7615429759025574,0.059174612164497375,False,20
2,38.64208510699973,19.550000000000068,0.00011886778052419555,2.106976698852067e-07,3.0866210509049983e-07,0.0,0.0,0.5666679739952087,0.7615429759025574,0.059174612164497375,False,20
2,38.746533327997895,19.652000000000044,0.00011946221289419433,2.1120572372885022e-07,3.093366803738835e-07,0.0,0.0,0.5824492573738098,0.7643810510635376,0.05921517312526703,False,21
2,38.847185919003095,19.652000000000044,0.00011946221289419433,2.1120572372885022e-07,3.093366803738835e-07,0.0,0.0,0.5824492573738098,0.7643810510635376,0.05921517312526703,False,21
2,38.9911908590002,19.75400000000002,0.00012005664526560083,2.1171377810191866e-07,3.1001125661885234e-07,0.0,0.0,0.5764302015304565,0.766150176525116,0.0467793345451355,False,19
2,39.108473612002854,19.822000000000003,0.00012045293351395977,2.120524813153206e-07,3.104609736638494e-07,0.0,0.0,0.5675336122512817,0.7667989134788513,0.062312349677085876,False,21
2,39.243190086999675,19.855999999999995,0.00012065107763831748,2.122218330252923e-07,3.1068583233661196e-07,0.0,0.0,0.5675336122512817,0.7667989134788513,0.062312349677085876,False,21
2,39.390674649002904,19.923999999999978,0.00012104736588765524,2.1256053652734498e-07,3.111355498641894e-07,0.0,0.0,0.5599397420883179,0.7602494955062866,0.046992331743240356,False,21
2,39.49768803399638,19.958000000000084,0.00012124551001251342,2.127298884010034e-07,3.113604082110868e-07,0.0,0.0,0.5599397420883179,0.7602494955062866,0.046992331743240356,False,21
2,39.60228280699812,20.026000000000067,0.00012164179826274976,2.1306859229201775e-07,3.1181012577177917e-07,0.0,0.0,0.5827051997184753,0.7648597955703735,0.05981464684009552,False,21
2,39.70334055800049,20.06000000000006,0.0001218399423880182,2.1323794434367806e-07,3.120349845975548e-07,0.0,0.0,0.5827051997184753,0.7648597955703735,0.05981464684009552,False,21
2,39.80862575199717,20.128000000000043,0.00012223623063904602,2.1357664855096015e-07,3.124847013106795e-07,0.0,0.0,0.5673965811729431,0.7635108232498169,0.04677404463291168,False,21
2,39.91008715899807,20.162000000000035,0.00012243437476479107,2.1374600079369966e-07,3.1270956004535347e-07,0.0,0.0,0.5673965811729431,0.7650539875030518,0.06122229993343353,False,20
2,40.01056007500301,20.230000000000018,0.00012283066301681808,2.1408470531878349e-07,3.1315927766262006e-07,0.0,0.0,0.5674464702606201,0.7650539875030518,0.06122229993343353,False,20
2,40.12641713100311,20.298000000000002,0.0001232269512693603,2.1442341014255805e-07,3.1360899400142054e-07,0.0,0.0,0.569037914276123,0.7682093381881714,0.046852558851242065,False,21
2,40.26086583700089,20.331999999999994,0.00012342509539585564,2.145927625884226e-07,3.138338525560503e-07,0.0,0.0,0.569037914276123,0.7682093381881714,0.046852558851242065,False,21
2,40.37166211300064,20.434000000000083,0.00012401952777627576,2.1510082040390337e-07,3.1450842831574873e-07,0.0,0.0,0.5683178901672363,0.7685681581497192,0.06363289058208466,False,21
2,40.47232662799797,20.434000000000083,0.00012401952777627576,2.1510082040390337e-07,3.1450842831574873e-07,0.0,0.0,0.5683178901672363,0.7685681581497192,0.06363289058208466,False,21
2,40.587615466996795,20.536000000000058,0.00012461396015808627,2.156088786817103e-07,3.1518300360720217e-07,0.0,0.0,0.5695578455924988,0.7712488770484924,0.047037288546562195,False,19
2,40.688187466003,20.536000000000058,0.00012461396015808627,2.156088786817103e-07,3.1518300360720217e-07,0.0,0.0,0.5695578455924988,0.7712488770484924,0.047037288546562195,False,19
2,40.80441096700088,20.638000000000034,0.0001252083925410907,2.1611693749856564e-07,3.1585757774300806e-07,0.0,0.0,0.5680818557739258,0.7704005241394043,0.06493115425109863,False,21
2,40.9049493249986,20.638000000000034,0.0001252083925410907,2.1611693749856564e-07,3.1585757774300806e-07,0.0,0.0,0.5680818557739258,0.7704005241394043,0.06493115425109863,False,21
2,41.01031073299964,20.74000000000001,0.00012580282492544127,2.166249968946787e-07,3.1653215282122847e-07,0.0,0.0,0.5700520277023315,0.7708925604820251,0.046801552176475525,False,19
2,41.11083240000153,20.74000000000001,0.00012580282492544127,2.166249968946787e-07,3.1653215282122847e-07,0.0,0.0,0.5700520277023315,0.7708925604820251,0.046801552176475525,False,19
2,41.21240217299783,20.841999999999985,0.00012639725731109636,2.1713305666769189e-07,3.172067267779557e-07,0.0,0.0,0.5458767414093018,0.7718338966369629,0.06539236009120941,False,20
2,41.31300272000226,20.841999999999985,0.00012639725731109636,2.1713305666769189e-07,3.172067267779557e-07,0.0,0.0,0.5458767414093018,0.7718338966369629,0.06539236009120941,False,20
2,41.42329346200131,20.944000000000074,0.00012699168969804555,2.1764111701001056e-07,3.1788130114906016e-07,0.0,0.0,0.5619263648986816,0.7709227204322815,0.0464213490486145,False,20
2,41.52399365200108,20.944000000000074,0.00012699168969804555,2.1764111701001056e-07,3.1788130114906016e-07,0.0,0.0,0.5619263648986816,0.7709227204322815,0.0464213490486145,False,20
2,41.6316002320018,21.04600000000005,0.00012758612208634435,2.1814917791803676e-07,3.185558755047855e-07,0.0,0.0,0.5689300298690796,0.7736017107963562,0.06637322902679443,False,20
2,41.732254641996406,21.04600000000005,0.00012758612208634435,2.1814917791803676e-07,3.185558755047855e-07,0.0,0.0,0.5689300298690796,0.7736017107963562,0.06637322902679443,False,20
2,41.838423891000275,21.148000000000025,0.0001281805544759134,2.1865723925483565e-07,3.192304503935951e-07,0.0,0.0,0.5762723088264465,0.7724817395210266,0.06467516720294952,False,21
2,41.93911241799651,21.148000000000025,0.0001281805544759134,2.1865723925483565e-07,3.192304503935951e-07,0.0,0.0,0.5762723088264465,0.7724817395210266,0.06467516720294952,False,21
2,42.04908294699999,21.25,0.00012877498686667856,2.1916530113413894e-07,3.199050244465357e-07,0.0,0.0,0.5678507685661316,0.7670255303382874,0.06312577426433563,False,21
2,42.14991964100045,21.25,0.00012877498686667856,2.1916530113413894e-07,3.199050244465357e-07,0.0,0.0,0.5678507685661316,0.7670255303382874,0.06312577426433563,False,21
2,42.25452116900124,21.351999999999975,0.0001293694192587803,2.19673363434459e-07,3.20579599053893e-07,0.0,0.0,0.5752450227737427,0.7686988115310669,0.06194786727428436,False,19
2,42.35505876899697,21.351999999999975,0.0001293694192587803,2.19673363434459e-07,3.20579599053893e-07,0.0,0.0,0.5752450227737427,0.7686988115310669,0.06194786727428436,False,19
2,42.45875999699638,21.454000000000065,0.00012996385165206991,2.2018142637778343e-07,3.212541729857683e-07,0.0,0.0,0.5672755241394043,0.7655217051506042,0.06121739745140076,False,21
2,42.559399131001555,21.454000000000065,0.00012996385165206991,2.2018142637778343e-07,3.212541729857683e-07,0.0,0.0,0.5672755241394043,0.7655217051506042,0.06121739745140076,False,21
2,42.66634728899953,21.55600000000004,0.00013055828404660765,2.206894896664882e-07,3.219287462296445e-07,0.0,0.0,0.5606601238250732,0.7640318870544434,0.06042374670505524,False,21
2,42.76715608900122,21.55600000000004,0.00013055828404660765,2.206894896664882e-07,3.219287462296445e-07,0.0,0.0,0.5606601238250732,0.7640318870544434,0.06042374670505524,False,21
2,42.88521616499929,21.624000000000024,0.00013095457231044032,2.210281988773954e-07,3.2237846229672156e-07,0.0,0.0,0.5671147704124451,0.7625218629837036,0.05994993448257446,False,20
2,42.9899865710031,21.658000000000015,0.00013115271644242345,2.2119755351750218e-07,3.226033199802903e-07,0.0,0.0,0.5671147704124451,0.7595873475074768,0.05994993448257446,False,20
2,43.13873440399766,21.726,0.00013154900470713216,2.215362630313276e-07,3.230530359309699e-07,0.0,0.0,0.5732988119125366,0.7595873475074768,0.046771690249443054,False,21
2,43.2877057470032,21.827999999999975,0.00013214343710511852,2.220443277168043e-07,3.23727608775322e-07,0.0,0.0,0.5737745761871338,0.7639564275741577,0.05885666608810425,False,19
2,43.39426057400124,21.86200000000008,0.00013234158123799763,2.2221368276196653e-07,3.2395246685089884e-07,0.0,0.0,0.5737745761871338,0.7621161937713623,0.05885666608810425,False,19
2,43.49592760299856,21.930000000000064,0.00013273786950431313,2.2255239295609454e-07,3.2440218136752547e-07,0.0,0.0,0.5665945410728455,0.7621161937713623,0.059021010994911194,False,20
2,43.60222693700052,21.964000000000055,0.00013293601363766668,2.227217481317366e-07,3.24627039330976e-07,0.0,0.0,0.5665945410728455,0.7621161937713623,0.059021010994911194,False,20
2,43.71246316900215,22.03200000000004,0.00013333230190476194,2.2306045866506458e-07,3.250767551538701e-07,0.0,0.0,0.5667696595191956,0.7621712684631348,0.05908706784248352,False,20
2,43.83135918500193,22.100000000000023,0.0001337285901724496,2.2339916937606437e-07,3.255264698680251e-07,0.0,0.0,0.5827448964118958,0.7638707756996155,0.059110552072525024,False,20
2,43.96603581999807,22.134000000000015,0.00013392673430646668,2.2356852483099163e-07,3.257513267479747e-07,0.0,0.0,0.5827448964118958,0.7638707756996155,0.059110552072525024,False,20
2,44.07327307700325,22.23599999999999,0.00013452116670936666,2.2407659147820068e-07,3.2642590014642203e-07,0.0,0.0,0.5742369294166565,0.7629897594451904,0.05872820317745209,False,20
2,44.17393303300196,22.23599999999999,0.00013452116670936666,2.2407659147820068e-07,3.2642590014642203e-07,0.0,0.0,0.5742369294166565,0.7629897594451904,0.05872820317745209,False,20
2,44.276643575998605,22.33800000000008,0.00013511559911361885,2.2458465873470394e-07,3.271004734406753e-07,0.0,0.0,0.5597632527351379,0.7614771723747253,0.05851459503173828,False,21
2,44.377162689001125,22.33800000000008,0.00013511559911361885,2.2458465873470394e-07,3.271004734406753e-07,0.0,0.0,0.5597632527351379,0.7614771723747253,0.05851459503173828,False,21
2,44.48540240500006,22.440000000000055,0.00013571003151906106,2.2509272640815193e-07,3.277750468031493e-07,0.0,0.0,0.5666633248329163,0.7602838277816772,0.05827653408050537,False,20
2,44.585938910997356,22.440000000000055,0.00013571003151906106,2.2509272640815193e-07,3.277750468031493e-07,0.0,0.0,0.5666633248329163,0.7602838277816772,0.05827653408050537,False,20
2,44.6951071020012,22.54200000000003,0.00013630446392572972,2.256007946888894e-07,3.284496197286824e-07,0.0,0.0,0.5676479935646057,0.7610602378845215,0.046865805983543396,False,20
2,44.79568570000265,22.54200000000003,0.00013630446392572972,2.256007946888894e-07,3.284496197286824e-07,0.0,0.0,0.5676479935646057,0.7610602378845215,0.046865805983543396,False,20
2,44.90251407700271,22.644000000000005,0.00013689889633360314,2.2610886331679525e-07,3.291241927030913e-07,0.0,0.0,0.5666805505752563,0.7636762261390686,0.05981244146823883,False,20
2,45.00318550600059,22.644000000000005,0.00013689889633360314,2.2610886331679525e-07,3.291241927030913e-07,0.0,0.0,0.5666805505752563,0.7636762261390686,0.05981244146823883,False,20
2,45.11067294699751,22.74599999999998,0.00013749332874267743,2.2661693252506062e-07,3.2979876539029703e-07,0.0,0.0,0.5744500756263733,0.7666239738464355,0.047017693519592285,False,21
2,45.21119166100107,22.74599999999998,0.00013749332874267743,2.2661693252506062e-07,3.2979876539029703e-07,0.0,0.0,0.5744500756263733,0.7666239738464355,0.047017693519592285,False,21
2,45.315009785001166,22.84800000000007,0.00013808776115293436,2.271250022388827e-07,3.304733364913811e-07,0.0,0.0,0.5680904984474182,0.7678203582763672,0.06273220479488373,False,20
2,45.415683881001314,22.84800000000007,0.00013808776115293436,2.271250022388827e-07,3.304733364913811e-07,0.0,0.0,0.5680904984474182,0.7678203582763672,0.06273220479488373,False,20
2,45.52365213500161,22.950000000000045,0.00013868219356444854,2.2763307247489258e-07,3.311479091406567e-07,0.0,0.0,0.5778170824050903,0.7700637578964233,0.04728430509567261,False,21
2,45.62418594599876,22.950000000000045,0.00013868219356444854,2.2763307247489258e-07,3.311479091406567e-07,0.0,0.0,0.5778170824050903,0.7700637578964233,0.04728430509567261,False,21
2,45.7740857539975,23.05200000000002,0.00013927662597713712,2.2814114310608417e-07,3.3182248051790883e-07,0.0,0.0,0.5847865343093872,0.771956205368042,0.06429041922092438,False,20
2,45.89709839400166,23.120000000000005,0.00013967291425283747,2.2847985715287362e-07,3.3227219566879256e-07,0.0,0.0,0.5615077614784241,0.7696070671081543,0.06275150179862976,False,20
2,46.03195858399704,23.153999999999996,0.0001398710583909897,2.286492142020175e-07,3.324970524540154e-07,0.0,0.0,0.5615077614784241,0.7696070671081543,0.06275150179862976,False,20
2,46.132471661003365,23.256000000000085,0.00014046549080609693,2.2915728592923196e-07,3.3317162339327255e-07,0.0,0.0,0.5755591988563538,0.7670834064483643,0.06136782467365265,False,19
2,46.23348447299941,23.256000000000085,0.00014046549080609693,2.2915728592923196e-07,3.3317162339327255e-07,0.0,0.0,0.5755591988563538,0.7670834064483643,0.06136782467365265,False,19
2,46.358110474997375,23.35800000000006,0.00014105992322227274,2.2966535808352657e-07,3.338461949433158e-07,0.0,0.0,0.5751368999481201,0.7661696672439575,0.06055957078933716,False,20
2,46.45880384300108,23.35800000000006,0.00014105992322227274,2.2966535808352657e-07,3.338461949433158e-07,0.0,0.0,0.5751368999481201,0.7661696672439575,0.06055957078933716,False,20
2,46.604415025998605,23.426000000000045,0.00014145621150047976,2.3000407314497549e-07,3.342959090677528e-07,0.0,0.0,0.5670782327651978,0.7641019225120544,0.06010375916957855,False,21
2,46.712338712997735,23.460000000000036,0.0001416543556397652,2.3017343073888757e-07,3.345207667224913e-07,0.0,0.0,0.5670782327651978,0.7641019225120544,0.06010375916957855,False,21
2,46.81768632400053,23.52800000000002,0.0001420506439188409,2.3051214608197653e-07,3.3497048071186235e-07,0.0,0.0,0.5678980946540833,0.7660555839538574,0.059959203004837036,False,21
2,46.91874321299838,23.562000000000012,0.00014224878805843989,2.306815038413267e-07,3.351953377544016e-07,0.0,0.0,0.5678980946540833,0.7634121775627136,0.06001216173171997,False,20
2,47.02089356200304,23.629999999999995,0.0001426450763382446,2.3102021956199682e-07,3.3564505225246835e-07,0.0,0.0,0.5670786499977112,0.7634121775627136,0.06001216173171997,False,20
2,47.12390189299913,23.663999999999987,0.00014284322047827293,2.3118957752197976e-07,3.358699094944145e-07,0.0,0.0,0.5670786499977112,0.7634121775627136,0.06001216173171997,False,20
2,47.23058510699775,23.732000000000085,0.00014323950875883874,2.3152829354573074e-07,3.363196232888303e-07,0.0,0.0,0.5771842002868652,0.7662122845649719,0.047002777457237244,False,21
2,47.35080356799881,23.800000000000068,0.000143635797039866,2.318670098215965e-07,3.3676933742659496e-07,0.0,0.0,0.567534863948822,0.7675424218177795,0.06274069845676422,False,20
2,47.48560405700118,23.83400000000006,0.00014383394118060557,2.3203636807861e-07,3.3699419484338723e-07,0.0,0.0,0.567534863948822,0.7675424218177795,0.06274069845676422,False,20
2,47.59622726000089,23.936000000000035,0.00014442837360359407,2.3254444294925782e-07,3.3766876512059526e-07,0.0,0.0,0.5509623885154724,0.7621596455574036,0.046914905309677124,False,21
2,47.69674204599869,23.936000000000035,0.00014442837360359407,2.3254444294925782e-07,3.3766876512059526e-07,0.0,0.0,0.5509623885154724,0.7621596455574036,0.046914905309677124,False,21
2,47.809918247003225,24.03800000000001,0.0001450228060276928,2.3305251832415336e-07,3.3834333622437636e-07,0.0,0.0,0.5749958753585815,0.7651686668395996,0.060147255659103394,False,20
2,47.91042974800075,24.03800000000001,0.0001450228060276928,2.3305251832415336e-07,3.3834333622437636e-07,0.0,0.0,0.5749958753585815,0.7651686668395996,0.060147255659103394,False,20
2,48.02096175499901,24.139999999999986,0.00014561723845295856,2.3356059430875742e-07,3.390179075921331e-07,0.0,0.0,0.5684303045272827,0.7673906683921814,0.04670847952365875,False,21
2,48.1215613960012,24.139999999999986,0.00014561723845295856,2.3356059430875742e-07,3.390179075921331e-07,0.0,0.0,0.5684303045272827,0.7673906683921814,0.04670847952365875,False,21
2,48.238305195001885,24.242000000000075,0.00014621167087932804,2.3406867070751238e-07,3.396924780546376e-07,0.0,0.0,0.5844117403030396,0.7703539729118347,0.06336531043052673,False,20
2,48.33897153400176,24.242000000000075,0.00014621167087932804,2.3406867070751238e-07,3.396924780546376e-07,0.0,0.0,0.5844117403030396,0.7703539729118347,0.06336531043052673,False,20
2,48.44895515400276,24.34400000000005,0.0001468061033068754,2.345767475767368e-07,3.403670470911012e-07,0.0,0.0,0.5691044926643372,0.77117520570755,0.04700790345668793,False,21
2,48.54971355100133,24.34400000000005,0.0001468061033068754,2.345767475767368e-07,3.403670470911012e-07,0.0,0.0,0.5691044926643372,0.77117520570755,0.04700790345668793,False,21
2,48.6669990090013,24.446000000000026,0.00014740053573554122,2.350848250219218e-07,3.410416174363499e-07,0.0,0.0,0.576653003692627,0.7735521197319031,0.06515681743621826,False,21
2,48.767576635000296,24.446000000000026,0.00014740053573554122,2.350848250219218e-07,3.410416174363499e-07,0.0,0.0,0.576653003692627,0.7735521197319031,0.06515681743621826,False,21
2,48.86959126900183,24.548000000000002,0.00014799496816537755,2.3559290295375462e-07,3.417161881932669e-07,0.0,0.0,0.5698924660682678,0.7728416919708252,0.04708179831504822,False,19
2,48.9701487170023,24.548000000000002,0.00014799496816537755,2.3559290295375462e-07,3.417161881932669e-07,0.0,0.0,0.5698924660682678,0.7728416919708252,0.04708179831504822,False,19
2,49.07513308800117,24.649999999999977,0.00014858940059628246,2.3610098129953585e-07,3.423907583225681e-07,0.0,0.0,0.5542739033699036,0.7738214135169983,0.0662214607000351,False,20
2,49.17580223499681,24.649999999999977,0.00014858940059628246,2.3610098129953585e-07,3.423907583225681e-07,0.0,0.0,0.5542739033699036,0.7738214135169983,0.0662214607000351,False,20
2,49.3233644810025,24.752000000000066,0.00014918383302834357,2.3660906018966688e-07,3.430653287816693e-07,0.0,0.0,0.5681219100952148,0.7695831060409546,0.06417149305343628,False,21
2,49.45166118299676,24.82000000000005,0.0001495801213170409,2.3694777967208658e-07,3.4351504133901795e-07,0.0,0.0,0.552338719367981,0.7671852111816406,0.06263023614883423,False,21
2,49.58675635099644,24.854000000000042,0.0001497782654614815,2.3711713952286107e-07,3.4373989811510615e-07,0.0,0.0,0.552338719367981,0.7671852111816406,0.06263023614883423,False,21
2,49.68903738100198,24.956000000000017,0.0001503726978957661,2.3762521935573646e-07,3.4441446820388047e-07,0.0,0.0,0.5690484046936035,0.7673506140708923,0.06152449548244476,False,19
2,49.78960409700085,24.956000000000017,0.0001503726978957661,2.3762521935573646e-07,3.4441446820388047e-07,0.0,0.0,0.5690484046936035,0.7673506140708923,0.06152449548244476,False,19
2,49.90735366399895,25.057999999999993,0.0001509671303311197,2.3813329973192425e-07,3.4508903768452595e-07,0.0,0.0,0.5752249956130981,0.7669796943664551,0.06125424802303314,False,20
2,50.007862047001254,25.057999999999993,0.0001509671303311197,2.3813329973192425e-07,3.4508903768452595e-07,0.0,0.0,0.5752249956130981,0.7669796943664551,0.06125424802303314,False,20
2,50.141286060999846,25.125999999999976,0.0001513634186218497,2.384720201970981e-07,3.4553875132474796e-07,0.0,0.0,0.5680525898933411,0.7666134834289551,0.06032499670982361,False,21
2,50.2519913310025,25.160000000000082,0.00015156156276757574,2.3864138046315153e-07,3.457636075855583e-07,0.0,0.0,0.5680525898933411,0.7666134834289551,0.06032499670982361,False,21
2,50.3561111529998,25.228000000000065,0.0001519578510590881,2.389801013401541e-07,3.46213320428119e-07,0.0,0.0,0.5669387578964233,0.7648754119873047,0.06028388440608978,False,20
2,50.4750915370023,25.262000000000057,0.00015215599520499454,2.391494617855324e-07,3.464381773092824e-07,0.0,0.0,0.5669387578964233,0.7648754119873047,0.06028388440608978,False,20
2,50.62394961300015,25.33000000000004,0.0001525522834974133,2.3948818292646564e-07,3.468878901992527e-07,0.0,0.0,0.5608803033828735,0.7670873999595642,0.047038644552230835,False,20
2,50.7437546680012,25.432000000000016,0.0001531467159367867,2.3999626507259325e-07,3.475624592796702e-07,0.0,0.0,0.5682393312454224,0.7686228156089783,0.06333848834037781,False,19
2,50.84434250499908,25.432000000000016,0.0001531467159367867,2.3999626507259325e-07,3.475624592796702e-07,0.0,0.0,0.5682393312454224,0.7686228156089783,0.06333848834037781,False,19
2,50.9465516900018,25.466000000000008,0.00015334486008347376,2.40165625833355e-07,3.4778731573799473e-07,0.0,0.0,0.5682393312454224,0.7686228156089783,0.06333848834037781,False,19
2,51.07403567599977,25.533999999999992,0.00015374114837714064,2.405043476160071e-07,3.482370280281629e-07,0.0,0.0,0.5599732995033264,0.7625054121017456,0.04724949598312378,False,21
2,51.174589501999435,25.533999999999992,0.00015374114837714064,2.405043476160071e-07,3.482370280281629e-07,0.0,0.0,0.5599732995033264,0.7625054121017456,0.04724949598312378,False,21
2,51.31312484200316,25.63600000000008,0.00015433558081875227,2.4101243070372735e-07,3.489115973481266e-07,0.0,0.0,0.5671199560165405,0.7666945457458496,0.06087411940097809,False,21
2,51.4167370139985,25.670000000000073,0.0001545337249662061,2.4118179180625316e-07,3.491364532534421e-07,0.0,0.0,0.5671199560165405,0.7666945457458496,0.06087411940097809,False,21
2,51.524063762997685,25.738000000000056,0.00015493001326151272,2.4152051421003486e-07,3.495861657016815e-07,0.0,0.0,0.5690029263496399,0.7680000066757202,0.04706065356731415,False,21
2,51.6254715929972,25.772000000000048,0.00015512815740924887,2.4168987552526653e-07,3.498110213026095e-07,0.0,0.0,0.5690029263496399,0.7692428827285767,0.04706065356731415,False,21
2,51.7440357710002,25.840000000000032,0.0001555244457052858,2.4202859827441236e-07,3.502607346347638e-07,0.0,0.0,0.5684178471565247,0.7692428827285767,0.06352287530899048,False,20
2,51.84459273300308,25.840000000000032,0.0001555244457052858,2.4202859827441236e-07,3.502607346347638e-07,0.0,0.0,0.5684178471565247,0.7692428827285767,0.06352287530899048,False,20
2,51.968723168,25.942000000000007,0.00015611887815007025,2.4253668282895905e-07,3.509353024794987e-07,0.0,0.0,0.5838290452957153,0.7698472142219543,0.06243211030960083,False,20
2,52.088447978996555,26.00999999999999,0.00015651516644726643,2.428754061422781e-07,3.5138501497168204e-07,0.0,0.0,0.5669203400611877,0.7660475969314575,0.06146036088466644,False,19
2,52.22236787300062,26.043999999999983,0.000156713310595961,2.430447678284469e-07,3.516098707421403e-07,0.0,0.0,0.5669203400611877,0.7660475969314575,0.06146036088466644,False,19
2,52.33414765299676,26.146000000000072,0.00015730774304305913,2.4355285333590903e-07,3.522844388812927e-07,0.0,0.0,0.5606960654258728,0.7657435536384583,0.06080465018749237,False,20
2,52.43482926500292,26.146000000000072,0.00015730774304305913,2.4355285333590903e-07,3.522844388812927e-07,0.0,0.0,0.5606960654258728,0.7657435536384583,0.06080465018749237,False,20
2,52.54785836699739,26.248000000000047,0.00015790217549126314,2.4406093926043976e-07,3.5295900751379685e-07,0.0,0.0,0.5605725049972534,0.7653751373291016,0.06066860258579254,False,21
2,52.6486078520029,26.248000000000047,0.00015790217549126314,2.4406093926043976e-07,3.5295900751379685e-07,0.0,0.0,0.5605725049972534,0.7653751373291016,0.06066860258579254,False,21
2,52.75597679900238,26.350000000000023,0.0001584966079404308,2.445690257861184e-07,3.536335757203854e-07,0.0,0.0,0.5673255324363708,0.7634961009025574,0.06029587984085083,False,21
2,52.85650692499621,26.350000000000023,0.0001584966079404308,2.445690257861184e-07,3.536335757203854e-07,0.0,0.0,0.5673255324363708,0.7634961009025574,0.06029587984085083,False,21
2,52.959719619997486,26.451999999999998,0.00015909104039060372,2.4507711266068525e-07,3.5430814332894666e-07,0.0,0.0,0.5678601861000061,0.7655020952224731,0.06006960570812225,False,20
2,53.06034554800135,26.451999999999998,0.00015909104039060372,2.4507711266068525e-07,3.5430814332894666e-07,0.0,0.0,0.5678601861000061,0.7655020952224731,0.06006960570812225,False,20
2,53.16144032000011,26.554000000000087,0.0001596854728418782,2.455852000777712e-07,3.549827116400528e-07,0.0,0.0,0.5603117942810059,0.766028642654419,0.046668991446495056,False,21
2,53.26197692199639,26.554000000000087,0.0001596854728418782,2.455852000777712e-07,3.549827116400528e-07,0.0,0.0,0.5603117942810059,0.766028642654419,0.046668991446495056,False,21
2,53.37428799200279,26.656000000000063,0.00016027990529421257,2.4609328797131726e-07,3.5565727959015324e-07,0.0,0.0,0.567986011505127,0.7670849561691284,0.06298375129699707,False,20
2,53.47501036999893,26.656000000000063,0.00016027990529421257,2.4609328797131726e-07,3.5565727959015324e-07,0.0,0.0,0.567986011505127,0.7670849561691284,0.06298375129699707,False,20
2,53.5902309469966,26.758000000000038,0.00016087433774766065,2.4660137629717893e-07,3.563318484335239e-07,0.0,0.0,0.5756316184997559,0.7690077424049377,0.0620986670255661,False,21
2,53.69087553300051,26.758000000000038,0.00016087433774766065,2.4660137629717893e-07,3.563318484335239e-07,0.0,0.0,0.5756316184997559,0.7690077424049377,0.0620986670255661,False,21
2,53.81559771599859,26.826000000000022,0.0001612706260505489,2.4694010217795237e-07,3.567815596328805e-07,0.0,0.0,0.5668676495552063,0.7661809325218201,0.061333149671554565,False,21
2,53.9178831140016,26.860000000000014,0.00016146877020208018,2.471094651728966e-07,3.5700641533232666e-07,0.0,0.0,0.5668676495552063,0.7658591270446777,0.061333149671554565,False,21
2,54.018116156999895,26.927999999999997,0.00016186505850554738,2.474481913670816e-07,3.5745612745443816e-07,0.0,0.0,0.5672756433486938,0.7658591270446777,0.06099225580692291,False,21
2,54.11861216899706,26.927999999999997,0.00016186505850554738,2.474481913670816e-07,3.5745612745443816e-07,0.0,0.0,0.5672756433486938,0.7658591270446777,0.06099225580692291,False,21
2,54.235708369997155,27.030000000000086,0.00016245949096156545,2.4795628099280627e-07,3.5813069400770045e-07,0.0,0.0,0.5668062567710876,0.7654053568840027,0.06058827042579651,False,21
2,54.34690713499731,27.064000000000078,0.00016265763511386002,2.48125644336876e-07,3.5835555076409936e-07,0.0,0.0,0.5668062567710876,0.7654053568840027,0.06058827042579651,False,21
2,54.45019824100018,27.132000000000062,0.0001630539234187432,2.4846437117215634e-07,3.5880526174593833e-07,0.0,0.0,0.5668068528175354,0.7628804445266724,0.06004694104194641,False,21
2,54.56979781099653,27.200000000000045,0.00016345021172402144,2.4880309814773474e-07,3.592549726762002e-07,0.0,0.0,0.5599180459976196,0.7630691528320312,0.05953390896320343,False,21
2,54.704262623999966,27.234000000000037,0.00016364835587691666,2.48972461767116e-07,3.5947982803245036e-07,0.0,0.0,0.5599180459976196,0.7630691528320312,0.05953390896320343,False,21
2,54.807836225001665,27.336000000000013,0.0001642427883360156,2.4948055281215925e-07,3.601543955686141e-07,0.0,0.0,0.5661829710006714,0.762756884098053,0.05886100232601166,False,21
2,54.90839394000068,27.336000000000013,0.0001642427883360156,2.4948055281215925e-07,3.601543955686141e-07,0.0,0.0,0.5661829710006714,0.762756884098053,0.05886100232601166,False,21
2,55.011384621000616,27.437999999999988,0.0001648372207962265,2.499886443637419e-07,3.6082896195167754e-07,0.0,0.0,0.5664494037628174,0.7605769038200378,0.05901297926902771,False,20
2,55.11194575900299,27.437999999999988,0.0001648372207962265,2.499886443637419e-07,3.6082896195167754e-07,0.0,0.0,0.5664494037628174,0.7605769038200378,0.05901297926902771,False,20
2,55.2176781570015,27.540000000000077,0.00016543165325762351,2.504967363967514e-07,3.6150352941161867e-07,0.0,0.0,0.566707968711853,0.7616860866546631,0.059045255184173584,False,20
2,55.31827136799984,27.540000000000077,0.00016543165325762351,2.504967363967514e-07,3.6150352941161867e-07,0.0,0.0,0.566707968711853,0.7616860866546631,0.059045255184173584,False,20
2,55.42659333800111,27.642000000000053,0.00016602608571986968,2.51004828866758e-07,3.621780958691134e-07,0.0,0.0,0.5824586749076843,0.7645236253738403,0.059061720967292786,False,19
2,55.527441354002804,27.642000000000053,0.00016602608571986968,2.51004828866758e-07,3.621780958691134e-07,0.0,0.0,0.5824586749076843,0.7645236253738403,0.059061720967292786,False,19
2,55.6438124999986,27.744000000000028,0.00016662051818302484,2.5151292187198015e-07,3.6285266171526095e-07,0.0,0.0,0.5824216604232788,0.7635807991027832,0.058604732155799866,False,21
2,55.74429636399873,27.744000000000028,0.00016662051818302484,2.5151292187198015e-07,3.6285266171526095e-07,0.0,0.0,0.5824216604232788,0.7635807991027832,0.058604732155799866,False,21
2,55.84953327399853,27.846000000000004,0.00016721495064730366,2.520210153305588e-07,3.6352722913506653e-07,0.0,0.0,0.5662642121315002,0.7609899640083313,0.058737680315971375,False,21
2,55.95006137999735,27.846000000000004,0.00016721495064730366,2.520210153305588e-07,3.6352722913506653e-07,0.0,0.0,0.5662642121315002,0.7609899640083313,0.058737680315971375,False,21
2,56.05975115399633,27.94799999999998,0.0001678093831126502,2.525291093707965e-07,3.642017962293257e-07,0.0,0.0,0.5589529275894165,0.7563683390617371,0.04679298400878906,False,20
2,56.16027503799705,27.94799999999998,0.0001678093831126502,2.525291093707965e-07,3.642017962293257e-07,0.0,0.0,0.5589529275894165,0.7563683390617371,0.04679298400878906,False,20
2,56.268338788999245,28.050000000000068,0.00016840381557887973,2.530372037278368e-07,3.6487636332943664e-07,0.0,0.0,0.5817086100578308,0.7611430287361145,0.05770517885684967,False,20
2,56.36893201099883,28.050000000000068,0.00016840381557887973,2.530372037278368e-07,3.6487636332943664e-07,0.0,0.0,0.5817086100578308,0.7611430287361145,0.05770517885684967,False,20
2,56.47992090899788,28.152000000000044,0.00016899824804619823,2.5354529857984337e-07,3.655509288288759e-07,0.0,0.0,0.566696286201477,0.7611165046691895,0.04668456315994263,False,21
2,56.580532161999145,28.152000000000044,0.00016899824804619823,2.5354529857984337e-07,3.655509288288759e-07,0.0,0.0,0.566696286201477,0.7611165046691895,0.04668456315994263,False,21
2,56.70481247799762,28.25400000000002,0.00016959268051452807,2.540533938724765e-07,3.6622549582234996e-07,0.0,0.0,0.5670437812805176,0.7631350755691528,0.06000132858753204,False,20
2,56.80550990800111,28.25400000000002,0.00016959268051452807,2.540533938724765e-07,3.6622549582234996e-07,0.0,0.0,0.5670437812805176,0.7631350755691528,0.06000132858753204,False,20
2,56.91102733199659,28.355999999999995,0.00017018711298380463,2.5456148972381917e-07,3.669000613417982e-07,0.0,0.0,0.5686919093132019,0.7669396996498108,0.04681508243083954,False,21
2,57.01159745699988,28.355999999999995,0.00017018711298380463,2.5456148972381917e-07,3.669000613417982e-07,0.0,0.0,0.5686919093132019,0.7669396996498108,0.04681508243083954,False,21
2,57.135876619002374,28.423999999999978,0.00017058340129716756,2.549002204652717e-07,3.6734977229812774e-07,0.0,0.0,0.5681281685829163,0.767504096031189,0.06291757524013519,False,20
2,57.23678848399868,28.458000000000084,0.00017078154545396938,2.5506958602301246e-07,3.675746270075687e-07,0.0,0.0,0.5681281685829163,0.767504096031189,0.06291757524013519,False,20
2,57.34019303700188,28.526000000000067,0.000171177833768034,2.5540831714192044e-07,3.680243377908843e-07,0.0,0.0,0.5693851709365845,0.7705230712890625,0.04703010618686676,False,21
2,57.44493804800004,28.56000000000006,0.00017137597792524347,2.5557768281628986e-07,3.6824919268660836e-07,0.0,0.0,0.5693851709365845,0.7705230712890625,0.04703010618686676,False,21
2,57.55085279099876,28.628000000000043,0.00017177226623976,2.559164142118752e-07,3.686989031674921e-07,0.0,0.0,0.5679451823234558,0.7697572112083435,0.0645117461681366,False,21
2,57.65450776599755,28.662000000000035,0.00017197041039729603,2.560857800544566e-07,3.689237582454644e-07,0.0,0.0,0.5679451823234558,0.7704607844352722,0.0645117461681366,False,21
2,57.75500410699897,28.730000000000018,0.00017236669871258754,2.5642451182638204e-07,3.693734690868979e-07,0.0,0.0,0.5699411034584045,0.7704607844352722,0.04679800570011139,False,21
2,57.85766518500168,28.76400000000001,0.00017256484287035473,2.5659387775947264e-07,3.6959832369376263e-07,0.0,0.0,0.545737624168396,0.7704607844352722,0.04679800570011139,False,21
2,57.96216297100182,28.831999999999994,0.00017296113118644377,2.569326097726514e-07,3.700480351157492e-07,0.0,0.0,0.545737624168396,0.7712879180908203,0.06514765322208405,False,20
2,58.079455184000835,28.899999999999977,0.00017335741950281298,2.572713420750495e-07,3.7049774462212665e-07,0.0,0.0,0.5618321299552917,0.7705594301223755,0.04633045196533203,False,21
2,58.21393301399803,28.934000000000083,0.0001735555636611921,2.574407082986435e-07,3.707226008192094e-07,0.0,0.0,0.5618321299552917,0.7705594301223755,0.04633045196533203,False,21
2,58.32533023600263,29.036000000000058,0.0001741499961369873,2.579488072203126e-07,3.713971651460047e-07,0.0,0.0,0.5688546299934387,0.7732874751091003,0.06622816622257233,False,20
2,58.42584296200221,29.036000000000058,0.0001741499961369873,2.579488072203126e-07,3.713971651460047e-07,0.0,0.0,0.5688546299934387,0.7732874751091003,0.06622816622257233,False,20
2,58.53154999000253,29.138000000000034,0.00017474442861361694,2.584569066717601e-07,3.7207173027836467e-07,0.0,0.0,0.5762234330177307,0.7722607851028442,0.06456463038921356,False,21
2,58.632061876996886,29.138000000000034,0.00017474442861361694,2.584569066717601e-07,3.7207173027836467e-07,0.0,0.0,0.5762234330177307,0.7722607851028442,0.06456463038921356,False,21
2,58.746354374001385,29.24000000000001,0.00017533886109101114,2.5896500658506115e-07,3.727462948451628e-07,0.0,0.0,0.5678168535232544,0.7668680548667908,0.06303989887237549,False,21
2,58.84696976900159,29.24000000000001,0.00017533886109101114,2.5896500658506115e-07,3.727462948451628e-07,0.0,0.0,0.5678168535232544,0.7668680548667908,0.06303989887237549,False,21
2,58.94975967500068,29.341999999999985,0.00017593329356965564,2.594731069468339e-07,3.7342086047779325e-07,0.0,0.0,0.575221061706543,0.7686229944229126,0.06188414990901947,False,19
2,59.05042276000313,29.341999999999985,0.00017593329356965564,2.594731069468339e-07,3.7342086047779325e-07,0.0,0.0,0.575221061706543,0.7686229944229126,0.06188414990901947,False,19
2,59.1534389169974,29.444000000000074,0.0001765277260491493,2.599812078868194e-07,3.7409542581243877e-07,0.0,0.0,0.5672711133956909,0.7654638886451721,0.06116624176502228,False,20
2,59.25406496300275,29.444000000000074,0.0001765277260491493,2.599812078868194e-07,3.7409542581243877e-07,0.0,0.0,0.5672711133956909,0.7654638886451721,0.06116624176502228,False,20
2,59.35794771400106,29.54600000000005,0.00017712215852949773,2.604893091472339e-07,3.7476999148976677e-07,0.0,0.0,0.5606551766395569,0.7639822959899902,0.060383379459381104,False,21
2,59.45864827100013,29.54600000000005,0.00017712215852949773,2.604893091472339e-07,3.7476999148976677e-07,0.0,0.0,0.5606551766395569,0.7639822959899902,0.060383379459381104,False,21
2,59.565146856002684,29.648000000000025,0.00017771659101095206,2.6099741099948304e-07,3.754445562380121e-07,0.0,0.0,0.5671547055244446,0.762237548828125,0.05980426073074341,False,20
2,59.665839968998625,29.648000000000025,0.00017771659101095206,2.6099741099948304e-07,3.754445562380121e-07,0.0,0.0,0.5671547055244446,0.762237548828125,0.05980426073074341,False,20
2,59.78423994000332,29.75,0.00017831102349332578,2.615055131634909e-07,3.7611912181872807e-07,0.0,0.0,0.5732436180114746,0.7593705058097839,0.046696171164512634,False,20
2,59.88476847599668,29.75,0.00017831102349332578,2.615055131634909e-07,3.7611912181872807e-07,0.0,0.0,0.5732436180114746,0.7593705058097839,0.046696171164512634,False,20
2,60.00600678999763,29.851999999999975,0.00017890545597650095,2.620136158998883e-07,3.7679368637538203e-07,0.0,0.0,0.5660132169723511,0.7622460722923279,0.058786541223526,False,19
2,60.10680286600109,29.851999999999975,0.00017890545597650095,2.620136158998883e-07,3.7679368637538203e-07,0.0,0.0,0.5660132169723511,0.7622460722923279,0.058786541223526,False,19
2,60.22091838600318,29.954000000000065,0.0001794998884608141,2.625217190161553e-07,3.774682509335053e-07,0.0,0.0,0.5665109753608704,0.7619244456291199,0.05891576409339905,False,20
2,60.32161960600206,29.954000000000065,0.0001794998884608141,2.625217190161553e-07,3.774682509335053e-07,0.0,0.0,0.5665109753608704,0.7619244456291199,0.05891576409339905,False,20
2,60.433648981997976,30.05600000000004,0.0001800943209459829,2.630298226774912e-07,3.7814281603509355e-07,0.0,0.0,0.566696047782898,0.7619341611862183,0.05896244943141937,False,20
2,60.53419544100325,30.05600000000004,0.0001800943209459829,2.630298226774912e-07,3.7814281603509355e-07,0.0,0.0,0.566696047782898,0.7619341611862183,0.05896244943141937,False,20
2,60.6606658219971,30.124000000000024,0.00018049060926997014,2.633685587721902e-07,3.785925244844368e-07,0.0,0.0,0.5826855897903442,0.7636855840682983,0.05901232361793518,False,20
2,60.76546473799681,30.158000000000015,0.00018068875343200995,2.6353792680960625e-07,3.7881737898028755e-07,0.0,0.0,0.5826855897903442,0.7636855840682983,0.05901232361793518,False,20
2,60.870243402001506,30.226,0.00018108504175656315,2.6387666315653023e-07,3.7926708852997396e-07,0.0,0.0,0.5741967558860779,0.7628352046012878,0.058651119470596313,False,20
2,60.97090756199759,30.25999999999999,0.00018128318591895988,2.640460314102946e-07,3.794919436247618e-07,0.0,0.0,0.5741967558860779,0.7628352046012878,0.058651119470596313,False,20
2,61.07728658900305,30.327999999999975,0.00018167947424405908,2.64384768006648e-07,3.7994165198282753e-07,0.0,0.0,0.559723436832428,0.7613277435302734,0.05844473838806152,False,21
2,61.17745193999872,30.36200000000008,0.0001818776184068188,2.6455413644065374e-07,3.8016650663751435e-07,0.0,0.0,0.559723436832428,0.7613277435302734,0.05844473838806152,False,21
2,61.28505653599859,30.430000000000064,0.00018227390673254858,2.64892873377897e-07,3.8061621647811496e-07,0.0,0.0,0.5666263103485107,0.7601732611656189,0.058221712708473206,False,20
2,61.389327482000226,30.464000000000055,0.00018247205089554118,2.650622419818364e-07,3.8084107047582015e-07,0.0,0.0,0.5666263103485107,0.7601732611656189,0.058221712708473206,False,20
2,61.49912996600324,30.53200000000004,0.00018286833922194316,2.65400979305565e-07,3.812907805782666e-07,0.0,0.0,0.5676283836364746,0.7609832286834717,0.04685118794441223,False,20
2,61.60503117900225,30.56600000000003,0.00018306648338536078,2.65570348039748e-07,3.815156345946505e-07,0.0,0.0,0.5676283836364746,0.7635396122932434,0.04685118794441223,False,20
2,61.70844660500006,30.634000000000015,0.00018346277171237078,2.659090856643217e-07,3.819653440102033e-07,0.0,0.0,0.5666102766990662,0.7635396122932434,0.059778034687042236,False,20
2,61.80918673999986,30.668000000000006,0.00018366091587597184,2.660784544741873e-07,3.8219019828515876e-07,0.0,0.0,0.5666102766990662,0.7665694355964661,0.059778034687042236,False,20
2,61.91767021000123,30.73599999999999,0.00018405720420353,2.664171923675378e-07,3.826399070198057e-07,0.0,0.0,0.5744398236274719,0.7665694355964661,0.04700207710266113,False,21
2,62.038374670999474,30.804000000000087,0.0001844534925313909,2.667559304582929e-07,3.8308961643473316e-07,0.0,0.0,0.5680678486824036,0.7677189707756042,0.06270892918109894,False,21
2,62.17296979299863,30.83800000000008,0.00018465163669548808,2.6692529955240494e-07,3.833144711977512e-07,0.0,0.0,0.5680678486824036,0.7677189707756042,0.06270892918109894,False,21
2,62.27665763100231,30.940000000000055,0.00018524606918853643,2.6743340722630203e-07,3.8398903399195713e-07,0.0,0.0,0.5778771638870239,0.770280122756958,0.04731173813343048,False,21
2,62.377320954001334,30.940000000000055,0.00018524606918853643,2.6743340722630203e-07,3.8398903399195713e-07,0.0,0.0,0.5778771638870239,0.770280122756958,0.04731173813343048,False,21
2,62.486429324999335,31.04200000000003,0.00018584050168260003,2.679415152856166e-07,3.846635980085319e-07,0.0,0.0,0.5685192346572876,0.770659863948822,0.064273402094841,False,20
2,62.58699466600228,31.04200000000003,0.00018584050168260003,2.679415152856166e-07,3.846635980085319e-07,0.0,0.0,0.5685192346572876,0.770659863948822,0.064273402094841,False,20
2,62.69538329700299,31.144000000000005,0.00018643493417749846,2.6844962392049607e-07,3.8533816141658026e-07,0.0,0.0,0.5614758729934692,0.769499659538269,0.06273810565471649,False,20
2,62.79590328800259,31.144000000000005,0.00018643493417749846,2.6844962392049607e-07,3.8533816141658026e-07,0.0,0.0,0.5614758729934692,0.769499659538269,0.06273810565471649,False,20
2,62.89885960399988,31.24599999999998,0.00018702936667326772,2.689577328924764e-07,3.8601272438558087e-07,0.0,0.0,0.5676760673522949,0.7650026679039001,0.06135465204715729,False,19
2,62.99957444699976,31.24599999999998,0.00018702936667326772,2.689577328924764e-07,3.8601272438558087e-07,0.0,0.0,0.5676760673522949,0.7650026679039001,0.06135465204715729,False,19
2,63.10015520900197,31.34800000000007,0.00018762379916989393,2.694658424266679e-07,3.8668728857878517e-07,0.0,0.0,0.5750938057899475,0.7660542726516724,0.060548752546310425,False,20
2,63.20066877199861,31.34800000000007,0.00018762379916989393,2.694658424266679e-07,3.8668728857878517e-07,0.0,0.0,0.5750938057899475,0.7660542726516724,0.060548752546310425,False,20
2,63.3503106040007,31.450000000000045,0.00018821823166727258,2.699739524598396e-07,3.873618507260461e-07,0.0,0.0,0.5670534372329712,0.763993501663208,0.060094043612480164,False,21
2,63.4725508440024,31.51800000000003,0.00018861451999942474,2.703126926980862e-07,3.878115598213157e-07,0.0,0.0,0.5678658485412598,0.7659684419631958,0.059949398040771484,False,20
2,63.607196010001644,31.55200000000002,0.00018881266416566258,2.7048206295510004e-07,3.880364141475376e-07,0.0,0.0,0.5678658485412598,0.7659684419631958,0.059949398040771484,False,20
2,63.72154547300306,31.653999999999996,0.0001894070966647187,2.709901738128033e-07,3.887109762237631e-07,0.0,0.0,0.5670546293258667,0.7633296251296997,0.05999843776226044,False,20
2,63.82224812899949,31.653999999999996,0.0001894070966647187,2.709901738128033e-07,3.887109762237631e-07,0.0,0.0,0.5670546293258667,0.7633296251296997,0.05999843776226044,False,20
2,63.92612912099867,31.756000000000085,0.00019000152916473544,2.71498285104304e-07,3.893855400373663e-07,0.0,0.0,0.5771609544754028,0.766137421131134,0.0469638854265213,False,21
2,64.02687770299963,31.756000000000085,0.00019000152916473544,2.71498285104304e-07,3.893855400373663e-07,0.0,0.0,0.5771609544754028,0.766137421131134,0.0469638854265213,False,21
2,64.14950839799712,31.82400000000007,0.00019039781749850956,2.7183702638203445e-07,3.8983524818831376e-07,0.0,0.0,0.5675643682479858,0.7675976753234863,0.06273111701011658,False,20
2,64.25669509200088,31.85800000000006,0.00019059596166562474,2.72006397002149e-07,3.9006010321488563e-07,0.0,0.0,0.5675643682479858,0.7675976753234863,0.06273111701011658,False,20
2,64.36137572000007,31.926000000000045,0.00019099225000000428,2.7234513850983084e-07,3.905098111824173e-07,0.0,0.0,0.5509682297706604,0.7621938586235046,0.04694138467311859,False,21
2,64.47027107600297,31.960000000000036,0.00019119039416729336,2.7251450933205835e-07,3.9073466459541364e-07,0.0,0.0,0.5509682297706604,0.7621938586235046,0.04694138467311859,False,21
2,64.57527555999695,32.02800000000002,0.00019158668250242317,2.728532510726452e-07,3.9118437274474823e-07,0.0,0.0,0.5672192573547363,0.7636110186576843,0.06014731526374817,False,21
2,64.67824347400165,32.06200000000001,0.00019178482667008608,2.730226220497069e-07,3.9140922691918844e-07,0.0,0.0,0.5672192573547363,0.7636110186576843,0.06014731526374817,False,21
2,64.78538395399664,32.129999999999995,0.00019218111500548607,2.733613641095932e-07,3.9185893475956765e-07,0.0,0.0,0.5684391260147095,0.7671881318092346,0.046652406454086304,False,21
2,64.88611175800179,32.16399999999999,0.0001923792591734491,2.735307352574482e-07,3.920837885352379e-07,0.0,0.0,0.5760371088981628,0.770351767539978,0.06335994601249695,False,19
2,64.987455399998,32.232000000000085,0.00019277554750960976,2.738694776689544e-07,3.9253349713866905e-07,0.0,0.0,0.5760371088981628,0.770351767539978,0.06335994601249695,False,19
2,65.08755988399935,32.266000000000076,0.00019297369167773845,2.7403884894246586e-07,3.9275835125713065e-07,0.0,0.0,0.5690783262252808,0.7710978984832764,0.046960070729255676,False,21
2,65.19257286300126,32.33400000000006,0.00019336998001443428,2.743775916952308e-07,3.9320805816649566e-07,0.0,0.0,0.5690783262252808,0.7710978984832764,0.046960070729255676,False,21
2,65.29359280600329,32.36800000000005,0.00019356812418298754,2.745469631041751e-07,3.934329125888009e-07,0.0,0.0,0.5766350626945496,0.7734866142272949,0.06514246761798859,False,21
2,65.39989763800259,32.436000000000035,0.0001939644125202142,2.7488570613328125e-07,3.938826205133482e-07,0.0,0.0,0.5766350626945496,0.7734866142272949,0.06514246761798859,False,21
2,65.52112783600023,32.50400000000002,0.0001943607008578741,2.75224449413149e-07,3.94332328625255e-07,0.0,0.0,0.5698733329772949,0.7727766633033752,0.047048985958099365,False,21
2,65.6559034890015,32.53800000000001,0.00019455884502690354,2.753938210917717e-07,3.9455718281381623e-07,0.0,0.0,0.5698733329772949,0.7727766633033752,0.047048985958099365,False,21
2,65.76001577299758,32.639999999999986,0.00019515327753413586,2.7590193650281666e-07,3.952317453546605e-07,0.0,0.0,0.5544165372848511,0.7733709216117859,0.06620705127716064,False,20
2,65.8605260780023,32.639999999999986,0.00019515327753413586,2.7590193650281666e-07,3.952317453546605e-07,0.0,0.0,0.5544165372848511,0.7733709216117859,0.06620705127716064,False,20
2,65.96330126000248,32.742000000000075,0.00019574771004245844,2.764100522636042e-07,3.959063062092053e-07,0.0,0.0,0.5681095123291016,0.7695352435112,0.06416209042072296,False,21
2,66.06395055400208,32.742000000000075,0.00019574771004245844,2.764100522636042e-07,3.959063062092053e-07,0.0,0.0,0.5681095123291016,0.7695352435112,0.06416209042072296,False,21
2,66.21343820900074,32.84400000000005,0.00019634214255143025,2.769181684910457e-07,3.96580868531478e-07,0.0,0.0,0.5523333549499512,0.7671458721160889,0.06262308359146118,False,21
2,66.3375932630006,32.912000000000035,0.00019673843089139604,2.77256912882547e-07,3.9703057667339006e-07,0.0,0.0,0.5690484046936035,0.7672337293624878,0.061516255140304565,False,20
2,66.47218149100081,32.946000000000026,0.0001969365750614186,2.7742628525799024e-07,3.972554307302472e-07,0.0,0.0,0.5690484046936035,0.7672337293624878,0.061516255140304565,False,20
2,66.58329058600066,33.048,0.00019753100757220754,2.779344023663744e-07,3.979299931058042e-07,0.0,0.0,0.5752707719802856,0.7669989466667175,0.061241358518600464,False,21
2,66.68394275399623,33.048,0.00019753100757220754,2.779344023663744e-07,3.979299931058042e-07,0.0,0.0,0.5752707719802856,0.7669989466667175,0.061241358518600464,False,21
2,66.79470997500175,33.14999999999998,0.00019812544008380615,2.7844251999945613e-07,3.986045543277113e-07,0.0,0.0,0.5680385828018188,0.7665677070617676,0.06031198799610138,False,21
2,66.89526118699723,33.14999999999998,0.00019812544008380615,2.7844251999945613e-07,3.986045543277113e-07,0.0,0.0,0.5680385828018188,0.7665677070617676,0.06031198799610138,False,21
2,66.99554442200315,33.252000000000066,0.00019871987259635756,2.7895063809777807e-07,3.9927911609922185e-07,0.0,0.0,0.566926121711731,0.7648218870162964,0.06026323139667511,False,20
2,67.09605715700309,33.252000000000066,0.00019871987259635756,2.7895063809777807e-07,3.9927911609922185e-07,0.0,0.0,0.566926121711731,0.7648218870162964,0.06026323139667511,False,20
2,67.19909959399956,33.35400000000004,0.00019931430510953,2.7945875661728e-07,3.9995367715191454e-07,0.0,0.0,0.5608654022216797,0.7670438885688782,0.04702943563461304,False,20
2,67.2998047229994,33.35400000000004,0.00019931430510953,2.7945875661728e-07,3.9995367715191454e-07,0.0,0.0,0.5608654022216797,0.7670438885688782,0.04702943563461304,False,20
2,67.41009631499765,33.45600000000002,0.00019990873762379836,2.7996687544995664e-07,4.006282392530646e-07,0.0,0.0,0.568160891532898,0.76863032579422,0.06332200765609741,False,20
2,67.51061743900209,33.45600000000002,0.00019990873762379836,2.7996687544995664e-07,4.006282392530646e-07,0.0,0.0,0.568160891532898,0.76863032579422,0.06332200765609741,False,20
2,67.64080581100279,33.524,0.00020030502596686496,2.8030562176432986e-07,4.0107794644008407e-07,0.0,0.0,0.5599690675735474,0.7623946070671082,0.04721894860267639,False,21
2,67.74498232699989,33.55799999999999,0.00020050317013866042,2.8047499489732196e-07,4.013028011311125e-07,0.0,0.0,0.5599690675735474,0.7623946070671082,0.04721894860267639,False,21
2,67.84949006100214,33.625999999999976,0.0002008994584824825,2.808137414060363e-07,4.0175250801594397e-07,0.0,0.0,0.5670914649963379,0.7666612267494202,0.06086528301239014,False,21
2,67.94969563100312,33.66000000000008,0.0002010976026544692,2.809831148240169e-07,4.019773611917946e-07,0.0,0.0,0.5670914649963379,0.7666612267494202,0.06086528301239014,False,21
2,68.05593396900076,33.728000000000065,0.00020149389099861784,2.8132186159250167e-07,4.0242706912078615e-07,0.0,0.0,0.5689929127693176,0.7679694294929504,0.04704903066158295,False,21
2,68.16802875299618,33.76200000000006,0.000201692035170896,2.8149123507976413e-07,4.026519223553317e-07,0.0,0.0,0.5689929127693176,0.7679694294929504,0.04704903066158295,False,21
2,68.27234672800114,33.83000000000004,0.00020208832351580183,2.8182998230916477e-07,4.031016287959896e-07,0.0,0.0,0.5684127807617188,0.7691724896430969,0.06351763010025024,False,19
2,68.37738928900217,33.86400000000003,0.0002022864676882708,2.819993558693998e-07,4.0332648218125864e-07,0.0,0.0,0.5684127807617188,0.7691724896430969,0.06351763010025024,False,19
2,68.48717802500323,33.932000000000016,0.00020268275603339218,2.8233810331823496e-07,4.0377618929312324e-07,0.0,0.0,0.5754101872444153,0.7698067426681519,0.06242351233959198,False,20
2,68.59199311400153,33.96600000000001,0.00020288090020627704,2.8250747718584195e-07,4.040010430226743e-07,0.0,0.0,0.5754101872444153,0.7698067426681519,0.06242351233959198,False,20
2,68.70280241600267,34.03399999999999,0.00020327718855214262,2.828462248268585e-07,4.044507493518849e-07,0.0,0.0,0.5669021606445312,0.7659280896186829,0.06145097315311432,False,21
2,68.80699243600247,34.067999999999984,0.0002034753327250999,2.8301559879513865e-07,4.046756023210343e-07,0.0,0.0,0.5669021606445312,0.7659280896186829,0.06145097315311432,False,21
2,68.92028846399626,34.13600000000008,0.0002038716210715037,2.8335434686301614e-07,4.051253110675762e-07,0.0,0.0,0.5606606006622314,0.7656323313713074,0.06079791486263275,False,20
2,69.0437411180028,34.204000000000065,0.00020426790941831903,2.836930950787088e-07,4.0557501709513184e-07,0.0,0.0,0.5606023073196411,0.7650905847549438,0.06065542995929718,False,21
2,69.17829078299837,34.238000000000056,0.00020446605359172951,2.838624692844331e-07,4.057998702369809e-07,0.0,0.0,0.5606023073196411,0.7650905847549438,0.06065542995929718,False,21
2,69.28570333799871,34.34000000000003,0.00020506048611281143,2.843705921254193e-07,4.064744311485834e-07,0.0,0.0,0.5673638582229614,0.7634863257408142,0.06028370559215546,False,21
2,69.38623310600087,34.34000000000003,0.00020506048611281143,2.843705921254193e-07,4.064744311485834e-07,0.0,0.0,0.5673638582229614,0.7634863257408142,0.06028370559215546,False,21
2,69.4938469560002,34.44200000000001,0.00020565491863452868,2.8487871551624656e-07,4.071489911004854e-07,0.0,0.0,0.5678054690361023,0.7654008269309998,0.06005670130252838,False,21
2,69.59441557600076,34.44200000000001,0.00020565491863452868,2.8487871551624656e-07,4.071489911004854e-07,0.0,0.0,0.5678054690361023,0.7654008269309998,0.06005670130252838,False,21
2,69.7044318699991,34.54399999999998,0.00020624935115726032,2.853868393433481e-07,4.0782355072849203e-07,0.0,0.0,0.5602778196334839,0.7659077644348145,0.046594634652137756,False,20
2,69.80505315499613,34.54399999999998,0.00020624935115726032,2.853868393433481e-07,4.0782355072849203e-07,0.0,0.0,0.5602778196334839,0.7659077644348145,0.046594634652137756,False,20
2,69.95479182699637,34.64600000000007,0.00020684378368045295,2.858949636257317e-07,4.084981110597652e-07,0.0,0.0,0.5679658055305481,0.7670095562934875,0.06297504901885986,False,20
2,70.07015112999943,34.714000000000055,0.00020724007202992546,2.862337133472447e-07,4.089478179915633e-07,0.0,0.0,0.5755016207695007,0.7688673138618469,0.06209106743335724,False,20
2,70.20522732700192,34.74800000000005,0.00020743821620472502,2.864030882742871e-07,4.091726715222972e-07,0.0,0.0,0.5755016207695007,0.7688673138618469,0.06209106743335724,False,20
2,70.30840522800281,34.85000000000002,0.00020803264872956305,2.869112134224827e-07,4.0984723199203524e-07,0.0,0.0,0.5668283700942993,0.7660380601882935,0.061324477195739746,False,21
2,70.40893767299713,34.85000000000002,0.00020803264872956305,2.869112134224827e-07,4.0984723199203524e-07,0.0,0.0,0.5668283700942993,0.7660380601882935,0.061324477195739746,False,21
2,70.50954654999805,34.952,0.00020862708125538205,2.8741933915301634e-07,4.1052179182333994e-07,0.0,0.0,0.5672377347946167,0.7657330632209778,0.060977235436439514,False,21
2,70.61011552799755,34.952,0.00020862708125538205,2.8741933915301634e-07,4.1052179182333994e-07,0.0,0.0,0.5672377347946167,0.7657330632209778,0.060977235436439514,False,21
2,70.71918197799823,35.05400000000009,0.00020922151378191924,2.879274651874144e-07,4.1119635235226584e-07,0.0,0.0,0.5667850375175476,0.7653632164001465,0.060605138540267944,False,21
2,70.81971253600204,35.05400000000009,0.00020922151378191924,2.879274651874144e-07,4.1119635235226584e-07,0.0,0.0,0.5667850375175476,0.7653632164001465,0.060605138540267944,False,21
2,70.92981649099966,35.15600000000006,0.00020981594630928172,2.884355916349763e-07,4.118709110350152e-07,0.0,0.0,0.5667599439620972,0.7628219127655029,0.06006476283073425,False,21
2,71.0305311389966,35.15600000000006,0.00020981594630928172,2.884355916349763e-07,4.118709110350152e-07,0.0,0.0,0.5667599439620972,0.7628219127655029,0.06006476283073425,False,21
2,71.1797072240006,35.25800000000004,0.00021041037883741485,2.889437186571749e-07,4.125454717625835e-07,0.0,0.0,0.5599276423454285,0.7631144523620605,0.059591144323349,False,21
2,71.28022202399734,35.29200000000003,0.00021060852301368243,2.891130943630683e-07,4.127703242633466e-07,0.0,0.0,0.5661839246749878,0.7627866864204407,0.05890275537967682,False,21
2,71.41492661099619,35.32600000000002,0.00021080666718994263,2.8928247012372157e-07,4.1299517748275894e-07,0.0,0.0,0.5661839246749878,0.7627866864204407,0.05890275537967682,False,21
2,71.53207722299703,35.428,0.00021140109971934124,2.8979059787859027e-07,4.136697383987103e-07,0.0,0.0,0.5664600133895874,0.7605959177017212,0.05903969705104828,False,20
2,71.6327391129962,35.428,0.00021140109971934124,2.8979059787859027e-07,4.136697383987103e-07,0.0,0.0,0.5664600133895874,0.7605959177017212,0.05903969705104828,False,20
2,71.74181862200203,35.530000000000086,0.00021199553224944675,2.902987259543667e-07,4.143442971734911e-07,0.0,0.0,0.5667582750320435,0.7618508338928223,0.05915938317775726,False,21
2,71.8423356600033,35.530000000000086,0.00021199553224944675,2.902987259543667e-07,4.143442971734911e-07,0.0,0.0,0.5667582750320435,0.7618508338928223,0.05915938317775726,False,21
2,71.94635932100209,35.63200000000006,0.00021258996478037842,2.9080685449354785e-07,4.1501885775675554e-07,0.0,0.0,0.582486629486084,0.7646482586860657,0.05914357304573059,False,19
2,72.0468818570007,35.63200000000006,0.00021258996478037842,2.9080685449354785e-07,4.1501885775675554e-07,0.0,0.0,0.582486629486084,0.7646482586860657,0.05914357304573059,False,19
2,72.1523675799981,35.73400000000004,0.0002131843973120105,2.9131498358114804e-07,4.156934161186e-07,0.0,0.0,0.5823894143104553,0.7637242674827576,0.05866613984107971,False,21
2,72.25302506700245,35.73400000000004,0.0002131843973120105,2.9131498358114804e-07,4.156934161186e-07,0.0,0.0,0.5823894143104553,0.7637242674827576,0.05866613984107971,False,21
2,72.3654248160019,35.83600000000001,0.00021377882984434642,2.918231129804195e-07,4.163679762551812e-07,0.0,0.0,0.5662758946418762,0.7610524296760559,0.05877961218357086,False,21
2,72.46598701999756,35.83600000000001,0.00021377882984434642,2.918231129804195e-07,4.163679762551812e-07,0.0,0.0,0.5662758946418762,0.7610524296760559,0.05877961218357086,False,21
2,72.57938375099911,35.93799999999999,0.00021437326237741614,2.9233124294487825e-07,4.170425347480017e-07,0.0,0.0,0.5652782917022705,0.7560797929763794,0.04670938849449158,False,20
2,72.67991893400176,35.93799999999999,0.00021437326237741614,2.9233124294487825e-07,4.170425347480017e-07,0.0,0.0,0.5652782917022705,0.7560797929763794,0.04670938849449158,False,20
2,72.78215599699615,36.04000000000008,0.0002149676949111303,2.9283937336884915e-07,4.1771709319075076e-07,0.0,0.0,0.5817068815231323,0.761130154132843,0.05774350464344025,False,21
2,72.8827823879983,36.04000000000008,0.0002149676949111303,2.9283937336884915e-07,4.1771709319075076e-07,0.0,0.0,0.5817068815231323,0.761130154132843,0.05774350464344025,False,21
2,72.98719257899938,36.14200000000005,0.00021556212744566457,2.9334750409783444e-07,4.183916516560287e-07,0.0,0.0,0.5590083003044128,0.7598138451576233,0.046636536717414856,False,21
2,73.08783315600158,36.14200000000005,0.00021556212744566457,2.9334750409783444e-07,4.183916516560287e-07,0.0,0.0,0.5590083003044128,0.7598138451576233,0.046636536717414856,False,21
2,73.19314915999712,36.24400000000003,0.00021615655998092698,2.938556354167178e-07,4.190662103036653e-07,0.0,0.0,0.5670533180236816,0.76313316822052,0.060019269585609436,False,20
2,73.29371851299948,36.24400000000003,0.00021615655998092698,2.938556354167178e-07,4.190662103036653e-07,0.0,0.0,0.5670533180236816,0.76313316822052,0.060019269585609436,False,20
2,73.40480525099701,36.346000000000004,0.00021675099251697218,2.943637670758719e-07,4.197407682145399e-07,0.0,0.0,0.5686581134796143,0.7668648958206177,0.04678644239902496,False,21
2,73.50543586799904,36.346000000000004,0.00021675099251697218,2.943637670758719e-07,4.197407682145399e-07,0.0,0.0,0.5686581134796143,0.7668648958206177,0.04678644239902496,False,21
2,73.6139967190029,36.44799999999998,0.0002173454250538583,2.948718992618069e-07,4.2041532803622066e-07,0.0,0.0,0.5681285262107849,0.7674943804740906,0.06292463839054108,False,20
2,73.71465431900288,36.44799999999998,0.0002173454250538583,2.948718992618069e-07,4.2041532803622066e-07,0.0,0.0,0.5681285262107849,0.7674943804740906,0.06292463839054108,False,20
2,73.82615866800188,36.55000000000007,0.00021793985759140403,2.953800319166274e-07,4.210898857834441e-07,0.0,0.0,0.5693989992141724,0.7705291509628296,0.047019585967063904,False,21
2,73.92682862200309,36.55000000000007,0.00021793985759140403,2.953800319166274e-07,4.210898857834441e-07,0.0,0.0,0.5693989992141724,0.7705291509628296,0.047019585967063904,False,21
2,74.0770001369965,36.652000000000044,0.00021853429012977117,2.9588816504435874e-07,4.217644448417032e-07,0.0,0.0,0.5679326057434082,0.7696455121040344,0.06451213359832764,False,21
2,74.20988347799721,36.72000000000003,0.00021893057848898197,2.962269206263152e-07,4.2221415003283903e-07,0.0,0.0,0.569962203502655,0.7703192830085754,0.04679076373577118,False,21
2,74.34448045199679,36.75400000000002,0.00021912872266873287,2.9639629857124045e-07,4.2243900322111975e-07,0.0,0.0,0.569962203502655,0.7703192830085754,0.04679076373577118,False,21
2,74.46497974399972,36.855999999999995,0.00021972315520849169,2.969044325731071e-07,4.2311356146154855e-07,0.0,0.0,0.5457323789596558,0.771267831325531,0.06514672935009003,False,20
2,74.56560407300276,36.855999999999995,0.00021972315520849169,2.969044325731071e-07,4.2311356146154855e-07,0.0,0.0,0.5457323789596558,0.771267831325531,0.06514672935009003,False,20
2,74.68632763100322,36.92399999999998,0.00022011944356860628,2.9724318879400705e-07,4.2356326711553493e-07,0.0,0.0,0.5617778897285461,0.7706630229949951,0.0463363379240036,False,21
2,74.79283609300182,36.958000000000084,0.00022031758774881689,2.974125669684884e-07,4.237881203567715e-07,0.0,0.0,0.5688742399215698,0.7706630229949951,0.0463363379240036,False,21
2,74.94040276099986,37.02600000000007,0.00022071387610943455,2.977513235563178e-07,4.2423782506927066e-07,0.0,0.0,0.5688742399215698,0.7733529210090637,0.06622448563575745,False,20
2,75.0490512059987,37.12800000000004,0.00022130830865093156,2.982594586617149e-07,4.2491238433181126e-07,0.0,0.0,0.5759753584861755,0.7719183564186096,0.06448899209499359,False,21
2,75.14959482900304,37.12800000000004,0.00022130830865093156,2.982594586617149e-07,4.2491238433181126e-07,0.0,0.0,0.5759753584861755,0.7719183564186096,0.06448899209499359,False,21
2,75.25376132599922,37.23000000000002,0.00022190274119314804,2.9876759422352927e-07,4.2558694174633445e-07,0.0,0.0,0.567823588848114,0.7668318748474121,0.06297318637371063,False,21
2,75.35444367899618,37.23000000000002,0.00022190274119314804,2.9876759422352927e-07,4.2558694174633445e-07,0.0,0.0,0.567823588848114,0.7668318748474121,0.06297318637371063,False,21
2,75.46065287300007,37.331999999999994,0.00022249717373612303,2.992757302916122e-07,4.2626150003660955e-07,0.0,0.0,0.5751525163650513,0.7684251070022583,0.061750248074531555,False,19
2,75.5611639389972,37.331999999999994,0.00022249717373612303,2.992757302916122e-07,4.2626150003660955e-07,0.0,0.0,0.5751525163650513,0.7684251070022583,0.061750248074531555,False,19
2,75.66852227199706,37.43400000000008,0.00022309160627978063,2.9978386665968254e-07,4.269360576494299e-07,0.0,0.0,0.5672498345375061,0.7653194665908813,0.061062783002853394,False,21
2,75.76917135700205,37.43400000000008,0.00022309160627978063,2.9978386665968254e-07,4.269360576494299e-07,0.0,0.0,0.5672498345375061,0.7653194665908813,0.061062783002853394,False,21
2,75.87413427799765,37.53600000000006,0.00022368603882424228,3.0029200371158175e-07,4.2761061485551504e-07,0.0,0.0,0.560592770576477,0.7638800740242004,0.06030404567718506,False,21
2,75.97465442900284,37.53600000000006,0.00022368603882424228,3.0029200371158175e-07,4.2761061485551504e-07,0.0,0.0,0.560592770576477,0.7638800740242004,0.06030404567718506,False,21
2,76.084371318997,37.638000000000034,0.00022428047136931325,3.0080014089601525e-07,4.2828517221003155e-07,0.0,0.0,0.5671417117118835,0.7621699571609497,0.05974510312080383,False,20
2,76.18501794199983,37.638000000000034,0.00022428047136931325,3.0080014089601525e-07,4.2828517221003155e-07,0.0,0.0,0.5671417117118835,0.7621699571609497,0.05974510312080383,False,20
2,76.29341465100151,37.74000000000001,0.00022487490391527717,3.013082787470637e-07,4.289597284716084e-07,0.0,0.0,0.5732592344284058,0.7593789100646973,0.046709880232810974,False,20
2,76.39401203599846,37.74000000000001,0.00022487490391527717,3.013082787470637e-07,4.289597284716084e-07,0.0,0.0,0.5732592344284058,0.7593789100646973,0.046709880232810974,False,20
2,76.50393515999895,37.841999999999985,0.0002254693364616752,3.018164169251256e-07,4.296342859143808e-07,0.0,0.0,0.5661150813102722,0.7624251842498779,0.058768630027770996,False,20
2,76.60465602899785,37.841999999999985,0.0002254693364616752,3.018164169251256e-07,4.296342859143808e-07,0.0,0.0,0.5661150813102722,0.7624251842498779,0.058768630027770996,False,20
2,76.71586711699638,37.944000000000074,0.00022606376900897443,3.023245555602862e-07,4.3030884267880297e-07,0.0,0.0,0.5665192008018494,0.7619733214378357,0.058901071548461914,False,20
2,76.81645941599709,37.944000000000074,0.00022606376900897443,3.023245555602862e-07,4.3030884267880297e-07,0.0,0.0,0.5665192008018494,0.7619733214378357,0.058901071548461914,False,20
2,76.92545103500015,38.04600000000005,0.00022665820155681185,3.0283269469910817e-07,4.3098339987336313e-07,0.0,0.0,0.5667005181312561,0.7619654536247253,0.05894823372364044,False,20
2,77.02611069499835,38.04600000000005,0.00022665820155681185,3.0283269469910817e-07,4.3098339987336313e-07,0.0,0.0,0.5667005181312561,0.7619654536247253,0.05894823372364044,False,20
2,77.12784466699668,38.148000000000025,0.0002272526341053618,3.033408342143e-07,4.3165795708999496e-07,0.0,0.0,0.5826848149299622,0.7636932134628296,0.058996930718421936,False,19
2,77.22854316900339,38.148000000000025,0.0002272526341053618,3.033408342143e-07,4.3165795708999496e-07,0.0,0.0,0.5826848149299622,0.7636932134628296,0.058996930718421936,False,19
2,77.33275174700248,38.25,0.00022784706665455188,3.038489743493446e-07,4.323325129983145e-07,0.0,0.0,0.574156641960144,0.7627906799316406,0.058642059564590454,False,20
2,77.43339814800129,38.25,0.00022784706665455188,3.038489743493446e-07,4.323325129983145e-07,0.0,0.0,0.574156641960144,0.7627906799316406,0.058642059564590454,False,20
2,77.53841230500257,38.351999999999975,0.00022844149920456117,3.043571147223608e-07,4.3300707024818473e-07,0.0,0.0,0.5597262978553772,0.7613328099250793,0.05843764543533325,False,21
2,77.63906934199622,38.351999999999975,0.00022844149920456117,3.043571147223608e-07,4.3300707024818473e-07,0.0,0.0,0.5597262978553772,0.7613328099250793,0.05843764543533325,False,21
2,77.74050536999857,38.454000000000065,0.00022903593175513989,3.048652557448211e-07,4.3368162578168745e-07,0.0,0.0,0.5666579008102417,0.7602410316467285,0.05821399390697479,False,20
2,77.84111306900013,38.454000000000065,0.00022903593175513989,3.048652557448211e-07,4.3368162578168745e-07,0.0,0.0,0.5666579008102417,0.7602410316467285,0.05821399390697479,False,20
2,77.99067274200206,38.55600000000004,0.000229630364306602,3.053733970358369e-07,4.3435618326412785e-07,0.0,0.0,0.5676438212394714,0.7610235810279846,0.04688543081283569,False,20
2,78.1095517069989,38.624000000000024,0.00023002665267448123,3.057121582403674e-07,4.3480588655853693e-07,0.0,0.0,0.566679835319519,0.7637637257575989,0.059887319803237915,False,20
2,78.21006506100093,38.624000000000024,0.00023002665267448123,3.057121582403674e-07,4.3480588655853693e-07,0.0,0.0,0.566679835319519,0.7637637257575989,0.059887319803237915,False,20
2,78.35785745299654,38.726,0.0002306210852270796,3.0622030034346284e-07,4.3548044471329455e-07,0.0,0.0,0.5744696855545044,0.7666877508163452,0.04701396822929382,False,21
2,78.46012902999792,38.75999999999999,0.00023081922941141147,3.063896810960764e-07,4.3570529673526357e-07,0.0,0.0,0.5744696855545044,0.7666877508163452,0.04701396822929382,False,21
2,78.56521966100263,38.827999999999975,0.00023121551778018754,3.067284428833547e-07,4.361550003797255e-07,0.0,0.0,0.5680810213088989,0.7675906419754028,0.06276652216911316,False,21
2,78.67060202299763,38.86200000000008,0.00023141366196460138,3.068978237610967e-07,4.363798530281356e-07,0.0,0.0,0.5680810213088989,0.770270049571991,0.06276652216911316,False,21
2,78.77162529999623,38.930000000000064,0.00023180995033404532,3.0723658586225465e-07,4.3682955834576066e-07,0.0,0.0,0.5778534412384033,0.770270049571991,0.04727722704410553,False,21
2,78.87216359900049,38.964000000000055,0.00023200809451886508,3.074059668810565e-07,4.370544103317931e-07,0.0,0.0,0.5778534412384033,0.770680844783783,0.06430189311504364,False,19
2,78.97304987499956,39.03200000000004,0.00023240438288854104,3.077447292173098e-07,4.375041143392742e-07,0.0,0.0,0.5685234069824219,0.770680844783783,0.06430189311504364,False,19
2,79.0885486929983,39.10000000000002,0.00023280067125850583,3.080834917745177e-07,4.3795382006184935e-07,0.0,0.0,0.5614749193191528,0.7695052027702332,0.06275884807109833,False,20
2,79.2229724860008,39.134000000000015,0.00023299881544361746,3.0825287310182936e-07,4.38178672351577e-07,0.0,0.0,0.5614749193191528,0.7695052027702332,0.06275884807109833,False,20
2,79.32573404900177,39.23599999999999,0.00023359324799947798,3.0876101729742906e-07,4.388532282255511e-07,0.0,0.0,0.56770259141922,0.7651186585426331,0.06136706471443176,False,19
2,79.42624856100156,39.23599999999999,0.00023359324799947798,3.0876101729742906e-07,4.388532282255511e-07,0.0,0.0,0.56770259141922,0.7651186585426331,0.06136706471443176,False,19
2,79.53471893099777,39.33800000000008,0.00023418768055582509,3.0926916204065705e-07,4.395277857524348e-07,0.0,0.0,0.5751143097877502,0.7661318778991699,0.060557156801223755,False,20
2,79.63543071500317,39.33800000000008,0.00023418768055582509,3.0926916204065705e-07,4.395277857524348e-07,0.0,0.0,0.5751143097877502,0.7661318778991699,0.060557156801223755,False,20
2,79.75348273300187,39.440000000000055,0.00023478211311299575,3.0977730708833e-07,4.402023410991604e-07,0.0,0.0,0.5670617818832397,0.7640398144721985,0.06009875237941742,False,21
2,79.85418439099885,39.440000000000055,0.00023478211311299575,3.0977730708833e-07,4.402023410991604e-07,0.0,0.0,0.5670617818832397,0.7640398144721985,0.06009875237941742,False,21
2,79.95828322199668,39.54200000000003,0.00023537654567072804,3.102854527420161e-07,4.408768985276219e-07,0.0,0.0,0.567870557308197,0.7659908533096313,0.059950411319732666,False,20
2,80.05898167799751,39.54200000000003,0.00023537654567072804,3.102854527420161e-07,4.408768985276219e-07,0.0,0.0,0.567870557308197,0.7659908533096313,0.059950411319732666,False,20
2,80.16827038000338,39.644000000000005,0.0002359709782291477,3.107935986283901e-07,4.415514539794398e-07,0.0,0.0,0.5670557618141174,0.7633341550827026,0.059992849826812744,False,20
2,80.26894121900114,39.644000000000005,0.0002359709782291477,3.107935986283901e-07,4.415514539794398e-07,0.0,0.0,0.5670557618141174,0.7633341550827026,0.059992849826812744,False,20
2,80.37738815299963,39.74599999999998,0.00023656541078811467,3.1130174520895865e-07,4.422260101872653e-07,0.0,0.0,0.577119767665863,0.7660695314407349,0.0469488799571991,False,21
2,80.47792723799648,39.74599999999998,0.00023656541078811467,3.1130174520895865e-07,4.422260101872653e-07,0.0,0.0,0.577119767665863,0.7660695314407349,0.0469488799571991,False,21
2,80.590427121002,39.84800000000007,0.00023715984334778594,3.1180989193128256e-07,4.429005656547222e-07,0.0,0.0,0.5675792098045349,0.7675819396972656,0.06271950900554657,False,20
2,80.69094366100035,39.84800000000007,0.00023715984334778594,3.1180989193128256e-07,4.429005656547222e-07,0.0,0.0,0.5675792098045349,0.7675819396972656,0.06271950900554657,False,20
2,80.7952100629991,39.950000000000045,0.00023775427590804355,3.123180393740509e-07,4.4357512122311535e-07,0.0,0.0,0.5509983897209167,0.7622506022453308,0.04696406424045563,False,21
2,80.89573713699792,39.950000000000045,0.00023775427590804355,3.123180393740509e-07,4.4357512122311535e-07,0.0,0.0,0.5509983897209167,0.7622506022453308,0.04696406424045563,False,21
2,81.00539053099783,40.05200000000002,0.00023834870846903278,3.128261869704051e-07,4.4424967700954354e-07,0.0,0.0,0.5672225952148438,0.7636188268661499,0.060146406292915344,False,20
2,81.10590688299999,40.05200000000002,0.00023834870846903278,3.128261869704051e-07,4.4424967700954354e-07,0.0,0.0,0.5672225952148438,0.7636188268661499,0.060146406292915344,False,20
2,81.20819986500283,40.153999999999996,0.00023894314103069204,3.1333433526256625e-07,4.449242321446886e-07,0.0,0.0,0.5684588551521301,0.7672399878501892,0.04668721556663513,False,21
2,81.30888551299722,40.153999999999996,0.00023894314103069204,3.1333433526256625e-07,4.449242321446886e-07,0.0,0.0,0.5684588551521301,0.7672399878501892,0.04668721556663513,False,21
2,81.42186631899676,40.256000000000085,0.00023953757359282835,3.138424837175188e-07,4.455987881772407e-07,0.0,0.0,0.5760138034820557,0.7704740166664124,0.06335403025150299,False,20
2,81.52240468699893,40.256000000000085,0.00023953757359282835,3.138424837175188e-07,4.455987881772407e-07,0.0,0.0,0.5760138034820557,0.7704740166664124,0.06335403025150299,False,20
2,81.65019271300116,40.32400000000007,0.00023993386196821068,3.1418124979691364e-07,4.460484916487998e-07,0.0,0.0,0.569084882736206,0.7711176872253418,0.046980664134025574,False,21
2,81.75583943499805,40.35800000000006,0.0002401320061559192,3.1435063286644887e-07,4.462733429807987e-07,0.0,0.0,0.569084882736206,0.7711176872253418,0.046980664134025574,False,21
2,81.85957840100309,40.426000000000045,0.0002405282945315058,3.146893990454809e-07,4.4672304746176314e-07,0.0,0.0,0.5766382813453674,0.7734801769256592,0.06512792408466339,False,21
2,81.96330602499802,40.460000000000036,0.00024072643871929627,3.14858782191709e-07,4.469478989412368e-07,0.0,0.0,0.5698724985122681,0.7734801769256592,0.06512792408466339,False,21
2,82.0656985789974,40.52800000000002,0.00024112272709552905,3.151975488116879e-07,4.473976020459134e-07,0.0,0.0,0.5698724985122681,0.7727664709091187,0.04705469310283661,False,19
2,82.16760293400148,40.56200000000001,0.00024132087128370247,3.1536693217815134e-07,4.47622453558837e-07,0.0,0.0,0.5698724985122681,0.773352324962616,0.04705469310283661,False,19
2,82.27050021600007,40.629999999999995,0.00024171715966009484,3.1570569906214424e-07,4.480721574870941e-07,0.0,0.0,0.5544167757034302,0.773352324962616,0.06619253754615784,False,20
2,82.37271917099861,40.66399999999999,0.00024191530384834632,3.1587508249617125e-07,4.482970089279834e-07,0.0,0.0,0.5544167757034302,0.769504189491272,0.06619253754615784,False,20
2,82.47811914199701,40.732000000000085,0.00024231159222522182,3.162138496633981e-07,4.487467117473243e-07,0.0,0.0,0.5680989623069763,0.769504189491272,0.06415265798568726,False,21
2,82.58193237600062,40.766000000000076,0.00024250973641386448,3.1638323330174305e-07,4.489715633645762e-07,0.0,0.0,0.5680989623069763,0.7671241760253906,0.06415265798568726,False,21
2,82.68522503200074,40.83400000000006,0.0002429060247911242,3.167220008678438e-07,4.4942126715792257e-07,0.0,0.0,0.5523326396942139,0.7671241760253906,0.06261594593524933,False,21
2,82.78565013300249,40.86800000000005,0.00024310416897978466,3.168913846003397e-07,4.496461186546189e-07,0.0,0.0,0.5523326396942139,0.7671107053756714,0.06261594593524933,False,21
2,82.8914223009997,40.936000000000035,0.00024350045735735057,3.172301522805002e-07,4.500958211281887e-07,0.0,0.0,0.5690352320671082,0.7671107053756714,0.06150801479816437,False,20
2,82.99170386399783,40.97000000000003,0.0002436986015464269,3.173995361976229e-07,4.503206726785448e-07,0.0,0.0,0.5690352320671082,0.7671107053756714,0.06150801479816437,False,20
2,83.10869016200013,41.03800000000001,0.0002440948899246208,3.1773830436630673e-07,4.507703763230127e-07,0.0,0.0,0.575247585773468,0.7669317126274109,0.06122848391532898,False,21
2,83.2230184489963,41.105999999999995,0.00024449117830289925,3.180770724192555e-07,4.5122007903923267e-07,0.0,0.0,0.5680756568908691,0.7666863203048706,0.06039553880691528,False,21
2,83.35750836499938,41.139999999999986,0.000244689322492143,3.182464566288549e-07,4.5144493038217e-07,0.0,0.0,0.5680756568908691,0.7666863203048706,0.06039553880691528,False,21
2,83.46820559600019,41.242000000000075,0.0002452837550606249,3.1875460947641004e-07,4.521194854571862e-07,0.0,0.0,0.5669341087341309,0.7648711204528809,0.0603150874376297,False,20
2,83.56881307000003,41.242000000000075,0.0002452837550606249,3.1875460947641004e-07,4.521194854571862e-07,0.0,0.0,0.5669341087341309,0.7648711204528809,0.0603150874376297,False,20
2,83.68028760400193,41.34400000000005,0.0002458781876294746,3.1926276261627605e-07,4.527940398909703e-07,0.0,0.0,0.5667079091072083,0.7662993669509888,0.04705505073070526,False,20
2,83.78096914300113,41.34400000000005,0.0002458781876294746,3.1926276261627605e-07,4.527940398909703e-07,0.0,0.0,0.5667079091072083,0.7662993669509888,0.04705505073070526,False,20
2,83.88667391600029,41.446000000000026,0.00024647262019906547,3.1977091632903773e-07,4.5346859378616513e-07,0.0,0.0,0.5681771039962769,0.7686939239501953,0.06334634125232697,False,20
2,83.9872041330018,41.446000000000026,0.00024647262019906547,3.1977091632903773e-07,4.5346859378616513e-07,0.0,0.0,0.5681771039962769,0.7686939239501953,0.06334634125232697,False,20
2,84.09340875899943,41.548,0.0002470670527691286,3.2027907044140535e-07,4.5414314993850054e-07,0.0,0.0,0.5600638389587402,0.7624726295471191,0.04723334312438965,False,21
2,84.19409039000311,41.548,0.0002470670527691286,3.2027907044140535e-07,4.5414314993850054e-07,0.0,0.0,0.5600638389587402,0.7624726295471191,0.04723334312438965,False,21
2,84.30167767799867,41.64999999999998,0.00024766148533969913,3.207872249950443e-07,4.548177025863466e-07,0.0,0.0,0.560614287853241,0.7667229175567627,0.060968682169914246,False,21
2,84.40220950300136,41.64999999999998,0.00024766148533969913,3.207872249950443e-07,4.548177025863466e-07,0.0,0.0,0.560614287853241,0.7667229175567627,0.060968682169914246,False,21
2,84.5099399269966,41.752000000000066,0.0002482559179111444,3.2129537997605556e-07,4.554922590294385e-07,0.0,0.0,0.569021463394165,0.7680832147598267,0.04705977439880371,False,21
2,84.61050813199836,41.752000000000066,0.0002482559179111444,3.2129537997605556e-07,4.554922590294385e-07,0.0,0.0,0.569021463394165,0.7680832147598267,0.04705977439880371,False,21
2,84.72295662500255,41.85400000000004,0.00024885035048290583,3.218035353715301e-07,4.5616681152930667e-07,0.0,0.0,0.5683925747871399,0.7692102789878845,0.06357556581497192,False,19
2,84.82362837999972,41.85400000000004,0.00024885035048290583,3.218035353715301e-07,4.5616681152930667e-07,0.0,0.0,0.5683925747871399,0.7692102789878845,0.06357556581497192,False,19
2,84.92712582200329,41.95600000000002,0.00024944478305561875,3.2231169112355254e-07,4.5684136766474483e-07,0.0,0.0,0.5754154920578003,0.7698400616645813,0.062462300062179565,False,20
2,85.02765442999953,41.95600000000002,0.00024944478305561875,3.2231169112355254e-07,4.5684136766474483e-07,0.0,0.0,0.5754154920578003,0.7698400616645813,0.062462300062179565,False,20
2,85.13378792099684,42.05799999999999,0.00025003921562878747,3.228198473801696e-07,4.5751592072033477e-07,0.0,0.0,0.5669133067131042,0.7659485936164856,0.06147710978984833,False,21
2,85.23449795300257,42.05799999999999,0.00025003921562878747,3.228198473801696e-07,4.5751592072033477e-07,0.0,0.0,0.5669133067131042,0.7659485936164856,0.06147710978984833,False,21
2,85.3565031649996,42.125999999999976,0.0002504355040113338,3.231586183124335e-07,4.579656242502879e-07,0.0,0.0,0.560653030872345,0.7656213045120239,0.06081317365169525,False,20
2,85.46205639599793,42.16000000000008,0.0002506336482026887,3.2332800390939626e-07,4.581904757544975e-07,0.0,0.0,0.560653030872345,0.7656213045120239,0.06081317365169525,False,20
2,85.56753326000035,42.228000000000065,0.0002510299365856019,3.2366677529120854e-07,4.5864017911246967e-07,0.0,0.0,0.5605940818786621,0.7650637626647949,0.06065598130226135,False,21
2,85.67088786800014,42.26200000000006,0.0002512280807771823,3.238361610433039e-07,4.588650296900674e-07,0.0,0.0,0.5605940818786621,0.7634615898132324,0.06065598130226135,False,21
2,85.7731387849999,42.33000000000004,0.00025162436916039517,3.2417493272225136e-07,4.59314732106641e-07,0.0,0.0,0.5673519968986511,0.7634615898132324,0.06028182804584503,False,21
2,85.88597561100323,42.398000000000025,0.00025202065754388863,3.2451370448290346e-07,4.5976443442380417e-07,0.0,0.0,0.5677977800369263,0.7653862833976746,0.06005150079727173,False,20
2,86.02059991099668,42.432000000000016,0.00025221880173578086,3.2468309046122204e-07,4.599892861995938e-07,0.0,0.0,0.5677977800369263,0.7653862833976746,0.06005150079727173,False,20
2,86.12411967999651,42.53399999999999,0.00025281323431173815,3.2519124895825816e-07,4.6066383999943334e-07,0.0,0.0,0.5603106617927551,0.7659511566162109,0.046600908041000366,False,20
2,86.22477644399623,42.53399999999999,0.00025281323431173815,3.2519124895825816e-07,4.6066383999943334e-07,0.0,0.0,0.5603106617927551,0.7659511566162109,0.046600908041000366,False,20
2,86.32947832199716,42.63600000000008,0.0002534076668883208,3.256994075010024e-07,4.613383932339437e-07,0.0,0.0,0.5680166482925415,0.7671902775764465,0.06307196617126465,False,20
2,86.43004705799831,42.63600000000008,0.0002534076668883208,3.256994075010024e-07,4.613383932339437e-07,0.0,0.0,0.5680166482925415,0.7671902775764465,0.06307196617126465,False,20
2,86.53523268299614,42.738000000000056,0.0002540020994654716,3.2620756672141994e-07,4.620129472966922e-07,0.0,0.0,0.5755264163017273,0.7689763903617859,0.06216268241405487,False,21
2,86.63574731099652,42.738000000000056,0.0002540020994654716,3.2620756672141994e-07,4.620129472966922e-07,0.0,0.0,0.5755264163017273,0.7689763903617859,0.06216268241405487,False,21
2,86.74327740899753,42.84000000000003,0.00025459653204334097,3.2671572613439333e-07,4.6268750028287306e-07,0.0,0.0,0.5668733716011047,0.766180157661438,0.06137526035308838,False,20
2,86.84393726199778,42.84000000000003,0.00025459653204334097,3.2671572613439333e-07,4.6268750028287306e-07,0.0,0.0,0.5668733716011047,0.766180157661438,0.06137526035308838,False,20
2,86.99448965399642,42.94200000000001,0.0002551909646216679,3.272238860365737e-07,4.6336205434943505e-07,0.0,0.0,0.5672545433044434,0.7658119201660156,0.061006829142570496,False,21
2,87.12033380699722,43.00999999999999,0.0002555872530076481,3.2756265964324425e-07,4.638117557297374e-07,0.0,0.0,0.5667919516563416,0.7654336094856262,0.060624584555625916,False,21
2,87.25495837299968,43.04399999999998,0.0002557853972005794,3.2773204652311473e-07,4.640366073030988e-07,0.0,0.0,0.5667919516563416,0.7654336094856262,0.060624584555625916,False,21
2,87.3595312710022,43.14600000000007,0.00025637982978006643,3.2824020724875594e-07,4.6471116072499483e-07,0.0,0.0,0.5750271677970886,0.7650113105773926,0.06006692349910736,False,20
2,87.46021966399712,43.14600000000007,0.00025637982978006643,3.2824020724875594e-07,4.6471116072499483e-07,0.0,0.0,0.5750271677970886,0.7650113105773926,0.06006692349910736,False,20
2,87.56373453199922,43.24800000000005,0.0002569742623602122,3.287483686283409e-07,4.653857136963049e-07,0.0,0.0,0.5435506701469421,0.7635226249694824,0.059768468141555786,False,20
2,87.66441194600338,43.24800000000005,0.0002569742623602122,3.287483686283409e-07,4.653857136963049e-07,0.0,0.0,0.5435506701469421,0.7635226249694824,0.059768468141555786,False,20
2,87.77422847699927,43.35000000000002,0.0002575686949407435,3.292565303444502e-07,4.6606026648325034e-07,0.0,0.0,0.5662887692451477,0.7626959681510925,0.059163495898246765,False,21
2,87.8748254710008,43.35000000000002,0.0002575686949407435,3.292565303444502e-07,4.6606026648325034e-07,0.0,0.0,0.5662887692451477,0.7626959681510925,0.059163495898246765,False,21
2,87.98637829200015,43.452,0.00025816312752205634,3.2976469242832554e-07,4.667348197407174e-07,0.0,0.0,0.5664248466491699,0.760627806186676,0.059324294328689575,False,21
2,88.0870418179984,43.452,0.00025816312752205634,3.2976469242832554e-07,4.667348197407174e-07,0.0,0.0,0.5664248466491699,0.760627806186676,0.059324294328689575,False,21
2,88.1974151300019,43.55400000000009,0.00025875756010383883,3.3027285509160745e-07,4.6740937219758534e-07,0.0,0.0,0.5669312477111816,0.7622248530387878,0.05954816937446594,False,21
2,88.29802358199959,43.55400000000009,0.00025875756010383883,3.3027285509160745e-07,4.6740937219758534e-07,0.0,0.0,0.5669312477111816,0.7622248530387878,0.05954816937446594,False,21
2,88.41543583799648,43.65600000000006,0.0002593519926863373,3.3078101802787595e-07,4.680839275736664e-07,0.0,0.0,0.5826020240783691,0.7646680474281311,0.05955888330936432,False,21
2,88.51611400499678,43.65600000000006,0.0002593519926863373,3.3078101802787595e-07,4.680839275736664e-07,0.0,0.0,0.5826020240783691,0.7646680474281311,0.05955888330936432,False,21
2,88.64956054100185,43.724000000000046,0.0002597482810749842,3.3111979358051277e-07,4.6853362841722075e-07,0.0,0.0,0.5765359997749329,0.7664658427238464,0.04668337106704712,False,21
2,88.75631538400194,43.75800000000004,0.0002599464252693805,3.312891814373784e-07,4.687584792249563e-07,0.0,0.0,0.5765359997749329,0.7664658427238464,0.04668337106704712,False,21
2,88.86057199700008,43.82600000000002,0.000260342713658233,3.3162795742603943e-07,4.692081817999874e-07,0.0,0.0,0.5675578117370605,0.766973614692688,0.062494248151779175,False,21
2,88.9627166470018,43.860000000000014,0.0002605408578527477,3.3179734544433686e-07,4.6943303322825027e-07,0.0,0.0,0.5675578117370605,0.766973614692688,0.062494248151779175,False,21
2,89.06701293499646,43.928,0.0002609371462420516,3.32136121452557e-07,4.6988273473723047e-07,0.0,0.0,0.5660927891731262,0.7596978545188904,0.046785593032836914,False,21
2,89.17081487399992,43.96199999999999,0.0002611352904368378,3.3230550962420256e-07,4.7010758557939986e-07,0.0,0.0,0.5660927891731262,0.7596978545188904,0.046785593032836914,False,21
2,89.2787787060006,44.030000000000086,0.0002615315788265806,3.3264428605875225e-07,4.705572865731282e-07,0.0,0.0,0.5761656761169434,0.7647666931152344,0.05989590287208557,False,20
2,89.3830904130009,44.06400000000008,0.0002617297230214453,3.3281367441432486e-07,4.7078213741739095e-07,0.0,0.0,0.5761656761169434,0.7620197534561157,0.05989590287208557,False,20
2,89.48738860699814,44.13200000000006,0.00026212601141137803,3.3315245104673693e-07,4.7123184071045515e-07,0.0,0.0,0.5595574378967285,0.7620197534561157,0.046652376651763916,False,21
2,89.58874132599885,44.166000000000054,0.0002623241556065914,3.3332183953551575e-07,4.7145669233678086e-07,0.0,0.0,0.5595574378967285,0.7620197534561157,0.046652376651763916,False,21
2,89.70122799099772,44.23400000000004,0.00026272044399712,3.3366061649350945e-07,4.7190639371151206e-07,0.0,0.0,0.5674437284469604,0.7649589776992798,0.06125730276107788,False,20
2,89.80518857699644,44.26800000000003,0.00026291858819242186,3.3383000508452095e-07,4.7213124357581574e-07,0.0,0.0,0.5674437284469604,0.7681325078010559,0.06125730276107788,False,20
2,89.91252637899743,44.33600000000001,0.0002633148765830754,3.3416878232000593e-07,4.7258094553041563e-07,0.0,0.0,0.5689823031425476,0.7681325078010559,0.04679329693317413,False,21
2,90.01264639599685,44.370000000000005,0.0002635130207784596,3.343381710695373e-07,4.728057969047762e-07,0.0,0.0,0.5689823031425476,0.7685942053794861,0.06364278495311737,False,20
2,90.12013985300291,44.43799999999999,0.00026390930916971424,3.346769486566343e-07,4.732555000448969e-07,0.0,0.0,0.5683632493019104,0.7685942053794861,0.06364278495311737,False,20
2,90.220424774001,44.47199999999998,0.000264107453365399,3.348463374652326e-07,4.7348034995663787e-07,0.0,0.0,0.5683632493019104,0.7712652087211609,0.06364278495311737,False,20
2,90.32803753299959,44.54000000000008,0.0002645037417569624,3.351851152863975e-07,4.739300512099356e-07,0.0,0.0,0.5695883631706238,0.7712652087211609,0.04702436923980713,False,21
2,90.45563232099812,44.60800000000006,0.0002649000301486429,3.355238933296118e-07,4.743797518371042e-07,0.0,0.0,0.5680882334709167,0.7703255414962769,0.06492604315280914,False,20
2,90.59051544399699,44.64200000000005,0.00026509817434447816,3.356932824186738e-07,4.746046033967403e-07,0.0,0.0,0.5680882334709167,0.7703255414962769,0.06492604315280914,False,20
2,90.69837315900077,44.74400000000003,0.00026569260693294844,3.362014500333545e-07,4.752791574347659e-07,0.0,0.0,0.5700736045837402,0.7707585692405701,0.046807289123535156,False,19
2,90.79889198599994,44.74400000000003,0.00026569260693294844,3.362014500333545e-07,4.752791574347659e-07,0.0,0.0,0.5700736045837402,0.7707585692405701,0.046807289123535156,False,19
2,90.9052108820033,44.846000000000004,0.00026628703952188406,3.3670961797316085e-07,4.759537078454627e-07,0.0,0.0,0.545829713344574,0.7716578245162964,0.06538604199886322,False,20
2,91.00599417700141,44.846000000000004,0.00026628703952188406,3.3670961797316085e-07,4.759537078454627e-07,0.0,0.0,0.545829713344574,0.7716578245162964,0.06538604199886322,False,20
2,91.1191721139985,44.94799999999998,0.0002668814721109806,3.3721778629618525e-07,4.7662826141443463e-07,0.0,0.0,0.561839759349823,0.7709091901779175,0.04633975028991699,False,20
2,91.21971225099696,44.94799999999998,0.0002668814721109806,3.3721778629618525e-07,4.7662826141443463e-07,0.0,0.0,0.561839759349823,0.7709091901779175,0.04633975028991699,False,20
2,91.33126574999915,45.05000000000007,0.00026747590470103683,3.377259552109619e-07,4.773028144886135e-07,0.0,0.0,0.5689212083816528,0.7735505104064941,0.06636020541191101,False,20
2,91.43196258800162,45.05000000000007,0.00026747590470103683,3.377259552109619e-07,4.773028144886135e-07,0.0,0.0,0.5689212083816528,0.7735505104064941,0.06636020541191101,False,20
2,91.5445524359966,45.152000000000044,0.00026807033729140794,3.3823412446386675e-07,4.779773652030642e-07,0.0,0.0,0.576065182685852,0.7722179889678955,0.06466242671012878,False,21
2,91.64526840000326,45.152000000000044,0.00026807033729140794,3.3823412446386675e-07,4.779773652030642e-07,0.0,0.0,0.576065182685852,0.7722179889678955,0.06466242671012878,False,21
2,91.76263967999694,45.25400000000002,0.0002686647698824521,3.387422940850152e-07,4.786519183317673e-07,0.0,0.0,0.575536847114563,0.7687880992889404,0.06309947371482849,False,21
2,91.86326617399754,45.25400000000002,0.0002686647698824521,3.387422940850152e-07,4.786519183317673e-07,0.0,0.0,0.575536847114563,0.7687880992889404,0.06309947371482849,False,21
2,91.96839310899668,45.355999999999995,0.0002692592024739664,3.392504643844164e-07,4.793264714451805e-07,0.0,0.0,0.5751944780349731,0.7685925364494324,0.06184801459312439,False,19
2,92.06917219400202,45.355999999999995,0.0002692592024739664,3.392504643844164e-07,4.793264714451805e-07,0.0,0.0,0.5751944780349731,0.7685925364494324,0.06184801459312439,False,19
2,92.18117872299626,45.458000000000084,0.0002698536350658489,3.397586346837968e-07,4.800010221801597e-07,0.0,0.0,0.5671658515930176,0.7652381062507629,0.061064258217811584,False,21
2,92.2816991810032,45.458000000000084,0.0002698536350658489,3.397586346837968e-07,4.800010221801597e-07,0.0,0.0,0.5671658515930176,0.7652381062507629,0.061064258217811584,False,21
2,92.40699664499698,45.52600000000007,0.00027024992346100056,3.4009741519169655e-07,4.804507237582496e-07,0.0,0.0,0.5605942010879517,0.7638890147209167,0.060303643345832825,False,20
2,92.51878631499858,45.56000000000006,0.00027044806765863603,3.402668055751097e-07,4.806755750050845e-07,0.0,0.0,0.5605942010879517,0.7638890147209167,0.060303643345832825,False,20
2,92.62271946200053,45.62800000000004,0.0002708443560540002,3.406055865210778e-07,4.811252760598919e-07,0.0,0.0,0.5670962333679199,0.7619538903236389,0.05960334837436676,False,20
2,92.72969216499769,45.662000000000035,0.0002710425002517467,3.4077497698374676e-07,4.813501262749771e-07,0.0,0.0,0.5670962333679199,0.7619538903236389,0.05960334837436676,False,20
2,92.83814857799734,45.73000000000002,0.00027143878864729996,3.411137581886134e-07,4.817998262118804e-07,0.0,0.0,0.5732625722885132,0.7593150734901428,0.04670959711074829,False,20
2,92.94015919099911,45.76400000000001,0.00027163693284528324,3.412831487401278e-07,4.820246765560063e-07,0.0,0.0,0.5732625722885132,0.7593150734901428,0.04670959711074829,False,20
2,93.04964262100111,45.831999999999994,0.00027203322124150654,3.4162193009032936e-07,4.824743782684901e-07,0.0,0.0,0.5661822557449341,0.7619146704673767,0.058714523911476135,False,19
2,93.1556305549966,45.865999999999985,0.0002722313654396477,3.417913208865696e-07,4.826992288646717e-07,0.0,0.0,0.5661822557449341,0.7619146704673767,0.058714523911476135,False,19
2,93.26081986999634,45.93400000000008,0.00027262765383598243,3.421301027683352e-07,4.831489300424645e-07,0.0,0.0,0.5664927363395691,0.7619035243988037,0.05885934829711914,False,20
2,93.36320303699904,45.968000000000075,0.0002728257980342281,3.4229949369346566e-07,4.833737799140314e-07,0.0,0.0,0.5664927363395691,0.7619035243988037,0.05885934829711914,False,20
2,93.47638729999744,46.03600000000006,0.00027322208643092366,3.4263827549962137e-07,4.8382348088647e-07,0.0,0.0,0.5667012333869934,0.7619840502738953,0.05891382694244385,False,21
2,93.59906165800203,46.10400000000004,0.00027361837482802517,3.42977057580351e-07,4.84273182018964e-07,0.0,0.0,0.5826910138130188,0.7637011408805847,0.058966487646102905,False,19
2,93.7336840670032,46.138000000000034,0.0002738165190266425,3.43146448707286e-07,4.844980326192629e-07,0.0,0.0,0.5826910138130188,0.7637011408805847,0.058966487646102905,False,19
2,93.84783676100051,46.24000000000001,0.0002744109516226818,3.4365462255712075e-07,4.851725832624447e-07,0.0,0.0,0.5742132663726807,0.7629079222679138,0.05867248773574829,False,20
2,93.94853227199928,46.24000000000001,0.0002744109516226818,3.4365462255712075e-07,4.851725832624447e-07,0.0,0.0,0.5742132663726807,0.7629079222679138,0.05867248773574829,False,20
2,94.05755978800153,46.341999999999985,0.00027500538421917084,3.441627968127946e-07,4.858471342320014e-07,0.0,0.0,0.5597556829452515,0.7614228129386902,0.05847273766994476,False,21
2,94.15825047899853,46.341999999999985,0.00027500538421917084,3.441627968127946e-07,4.858471342320014e-07,0.0,0.0,0.5597556829452515,0.7614228129386902,0.05847273766994476,False,21
2,94.26837854699988,46.444000000000074,0.0002755998168163681,3.446709712139125e-07,4.865216855190412e-07,0.0,0.0,0.5667189359664917,0.7603869438171387,0.058279648423194885,False,20
2,94.3692596769979,46.444000000000074,0.0002755998168163681,3.446709712139125e-07,4.865216855190412e-07,0.0,0.0,0.5667189359664917,0.7603869438171387,0.058279648423194885,False,20
2,94.48252905099798,46.54600000000005,0.0002761942494138919,3.4517914634783175e-07,4.871962357294715e-07,0.0,0.0,0.567664623260498,0.7610969543457031,0.046891361474990845,False,20
2,94.58322606000002,46.54600000000005,0.0002761942494138919,3.4517914634783175e-07,4.871962357294715e-07,0.0,0.0,0.567664623260498,0.7610969543457031,0.046891361474990845,False,20
2,94.69357713899808,46.648000000000025,0.00027678868201205364,3.456873218395912e-07,4.878707887948567e-07,0.0,0.0,0.5667634606361389,0.7638974785804749,0.05992022156715393,False,20
2,94.79435677100264,46.648000000000025,0.00027678868201205364,3.456873218395912e-07,4.878707887948567e-07,0.0,0.0,0.5667634606361389,0.7638974785804749,0.05992022156715393,False,20
2,94.89935964300093,46.75,0.0002773831146108685,3.4619549749553237e-07,4.885453392531255e-07,0.0,0.0,0.5746279358863831,0.7657731175422668,0.05992761254310608,False,20
2,95.00004363899643,46.75,0.0002773831146108685,3.4619549749553237e-07,4.885453392531255e-07,0.0,0.0,0.5746279358863831,0.7657731175422668,0.05992761254310608,False,20
2,95.10739713200019,46.851999999999975,0.00027797754720990586,3.4670367383032674e-07,4.892198885040388e-07,0.0,0.0,0.5668442845344543,0.762555718421936,0.059498533606529236,False,20
2,95.20795426899713,46.851999999999975,0.00027797754720990586,3.4670367383032674e-07,4.892198885040388e-07,0.0,0.0,0.5668442845344543,0.762555718421936,0.059498533606529236,False,20
2,95.31516934200044,46.954000000000065,0.00027857197980959677,3.4721185050414785e-07,4.898944405891138e-07,0.0,0.0,0.5829993486404419,0.7644979357719421,0.05942174792289734,False,21
2,95.41573009399872,46.954000000000065,0.00027857197980959677,3.4721185050414785e-07,4.898944405891138e-07,0.0,0.0,0.5829993486404419,0.7644979357719421,0.05942174792289734,False,21
2,95.52155966399732,47.05600000000004,0.00027916641240981633,3.4772002760289093e-07,4.905689921015634e-07,0.0,0.0,0.5664246678352356,0.7619318962097168,0.059103578329086304,False,21
2,95.62222576700151,47.05600000000004,0.00027916641240981633,3.4772002760289093e-07,4.905689921015634e-07,0.0,0.0,0.5664246678352356,0.7619318962097168,0.059103578329086304,False,21
2,95.75413213200227,47.124000000000024,0.00027956270081011493,3.480588125215471e-07,4.910186911124411e-07,0.0,0.0,0.5597494840621948,0.7627378106117249,0.058786287903785706,False,20
2,95.86420322900085,47.158000000000015,0.00027976084501032993,3.482282050803836e-07,4.912435411755649e-07,0.0,0.0,0.5597494840621948,0.7627378106117249,0.058786287903785706,False,20
2,96.00217123499897,47.25999999999999,0.00028035527761145025,3.4873638315353176e-07,4.91918092103634e-07,0.0,0.0,0.5665156841278076,0.760157585144043,0.058331117033958435,False,21
2,96.1219168960015,47.327999999999975,0.0002807515660124974,3.4907516855248867e-07,4.923677933885473e-07,0.0,0.0,0.5740796327590942,0.7625097632408142,0.058238252997398376,False,21
2,96.22244123600103,47.327999999999975,0.0002807515660124974,3.4907516855248867e-07,4.923677933885473e-07,0.0,0.0,0.5740796327590942,0.7625097632408142,0.058238252997398376,False,21
2,96.33447175799665,47.430000000000064,0.0002813459986143272,3.495833471997167e-07,4.930423443655735e-07,0.0,0.0,0.5662731528282166,0.7612535953521729,0.058327510952949524,False,21
2,96.43506172500202,47.430000000000064,0.0002813459986143272,3.495833471997167e-07,4.930423443655735e-07,0.0,0.0,0.5662731528282166,0.7612535953521729,0.058327510952949524,False,21
2,96.55135450299713,47.53200000000004,0.0002819404312165443,3.500915262306096e-07,4.937168938139336e-07,0.0,0.0,0.5672919154167175,0.7637943029403687,0.05859677493572235,False,21
2,96.6518653259991,47.53200000000004,0.0002819404312165443,3.500915262306096e-07,4.937168938139336e-07,0.0,0.0,0.5672919154167175,0.7637943029403687,0.05859677493572235,False,21
2,96.75940873500076,47.634000000000015,0.0002825348638196522,3.505997058314516e-07,4.943914447981244e-07,0.0,0.0,0.5667091608047485,0.7617358565330505,0.0589548796415329,False,19
2,96.86008685400157,47.634000000000015,0.0002825348638196522,3.505997058314516e-07,4.943914447981244e-07,0.0,0.0,0.5667091608047485,0.7617358565330505,0.0589548796415329,False,19
2,96.96183026800281,47.73599999999999,0.0002831292964229305,3.511078857021748e-07,4.950659960995179e-07,0.0,0.0,0.5768396258354187,0.7649903297424316,0.04694892466068268,False,21
2,97.06247300100222,47.73599999999999,0.0002831292964229305,3.511078857021748e-07,4.950659960995179e-07,0.0,0.0,0.5768396258354187,0.7649903297424316,0.04694892466068268,False,21
2,97.17170591500326,47.83800000000008,0.0002837237290267505,3.5161606607315256e-07,4.957405448649836e-07,0.0,0.0,0.5674382448196411,0.7666913270950317,0.06208804249763489,False,21
2,97.27223563699954,47.83800000000008,0.0002837237290267505,3.5161606607315256e-07,4.957405448649836e-07,0.0,0.0,0.5674382448196411,0.7666913270950317,0.06208804249763489,False,21
2,97.38100380200194,47.940000000000055,0.0002843181616313394,3.5212424678613234e-07,4.96415094865486e-07,0.0,0.0,0.5508368015289307,0.761629581451416,0.04697418212890625,False,21
2,97.48152432299685,47.940000000000055,0.0002843181616313394,3.5212424678613234e-07,4.96415094865486e-07,0.0,0.0,0.5508368015289307,0.761629581451416,0.04697418212890625,False,21
2,97.58703898800013,48.04200000000003,0.00028491259423625223,3.526324280234955e-07,4.970896471454965e-07,0.0,0.0,0.5671039819717407,0.7630710601806641,0.05978597700595856,False,21
2,97.68770442700043,48.04200000000003,0.00028491259423625223,3.526324280234955e-07,4.970896471454965e-07,0.0,0.0,0.5671039819717407,0.7630710601806641,0.05978597700595856,False,21
2,97.79538987800333,48.144000000000005,0.0002855070268414925,3.531406096358602e-07,4.977641965289718e-07,0.0,0.0,0.5683616995811462,0.7668699622154236,0.04669101536273956,False,21
2,97.89594362099888,48.144000000000005,0.0002855070268414925,3.531406096358602e-07,4.977641965289718e-07,0.0,0.0,0.5683616995811462,0.7668699622154236,0.04669101536273956,False,21
2,98.0022590669978,48.24599999999998,0.0002861014594474592,3.536487915947918e-07,4.984387447205905e-07,0.0,0.0,0.5759487152099609,0.7701544761657715,0.06313246488571167,False,21
2,98.10294681399682,48.24599999999998,0.0002861014594474592,3.536487915947918e-07,4.984387447205905e-07,0.0,0.0,0.5759487152099609,0.7701544761657715,0.06313246488571167,False,21
2,98.20574623799621,48.34800000000007,0.0002866958920535816,3.54156974034176e-07,4.991132950482477e-07,0.0,0.0,0.5690269470214844,0.7708954811096191,0.046987637877464294,False,21
2,98.30641464699875,48.34800000000007,0.0002866958920535816,3.54156974034176e-07,4.991132950482477e-07,0.0,0.0,0.5690269470214844,0.7708954811096191,0.046987637877464294,False,21
2,98.41955438999867,48.450000000000045,0.000287290324660466,3.54665156915454e-07,4.997878460255997e-07,0.0,0.0,0.5765955448150635,0.7732703685760498,0.06498463451862335,False,21
2,98.5200905840029,48.450000000000045,0.000287290324660466,3.54665156915454e-07,4.997878460255997e-07,0.0,0.0,0.5765955448150635,0.7732703685760498,0.06498463451862335,False,21
2,98.63069712099968,48.55200000000002,0.00028788475726792846,3.551733402779065e-07,5.004623946477533e-07,0.0,0.0,0.5619869232177734,0.7713220715522766,0.04705528914928436,False,18
2,98.73138444499637,48.55200000000002,0.00028788475726792846,3.551733402779065e-07,5.004623946477533e-07,0.0,0.0,0.5619869232177734,0.7713220715522766,0.04705528914928436,False,18
2,98.87892777800153,48.653999999999996,0.00028847918987549197,3.556815238027954e-07,5.01136943352205e-07,0.0,0.0,0.5543909668922424,0.7732126116752625,0.06610138714313507,False,20
2,98.9938409919996,48.72199999999998,0.00028887547828079264,3.560203131185079e-07,5.015866435599281e-07,0.0,0.0,0.5680777430534363,0.7693974375724792,0.06408505141735077,False,21
2,99.12861706600233,48.756000000000085,0.00028907362248368216,3.5618970787788645e-07,5.018114942992334e-07,0.0,0.0,0.5680777430534363,0.7693974375724792,0.06408505141735077,False,21
2,99.25651923500118,48.82400000000007,0.00028946991088955095,3.5652849756867937e-07,5.022611941836331e-07,0.0,0.0,0.5671138763427734,0.7669050097465515,0.06256464123725891,False,21
2,99.35711491300026,48.82400000000007,0.00028946991088955095,3.5652849756867937e-07,5.022611941836331e-07,0.0,0.0,0.5671138763427734,0.7669050097465515,0.06256464123725891,False,21
2,99.49230501199781,48.926000000000045,0.00029006434349851265,3.570366825305536e-07,5.029357427984162e-07,0.0,0.0,0.5689908266067505,0.7670260071754456,0.06146624684333801,False,20
2,99.60237944599794,48.960000000000036,0.00029026248770151275,3.572060775262988e-07,5.031605920570894e-07,0.0,0.0,0.5689908266067505,0.7670260071754456,0.06146624684333801,False,20
2,99.7082436769997,49.02800000000002,0.000290658776107735,3.575448675087211e-07,5.036102919961505e-07,0.0,0.0,0.5751785039901733,0.7667898535728455,0.061190202832221985,False,21
2,99.81242486699921,49.06200000000001,0.0002908569203111419,3.577142626444842e-07,5.038351419332046e-07,0.0,0.0,0.5680526494979858,0.7667898535728455,0.061190202832221985,False,21
2,99.91506187499908,49.129999999999995,0.00029125320871794657,3.5805305306198774e-07,5.042848419951277e-07,0.0,0.0,0.5680526494979858,0.7666074633598328,0.06036260724067688,False,20
2,100.02066406000085,49.16399999999999,0.00029145135292135693,3.5822244840798245e-07,5.045096921357927e-07,0.0,0.0,0.5680526494979858,0.7647892832756042,0.06036260724067688,False,20
2,100.12214005200076,49.232000000000085,0.00029184764132825745,3.5856123916257707e-07,5.049593912128884e-07,0.0,0.0,0.5669161677360535,0.7647892832756042,0.06027519702911377,False,20
2,100.22630662000302,49.266000000000076,0.0002920457855317524,3.5873063466735757e-07,5.051842407894549e-07,0.0,0.0,0.5669161677360535,0.7662550806999207,0.06027519702911377,False,20
2,100.3326200349984,49.33400000000006,0.0002924420739389274,3.5906942581172404e-07,5.056339399054298e-07,0.0,0.0,0.5667014122009277,0.7662550806999207,0.04704907536506653,False,20
2,100.43458203600312,49.36800000000005,0.0002926402181427628,3.592388212794255e-07,5.058587895656271e-07,0.0,0.0,0.5667014122009277,0.7662550806999207,0.04704907536506653,False,20
2,100.54670220400294,49.436000000000035,0.0002930365065505155,3.595776124268239e-07,5.063084893497382e-07,0.0,0.0,0.5681686997413635,0.7686497569084167,0.0633186548948288,False,19
2,100.6693977870018,49.50400000000002,0.0002934327949583619,3.599164038262488e-07,5.067581887606602e-07,0.0,0.0,0.5600529313087463,0.7624373435974121,0.047230273485183716,False,21
2,100.8039946179997,49.53800000000001,0.00029363093916226837,3.600857996535632e-07,5.069830385566259e-07,0.0,0.0,0.5600529313087463,0.7624373435974121,0.047230273485183716,False,21
2,100.90545098699658,49.639999999999986,0.0002942253717744432,3.605939874741911e-07,5.076575885664175e-07,0.0,0.0,0.5607115626335144,0.7669041156768799,0.06103615462779999,False,21
2,101.006000718,49.639999999999986,0.0002942253717744432,3.605939874741911e-07,5.076575885664175e-07,0.0,0.0,0.5607115626335144,0.7669041156768799,0.06103615462779999,False,21
2,101.11067502399965,49.742000000000075,0.0002948198043874056,3.611021757567654e-07,5.083321378929811e-07,0.0,0.0,0.5690048336982727,0.7680651545524597,0.04700867831707001,False,21
2,101.21127315599733,49.742000000000075,0.0002948198043874056,3.611021757567654e-07,5.083321378929811e-07,0.0,0.0,0.5690048336982727,0.7680651545524597,0.04700867831707001,False,21
2,101.32356235900079,49.84400000000005,0.00029541423700068766,3.616103640608405e-07,5.090066859465853e-07,0.0,0.0,0.5683857798576355,0.7692321538925171,0.063613161444664,False,20
2,101.42416991299979,49.84400000000005,0.00029541423700068766,3.616103640608405e-07,5.090066859465853e-07,0.0,0.0,0.5683857798576355,0.7692321538925171,0.063613161444664,False,20
2,101.53111141300178,49.946000000000026,0.0002960086696141722,3.621185529228099e-07,5.096812347904101e-07,0.0,0.0,0.5754111409187317,0.7698363065719604,0.06248581409454346,False,20
2,101.63162536099844,49.946000000000026,0.0002960086696141722,3.621185529228099e-07,5.096812347904101e-07,0.0,0.0,0.5754111409187317,0.7698363065719604,0.06248581409454346,False,20
2,101.73916140000074,50.048,0.0002966031022283997,3.6262674243846036e-07,5.103557835531007e-07,0.0,0.0,0.5669196248054504,0.7659438252449036,0.061493441462516785,False,21
2,101.83981682600279,50.048,0.0002966031022283997,3.6262674243846036e-07,5.103557835531007e-07,0.0,0.0,0.5669196248054504,0.7659438252449036,0.061493441462516785,False,21
2,101.94219346399768,50.14999999999998,0.00029719753484296323,3.6313493222589495e-07,5.110303329594144e-07,0.0,0.0,0.5606414079666138,0.765591561794281,0.06082028150558472,False,20
2,102.0427741520034,50.14999999999998,0.00029719753484296323,3.6313493222589495e-07,5.110303329594144e-07,0.0,0.0,0.5606414079666138,0.765591561794281,0.06082028150558472,False,20
2,102.14524842399987,50.252000000000066,0.0002977919674579505,3.636431223541044e-07,5.117048819353097e-07,0.0,0.0,0.5605824589729309,0.7650231122970581,0.06064996123313904,False,21
2,102.24589894599922,50.252000000000066,0.0002977919674579505,3.636431223541044e-07,5.117048819353097e-07,0.0,0.0,0.5605824589729309,0.7650231122970581,0.06064996123313904,False,21
2,102.35335811899859,50.35400000000004,0.00029838640007335973,3.6415131281742293e-07,5.123794298062544e-07,0.0,0.0,0.5673367977142334,0.7634268403053284,0.06027503311634064,False,21
2,102.45399450400146,50.35400000000004,0.00029838640007335973,3.6415131281742293e-07,5.123794298062544e-07,0.0,0.0,0.5673367977142334,0.7634268403053284,0.06027503311634064,False,21
2,102.55879675399774,50.45600000000002,0.0002989808326894876,3.646595039408449e-07,5.130539770539301e-07,0.0,0.0,0.5677887201309204,0.7653653025627136,0.06004263460636139,False,21
2,102.65928939799778,50.45600000000002,0.0002989808326894876,3.646595039408449e-07,5.130539770539301e-07,0.0,0.0,0.5677887201309204,0.7653653025627136,0.06004263460636139,False,21
2,102.78503302200261,50.524,0.000299377121100224,3.6499829821370776e-07,5.13503677156488e-07,0.0,0.0,0.5603491067886353,0.7660682201385498,0.04667544364929199,False,21
2,102.88617782299843,50.55799999999999,0.0002995752653057737,3.651676953499458e-07,5.137285271957499e-07,0.0,0.0,0.5603491067886353,0.7660682201385498,0.04667544364929199,False,21
2,102.99034664800274,50.625999999999976,0.0002999715537169937,3.6550649001656587e-07,5.141782277105402e-07,0.0,0.0,0.5680278539657593,0.7672578692436218,0.06306315958499908,False,20
2,103.09416186300223,50.66000000000008,0.0003001696979227143,3.656758872853606e-07,5.144030779703724e-07,0.0,0.0,0.5680278539657593,0.7672578692436218,0.06306315958499908,False,20
2,103.20017469299637,50.728000000000065,0.0003005659863343181,3.660146819087869e-07,5.148527759657411e-07,0.0,0.0,0.5758605003356934,0.7630324363708496,0.04671415686607361,False,21
2,103.30544891500176,50.76200000000006,0.00030076413054018784,3.661840793304491e-07,5.15077624931765e-07,0.0,0.0,0.5758605003356934,0.7630324363708496,0.04671415686607361,False,21
2,103.4137108290015,50.83000000000004,0.0003011604189519469,3.6652287438026784e-07,5.155273226909186e-07,0.0,0.0,0.5745806694030762,0.7670380473136902,0.060853153467178345,False,21
2,103.51887627499673,50.86400000000003,0.0003013585631578531,3.666922720185899e-07,5.157521715193385e-07,0.0,0.0,0.5745806694030762,0.7670380473136902,0.060853153467178345,False,21
2,103.62564534400008,50.932000000000016,0.00030175485156996515,3.6703106733864343e-07,5.16201871620604e-07,0.0,0.0,0.560799241065979,0.7655038237571716,0.0607294887304306,False,21
2,103.72875580599793,50.96600000000001,0.0003019529957760782,3.6720046512473344e-07,5.164267211182538e-07,0.0,0.0,0.560799241065979,0.7655038237571716,0.0607294887304306,False,21
2,103.83865830399736,51.03399999999999,0.0003023492841883941,3.6753926086912937e-07,5.168764214991387e-07,0.0,0.0,0.5668522715568542,0.7650341987609863,0.0605098158121109,False,21
2,103.94021292599791,51.067999999999984,0.000302547428394603,3.6770865869746345e-07,5.171012719171325e-07,0.0,0.0,0.5668522715568542,0.7650341987609863,0.0605098158121109,False,21
2,104.05292128199653,51.13600000000008,0.0003029437168073023,3.680474544357222e-07,5.175509698164968e-07,0.0,0.0,0.5750238299369812,0.7647347450256348,0.06005986034870148,False,20
2,104.15567379500135,51.17000000000007,0.0003031418610136417,3.6821685240783076e-07,5.177758193510972e-07,0.0,0.0,0.5517220497131348,0.7647347450256348,0.06005986034870148,False,20
2,104.26651323900296,51.238000000000056,0.0003035381494265275,3.6855564855301124e-07,5.182255173603148e-07,0.0,0.0,0.5517220497131348,0.7631425261497498,0.05976510047912598,False,21
2,104.36842591399909,51.27200000000005,0.00030373629363295495,3.687250466795588e-07,5.184503658431619e-07,0.0,0.0,0.5517220497131348,0.7624872922897339,0.05976510047912598,False,21
2,104.47860191899963,51.34000000000003,0.0003041325820460337,3.6906384311493476e-07,5.189000642702347e-07,0.0,0.0,0.5662193298339844,0.7624872922897339,0.059200480580329895,False,21
2,104.579669535,51.374000000000024,0.00030433072625281115,3.692332414469942e-07,5.191249125844414e-07,0.0,0.0,0.5662193298339844,0.7624872922897339,0.059200480580329895,False,21
2,104.69769249099772,51.44200000000001,0.00030472701466631577,3.6957203818793155e-07,5.195746120643243e-07,0.0,0.0,0.5663918256759644,0.7604823708534241,0.0593770295381546,False,21
2,104.82424812099634,51.50999999999999,0.00030512330307982255,3.6991083502634084e-07,5.200243116081785e-07,0.0,0.0,0.5604045391082764,0.7632532715797424,0.04610918462276459,False,20
2,104.95906081899739,51.54399999999998,0.000305321447286819,3.70080233581928e-07,5.202491614120387e-07,0.0,0.0,0.5604045391082764,0.7632532715797424,0.04610918462276459,False,20
2,105.06793251800264,51.64600000000007,0.0003059158799078778,3.7058842942613783e-07,5.209237109303365e-07,0.0,0.0,0.583794116973877,0.7693155407905579,0.06249362230300903,False,20
2,105.16861865099781,51.64600000000007,0.0003059158799078778,3.7058842942613783e-07,5.209237109303365e-07,0.0,0.0,0.583794116973877,0.7693155407905579,0.06249362230300903,False,20
2,105.2819646459975,51.74800000000005,0.000306510312529395,3.710966256246662e-07,5.21598256505354e-07,0.0,0.0,0.5773606300354004,0.7696443200111389,0.04682829976081848,False,21
2,105.38257706599688,51.74800000000005,0.000306510312529395,3.710966256246662e-07,5.21598256505354e-07,0.0,0.0,0.5773606300354004,0.7696443200111389,0.04682829976081848,False,21
2,105.49584178200166,51.85000000000002,0.00030710474515140314,3.7160482223426474e-07,5.222728026558628e-07,0.0,0.0,0.5681240558624268,0.7693384885787964,0.06418365240097046,False,20
2,105.5964214889973,51.85000000000002,0.00030710474515140314,3.7160482223426474e-07,5.222728026558628e-07,0.0,0.0,0.5681240558624268,0.7693384885787964,0.06418365240097046,False,20
2,105.70574018899788,51.952,0.00030769917777377165,3.7211301930746873e-07,5.229473511213358e-07,0.0,0.0,0.566444456577301,0.7614869475364685,0.046815499663352966,False,21
2,105.80631238299975,51.952,0.00030769917777377165,3.7211301930746873e-07,5.229473511213358e-07,0.0,0.0,0.566444456577301,0.7614869475364685,0.046815499663352966,False,21
2,105.91817654999613,52.05400000000009,0.0003082936103966315,3.726212167642105e-07,5.236219011188391e-07,0.0,0.0,0.5766583681106567,0.766062319278717,0.060855746269226074,False,20
2,106.01877100300044,52.05400000000009,0.0003082936103966315,3.726212167642105e-07,5.236219011188391e-07,0.0,0.0,0.5766583681106567,0.766062319278717,0.060855746269226074,False,20
2,106.12581820999912,52.15600000000006,0.00030888804301986393,3.7312941465426127e-07,5.242964486594054e-07,0.0,0.0,0.560361385345459,0.7661689519882202,0.04665999114513397,False,18
2,106.22628920999705,52.15600000000006,0.00030888804301986393,3.7312941465426127e-07,5.242964486594054e-07,0.0,0.0,0.560361385345459,0.7661689519882202,0.04665999114513397,False,18
2,106.35865873200237,52.224000000000046,0.0003092843314354706,3.7346821344347167e-07,5.247461455324981e-07,0.0,0.0,0.568038284778595,0.7686923742294312,0.06375443935394287,False,21
2,106.46450173499761,52.25800000000004,0.0003094824756432876,3.736376128431665e-07,5.249709941388015e-07,0.0,0.0,0.568038284778595,0.7686923742294312,0.06375443935394287,False,21
2,106.56809637600236,52.32600000000002,0.0003098787640590651,3.739764120132183e-07,5.25420691295015e-07,0.0,0.0,0.569608747959137,0.7706328630447388,0.04679194092750549,False,21
2,106.66900102399813,52.360000000000014,0.0003100769082670274,3.741458115810096e-07,5.256455400229454e-07,0.0,0.0,0.569608747959137,0.7706328630447388,0.04679194092750549,False,21
2,106.80848238500039,52.46199999999999,0.00031067134089157603,3.746540106565105e-07,5.263200881384691e-07,0.0,0.0,0.5688186287879944,0.7707444429397583,0.06505274772644043,False,20
2,106.93437791700126,52.530000000000086,0.0003110676293079824,3.7499281029200495e-07,5.267697874287328e-07,0.0,0.0,0.569945216178894,0.7726788520812988,0.04702529311180115,False,19
2,107.03811332800251,52.530000000000086,0.0003110676293079824,3.7499281029200495e-07,5.267697874287328e-07,0.0,0.0,0.569945216178894,0.7726788520812988,0.04702529311180115,False,19
2,107.14562992200081,52.63200000000006,0.0003116620619330792,3.7550101013973053e-07,5.274443357500074e-07,0.0,0.0,0.5683661699295044,0.7715665102005005,0.06572183966636658,False,20
2,107.2462154370005,52.63200000000006,0.0003116620619330792,3.7550101013973053e-07,5.274443357500074e-07,0.0,0.0,0.5683661699295044,0.7715665102005005,0.06572183966636658,False,20
2,107.36707859300077,52.73400000000004,0.0003122564945586405,3.760092105727813e-07,5.281188833637553e-07,0.0,0.0,0.570263683795929,0.7715066075325012,0.0467727929353714,False,19
2,107.46773352300079,52.73400000000004,0.0003122564945586405,3.760092105727813e-07,5.281188833637553e-07,0.0,0.0,0.570263683795929,0.7715066075325012,0.0467727929353714,False,19
2,107.58485531699989,52.83600000000001,0.0003128509271848128,3.765174110297643e-07,5.287934291515517e-07,0.0,0.0,0.5459985733032227,0.7723370790481567,0.06583496928215027,False,20
2,107.6855505880012,52.83600000000001,0.0003128509271848128,3.765174110297643e-07,5.287934291515517e-07,0.0,0.0,0.5459985733032227,0.7723370790481567,0.06583496928215027,False,20
2,107.80165321900131,52.93799999999999,0.00031344535981101505,3.7702561200931344e-07,5.294679754785713e-07,0.0,0.0,0.5619792342185974,0.7713754773139954,0.04634945094585419,False,21
2,107.90217744000256,52.93799999999999,0.00031344535981101505,3.7702561200931344e-07,5.294679754785713e-07,0.0,0.0,0.5619792342185974,0.7713754773139954,0.04634945094585419,False,21
2,108.01637934299652,53.04000000000008,0.0003140397924377737,3.775338133715276e-07,5.301425242781844e-07,0.0,0.0,0.569034218788147,0.7739596366882324,0.06659704446792603,False,20
2,108.11692065600073,53.04000000000008,0.0003140397924377737,3.775338133715276e-07,5.301425242781844e-07,0.0,0.0,0.569034218788147,0.7739596366882324,0.06659704446792603,False,20
2,108.23005551200185,53.14200000000005,0.0003146342250650333,3.780420153161029e-07,5.308170727720353e-07,0.0,0.0,0.5760637521743774,0.7723383903503418,0.06476733088493347,False,20
2,108.33074330999807,53.14200000000005,0.0003146342250650333,3.780420153161029e-07,5.308170727720353e-07,0.0,0.0,0.5760637521743774,0.7723383903503418,0.06476733088493347,False,20
2,108.44495179299702,53.24400000000003,0.00031522865769256824,3.7855021766774207e-07,5.314916193989122e-07,0.0,0.0,0.5755600333213806,0.7687559723854065,0.06317397952079773,False,21
2,108.54553153199959,53.24400000000003,0.00031522865769256824,3.7855021766774207e-07,5.314916193989122e-07,0.0,0.0,0.5755600333213806,0.7687559723854065,0.06317397952079773,False,21
2,108.66403551900294,53.346000000000004,0.000315823090320291,3.7905842044796597e-07,5.321661661204811e-07,0.0,0.0,0.5751921534538269,0.7686124444007874,0.06190676987171173,False,19
2,108.76476443299907,53.346000000000004,0.000315823090320291,3.7905842044796597e-07,5.321661661204811e-07,0.0,0.0,0.5751921534538269,0.7686124444007874,0.06190676987171173,False,19
2,108.8747245620034,53.44799999999998,0.000316417522948754,3.7956662343360785e-07,5.328407129031628e-07,0.0,0.0,0.5671625137329102,0.7652459740638733,0.06110605597496033,False,21
2,108.97532074999617,53.44799999999998,0.000316417522948754,3.7956662343360785e-07,5.328407129031628e-07,0.0,0.0,0.5671625137329102,0.7652459740638733,0.06110605597496033,False,21
2,109.08345355300116,53.55000000000007,0.0003170119555776572,3.8007482670022697e-07,5.335152601223067e-07,0.0,0.0,0.5606016516685486,0.7639033198356628,0.06033335626125336,False,20
2,109.1840071580009,53.55000000000007,0.0003170119555776572,3.8007482670022697e-07,5.335152601223067e-07,0.0,0.0,0.5606016516685486,0.7639033198356628,0.06033335626125336,False,20
2,109.29313822899712,53.652000000000044,0.0003176063882066489,3.8058303055498405e-07,5.341898075399705e-07,0.0,0.0,0.5671359896659851,0.7621622681617737,0.05976805090904236,False,20
2,109.39376407700183,53.652000000000044,0.0003176063882066489,3.8058303055498405e-07,5.341898075399705e-07,0.0,0.0,0.5671359896659851,0.7621622681617737,0.05976805090904236,False,20
2,109.50970089800103,53.75400000000002,0.00031820082083623127,3.8109123502960964e-07,5.348643550030687e-07,0.0,0.0,0.566813588142395,0.7593621015548706,0.04668387770652771,False,20
2,109.61024124600226,53.75400000000002,0.00031820082083623127,3.8109123502960964e-07,5.348643550030687e-07,0.0,0.0,0.566813588142395,0.7593621015548706,0.04668387770652771,False,20
2,109.72381320199929,53.855999999999995,0.0003187952534663735,3.815994399862634e-07,5.355389012804406e-07,0.0,0.0,0.5661630034446716,0.7618557810783386,0.058679431676864624,False,20
2,109.82451733500056,53.855999999999995,0.0003187952534663735,3.815994399862634e-07,5.355389012804406e-07,0.0,0.0,0.5661630034446716,0.7618557810783386,0.058679431676864624,False,20
2,109.93077393400017,53.958000000000084,0.00031938968609669226,3.821076449943778e-07,5.362134484340635e-07,0.0,0.0,0.566466748714447,0.7618376612663269,0.0588318407535553,False,20
2,110.03129007099778,53.958000000000084,0.00031938968609669226,3.821076449943778e-07,5.362134484340635e-07,0.0,0.0,0.566466748714447,0.7618376612663269,0.0588318407535553,False,20
2,110.1486249619993,54.02600000000007,0.0003197859745170447,3.8244644865191586e-07,5.36663145599952e-07,0.0,0.0,0.5666787028312683,0.761926531791687,0.058889999985694885,False,20
2,110.25779851499829,54.06000000000006,0.0003199841187272543,3.826158504954721e-07,5.368879950370892e-07,0.0,0.0,0.5666787028312683,0.761926531791687,0.058889999985694885,False,20
2,110.36283048999758,54.12800000000004,0.0003203804071480656,3.829546542247871e-07,5.373376927263228e-07,0.0,0.0,0.582705557346344,0.7633894681930542,0.058873310685157776,False,20
2,110.46583842999826,54.162000000000035,0.00032057855135852846,3.831240562179252e-07,5.37562541432768e-07,0.0,0.0,0.582705557346344,0.7633894681930542,0.058873310685157776,False,20
2,110.57370891699975,54.23000000000002,0.000320974839779668,3.834628603364441e-07,5.380122392675918e-07,0.0,0.0,0.5741813778877258,0.7627811431884766,0.05860273540019989,False,20
2,110.67552610400162,54.26400000000001,0.0003211729839902736,3.8363226251304203e-07,5.382370877292474e-07,0.0,0.0,0.5741813778877258,0.7627811431884766,0.05860273540019989,False,20
2,110.78415432800102,54.331999999999994,0.0003215692724114843,3.8397106705292677e-07,5.386867854056042e-07,0.0,0.0,0.559721827507019,0.7612962126731873,0.05840758979320526,False,21
2,110.88549448899721,54.365999999999985,0.0003217674166221328,3.8414046939657437e-07,5.389116337366557e-07,0.0,0.0,0.559721827507019,0.760327935218811,0.05840758979320526,False,21
2,110.99106016199948,54.43400000000008,0.00032216370504355466,3.8447927430649593e-07,5.393613306276419e-07,0.0,0.0,0.5667212605476379,0.760327935218811,0.05822792649269104,False,20
2,111.1108374989999,54.502000000000066,0.00032255999346549004,3.848180792383988e-07,5.398110298930032e-07,0.0,0.0,0.5676398873329163,0.7610195875167847,0.046880364418029785,False,20
2,111.24548140900151,54.53600000000006,0.0003227581376764716,3.8498748170165666e-07,5.400358789288787e-07,0.0,0.0,0.5676398873329163,0.7610195875167847,0.046880364418029785,False,20
2,111.35717491599644,54.638000000000034,0.0003233525703095069,3.8549568960085975e-07,5.407104261309449e-07,0.0,0.0,0.5599697828292847,0.7634152770042419,0.05977104604244232,False,21
2,111.45783574200323,54.638000000000034,0.0003233525703095069,3.8549568960085975e-07,5.407104261309449e-07,0.0,0.0,0.5599697828292847,0.7634152770042419,0.05977104604244232,False,21
2,111.56634202400164,54.74000000000001,0.0003239470029427929,3.8600389758492516e-07,5.413849716626532e-07,0.0,0.0,0.5745917558670044,0.7655808329582214,0.05981053411960602,False,20
2,111.66687703900243,54.74000000000001,0.0003239470029427929,3.8600389758492516e-07,5.413849716626532e-07,0.0,0.0,0.5745917558670044,0.7655808329582214,0.05981053411960602,False,20
2,111.77938311199978,54.841999999999985,0.00032454143557645145,3.865121061050916e-07,5.420595172935101e-07,0.0,0.0,0.5667926073074341,0.7626108527183533,0.059474095702171326,False,20
2,111.8799549480027,54.841999999999985,0.00032454143557645145,3.865121061050916e-07,5.420595172935101e-07,0.0,0.0,0.5667926073074341,0.7626108527183533,0.059474095702171326,False,20
2,111.98916401899623,54.944000000000074,0.00032513586821067333,3.870203151895059e-07,5.427340626055565e-07,0.0,0.0,0.582947850227356,0.7647028565406799,0.05943895876407623,False,21
2,112.08982457099773,54.944000000000074,0.00032513586821067333,3.870203151895059e-07,5.427340626055565e-07,0.0,0.0,0.582947850227356,0.7647028565406799,0.05943895876407623,False,21
2,112.20418780999898,55.04600000000005,0.0003257303008451684,3.8752852478813025e-07,5.434086077218178e-07,0.0,0.0,0.5663905143737793,0.7618189454078674,0.05911348760128021,False,20
2,112.30490601900237,55.04600000000005,0.0003257303008451684,3.8752852478813025e-07,5.434086077218178e-07,0.0,0.0,0.5663905143737793,0.7618189454078674,0.05911348760128021,False,20
2,112.41786311200121,55.148000000000025,0.0003263247334799658,3.8803673479171093e-07,5.440831526889741e-07,0.0,0.0,0.5596895813941956,0.7626082301139832,0.05879312753677368,False,20
2,112.51858143199934,55.148000000000025,0.0003263247334799658,3.8803673479171093e-07,5.440831526889741e-07,0.0,0.0,0.5596895813941956,0.7626082301139832,0.05879312753677368,False,20
2,112.63694936099637,55.25,0.0003269191661154831,3.8854494511499955e-07,5.447577013099333e-07,0.0,0.0,0.5664916038513184,0.7600958943367004,0.0583331435918808,False,21
2,112.7376327489983,55.25,0.0003269191661154831,3.8854494511499955e-07,5.447577013099333e-07,0.0,0.0,0.5664916038513184,0.7600958943367004,0.0583331435918808,False,21
2,112.84898118799902,55.351999999999975,0.0003275135987512818,3.8905315571256426e-07,5.454322485851136e-07,0.0,0.0,0.574103593826294,0.7626240849494934,0.058340877294540405,False,21
2,112.9495399410007,55.351999999999975,0.0003275135987512818,3.8905315571256426e-07,5.454322485851136e-07,0.0,0.0,0.574103593826294,0.7626240849494934,0.058340877294540405,False,21
2,113.06423551299667,55.454000000000065,0.00032810803138733687,3.895613667016484e-07,5.461067946400483e-07,0.0,0.0,0.5662952661514282,0.7613222002983093,0.05840292572975159,False,21
2,113.16478713299875,55.454000000000065,0.00032810803138733687,3.895613667016484e-07,5.461067946400483e-07,0.0,0.0,0.5662952661514282,0.7613222002983093,0.05840292572975159,False,21
2,113.27277515100286,55.55600000000004,0.000328702464023676,3.9006957808699733e-07,5.467813386657964e-07,0.0,0.0,0.567297101020813,0.7638460993766785,0.058650851249694824,False,21
2,113.37340273200243,55.55600000000004,0.000328702464023676,3.9006957808699733e-07,5.467813386657964e-07,0.0,0.0,0.567297101020813,0.7638460993766785,0.058650851249694824,False,21
2,113.50438061499881,55.658000000000015,0.0003292968966605602,3.9057778995021106e-07,5.474558831278338e-07,0.0,0.0,0.5667087435722351,0.7617544531822205,0.05898912250995636,False,20
2,113.60506805899786,55.658000000000015,0.0003292968966605602,3.9057778995021106e-07,5.474558831278338e-07,0.0,0.0,0.5667087435722351,0.7617544531822205,0.05898912250995636,False,20
2,113.74681505699846,55.726,0.0003296931850851931,3.909165982224325e-07,5.479055790443813e-07,0.0,0.0,0.5768161416053772,0.7649205327033997,0.04687735438346863,False,18
2,113.8474084940026,55.726,0.0003296931850851931,3.909165982224325e-07,5.479055790443813e-07,0.0,0.0,0.5768161416053772,0.7649205327033997,0.04687735438346863,False,18
2,113.96743549499661,55.827999999999975,0.0003302876177225002,3.9142481085331923e-07,5.485801253367183e-07,0.0,0.0,0.5674589276313782,0.7666705250740051,0.06210218369960785,False,21
2,114.06809744200291,55.827999999999975,0.0003302876177225002,3.9142481085331923e-07,5.485801253367183e-07,0.0,0.0,0.5674589276313782,0.7666705250740051,0.06210218369960785,False,21
2,114.1907074089977,55.930000000000064,0.00033088205036018977,3.919330238809991e-07,5.49254670053283e-07,0.0,0.0,0.5508153438568115,0.7615771293640137,0.04692870378494263,False,21
2,114.29144178899878,55.930000000000064,0.00033088205036018977,3.919330238809991e-07,5.49254670053283e-07,0.0,0.0,0.5508153438568115,0.7615771293640137,0.04692870378494263,False,21
2,114.41533082100068,56.03200000000004,0.0003314764829986708,3.924412372624417e-07,5.499292189561868e-07,0.0,0.0,0.5670908689498901,0.7630356550216675,0.05979989469051361,False,21
2,114.51593840799615,56.03200000000004,0.0003314764829986708,3.924412372624417e-07,5.499292189561868e-07,0.0,0.0,0.5670908689498901,0.7630356550216675,0.05979989469051361,False,21
2,114.63717775500118,56.134000000000015,0.00033207091563727375,3.929494509759854e-07,5.506037651214484e-07,0.0,0.0,0.5683597326278687,0.7668653130531311,0.0466761589050293,False,21
2,114.73778322400176,56.134000000000015,0.00033207091563727375,3.929494509759854e-07,5.506037651214484e-07,0.0,0.0,0.5683597326278687,0.7668653130531311,0.0466761589050293,False,21
2,114.86133040099958,56.23599999999999,0.00033266534827630775,3.9345766509936594e-07,5.512783093394783e-07,0.0,0.0,0.5759654641151428,0.7701770067214966,0.06313493847846985,False,21
2,114.9839004509995,56.30400000000009,0.0003330616367024945,3.937964747425297e-07,5.517280043732764e-07,0.0,0.0,0.5690244436264038,0.7708896398544312,0.046984732151031494,False,21
2,115.11869719300012,56.33800000000008,0.0003332597809155937,3.93965879688002e-07,5.519528521167401e-07,0.0,0.0,0.5690244436264038,0.7708896398544312,0.046984732151031494,False,21
2,115.228848535,56.440000000000055,0.000333854213555221,3.944740946080386e-07,5.526273959714282e-07,0.0,0.0,0.5765941143035889,0.7732526063919067,0.06497499346733093,False,21
2,115.32942279300187,56.440000000000055,0.000333854213555221,3.944740946080386e-07,5.526273959714282e-07,0.0,0.0,0.5765941143035889,0.7732526063919067,0.06497499346733093,False,21
2,115.44015523800044,56.54200000000003,0.00033444864619517223,3.94982310047554e-07,5.533019399717361e-07,0.0,0.0,0.5619657635688782,0.7712526917457581,0.04702101647853851,False,18
2,115.54103419600142,56.54200000000003,0.00033444864619517223,3.94982310047554e-07,5.533019399717361e-07,0.0,0.0,0.5619657635688782,0.7712526917457581,0.04702101647853851,False,18
2,115.66122491099668,56.644000000000005,0.00033504307883553243,3.9549052592688963e-07,5.539764856068496e-07,0.0,0.0,0.5544155836105347,0.7732483744621277,0.06612591445446014,False,20
2,115.7617714309963,56.644000000000005,0.00033504307883553243,3.9549052592688963e-07,5.539764856068496e-07,0.0,0.0,0.5544155836105347,0.7732483744621277,0.06612591445446014,False,20
2,115.86988544699852,56.74599999999998,0.00033563751147610904,3.9599874211891987e-07,5.546510329149893e-07,0.0,0.0,0.5680800676345825,0.769408106803894,0.06410498917102814,False,21
2,115.97042601199792,56.74599999999998,0.00033563751147610904,3.9599874211891987e-07,5.546510329149893e-07,0.0,0.0,0.5680800676345825,0.769408106803894,0.06410498917102814,False,21
2,116.07858414400107,56.84800000000007,0.00033623194411734744,3.9650695870458744e-07,5.55325579261546e-07,0.0,0.0,0.5523242950439453,0.7670458555221558,0.06257957220077515,False,21
2,116.17913290100114,56.84800000000007,0.00033623194411734744,3.9650695870458744e-07,5.55325579261546e-07,0.0,0.0,0.5523242950439453,0.7670458555221558,0.06257957220077515,False,21
2,116.28794173699862,56.950000000000045,0.000336826376758987,3.9701517586927546e-07,5.560001260537636e-07,0.0,0.0,0.568990170955658,0.7669504284858704,0.06147456169128418,False,20
2,116.38848765999865,56.950000000000045,0.000336826376758987,3.9701517586927546e-07,5.560001260537636e-07,0.0,0.0,0.568990170955658,0.7669504284858704,0.06147456169128418,False,20
2,116.50317404900125,57.05200000000002,0.0003374208094009375,3.9752339320105465e-07,5.566746690583465e-07,0.0,0.0,0.5751633644104004,0.7667517066001892,0.061186134815216064,False,21
2,116.60385733099974,57.05200000000002,0.0003374208094009375,3.9752339320105465e-07,5.566746690583465e-07,0.0,0.0,0.5751633644104004,0.7667517066001892,0.061186134815216064,False,21
2,116.71679622500233,57.153999999999996,0.00033801524204304326,3.98031611090669e-07,5.573492127149156e-07,0.0,0.0,0.5680413246154785,0.7665730714797974,0.060355544090270996,False,20
2,116.81755066900223,57.153999999999996,0.00033801524204304326,3.98031611090669e-07,5.573492127149156e-07,0.0,0.0,0.5680413246154785,0.7665730714797974,0.060355544090270996,False,20
2,116.91925450699637,57.256000000000085,0.00033860967468535676,3.9853982931162886e-07,5.580237544876234e-07,0.0,0.0,0.566908597946167,0.7647566795349121,0.06026642024517059,False,20
2,117.01976660299988,57.256000000000085,0.00033860967468535676,3.9853982931162886e-07,5.580237544876234e-07,0.0,0.0,0.566908597946167,0.7647566795349121,0.06026642024517059,False,20
2,117.12642501499795,57.35800000000006,0.00033920410732837065,3.990480477955593e-07,5.586982992395146e-07,0.0,0.0,0.5667017698287964,0.7662403583526611,0.047041937708854675,False,20
2,117.22705573999701,57.35800000000006,0.00033920410732837065,3.990480477955593e-07,5.586982992395146e-07,0.0,0.0,0.5667017698287964,0.7662403583526611,0.047041937708854675,False,20
2,117.35208339399833,57.426000000000045,0.00033960039575731647,3.993868605044996e-07,5.591479944873644e-07,0.0,0.0,0.5681661367416382,0.7686325311660767,0.06330892443656921,False,19
2,117.45746050999878,57.460000000000036,0.00033979853997175014,3.9955626686552094e-07,5.593728428047314e-07,0.0,0.0,0.5681661367416382,0.7686325311660767,0.06330892443656921,False,19
2,117.56254594599886,57.52800000000002,0.0003401948284005303,3.998950796743675e-07,5.59822540567915e-07,0.0,0.0,0.5601837038993835,0.7625764012336731,0.04722648859024048,False,21
2,117.66417865100084,57.56200000000001,0.000340392972615052,4.000644862421806e-07,5.600473890444801e-07,0.0,0.0,0.5601837038993835,0.7625764012336731,0.04722648859024048,False,21
2,117.77184123900224,57.629999999999995,0.00034078926104430746,4.0040329941440294e-07,5.604970865138519e-07,0.0,0.0,0.5607027411460876,0.7668814063072205,0.06103251874446869,False,21
2,117.88599223599886,57.69799999999998,0.0003411855494738418,4.0074211283675686e-07,5.609467844317171e-07,0.0,0.0,0.5689977407455444,0.7680460810661316,0.04700179398059845,False,21
2,118.02069873300206,57.732000000000085,0.0003413836936886983,4.0091151964851057e-07,5.611716331578578e-07,0.0,0.0,0.5689977407455444,0.7680460810661316,0.04700179398059845,False,21
2,118.16777285900025,57.83400000000006,0.0003419781263333016,4.0141974021522404e-07,5.618461781684542e-07,0.0,0.0,0.5683491230010986,0.7692993879318237,0.06361091136932373,False,20
2,118.26993106499867,57.86800000000005,0.000342176270548195,4.0158914723404803e-07,5.620710264949397e-07,0.0,0.0,0.5754354000091553,0.7692993879318237,0.06361091136932373,False,20
2,118.3768495569966,57.936000000000035,0.000342572558978029,4.0192796131790953e-07,5.625207229057948e-07,0.0,0.0,0.5754354000091553,0.7698462605476379,0.062479496002197266,False,20
2,118.47688856400055,57.97000000000003,0.0003427707031930043,4.020973683787313e-07,5.627455702452425e-07,0.0,0.0,0.5669242143630981,0.7659279108047485,0.061488211154937744,False,19
2,118.58534378300101,58.03800000000001,0.0003431669916229671,4.024361827465106e-07,5.631952650937504e-07,0.0,0.0,0.5669242143630981,0.7659279108047485,0.061488211154937744,False,19
2,118.70814403500117,58.105999999999995,0.00034356328005336707,4.027749971810351e-07,5.63644961978522e-07,0.0,0.0,0.560676634311676,0.7656614184379578,0.06081129610538483,False,20
2,118.84261850299663,58.139999999999986,0.00034376142426863253,4.029444044090443e-07,5.638698095292416e-07,0.0,0.0,0.560676634311676,0.7656614184379578,0.06081129610538483,False,20
2,118.94707910299621,58.242000000000075,0.00034435585691456813,4.0345262650826024e-07,5.645443518950846e-07,0.0,0.0,0.5605807900428772,0.765096127986908,0.06068980693817139,False,21
2,119.04761980899639,58.242000000000075,0.00034435585691456813,4.0345262650826024e-07,5.645443518950846e-07,0.0,0.0,0.5605807900428772,0.765096127986908,0.06068980693817139,False,21
2,119.19744935000199,58.34400000000005,0.00034495028956076394,4.0396084886310797e-07,5.652188953780599e-07,0.0,0.0,0.5673449635505676,0.7633907794952393,0.06030265986919403,False,21
2,119.32243819400173,58.412000000000035,0.0003453465779916162,4.0429966403370014e-07,5.656685914192985e-07,0.0,0.0,0.5678452253341675,0.7655814290046692,0.060157403349876404,False,20
2,119.45693541299988,58.446000000000026,0.00034554472220713756,4.0446907164185064e-07,5.658934400325666e-07,0.0,0.0,0.5678452253341675,0.7655814290046692,0.060157403349876404,False,20
2,119.56389335900167,58.548,0.0003461391548541283,4.0497729489127496e-07,5.665679847014828e-07,0.0,0.0,0.5603880286216736,0.7662191987037659,0.04669521749019623,False,21
2,119.66452452699741,58.548,0.0003461391548541283,4.0497729489127496e-07,5.665679847014828e-07,0.0,0.0,0.5603880286216736,0.7662191987037659,0.04669521749019623,False,21
2,119.77625312199962,58.64999999999998,0.0003467335875015701,4.054855185723712e-07,5.672425297765633e-07,0.0,0.0,0.5680002570152283,0.7672260999679565,0.06312404572963715,False,20
2,119.8769378759971,58.64999999999998,0.0003467335875015701,4.054855185723712e-07,5.672425297765633e-07,0.0,0.0,0.5680002570152283,0.7672260999679565,0.06312404572963715,False,20
2,119.98397391400067,58.752000000000066,0.00034732802014910595,4.059937427963114e-07,5.679170747890931e-07,0.0,0.0,0.5758540034294128,0.7630311846733093,0.04667031764984131,False,21
3,0.10569767100241734,0.2720000000000482,6.542770044090131e-06,1.1494888210166986e-07,1.8127491578243623e-07,0.0,0.0,0.5749650597572327,0.7645578980445862,0.06001058220863342,False,21
3,0.22391408900148235,0.34000000000003183,6.939058041028224e-06,1.1528749724710729e-07,1.8172360364557522e-07,0.0,0.0,0.5517977476119995,0.763268232345581,0.0597386360168457,False,21
3,0.327170198004751,0.37400000000002365,7.137202042261769e-06,1.1545680758069268e-07,1.8194844718225173e-07,0.0,0.0,0.5517977476119995,0.7624281644821167,0.0597386360168457,False,21
3,0.43498737700429047,0.4420000000000073,7.533490045845588e-06,1.1579542866155407e-07,1.8239817397125523e-07,0.0,0.0,0.5661420822143555,0.7624281644821167,0.0591883510351181,False,21
3,0.5352576560035232,0.4759999999999991,7.731634048188055e-06,1.1596473930837486e-07,1.826230390948178e-07,0.0,0.0,0.5661420822143555,0.7624281644821167,0.0591883510351181,False,21
3,0.6537007430015365,0.5439999999999827,8.127922053774179e-06,1.1630336085845711e-07,1.8307276916249204e-07,0.0,0.0,0.5662915110588074,0.7602079510688782,0.05922980606555939,False,21
3,0.7801828720039339,0.61200000000008,8.524210060616242e-06,1.1664198270731815e-07,1.8352249904888701e-07,0.0,0.0,0.5603795647621155,0.7631731629371643,0.04615037143230438,False,20
3,0.9148366060035187,0.6460000000000719,8.722354064513889e-06,1.168112937369922e-07,1.8374736409578143e-07,0.0,0.0,0.5603795647621155,0.7631731629371643,0.04615037143230438,False,20
3,1.0248573549979483,0.7480000000000473,9.316786078034794e-06,1.173192272688221e-07,1.8442195897323666e-07,0.0,0.0,0.5837988257408142,0.7695198059082031,0.06243085861206055,False,20
3,1.125347230998159,0.7480000000000473,9.316786078034794e-06,1.173192272688221e-07,1.8442195897323666e-07,0.0,0.0,0.5837988257408142,0.7695198059082031,0.06243085861206055,False,20
3,1.23555931699957,0.8500000000000227,9.911218094296563e-06,1.1782716144036789e-07,1.8509655355386733e-07,0.0,0.0,0.5774073004722595,0.7697871327400208,0.04696168005466461,False,21
3,1.3362536810018355,0.8500000000000227,9.911218094296563e-06,1.1782716144036789e-07,1.8509655355386733e-07,0.0,0.0,0.5774073004722595,0.7697871327400208,0.04696168005466461,False,21
3,1.4395490030001383,0.9519999999999982,1.0505650113306134e-05,1.1833509631215849e-07,1.857711478478744e-07,0.0,0.0,0.5681807398796082,0.7697949409484863,0.06417430937290192,False,20
3,1.5402184749982553,0.9519999999999982,1.0505650113306134e-05,1.1833509631215849e-07,1.857711478478744e-07,0.0,0.0,0.5681807398796082,0.7697949409484863,0.06417430937290192,False,20
3,1.6494655909991707,1.0539999999999736,1.1100082135110344e-05,1.188430317967184e-07,1.8644574179500044e-07,0.0,0.0,0.5605098009109497,0.7625106573104858,0.04715573787689209,False,21
3,1.7499868650047574,1.0539999999999736,1.1100082135110344e-05,1.188430317967184e-07,1.8644574179500044e-07,0.0,0.0,0.5605098009109497,0.7625106573104858,0.04715573787689209,False,21
3,1.85732744300185,1.1560000000000628,1.1694514159681871e-05,1.1935096792480453e-07,1.8712033562851244e-07,0.0,0.0,0.5832449793815613,0.7668262720108032,0.06095828115940094,False,20
3,1.9580024050010252,1.1560000000000628,1.1694514159681871e-05,1.1935096792480453e-07,1.8712033562851244e-07,0.0,0.0,0.5832449793815613,0.7668262720108032,0.06095828115940094,False,20
3,2.0634126139993896,1.2580000000000382,1.22889461869999e-05,1.1985890473579194e-07,1.8779492946919212e-07,0.0,0.0,0.5677782893180847,0.7652338147163391,0.046898022294044495,False,18
3,2.1640792730031535,1.2580000000000382,1.22889461869999e-05,1.1985890473579194e-07,1.8779492946919212e-07,0.0,0.0,0.5677782893180847,0.7652338147163391,0.046898022294044495,False,18
3,2.2641199249992496,1.3600000000000136,1.2883378217054889e-05,1.203668421387693e-07,1.884695229501037e-07,0.0,0.0,0.5676043629646301,0.7660320997238159,0.06188423931598663,False,20
3,2.3646854719991097,1.3600000000000136,1.2883378217054889e-05,1.203668421387693e-07,1.884695229501037e-07,0.0,0.0,0.5676043629646301,0.7660320997238159,0.06188423931598663,False,20
3,2.466305708003347,1.461999999999989,1.3477810249829057e-05,1.2087478022739444e-07,1.8914411580489092e-07,0.0,0.0,0.5692031979560852,0.7688778638839722,0.04688960313796997,False,21
3,2.5670423160045175,1.461999999999989,1.3477810249829057e-05,1.2087478022739444e-07,1.8914411580489092e-07,0.0,0.0,0.5692031979560852,0.7688778638839722,0.04688960313796997,False,21
3,2.676994282999658,1.5640000000000782,1.4072242285292913e-05,1.2138271893580158e-07,1.898187085866633e-07,0.0,0.0,0.5684449076652527,0.7691869139671326,0.06402413547039032,False,20
3,2.7775989939982537,1.5640000000000782,1.4072242285292913e-05,1.2138271893580158e-07,1.898187085866633e-07,0.0,0.0,0.5684449076652527,0.7691869139671326,0.06402413547039032,False,20
3,2.891044331001467,1.6660000000000537,1.4666674323415667e-05,1.2189065830891127e-07,1.9049330104617313e-07,0.0,0.0,0.5696186423301697,0.7715665698051453,0.046994999051094055,False,19
3,2.991690043003473,1.6660000000000537,1.4666674323415667e-05,1.2189065830891127e-07,1.9049330104617313e-07,0.0,0.0,0.5696186423301697,0.7715665698051453,0.046994999051094055,False,19
3,3.1092083800031105,1.7340000000000373,1.5062962350308531e-05,1.2222928487416188e-07,1.9094302907594594e-07,0.0,0.0,0.5683193802833557,0.7709048986434937,0.06515346467494965,False,20
3,3.212856197002111,1.768000000000029,1.526110636420686e-05,1.2239859828484183e-07,1.911678932241153e-07,0.0,0.0,0.5683193802833557,0.7709048986434937,0.06515346467494965,False,20
3,3.3181748170027277,1.8360000000000127,1.5657394392834013e-05,1.2273722531137036e-07,1.916176213904748e-07,0.0,0.0,0.5700638890266418,0.7710148096084595,0.046743571758270264,False,21
3,3.4219330589985475,1.8700000000000045,1.5855538407629193e-05,1.229065389107209e-07,1.9184248533975713e-07,0.0,0.0,0.5700638890266418,0.7710148096084595,0.046743571758270264,False,21
3,3.5287258110038238,1.9379999999999882,1.625182643806176e-05,1.2324516639404019e-07,1.9229221336339804e-07,0.0,0.0,0.545983612537384,0.7722525596618652,0.06552273035049438,False,20
3,3.6300764870029525,1.97199999999998,1.64499704537616e-05,1.2341448023854834e-07,1.9251707715090635e-07,0.0,0.0,0.545983612537384,0.7722525596618652,0.06552273035049438,False,20
3,3.7392950749999727,2.0400000000000773,1.684625848601736e-05,1.2375310808465753e-07,1.9296680475049137e-07,0.0,0.0,0.5619913339614868,0.7712292671203613,0.04652866721153259,False,19
3,3.8401097860041773,2.074000000000069,1.7044402502568515e-05,1.2392242215384708e-07,1.9319166854638523e-07,0.0,0.0,0.5619913339614868,0.7712292671203613,0.04652866721153259,False,19
3,3.9510738419994595,2.1420000000000528,1.7440690536594562e-05,1.2426105047394476e-07,1.9364139605004084e-07,0.0,0.0,0.56876140832901,0.773572564125061,0.06644639372825623,False,19
3,4.068452309998975,2.2100000000000364,1.7836978571788946e-05,1.2459967906703698e-07,1.9409112317958767e-07,0.0,0.0,0.5762467384338379,0.7725268006324768,0.06470510363578796,False,21
3,4.202842892998888,2.244000000000028,1.803512258979987e-05,1.247689934746704e-07,1.9431598718382292e-07,0.0,0.0,0.5762467384338379,0.7725268006324768,0.06470510363578796,False,21
3,4.316058746000635,2.3460000000000036,1.8629554645526163e-05,1.2527693711249723e-07,1.949905779126553e-07,0.0,0.0,0.5678552389144897,0.7670681476593018,0.06315411627292633,False,21
3,4.416633785003796,2.3460000000000036,1.8629554645526163e-05,1.2527693711249723e-07,1.949905779126553e-07,0.0,0.0,0.5678552389144897,0.7670681476593018,0.06315411627292633,False,21
3,4.526545755004918,2.447999999999979,1.922398670394041e-05,1.2578488139088538e-07,1.9566516872210316e-07,0.0,0.0,0.5752912163734436,0.7687792778015137,0.061966851353645325,False,19
3,4.6271248560005915,2.447999999999979,1.922398670394041e-05,1.2578488139088538e-07,1.9566516872210316e-07,0.0,0.0,0.5752912163734436,0.7687792778015137,0.061966851353645325,False,19
3,4.741498495997803,2.550000000000068,1.9818418764947204e-05,1.2629282627191405e-07,1.9633975894420448e-07,0.0,0.0,0.5673041939735413,0.7653205394744873,0.061208948493003845,False,21
3,4.842155222999281,2.550000000000068,1.9818418764947204e-05,1.2629282627191405e-07,1.9633975894420448e-07,0.0,0.0,0.5673041939735413,0.7653205394744873,0.061208948493003845,False,21
3,4.955600155000866,2.6520000000000437,2.0412850828575597e-05,1.2680077180784615e-07,1.9701434950258058e-07,0.0,0.0,0.5605705976486206,0.7638662457466125,0.06042167544364929,False,21
3,5.05633277400193,2.6520000000000437,2.0412850828575597e-05,1.2680077180784615e-07,1.9701434950258058e-07,0.0,0.0,0.5605705976486206,0.7638662457466125,0.06042167544364929,False,21
3,5.158938111999305,2.754000000000019,2.1007282894775717e-05,1.2730871796802565e-07,1.9768893936511446e-07,0.0,0.0,0.5669451951980591,0.7619654536247253,0.05991119146347046,False,20
3,5.259525797002425,2.754000000000019,2.1007282894775717e-05,1.2730871796802565e-07,1.9768893936511446e-07,0.0,0.0,0.5669451951980591,0.7619654536247253,0.05991119146347046,False,20
3,5.36375879499974,2.8559999999999945,2.1601714963579224e-05,1.2781666473737433e-07,1.9836352910010794e-07,0.0,0.0,0.5731961727142334,0.7592707872390747,0.04661129415035248,False,20
3,5.46443948399974,2.8559999999999945,2.1601714963579224e-05,1.2781666473737433e-07,1.9836352910010794e-07,0.0,0.0,0.5731961727142334,0.7592707872390747,0.04661129415035248,False,20
3,5.579139802001009,2.95799999999997,2.219614703491456e-05,1.28324612173395e-07,1.9903811861401695e-07,0.0,0.0,0.5737329125404358,0.7637528777122498,0.058813393115997314,False,19
3,5.679738744001952,2.95799999999997,2.219614703491456e-05,1.28324612173395e-07,1.9903811861401695e-07,0.0,0.0,0.5737329125404358,0.7637528777122498,0.058813393115997314,False,19
3,5.783297868998488,3.060000000000059,2.2790579108809047e-05,1.2883256021252175e-07,1.9971270746367664e-07,0.0,0.0,0.5742923021316528,0.7648071050643921,0.04686228930950165,False,21
3,5.883943351000198,3.060000000000059,2.2790579108809047e-05,1.2883256021252175e-07,1.9971270746367664e-07,0.0,0.0,0.5742923021316528,0.7648071050643921,0.04686228930950165,False,21
3,5.98605839299853,3.1620000000000346,2.3385011185228857e-05,1.2934050890607764e-07,2.003872964580249e-07,0.0,0.0,0.5680805444717407,0.7673996686935425,0.06233125925064087,False,21
3,6.086678003004636,3.1620000000000346,2.3385011185228857e-05,1.2934050890607764e-07,2.003872964580249e-07,0.0,0.0,0.5680805444717407,0.7673996686935425,0.06233125925064087,False,21
3,6.192248603001644,3.26400000000001,2.397944326412542e-05,1.2984845819246074e-07,2.0106188506189096e-07,0.0,0.0,0.577635645866394,0.7694301605224609,0.04698266088962555,False,21
3,6.292865180002991,3.26400000000001,2.397944326412542e-05,1.2984845819246074e-07,2.0106188506189096e-07,0.0,0.0,0.577635645866394,0.7694301605224609,0.04698266088962555,False,21
3,6.395469403003517,3.3659999999999854,2.4573875345469242e-05,1.3035640813994695e-07,2.017364738488223e-07,0.0,0.0,0.5845200419425964,0.7713319659233093,0.06399717926979065,False,19
3,6.496097606002877,3.3659999999999854,2.4573875345469242e-05,1.3035640813994695e-07,2.017364738488223e-07,0.0,0.0,0.5845200419425964,0.7713319659233093,0.06399717926979065,False,19
3,6.617369618004886,3.433999999999969,2.4970163401154613e-05,1.3069504176587137e-07,2.0218619921679675e-07,0.0,0.0,0.5683776140213013,0.7675326466560364,0.0469549298286438,False,18
3,6.7224965569985216,3.4680000000000746,2.5168307429411247e-05,1.308643586918596e-07,2.024110619566398e-07,0.0,0.0,0.5683776140213013,0.7675326466560364,0.0469549298286438,False,18
3,6.826836867003294,3.536000000000058,2.5564595486728993e-05,1.3120299275811777e-07,2.0286078737063764e-07,0.0,0.0,0.5619932413101196,0.7675145268440247,0.06275880336761475,False,21
3,6.930999125004746,3.57000000000005,2.5762739515837376e-05,1.313723098729544e-07,2.0308564982127552e-07,0.0,0.0,0.5619932413101196,0.7675145268440247,0.06275880336761475,False,21
3,7.039118433000112,3.6380000000000337,2.6159027574871197e-05,1.317109442875548e-07,2.0353537476064542e-07,0.0,0.0,0.5688334703445435,0.7656587958335876,0.04691040515899658,False,21
3,7.142623669999011,3.6720000000000255,2.6357171604782324e-05,1.318802616426677e-07,2.0376023737576108e-07,0.0,0.0,0.5688334703445435,0.7656587958335876,0.04691040515899658,False,21
3,7.250737840004149,3.740000000000009,2.6753459665504898e-05,1.3221889654383575e-07,2.0420996209686554e-07,0.0,0.0,0.5675331950187683,0.7673354148864746,0.06232035160064697,False,20
3,7.370642931004113,3.8079999999999927,2.7149747727299965e-05,1.325575316823109e-07,2.0465968681097045e-07,0.0,0.0,0.5749748349189758,0.7690695524215698,0.04703950881958008,False,19
3,7.505082877003588,3.8419999999999845,2.7347891758597136e-05,1.3272684936090536e-07,2.048845493521869e-07,0.0,0.0,0.5749748349189758,0.7690695524215698,0.04703950881958008,False,19
3,7.6184410140049295,3.9440000000000737,2.7942323854167426e-05,1.3323480280679818e-07,2.055591360983936e-07,0.0,0.0,0.5685790777206421,0.7700921297073364,0.0642278790473938,False,20
3,7.7190574150008615,3.9440000000000737,2.7942323854167426e-05,1.3323480280679818e-07,2.055591360983936e-07,0.0,0.0,0.5685790777206421,0.7700921297073364,0.0642278790473938,False,20
3,7.833657952003705,4.046000000000049,2.8536755952195385e-05,1.337427569133882e-07,2.0623372353734197e-07,0.0,0.0,0.5781562924385071,0.771603524684906,0.047336965799331665,False,19
3,7.9341974220005795,4.046000000000049,2.8536755952195385e-05,1.337427569133882e-07,2.0623372353734197e-07,0.0,0.0,0.5781562924385071,0.771603524684906,0.047336965799331665,False,19
3,8.04113802700158,4.148000000000025,2.9131188052655427e-05,1.342507115966375e-07,2.0690831012125489e-07,0.0,0.0,0.5851033926010132,0.7735404968261719,0.06518353521823883,False,20
3,8.141776485004812,4.148000000000025,2.9131188052655427e-05,1.342507115966375e-07,2.0690831012125489e-07,0.0,0.0,0.5851033926010132,0.7735404968261719,0.06518353521823883,False,20
3,8.251658341003349,4.25,2.9725620155532807e-05,1.3475866692824964e-07,2.0758289613951951e-07,0.0,0.0,0.5618311166763306,0.7708547711372375,0.06343020498752594,False,21
3,8.352350827000919,4.25,2.9725620155532807e-05,1.3475866692824964e-07,2.0758289613951951e-07,0.0,0.0,0.5618311166763306,0.7708547711372375,0.06343020498752594,False,21
3,8.454414286999963,4.351999999999975,3.032005226082709e-05,1.3526662281771425e-07,2.0825748213569898e-07,0.0,0.0,0.5757781267166138,0.7679632306098938,0.06190378963947296,False,21
3,8.554991094002617,4.351999999999975,3.032005226082709e-05,1.3526662281771425e-07,2.0825748213569898e-07,0.0,0.0,0.5757781267166138,0.7679632306098938,0.06190378963947296,False,21
3,8.663210307000554,4.454000000000065,3.091448436857297e-05,1.3577457935612904e-07,2.089320678704278e-07,0.0,0.0,0.5754567384719849,0.7666165232658386,0.06096793711185455,False,19
3,8.763808859002893,4.454000000000065,3.091448436857297e-05,1.3577457935612904e-07,2.089320678704278e-07,0.0,0.0,0.5754567384719849,0.7666165232658386,0.06096793711185455,False,19
3,8.877183160999266,4.55600000000004,3.150891647868675e-05,1.3628253648025451e-07,2.0960665360998884e-07,0.0,0.0,0.567222535610199,0.7645974159240723,0.06044106185436249,False,21
3,8.977753414998006,4.55600000000004,3.150891647868675e-05,1.3628253648025451e-07,2.0960665360998884e-07,0.0,0.0,0.567222535610199,0.7645974159240723,0.06044106185436249,False,21
3,9.080092787000467,4.6580000000000155,3.2103348591199215e-05,1.3679049422386976e-07,2.1028123924140383e-07,0.0,0.0,0.5679891109466553,0.7664462327957153,0.06022050976753235,False,21
3,9.18065589699836,4.6580000000000155,3.2103348591199215e-05,1.3679049422386976e-07,2.1028123924140383e-07,0.0,0.0,0.5679891109466553,0.7664462327957153,0.06022050976753235,False,21
3,9.286624282001867,4.759999999999991,3.2697780706129886e-05,1.372984525990988e-07,2.109558245923995e-07,0.0,0.0,0.5670495629310608,0.7635757923126221,0.06018555164337158,False,20
3,9.387193763999676,4.759999999999991,3.2697780706129886e-05,1.372984525990988e-07,2.109558245923995e-07,0.0,0.0,0.5670495629310608,0.7635757923126221,0.06018555164337158,False,20
3,9.491946403002657,4.86200000000008,3.329221282338509e-05,1.3780641155345413e-07,2.1163040916206369e-07,0.0,0.0,0.5772379040718079,0.7664102911949158,0.04700523614883423,False,20
3,9.592476737001562,4.86200000000008,3.329221282338509e-05,1.3780641155345413e-07,2.1163040916206369e-07,0.0,0.0,0.5772379040718079,0.7664102911949158,0.04700523614883423,False,20
3,9.702203842003655,4.9640000000000555,3.388664494302553e-05,1.3831437118178685e-07,2.123049934658818e-07,0.0,0.0,0.567476749420166,0.7675801515579224,0.06281524896621704,False,20
3,9.802721683998243,4.9640000000000555,3.388664494302553e-05,1.3831437118178685e-07,2.123049934658818e-07,0.0,0.0,0.567476749420166,0.7675801515579224,0.06281524896621704,False,20
3,9.921516533002432,5.032000000000039,3.4282933024020953e-05,1.3865301122439645e-07,2.1275471614840497e-07,0.0,0.0,0.5594197511672974,0.7620806694030762,0.04692564904689789,False,21
3,10.026719703004346,5.066000000000031,3.4481077064974896e-05,1.3882233135854122e-07,2.129795775488823e-07,0.0,0.0,0.5751391053199768,0.7620806694030762,0.04692564904689789,False,21
3,10.174229987002036,5.1340000000000146,3.487736514760963e-05,1.3916097182889685e-07,2.134293004549864e-07,0.0,0.0,0.5751391053199768,0.7654205560684204,0.06025473773479462,False,21
3,10.324367277004058,5.23599999999999,3.547179727349161e-05,1.3966893303225552e-07,2.1410388436183212e-07,0.0,0.0,0.5686829686164856,0.7671456933021545,0.046803027391433716,False,21
3,10.426834488003806,5.269999999999982,3.566994131598078e-05,1.3983825358378612e-07,2.14328745848053e-07,0.0,0.0,0.5686829686164856,0.7703570127487183,0.046803027391433716,False,21
3,10.529738515004283,5.338000000000079,3.606622940172978e-05,1.4017689486164436e-07,2.1477846856440534e-07,0.0,0.0,0.5844151377677917,0.7703570127487183,0.06329336762428284,False,19
3,10.62980930699996,5.372000000000071,3.626437344501736e-05,1.4034621559322817e-07,2.1500332985757344e-07,0.0,0.0,0.5691309571266174,0.7703570127487183,0.06329336762428284,False,19
3,10.732459651000681,5.440000000000055,3.666066153232587e-05,1.4068485724711437e-07,2.1545305247652337e-07,0.0,0.0,0.5691309571266174,0.7712324261665344,0.047091349959373474,False,21
3,10.833400269002595,5.474000000000046,3.6858805576379765e-05,1.4085417820612924e-07,2.1567791326724332e-07,0.0,0.0,0.5691309571266174,0.7712324261665344,0.047091349959373474,False,21
3,10.944542670004012,5.54200000000003,3.7255093665312846e-05,1.4119282028436685e-07,2.161276352826922e-07,0.0,0.0,0.5766221284866333,0.7735264897346497,0.06514418125152588,False,21
3,11.045519432998844,5.576000000000022,3.745323771013045e-05,1.413621414281876e-07,2.1635249643965513e-07,0.0,0.0,0.5698857307434082,0.7728319764137268,0.04707862436771393,False,21
3,11.152188904998184,5.6440000000000055,3.78495258005645e-05,1.4170078393530811e-07,2.1680221866270914e-07,0.0,0.0,0.5698857307434082,0.7728319764137268,0.04707862436771393,False,21
3,11.252568993004388,5.677999999999997,3.804766984614452e-05,1.418701052783106e-07,2.1702707962723194e-07,0.0,0.0,0.5698857307434082,0.7737676501274109,0.06622983515262604,False,21
3,11.361890478998248,5.745999999999981,3.844395793810686e-05,1.4220874813248772e-07,2.1747680146454895e-07,0.0,0.0,0.5690876841545105,0.7737676501274109,0.06622983515262604,False,21
3,11.48440028600453,5.814000000000078,3.8840246031040214e-05,1.4254739130613296e-07,2.1792652365761354e-07,0.0,0.0,0.5681904554367065,0.7693465948104858,0.06417463719844818,False,20
3,11.618858394002018,5.84800000000007,3.903839007788094e-05,1.4271671299509527e-07,2.1815138447843745e-07,0.0,0.0,0.5681904554367065,0.7693465948104858,0.06417463719844818,False,20
3,11.731525025999872,5.9500000000000455,3.9632822219918835e-05,1.4322467842554124e-07,2.1882596720252358e-07,0.0,0.0,0.5447525382041931,0.7681147456169128,0.06268918514251709,False,21
3,11.832116520999989,5.9500000000000455,3.9632822219918835e-05,1.4322467842554124e-07,2.1882596720252358e-07,0.0,0.0,0.5447525382041931,0.7681147456169128,0.06268918514251709,False,21
3,11.934742420002294,6.052000000000021,4.0227254364175874e-05,1.4373264442909182e-07,2.1950054961510456e-07,0.0,0.0,0.5754290819168091,0.7672438621520996,0.06160210072994232,False,19
3,12.035322428004292,6.052000000000021,4.0227254364175874e-05,1.4373264442909182e-07,2.1950054961510456e-07,0.0,0.0,0.5754290819168091,0.7672438621520996,0.06160210072994232,False,19
3,12.1848951580032,6.153999999999996,4.0821686510777826e-05,1.4424061108510113e-07,2.2017513144028275e-07,0.0,0.0,0.5753382444381714,0.7671535015106201,0.0613284707069397,False,20
3,12.307446022001386,6.22199999999998,4.1217974609750185e-05,1.4457925585668972e-07,2.2062485221553394e-07,0.0,0.0,0.5680521726608276,0.7666577696800232,0.060388609766960144,False,21
3,12.44223657999828,6.255999999999972,4.141611865960109e-05,1.4474857831426103e-07,2.2084971243369202e-07,0.0,0.0,0.5680521726608276,0.7666577696800232,0.060388609766960144,False,21
3,12.553905040003883,6.358000000000061,4.201055081069424e-05,1.4525654608295024e-07,2.2152429436665113e-07,0.0,0.0,0.5670083165168762,0.7648901343345642,0.06035616993904114,False,20
3,12.654484373000741,6.358000000000061,4.201055081069424e-05,1.4525654608295024e-07,2.2152429436665113e-07,0.0,0.0,0.5670083165168762,0.7648901343345642,0.06035616993904114,False,20
3,12.769361413003935,6.460000000000036,4.260498296397705e-05,1.4576451448043592e-07,2.221988756784801e-07,0.0,0.0,0.5669896006584167,0.7649272084236145,0.06023910641670227,False,20
3,12.869885120999243,6.460000000000036,4.260498296397705e-05,1.4576451448043592e-07,2.221988756784801e-07,0.0,0.0,0.5669896006584167,0.7649272084236145,0.06023910641670227,False,20
3,12.981673581001814,6.562000000000012,4.319941511954448e-05,1.462724835082452e-07,2.228734570912114e-07,0.0,0.0,0.5670436024665833,0.7634701728820801,0.05999264121055603,False,21
3,13.082383373999619,6.562000000000012,4.319941511954448e-05,1.462724835082452e-07,2.228734570912114e-07,0.0,0.0,0.5670436024665833,0.7634701728820801,0.05999264121055603,False,21
3,13.184985019004671,6.663999999999987,4.3793847277364024e-05,1.467804531177317e-07,2.2354803840827307e-07,0.0,0.0,0.560197114944458,0.7628995776176453,0.05928802490234375,False,21
3,13.285542236000765,6.663999999999987,4.3793847277364024e-05,1.467804531177317e-07,2.2354803840827307e-07,0.0,0.0,0.560197114944458,0.7628995776176453,0.05928802490234375,False,21
3,13.395000794000225,6.731999999999971,4.419013538375883e-05,1.4711909984991516e-07,2.239977588551185e-07,0.0,0.0,0.5663248896598816,0.763683021068573,0.059224262833595276,False,21
3,13.49587845899805,6.766000000000076,4.4388279437306e-05,1.4728842331928223e-07,2.242226187697588e-07,0.0,0.0,0.5663248896598816,0.763683021068573,0.059224262833595276,False,21
3,13.598680766997859,6.83400000000006,4.478456754520091e-05,1.47627070413422e-07,2.2467233897143884e-07,0.0,0.0,0.5744002461433411,0.7641484141349792,0.059082597494125366,False,20
3,13.701391360002162,6.868000000000052,4.498271159955039e-05,1.4779639408397231e-07,2.2489719918317417e-07,0.0,0.0,0.5744002461433411,0.7641484141349792,0.059082597494125366,False,20
3,13.806110447003448,6.9360000000000355,4.537899970888642e-05,1.4813504162258548e-07,2.2534691904757587e-07,0.0,0.0,0.5667975544929504,0.7623213529586792,0.05922754108905792,False,21
3,13.907213343998592,6.970000000000027,4.5577143763885115e-05,1.483043654652162e-07,2.255717789378376e-07,0.0,0.0,0.5667975544929504,0.7646974921226501,0.05922754108905792,False,21
3,14.056563767000625,7.038000000000011,4.5973431874689157e-05,1.4864301335522477e-07,2.2602149913795733e-07,0.0,0.0,0.5826718211174011,0.7646974921226501,0.05917154252529144,False,20
3,14.15772758100502,7.139999999999986,4.656786404266724e-05,1.4915098572307545e-07,2.2669607941127844e-07,0.0,0.0,0.5662491917610168,0.7623365521430969,0.05899176001548767,False,20
3,14.258251119004854,7.139999999999986,4.656786404266724e-05,1.4915098572307545e-07,2.2669607941127844e-07,0.0,0.0,0.5662491917610168,0.7623365521430969,0.05899176001548767,False,20
3,14.406984273999115,7.2420000000000755,4.716229621279811e-05,1.496589586576668e-07,2.273706596445715e-07,0.0,0.0,0.5599608421325684,0.7626155018806458,0.05892921984195709,False,21
3,14.511046356004954,7.276000000000067,4.736044026997519e-05,1.4982828309685055e-07,2.275955198793925e-07,0.0,0.0,0.5599608421325684,0.763123631477356,0.05892921984195709,False,21
3,14.618659557003411,7.344000000000051,4.7756728385062695e-05,1.5016693217900717e-07,2.280452394634928e-07,0.0,0.0,0.5600157380104065,0.763123631477356,0.05926504731178284,False,21
3,14.719190167001216,7.344000000000051,4.7756728385062695e-05,1.5016693217900717e-07,2.280452394634928e-07,0.0,0.0,0.5600157380104065,0.763123631477356,0.05926504731178284,False,21
3,14.839690173997951,7.446000000000026,4.83511605595577e-05,1.506749063381244e-07,2.287198183032943e-07,0.0,0.0,0.5669392347335815,0.7620332837104797,0.059292808175086975,False,20
3,14.964426701000775,7.51400000000001,4.874744867708683e-05,1.5101355605259308e-07,2.291695373140294e-07,0.0,0.0,0.5741990208625793,0.7645516395568848,0.05940806865692139,False,21
3,15.098913998997887,7.548000000000002,4.8945592736210266e-05,1.5118288101421925e-07,2.293943969869946e-07,0.0,0.0,0.5741990208625793,0.7645516395568848,0.05940806865692139,False,21
3,15.206050790999143,7.649999999999977,4.954002491493626e-05,1.5169085635243208e-07,2.3006897534645747e-07,0.0,0.0,0.5601983070373535,0.7654881477355957,0.04675470292568207,False,21
3,15.306660679001652,7.649999999999977,4.954002491493626e-05,1.5169085635243208e-07,2.3006897534645747e-07,0.0,0.0,0.5601983070373535,0.7654881477355957,0.04675470292568207,False,21
3,15.410494700001436,7.752000000000066,5.0134457095853645e-05,1.5219883220468466e-07,2.3074355412013904e-07,0.0,0.0,0.5679072141647339,0.7663993835449219,0.06259135901927948,False,20
3,15.511101224998129,7.752000000000066,5.0134457095853645e-05,1.5219883220468466e-07,2.3074355412013904e-07,0.0,0.0,0.5679072141647339,0.7663993835449219,0.06259135901927948,False,20
3,15.620845909004856,7.854000000000042,5.072888927875035e-05,1.527068086535197e-07,2.3141813235119886e-07,0.0,0.0,0.5756198167800903,0.7686351537704468,0.0618535578250885,False,21
3,15.721374147004099,7.854000000000042,5.072888927875035e-05,1.527068086535197e-07,2.3141813235119886e-07,0.0,0.0,0.5756198167800903,0.7686351537704468,0.0618535578250885,False,21
3,15.82787186600035,7.956000000000017,5.1323321463840176e-05,1.5321478570284735e-07,2.3209271112571594e-07,0.0,0.0,0.5667903423309326,0.7658739686012268,0.06115332245826721,False,21
3,15.92835377099982,7.956000000000017,5.1323321463840176e-05,1.5321478570284735e-07,2.3209271112571594e-07,0.0,0.0,0.5667903423309326,0.7658739686012268,0.06115332245826721,False,21
3,16.037014394001744,8.057999999999993,5.1917753650915395e-05,1.5372276332136885e-07,2.327672888413437e-07,0.0,0.0,0.5672420263290405,0.7656782865524292,0.06087549030780792,False,20
3,16.13754403100029,8.057999999999993,5.1917753650915395e-05,1.5372276332136885e-07,2.327672888413437e-07,0.0,0.0,0.5672420263290405,0.7656782865524292,0.06087549030780792,False,20
3,16.241923278998,8.160000000000082,5.2512185840216264e-05,1.5423074153210037e-07,2.334418667353182e-07,0.0,0.0,0.5667555928230286,0.7651877403259277,0.06046608090400696,False,20
3,16.34261970600346,8.160000000000082,5.2512185840216264e-05,1.5423074153210037e-07,2.334418667353182e-07,0.0,0.0,0.5667555928230286,0.7651877403259277,0.06046608090400696,False,20
3,16.443596008000895,8.262000000000057,5.3106618031549795e-05,1.547387203242711e-07,2.3411644372385132e-07,0.0,0.0,0.574958860874176,0.7647486329078674,0.05992484092712402,False,21
3,16.544271391998336,8.262000000000057,5.3106618031549795e-05,1.547387203242711e-07,2.3411644372385132e-07,0.0,0.0,0.574958860874176,0.7647486329078674,0.05992484092712402,False,21
3,16.649501567000698,8.364000000000033,5.3701050225014e-05,1.552466996994377e-07,2.3479102140773056e-07,0.0,0.0,0.551833987236023,0.7633675932884216,0.059617385268211365,False,21
3,16.750056540004152,8.364000000000033,5.3701050225014e-05,1.552466996994377e-07,2.3479102140773056e-07,0.0,0.0,0.551833987236023,0.7633675932884216,0.059617385268211365,False,21
3,16.861284705002618,8.466000000000008,5.429548242057028e-05,1.5575467966797625e-07,2.3546559829098358e-07,0.0,0.0,0.5661486983299255,0.762454628944397,0.05905473232269287,False,21
3,16.961995908000972,8.466000000000008,5.429548242057028e-05,1.5575467966797625e-07,2.3546559829098358e-07,0.0,0.0,0.5661486983299255,0.762454628944397,0.05905473232269287,False,21
3,17.07637331099977,8.533999999999992,5.469177055205873e-05,1.560933332858614e-07,2.35915316784116e-07,0.0,0.0,0.566299319267273,0.7602115273475647,0.05909757316112518,False,21
3,17.183993115002522,8.567999999999984,5.488991461812453e-05,1.5626266020082504e-07,2.361401758433309e-07,0.0,0.0,0.566299319267273,0.761602520942688,0.05909757316112518,False,21
3,17.33202506800444,8.636000000000081,5.528620275104673e-05,1.566013141757426e-07,2.3658989391572077e-07,0.0,0.0,0.5666901469230652,0.761602520942688,0.05918493866920471,False,20
3,17.43417369200324,8.738000000000056,5.5880634952092546e-05,1.5710929569172357e-07,2.372644703119202e-07,0.0,0.0,0.5824682712554932,0.7644171118736267,0.05922804772853851,False,21
3,17.534681746998103,8.738000000000056,5.5880634952092546e-05,1.5710929569172357e-07,2.372644703119202e-07,0.0,0.0,0.5824682712554932,0.7644171118736267,0.05922804772853851,False,21
3,17.639855257002637,8.840000000000032,5.647506715511031e-05,1.5761727778602887e-07,2.3793904681478405e-07,0.0,0.0,0.5764421820640564,0.766201376914978,0.046801209449768066,False,19
3,17.740543036998133,8.840000000000032,5.647506715511031e-05,1.5761727778602887e-07,2.3793904681478405e-07,0.0,0.0,0.5764421820640564,0.766201376914978,0.046801209449768066,False,19
3,17.84493692900287,8.942000000000007,5.706949936019846e-05,1.5812526041322233e-07,2.3861362251079057e-07,0.0,0.0,0.5675477981567383,0.7668455839157104,0.06232517957687378,False,21
3,17.94588627500343,8.942000000000007,5.706949936019846e-05,1.5812526041322233e-07,2.3861362251079057e-07,0.0,0.0,0.5675477981567383,0.7668455839157104,0.06232517957687378,False,21
3,18.090568207000615,9.043999999999983,5.7663931567206086e-05,1.5863324363214315e-07,2.3928819854853583e-07,0.0,0.0,0.5600065588951111,0.7605279088020325,0.047076016664505005,False,21
3,18.206007585002226,9.11200000000008,5.806021970634987e-05,1.5897189942564552e-07,2.397379157098161e-07,0.0,0.0,0.5827787518501282,0.7650339007377625,0.059906408190727234,False,21
3,18.340354726999067,9.146000000000072,5.825836377631663e-05,1.5914122740999892e-07,2.3996277409657085e-07,0.0,0.0,0.5827787518501282,0.7650339007377625,0.059906408190727234,False,21
3,18.443308711997815,9.248000000000047,5.8852795987304144e-05,1.5964921176291493e-07,2.406373506339192e-07,0.0,0.0,0.5674393773078918,0.7636694312095642,0.046819716691970825,False,21
3,18.543784886998765,9.248000000000047,5.8852795987304144e-05,1.5964921176291493e-07,2.406373506339192e-07,0.0,0.0,0.5674393773078918,0.7636694312095642,0.046819716691970825,False,21
3,18.648993763999897,9.350000000000023,5.944722820036899e-05,1.601571967168726e-07,2.4131192629226055e-07,0.0,0.0,0.5674653053283691,0.7651751637458801,0.061278924345970154,False,20
3,18.749669698998332,9.350000000000023,5.944722820036899e-05,1.601571967168726e-07,2.4131192629226055e-07,0.0,0.0,0.5674653053283691,0.7651751637458801,0.061278924345970154,False,20
3,18.866886294003052,9.451999999999998,6.004166041547647e-05,1.6066518220737785e-07,2.4198650152167634e-07,0.0,0.0,0.5690394043922424,0.768242359161377,0.04687267541885376,False,21
3,18.967590624000877,9.451999999999998,6.004166041547647e-05,1.6066518220737785e-07,2.4198650152167634e-07,0.0,0.0,0.5690394043922424,0.768242359161377,0.04687267541885376,False,21
3,19.070482877003087,9.553999999999974,6.0636092632526846e-05,1.6117316827374748e-07,2.426610761709249e-07,0.0,0.0,0.5683290362358093,0.7686413526535034,0.06367118656635284,False,20
3,19.171111437004583,9.553999999999974,6.0636092632526846e-05,1.6117316827374748e-07,2.426610761709249e-07,0.0,0.0,0.5683290362358093,0.7686413526535034,0.06367118656635284,False,20
3,19.28119739700196,9.656000000000063,6.123052485157128e-05,1.6168115489407041e-07,2.433356505888217e-07,0.0,0.0,0.569534957408905,0.7712113261222839,0.04699377715587616,False,21
3,19.38183507099893,9.656000000000063,6.123052485157128e-05,1.6168115489407041e-07,2.433356505888217e-07,0.0,0.0,0.569534957408905,0.7712113261222839,0.04699377715587616,False,21
3,19.486278258998937,9.758000000000038,6.182495707263754e-05,1.621891420701941e-07,2.440102249858654e-07,0.0,0.0,0.5680787563323975,0.7704024314880371,0.0649576336145401,False,20
3,19.586942785004794,9.758000000000038,6.182495707263754e-05,1.621891420701941e-07,2.440102249858654e-07,0.0,0.0,0.5680787563323975,0.7704024314880371,0.0649576336145401,False,20
3,19.698287931001687,9.860000000000014,6.241938929555779e-05,1.626971298419104e-07,2.4468479893402194e-07,0.0,0.0,0.5700154304504395,0.7708161473274231,0.046740904450416565,False,19
3,19.79898158099968,9.860000000000014,6.241938929555779e-05,1.626971298419104e-07,2.4468479893402194e-07,0.0,0.0,0.5700154304504395,0.7708161473274231,0.046740904450416565,False,19
3,19.902083963999758,9.961999999999989,6.301382152050375e-05,1.6320511815683068e-07,2.453593737933203e-07,0.0,0.0,0.5458984375,0.7719706296920776,0.06540888547897339,False,20
3,20.00271492599859,9.961999999999989,6.301382152050375e-05,1.6320511815683068e-07,2.453593737933203e-07,0.0,0.0,0.5458984375,0.7719706296920776,0.06540888547897339,False,20
3,20.1048885909986,10.064000000000078,6.36082537473462e-05,1.637131070710565e-07,2.4603394795996077e-07,0.0,0.0,0.561942994594574,0.7710129618644714,0.04646606743335724,False,19
3,20.205531758998404,10.064000000000078,6.36082537473462e-05,1.637131070710565e-07,2.4603394795996077e-07,0.0,0.0,0.561942994594574,0.7710129618644714,0.04646606743335724,False,19
3,20.32466345300054,10.132000000000062,6.40045418996947e-05,1.6405176666677554e-07,2.4648366436528505e-07,0.0,0.0,0.5687705278396606,0.7734622955322266,0.06637977063655853,False,20
3,20.42767086999811,10.166000000000054,6.420268597617925e-05,1.6422109655376142e-07,2.467085222515771e-07,0.0,0.0,0.5687705278396606,0.7734622955322266,0.06637977063655853,False,20
3,20.531695454003057,10.234000000000037,6.45989741297876e-05,1.6455975649873252e-07,2.471582381124282e-07,0.0,0.0,0.5762284994125366,0.7724389433860779,0.06467176973819733,False,21
3,20.631823510004324,10.268000000000029,6.479711820696907e-05,1.6472908660056765e-07,2.4738309621527235e-07,0.0,0.0,0.5762284994125366,0.7724389433860779,0.06467176973819733,False,21
3,20.771604936002404,10.370000000000005,6.539155043963022e-05,1.6523707715109458e-07,2.4805766880235156e-07,0.0,0.0,0.5678431987762451,0.767009437084198,0.06312650442123413,False,21
3,20.9011085250022,10.437999999999988,6.578783859580292e-05,1.6557573786466987e-07,2.4850738445513185e-07,0.0,0.0,0.5752463340759277,0.7686855792999268,0.06194700300693512,False,19
3,21.0017986189996,10.437999999999988,6.578783859580292e-05,1.6557573786466987e-07,2.4850738445513185e-07,0.0,0.0,0.5752463340759277,0.7686855792999268,0.06194700300693512,False,19
3,21.14763258700259,10.540000000000077,6.638227083169109e-05,1.6608372941785468e-07,2.4918195712812296e-07,0.0,0.0,0.5672959089279175,0.7652692198753357,0.06119288504123688,False,21
3,21.256552995000675,10.608000000000061,6.67785589899975e-05,1.6642239073968316e-07,2.496316722559419e-07,0.0,0.0,0.560565710067749,0.7638242840766907,0.06040777266025543,False,21
3,21.390903450002952,10.642000000000053,6.697670306949786e-05,1.6659172148317524e-07,2.49856530341749e-07,0.0,0.0,0.560565710067749,0.7638242840766907,0.06040777266025543,False,21
3,21.496640653000213,10.744000000000028,6.757113530914995e-05,1.670997140897963e-07,2.5053110286410684e-07,0.0,0.0,0.5669344663619995,0.7619255781173706,0.05990549921989441,False,20
3,21.597297888001776,10.744000000000028,6.757113530914995e-05,1.670997140897963e-07,2.5053110286410684e-07,0.0,0.0,0.5669344663619995,0.7619255781173706,0.05990549921989441,False,20
3,21.69751197200094,10.846000000000004,6.816556755066079e-05,1.676077073031881e-07,2.5120567581152466e-07,0.0,0.0,0.5731927156448364,0.7592570185661316,0.04659171402454376,False,20
3,21.798068212003272,10.846000000000004,6.816556755066079e-05,1.676077073031881e-07,2.5120567581152466e-07,0.0,0.0,0.5731927156448364,0.7592570185661316,0.04659171402454376,False,20
3,21.90072179100389,10.947999999999979,6.875999979407549e-05,1.6811570107161568e-07,2.5188024818568117e-07,0.0,0.0,0.5737184286117554,0.7637429237365723,0.05881839990615845,False,20
3,22.001396092004143,10.947999999999979,6.875999979407549e-05,1.6811570107161568e-07,2.5188024818568117e-07,0.0,0.0,0.5737184286117554,0.7637429237365723,0.05881839990615845,False,20
3,22.102286704997823,11.050000000000068,6.935443203934721e-05,1.6862369540299109e-07,2.5255482034709106e-07,0.0,0.0,0.5665586590766907,0.7619660496711731,0.05899490416049957,False,20
3,22.20281757599878,11.050000000000068,6.935443203934721e-05,1.6862369540299109e-07,2.5255482034709106e-07,0.0,0.0,0.5665586590766907,0.7619660496711731,0.05899490416049957,False,20
3,22.303883591004706,11.152000000000044,6.994886428636667e-05,1.6913169023876773e-07,2.532293919357078e-07,0.0,0.0,0.5667513012886047,0.762030303478241,0.05902950465679169,False,20
3,22.404554938002548,11.152000000000044,6.994886428636667e-05,1.6913169023876773e-07,2.532293919357078e-07,0.0,0.0,0.5667513012886047,0.762030303478241,0.05902950465679169,False,20
3,22.50992124000186,11.254000000000019,7.054329653528131e-05,1.696396856712359e-07,2.5390396306588285e-07,0.0,0.0,0.5826661586761475,0.7637137174606323,0.059080854058265686,False,20
3,22.61062032200425,11.254000000000019,7.054329653528131e-05,1.696396856712359e-07,2.5390396306588285e-07,0.0,0.0,0.5826661586761475,0.7637137174606323,0.059080854058265686,False,20
3,22.713636196000152,11.355999999999995,7.113772878610414e-05,1.7014768164108176e-07,2.5457853432726115e-07,0.0,0.0,0.5742249488830566,0.7629368901252747,0.05871056020259857,False,20
3,22.814321639998525,11.355999999999995,7.113772878610414e-05,1.7014768164108176e-07,2.5457853432726115e-07,0.0,0.0,0.5742249488830566,0.7629368901252747,0.05871056020259857,False,20
3,22.92845132599905,11.45799999999997,7.173216103870507e-05,1.706556781682862e-07,2.552531055134163e-07,0.0,0.0,0.5674862265586853,0.762850284576416,0.058501437306404114,False,21
3,23.028979034002987,11.45799999999997,7.173216103870507e-05,1.706556781682862e-07,2.552531055134163e-07,0.0,0.0,0.5674862265586853,0.762850284576416,0.058501437306404114,False,21
3,23.132045122001728,11.56000000000006,7.23265932931292e-05,1.7116367524321264e-07,2.5592767752680826e-07,0.0,0.0,0.5666342973709106,0.7600730061531067,0.05826866626739502,False,20
3,23.232582798002113,11.56000000000006,7.23265932931292e-05,1.7116367524321264e-07,2.5592767752680826e-07,0.0,0.0,0.5666342973709106,0.7600730061531067,0.05826866626739502,False,20
3,23.34214481300296,11.662000000000035,7.292102554946498e-05,1.716716728557041e-07,2.5660224867918544e-07,0.0,0.0,0.567598819732666,0.7609169483184814,0.046769484877586365,False,21
3,23.44276937899849,11.662000000000035,7.292102554946498e-05,1.716716728557041e-07,2.5660224867918544e-07,0.0,0.0,0.567598819732666,0.7609169483184814,0.046769484877586365,False,21
3,23.55382804400142,11.76400000000001,7.351545780766907e-05,1.721796710363024e-07,2.572768197920782e-07,0.0,0.0,0.5666741132736206,0.7632378339767456,0.059693917632102966,False,20
3,23.654484172002412,11.76400000000001,7.351545780766907e-05,1.721796710363024e-07,2.572768197920782e-07,0.0,0.0,0.5666741132736206,0.7632378339767456,0.059693917632102966,False,20
3,23.78043686300225,11.831999999999994,7.391174598079349e-05,1.725183368269622e-07,2.577265332026554e-07,0.0,0.0,0.5744269490242004,0.7665027379989624,0.046999216079711914,False,21
3,23.88476085200091,11.865999999999985,7.410989006765428e-05,1.726876697644889e-07,2.5795138967415766e-07,0.0,0.0,0.5744269490242004,0.7665027379989624,0.046999216079711914,False,21
3,23.987336010002764,11.933999999999969,7.450617824198867e-05,1.7302633594619443e-07,2.584011035647115e-07,0.0,0.0,0.5680664777755737,0.7677064538002014,0.06267085671424866,False,21
3,24.08827566599939,11.968000000000075,7.470432232943146e-05,1.731956690788199e-07,2.586259604163302e-07,0.0,0.0,0.5680664777755737,0.7677064538002014,0.06267085671424866,False,21
3,24.194001903000753,12.036000000000058,7.510061050497582e-05,1.7353433553535645e-07,2.590756734541938e-07,0.0,0.0,0.5777548551559448,0.7700135111808777,0.04734112322330475,False,21
3,24.296852159997798,12.07000000000005,7.529875459309342e-05,1.7370366888935105e-07,2.5930053038865447e-07,0.0,0.0,0.5777548551559448,0.7721627354621887,0.04734112322330475,False,21
3,24.399618406001537,12.138000000000034,7.569504276980915e-05,1.740423357843452e-07,2.597502437782562e-07,0.0,0.0,0.58480304479599,0.7721627354621887,0.06426124274730682,False,20
3,24.504329777002567,12.172000000000025,7.589318685849488e-05,1.7421166930864717e-07,2.599750999467895e-07,0.0,0.0,0.58480304479599,0.7721627354621887,0.06426124274730682,False,20
3,24.613322791003156,12.240000000000009,7.628947503638241e-05,1.745503365149402e-07,2.604248134596625e-07,0.0,0.0,0.5615480542182922,0.7697311639785767,0.06273050606250763,False,20
3,24.7146708720029,12.274000000000001,7.648761912559159e-05,1.7471967020414983e-07,2.6064966994865256e-07,0.0,0.0,0.5615480542182922,0.7671867609024048,0.06273050606250763,False,20
3,24.819747030000144,12.341999999999985,7.688390730471641e-05,1.7505833779142387e-07,2.61099383397979e-07,0.0,0.0,0.5756081342697144,0.7671867609024048,0.061372414231300354,False,19
3,24.922094088004087,12.375999999999976,7.708205139452711e-05,1.7522767167410303e-07,2.613242394875697e-07,0.0,0.0,0.5756081342697144,0.7658467292785645,0.061372414231300354,False,19
3,25.026044363003166,12.444000000000074,7.74783395747396e-05,1.755663396455273e-07,2.6177395311870075e-07,0.0,0.0,0.5752487182617188,0.7658467292785645,0.060564324259757996,False,20
3,25.143772961004288,12.512000000000057,7.787462775580472e-05,1.7590500785688625e-07,2.622236664737068e-07,0.0,0.0,0.5670874714851379,0.7641346454620361,0.06013154983520508,False,21
3,25.278326138999546,12.54600000000005,7.807277184665798e-05,1.760743420321546e-07,2.6244852271811703e-07,0.0,0.0,0.5670874714851379,0.7641346454620361,0.06013154983520508,False,21
3,25.379039774001285,12.648000000000025,7.866720412029026e-05,1.7658234498555062e-07,2.6312309237584777e-07,0.0,0.0,0.5678915977478027,0.7660704851150513,0.05998353660106659,False,20
3,25.479567148999195,12.648000000000025,7.866720412029026e-05,1.7658234498555062e-07,2.6312309237584777e-07,0.0,0.0,0.5678915977478027,0.7660704851150513,0.05998353660106659,False,20
3,25.58924560000014,12.75,7.926163639567158e-05,1.770903484830974e-07,2.6379766131733386e-07,0.0,0.0,0.5669875144958496,0.7632933259010315,0.06000104546546936,False,20
3,25.689773007004987,12.75,7.926163639567158e-05,1.770903484830974e-07,2.6379766131733386e-07,0.0,0.0,0.5669875144958496,0.7632933259010315,0.06000104546546936,False,20
3,25.798011493003287,12.851999999999975,7.985606867279282e-05,1.7759835248054255e-07,2.6447222955263815e-07,0.0,0.0,0.5771862864494324,0.7662137150764465,0.047004714608192444,False,21
3,25.89854443600052,12.851999999999975,7.985606867279282e-05,1.7759835248054255e-07,2.6447222955263815e-07,0.0,0.0,0.5771862864494324,0.7662137150764465,0.047004714608192444,False,21
3,26.005047448998084,12.954000000000065,8.045050095168609e-05,1.781063570625582e-07,2.6514679750011757e-07,0.0,0.0,0.5674529671669006,0.7674182653427124,0.06270460784435272,False,20
3,26.105862180003896,12.954000000000065,8.045050095168609e-05,1.781063570625582e-07,2.6514679750011757e-07,0.0,0.0,0.5674529671669006,0.7674182653427124,0.06270460784435272,False,20
3,26.256148535998364,13.05600000000004,8.104493323229109e-05,1.7861436214635742e-07,2.658213665918412e-07,0.0,0.0,0.5510075688362122,0.7622165679931641,0.04695439338684082,False,21
3,26.376038385002175,13.124000000000024,8.144122142025693e-05,1.789530325162703e-07,2.662710783246088e-07,0.0,0.0,0.5750044584274292,0.7651678919792175,0.06011979281902313,False,20
3,26.510801577001985,13.158000000000015,8.163936551458311e-05,1.7912236783562536e-07,2.664959347784622e-07,0.0,0.0,0.5750044584274292,0.7651678919792175,0.06011979281902313,False,20
3,26.61498103300255,13.259999999999991,8.223379779860292e-05,1.796303740038049e-07,2.671705035208885e-07,0.0,0.0,0.5684655904769897,0.7674880027770996,0.04678763449192047,False,21
3,26.715667454998766,13.259999999999991,8.223379779860292e-05,1.796303740038049e-07,2.671705035208885e-07,0.0,0.0,0.5684655904769897,0.7674880027770996,0.04678763449192047,False,21
3,26.83348336900235,13.36200000000008,8.282823008433403e-05,1.8013838076925536e-07,2.678450720107811e-07,0.0,0.0,0.5843767523765564,0.7702069282531738,0.06322598457336426,False,20
3,26.934028007999586,13.36200000000008,8.282823008433403e-05,1.8013838076925536e-07,2.678450720107811e-07,0.0,0.0,0.5843767523765564,0.7702069282531738,0.06322598457336426,False,20
3,27.0409870959993,13.464000000000055,8.342266237173351e-05,1.8064638801557285e-07,2.6851963993238564e-07,0.0,0.0,0.5690982937812805,0.7711197733879089,0.04706285893917084,False,21
3,27.141684725000232,13.464000000000055,8.342266237173351e-05,1.8064638801557285e-07,2.6851963993238564e-07,0.0,0.0,0.5690982937812805,0.7711197733879089,0.04706285893917084,False,21
3,27.271417647003545,13.532000000000039,8.381895056432413e-05,1.8098505985330992e-07,2.689693518842624e-07,0.0,0.0,0.5766482353210449,0.7735077142715454,0.065093994140625,False,21
3,27.377889431001677,13.566000000000031,8.40170946608842e-05,1.8115439584437685e-07,2.691942078652174e-07,0.0,0.0,0.5698780417442322,0.7735077142715454,0.065093994140625,False,21
3,27.525651285002823,13.634000000000015,8.441338285451912e-05,1.8149306807041587e-07,2.696439188067158e-07,0.0,0.0,0.5698780417442322,0.7727912664413452,0.04708839952945709,False,21
3,27.637959236002644,13.73599999999999,8.500781514643842e-05,1.820010767313092e-07,2.7031848629873186e-07,0.0,0.0,0.5542590022087097,0.7737872004508972,0.06619478762149811,False,20
3,27.73865307500091,13.73599999999999,8.500781514643842e-05,1.820010767313092e-07,2.7031848629873186e-07,0.0,0.0,0.5542590022087097,0.7737872004508972,0.06619478762149811,False,20
3,27.851896262000082,13.83800000000008,8.560224744009592e-05,1.825090860041979e-07,2.70993052756541e-07,0.0,0.0,0.5681507587432861,0.7693953514099121,0.0641496330499649,False,20
3,27.952524854998046,13.83800000000008,8.560224744009592e-05,1.825090860041979e-07,2.70993052756541e-07,0.0,0.0,0.5681507587432861,0.7693953514099121,0.0641496330499649,False,20
3,28.099930180003867,13.940000000000055,8.619667973536931e-05,1.8301709571473056e-07,2.716676199712757e-07,0.0,0.0,0.5447871088981628,0.7681351900100708,0.06267015635967255,False,21
3,28.21757847900153,14.008000000000038,8.659296793322958e-05,1.833557692256783e-07,2.721173313051103e-07,0.0,0.0,0.5754214525222778,0.7672232389450073,0.061586469411849976,False,20
3,28.352238794002915,14.04200000000003,8.679111203240908e-05,1.8352510605182072e-07,2.723421866678075e-07,0.0,0.0,0.5754214525222778,0.7672232389450073,0.061586469411849976,False,20
3,28.46420844500244,14.144000000000005,8.738554433107039e-05,1.84033116885409e-07,2.730167539535603e-07,0.0,0.0,0.5752490758895874,0.7670770287513733,0.06130993366241455,False,21
3,28.56488763500238,14.144000000000005,8.738554433107039e-05,1.84033116885409e-07,2.730167539535603e-07,0.0,0.0,0.5752490758895874,0.7670770287513733,0.06130993366241455,False,21
3,28.67075878900505,14.245999999999981,8.797997663142132e-05,1.8454112826840875e-07,2.736913203167921e-07,0.0,0.0,0.568044900894165,0.7666308283805847,0.06037132441997528,False,21
3,28.77128768900002,14.245999999999981,8.797997663142132e-05,1.8454112826840875e-07,2.736913203167921e-07,0.0,0.0,0.568044900894165,0.7666308283805847,0.06037132441997528,False,21
3,28.87771391899878,14.34800000000007,8.857440893335344e-05,1.8504914021480232e-07,2.743658867321776e-07,0.0,0.0,0.5669432878494263,0.764916181564331,0.060333579778671265,False,20
3,28.97837458200229,14.34800000000007,8.857440893335344e-05,1.8504914021480232e-07,2.743658867321776e-07,0.0,0.0,0.5669432878494263,0.764916181564331,0.060333579778671265,False,20
3,29.128622711003118,14.450000000000045,8.916884123701466e-05,1.8555715266415691e-07,2.75040452976769e-07,0.0,0.0,0.5669795274734497,0.7648797035217285,0.060218751430511475,False,21
3,29.24430333499913,14.518000000000029,8.956512944031545e-05,1.858958279737505e-07,2.7549016302119964e-07,0.0,0.0,0.567032516002655,0.7634313702583313,0.05997508764266968,False,21
3,29.379208245998598,14.552000000000021,8.976327354228352e-05,1.8606516569258282e-07,2.757150182652608e-07,0.0,0.0,0.567032516002655,0.7634313702583313,0.05997508764266968,False,21
3,29.484735766003723,14.653999999999996,9.035770584917219e-05,1.8657317923678687e-07,2.763895835575663e-07,0.0,0.0,0.5601321458816528,0.7627979516983032,0.059273868799209595,False,21
3,29.585414866000065,14.653999999999996,9.035770584917219e-05,1.8657317923678687e-07,2.763895835575663e-07,0.0,0.0,0.5601321458816528,0.7627979516983032,0.059273868799209595,False,21
3,29.689049239997985,14.755999999999972,9.095213815761387e-05,1.870811933166052e-07,2.77064148437059e-07,0.0,0.0,0.5662771463394165,0.7637310028076172,0.05921222269535065,False,21
3,29.78967854900111,14.755999999999972,9.095213815761387e-05,1.870811933166052e-07,2.77064148437059e-07,0.0,0.0,0.5662771463394165,0.7637310028076172,0.05921222269535065,False,21
3,29.892595176002942,14.858000000000061,9.154657046760986e-05,1.875892078645218e-07,2.777387142137753e-07,0.0,0.0,0.574494481086731,0.7636885046958923,0.059018075466156006,False,20
3,29.993315842999436,14.858000000000061,9.154657046760986e-05,1.875892078645218e-07,2.777387142137753e-07,0.0,0.0,0.574494481086731,0.7636885046958923,0.059018075466156006,False,20
3,30.09752177399787,14.960000000000036,9.214100277918878e-05,1.8809722304292091e-07,2.784132796540429e-07,0.0,0.0,0.5667809844017029,0.7622887492179871,0.0591888427734375,False,21
3,30.19814185600262,14.960000000000036,9.214100277918878e-05,1.8809722304292091e-07,2.784132796540429e-07,0.0,0.0,0.5667809844017029,0.7622887492179871,0.0591888427734375,False,21
3,30.29846736000036,15.062000000000012,9.273543509242307e-05,1.8860523865149397e-07,2.79087845681867e-07,0.0,0.0,0.5826661586761475,0.7646638751029968,0.059143200516700745,False,20
3,30.39899820899882,15.062000000000012,9.273543509242307e-05,1.8860523865149397e-07,2.79087845681867e-07,0.0,0.0,0.5826661586761475,0.7646638751029968,0.059143200516700745,False,20
3,30.509763178000867,15.163999999999987,9.332986740732702e-05,1.8911325478732533e-07,2.797624103383993e-07,0.0,0.0,0.5660805702209473,0.762098491191864,0.058967530727386475,False,21
3,30.610492698004236,15.163999999999987,9.332986740732702e-05,1.8911325478732533e-07,2.797624103383993e-07,0.0,0.0,0.5660805702209473,0.762098491191864,0.058967530727386475,False,21
3,30.717141455003002,15.266000000000076,9.392429972373715e-05,1.896212715151302e-07,2.8043697536563747e-07,0.0,0.0,0.5599408745765686,0.7625560760498047,0.05891130864620209,False,21
3,30.81781382099871,15.266000000000076,9.392429972373715e-05,1.896212715151302e-07,2.8043697536563747e-07,0.0,0.0,0.5599408745765686,0.7625560760498047,0.05891130864620209,False,21
3,30.947147610000684,15.33400000000006,9.432058793555284e-05,1.8995994958197118e-07,2.808866846949994e-07,0.0,0.0,0.5599761009216309,0.7630282640457153,0.059243351221084595,False,21
3,31.05062487500254,15.368000000000052,9.451873204179007e-05,1.901292887607236e-07,2.811115397778896e-07,0.0,0.0,0.5599761009216309,0.7630282640457153,0.059243351221084595,False,21
3,31.15683680600341,15.436000000000035,9.491502025465049e-05,1.904679672208311e-07,2.8156124899614083e-07,0.0,0.0,0.5668530464172363,0.7618428468704224,0.05921730399131775,False,20
3,31.26470744800463,15.470000000000027,9.511316436141377e-05,1.9063730655268475e-07,2.8178610347220894e-07,0.0,0.0,0.5668530464172363,0.7618428468704224,0.05921730399131775,False,20
3,31.37162748400442,15.538000000000011,9.550945257530332e-05,1.9097598529390863e-07,2.8223581279166454e-07,0.0,0.0,0.5741583704948425,0.7644393444061279,0.05935104191303253,False,21
3,31.47502261900081,15.572000000000003,9.570759668253584e-05,1.911453247613737e-07,2.824606675508739e-07,0.0,0.0,0.5601449012756348,0.7644393444061279,0.05935104191303253,False,21
3,31.57928699900367,15.639999999999986,9.610388489753605e-05,1.914840039381093e-07,2.829103768756721e-07,0.0,0.0,0.5601449012756348,0.7653583288192749,0.04672524333000183,False,21
3,31.684078247002617,15.673999999999978,9.630202900529723e-05,1.9165334357295522e-07,2.8313523130360217e-07,0.0,0.0,0.5601449012756348,0.7663249969482422,0.04672524333000183,False,21
3,31.7905549490024,15.742000000000075,9.669831722134608e-05,1.9199202307749774e-07,2.835849410219093e-07,0.0,0.0,0.5678912401199341,0.7663249969482422,0.06255756318569183,False,20
3,31.895059315000253,15.776000000000067,9.689646132960512e-05,1.9216136293757093e-07,2.8380979535516996e-07,0.0,0.0,0.5755987763404846,0.7663249969482422,0.06255756318569183,False,20
3,32.00289255900134,15.844000000000051,9.729274954669437e-05,1.9250004276667777e-07,2.842595043574227e-07,0.0,0.0,0.5755987763404846,0.7685772776603699,0.061823561787605286,False,21
3,32.12570132299879,15.912000000000035,9.768903776446146e-05,1.9283872287046126e-07,2.847092139837968e-07,0.0,0.0,0.5667819380760193,0.7658157348632812,0.06112784147262573,False,21
3,32.26058374399872,15.946000000000026,9.788718187366159e-05,1.9300806297688515e-07,2.849340680245853e-07,0.0,0.0,0.5667819380760193,0.7658157348632812,0.06112784147262573,False,21
3,32.36566152299929,16.048000000000002,9.848161420208078e-05,1.9351608371700606e-07,2.856086315414542e-07,0.0,0.0,0.5672234296798706,0.7656109929084778,0.06084774434566498,False,20
3,32.46627604400419,16.048000000000002,9.848161420208078e-05,1.9351608371700606e-07,2.856086315414542e-07,0.0,0.0,0.5672234296798706,0.7656109929084778,0.06084774434566498,False,20
3,32.57510341300076,16.149999999999977,9.907604653206468e-05,1.940241049621236e-07,2.862831955428789e-07,0.0,0.0,0.5667870044708252,0.7651963233947754,0.06044772267341614,False,20
3,32.67564859900449,16.149999999999977,9.907604653206468e-05,1.940241049621236e-07,2.862831955428789e-07,0.0,0.0,0.5667870044708252,0.7651963233947754,0.06044772267341614,False,20
3,32.789346887002466,16.252000000000066,9.967047886352267e-05,1.9453212667788893e-07,2.8695775802689006e-07,0.0,0.0,0.5749565958976746,0.7647337317466736,0.05991564691066742,False,20
3,32.8898672380019,16.252000000000066,9.967047886352267e-05,1.9453212667788893e-07,2.8695775802689006e-07,0.0,0.0,0.5749565958976746,0.7647337317466736,0.05991564691066742,False,20
3,33.00644806300261,16.354000000000042,0.0001002649111965341,1.9504014899007634e-07,2.876323211720864e-07,0.0,0.0,0.543481171131134,0.7632664442062378,0.059608832001686096,False,20
3,33.10712027700356,16.354000000000042,0.0001002649111965341,1.9504014899007634e-07,2.876323211720864e-07,0.0,0.0,0.543481171131134,0.7632664442062378,0.059608832001686096,False,20
3,33.21256338400417,16.456000000000017,0.00010085934353108511,1.9554817176345698e-07,2.8830688348937523e-07,0.0,0.0,0.5661921501159668,0.7624526023864746,0.0590423047542572,False,21
3,33.313225698999304,16.456000000000017,0.00010085934353108511,1.9554817176345698e-07,2.8830688348937523e-07,0.0,0.0,0.5661921501159668,0.7624526023864746,0.0590423047542572,False,21
3,33.41651285300031,16.557999999999993,0.00010145377586720516,1.9605619511051288e-07,2.8898144598435746e-07,0.0,0.0,0.5662943720817566,0.7601607441902161,0.05908907949924469,False,21
3,33.51708800900087,16.557999999999993,0.00010145377586720516,1.9605619511051288e-07,2.8898144598435746e-07,0.0,0.0,0.5662943720817566,0.7601607441902161,0.05908907949924469,False,21
3,33.62736514399876,16.660000000000082,0.00010204820820485698,1.9656421901055875e-07,2.8965600858435637e-07,0.0,0.0,0.5666705369949341,0.7615472078323364,0.059176743030548096,False,20
3,33.72803082199971,16.660000000000082,0.00010204820820485698,1.9656421901055875e-07,2.8965600858435637e-07,0.0,0.0,0.5666705369949341,0.7615472078323364,0.059176743030548096,False,20
3,33.8292695620039,16.762000000000057,0.00010264264054393431,1.9707224336357533e-07,2.903305704764558e-07,0.0,0.0,0.5824517607688904,0.7643826603889465,0.05921812355518341,False,21
3,33.9298634250008,16.762000000000057,0.00010264264054393431,1.9707224336357533e-07,2.903305704764558e-07,0.0,0.0,0.5824517607688904,0.7643826603889465,0.05921812355518341,False,21
3,34.03363225999783,16.864000000000033,0.00010323707288454947,1.9758026826373405e-07,2.910051336361982e-07,0.0,0.0,0.5764176249504089,0.7661405205726624,0.046780169010162354,False,19
3,34.13411835000443,16.864000000000033,0.00010323707288454947,1.9758026826373405e-07,2.910051336361982e-07,0.0,0.0,0.5764176249504089,0.7661405205726624,0.046780169010162354,False,19
3,34.241493588000594,16.966000000000008,0.000103831505226627,1.9808829361641563e-07,2.9167969550643256e-07,0.0,0.0,0.5675357580184937,0.7668061852455139,0.06231549382209778,False,21
3,34.342074790998595,16.966000000000008,0.000103831505226627,1.9808829361641563e-07,2.9167969550643256e-07,0.0,0.0,0.5675357580184937,0.7668061852455139,0.06231549382209778,False,21
3,34.44503378400259,17.067999999999984,0.00010442593757022242,1.9859631951938306e-07,2.9235425852802746e-07,0.0,0.0,0.5599715113639832,0.7603967785835266,0.046994566917419434,False,21
3,34.545561047001684,17.067999999999984,0.00010442593757022242,1.9859631951938306e-07,2.9235425852802746e-07,0.0,0.0,0.5599715113639832,0.7603967785835266,0.046994566917419434,False,21
3,34.67162523200386,17.13600000000008,0.00010482222580006318,1.989350037356647e-07,2.928039658858456e-07,0.0,0.0,0.5827487707138062,0.7649747729301453,0.059900298714637756,False,21
3,34.78218928500428,17.170000000000073,0.00010502036991528367,1.991043459879861e-07,2.930288200020413e-07,0.0,0.0,0.5827487707138062,0.7649747729301453,0.059900298714637756,False,21
3,34.88853866900172,17.238000000000056,0.0001054166581461115,1.994430305760005e-07,2.9347852804802096e-07,0.0,0.0,0.5674187541007996,0.763595700263977,0.046773433685302734,False,21
3,34.99676099300268,17.272000000000048,0.00010561480226183072,1.9961237289767255e-07,2.9370338193141365e-07,0.0,0.0,0.5674187541007996,0.763595700263977,0.046773433685302734,False,21
3,35.10560053199879,17.340000000000032,0.00010601109049360484,1.9995105779650088e-07,2.941530888617473e-07,0.0,0.0,0.5674620866775513,0.7651304602622986,0.061271801590919495,False,20
3,35.206669011000486,17.374000000000024,0.00010620923460977162,2.0012040036175109e-07,2.9437794289893803e-07,0.0,0.0,0.5674620866775513,0.7682112455368042,0.061271801590919495,False,20
3,35.3120972129982,17.442000000000007,0.00010660552284247728,2.004590856497008e-07,2.948276502386571e-07,0.0,0.0,0.5690203309059143,0.7682112455368042,0.04684723913669586,False,21
3,35.41402475399809,17.476,0.00010680366695917662,2.0062842836915203e-07,2.9505250364273036e-07,0.0,0.0,0.5690203309059143,0.7682112455368042,0.04684723913669586,False,21
3,35.52759517799859,17.543999999999983,0.00010719995519283638,2.009671139174112e-07,2.9550221023336895e-07,0.0,0.0,0.5683245062828064,0.768605649471283,0.06366245448589325,False,20
3,35.629631075004,17.577999999999975,0.00010739809930998068,2.01136456834853e-07,2.957270645196543e-07,0.0,0.0,0.5683245062828064,0.7711800336837769,0.06366245448589325,False,20
3,35.73812097300106,17.646000000000072,0.0001077943875445928,2.014751427674146e-07,2.961767718967714e-07,0.0,0.0,0.5695294141769409,0.7711800336837769,0.0469793826341629,False,19
3,35.85845649700059,17.714000000000055,0.00010819067577997644,2.0181382897208854e-07,2.966264787159596e-07,0.0,0.0,0.5680716037750244,0.7703744769096375,0.06494909524917603,False,20
3,35.993095587000425,17.748000000000047,0.00010838881989776086,2.0198317211320561e-07,2.968513324342016e-07,0.0,0.0,0.5680716037750244,0.7703744769096375,0.06494909524917603,False,20
3,36.093441154000175,17.850000000000023,0.0001089832522523774,2.0249120196514438e-07,2.9752589323347666e-07,0.0,0.0,0.5700109601020813,0.7707946300506592,0.04672935605049133,False,19
3,36.19414075399982,17.850000000000023,0.0001089832522523774,2.0249120196514438e-07,2.9752589323347666e-07,0.0,0.0,0.5700109601020813,0.7707946300506592,0.04672935605049133,False,19
3,36.29916998200497,17.951999999999998,0.00010957768460852267,2.029992323314808e-07,2.9820045446095487e-07,0.0,0.0,0.5458640456199646,0.7717827558517456,0.06540288031101227,False,20
3,36.399700095003936,17.951999999999998,0.00010957768460852267,2.029992323314808e-07,2.9820045446095487e-07,0.0,0.0,0.5458640456199646,0.7717827558517456,0.06540288031101227,False,20
3,36.50738658000046,18.053999999999974,0.00011017211696610777,2.0350726324413763e-07,2.988750149600605e-07,0.0,0.0,0.5619150996208191,0.7708738446235657,0.046381875872612,False,21
3,36.60792719400342,18.053999999999974,0.00011017211696610777,2.0350726324413763e-07,2.988750149600605e-07,0.0,0.0,0.5619150996208191,0.7708738446235657,0.046381875872612,False,21
3,36.71244553800352,18.156000000000063,0.00011076654932510536,2.040152946508438e-07,2.9954957596213895e-07,0.0,0.0,0.5689226984977722,0.7735793590545654,0.06638029217720032,False,20
3,36.81298870300088,18.156000000000063,0.00011076654932510536,2.040152946508438e-07,2.9954957596213895e-07,0.0,0.0,0.5689226984977722,0.7735793590545654,0.06638029217720032,False,20
3,36.92156966499897,18.258000000000038,0.00011136098168555405,2.0452332650683874e-07,3.0022413550458043e-07,0.0,0.0,0.5762602686882019,0.7724614143371582,0.06468082964420319,False,21
3,37.02217920000112,18.258000000000038,0.00011136098168555405,2.0452332650683874e-07,3.0022413550458043e-07,0.0,0.0,0.5762602686882019,0.7724614143371582,0.06468082964420319,False,21
3,37.12783251400106,18.360000000000014,0.00011195541404744385,2.050313589860098e-07,3.008986950685078e-07,0.0,0.0,0.5678434371948242,0.7670064568519592,0.06313087046146393,False,21
3,37.22845411999879,18.360000000000014,0.00011195541404744385,2.050313589860098e-07,3.008986950685078e-07,0.0,0.0,0.5678434371948242,0.7670064568519592,0.06313087046146393,False,21
3,37.34063047300151,18.46199999999999,0.00011254984641081859,2.055393918547617e-07,3.0157325465498407e-07,0.0,0.0,0.5752410888671875,0.7686847448348999,0.06195130944252014,False,19
3,37.441560543004016,18.46199999999999,0.00011254984641081859,2.055393918547617e-07,3.0157325465498407e-07,0.0,0.0,0.5752410888671875,0.7686847448348999,0.06195130944252014,False,19
3,37.54558692700084,18.564000000000078,0.00011314427877549176,2.0604742535046817e-07,3.0224781372789147e-07,0.0,0.0,0.5672541856765747,0.7652465105056763,0.06122107803821564,False,21
3,37.646179594004934,18.564000000000078,0.00011314427877549176,2.0604742535046817e-07,3.0224781372789147e-07,0.0,0.0,0.5672541856765747,0.7652465105056763,0.06122107803821564,False,21
3,37.749891610001214,18.666000000000054,0.00011373871114164508,2.065554592687408e-07,3.0292237298603576e-07,0.0,0.0,0.5605686902999878,0.763841450214386,0.06042712926864624,False,21
3,37.850651066000864,18.666000000000054,0.00011373871114164508,2.065554592687408e-07,3.0292237298603576e-07,0.0,0.0,0.5605686902999878,0.763841450214386,0.06042712926864624,False,21
3,37.968093572002545,18.734000000000037,0.00011413499938642095,2.0689414880097472e-07,3.033720792635484e-07,0.0,0.0,0.5669580101966858,0.7620342969894409,0.059924930334091187,False,20
3,38.071698735999234,18.76800000000003,0.00011433314350902312,2.0706349369256155e-07,3.0359693182233614e-07,0.0,0.0,0.5669580101966858,0.759375810623169,0.059924930334091187,False,20
3,38.22067022600095,18.836000000000013,0.00011472943175482335,2.0740218362532932e-07,3.040466385792076e-07,0.0,0.0,0.5732306838035583,0.759375810623169,0.046646326780319214,False,20
3,38.325947443001496,18.937999999999988,0.00011532386412464865,2.0791021888483805e-07,3.0472119847906415e-07,0.0,0.0,0.5737329125404358,0.7638211250305176,0.05883881449699402,False,20
3,38.42664020600205,18.937999999999988,0.00011532386412464865,2.0791021888483805e-07,3.0472119847906415e-07,0.0,0.0,0.5737329125404358,0.7638211250305176,0.05883881449699402,False,20
3,38.54156032299943,19.040000000000077,0.00011591829649580925,2.0841825470880474e-07,3.0539575731252343e-07,0.0,0.0,0.5665661692619324,0.7620135545730591,0.05900830030441284,False,20
3,38.642223543,19.040000000000077,0.00011591829649580925,2.0841825470880474e-07,3.0539575731252343e-07,0.0,0.0,0.5665661692619324,0.7620135545730591,0.05900830030441284,False,20
3,38.764140300998406,19.142000000000053,0.00011651272886837195,2.089262909882708e-07,3.060703169944263e-07,0.0,0.0,0.5667759776115417,0.7621275782585144,0.059079304337501526,False,20
3,38.86468705700099,19.142000000000053,0.00011651272886837195,2.089262909882708e-07,3.060703169944263e-07,0.0,0.0,0.5667759776115417,0.7621275782585144,0.059079304337501526,False,20
3,38.9752469390005,19.244000000000028,0.00011710716124218451,2.0943432776551986e-07,3.0674487628481293e-07,0.0,0.0,0.5827277898788452,0.7638205289840698,0.05910643935203552,False,19
3,39.07598603000224,19.244000000000028,0.00011710716124218451,2.0943432776551986e-07,3.0674487628481293e-07,0.0,0.0,0.5827277898788452,0.7638205289840698,0.05910643935203552,False,19
3,39.18218040300417,19.346000000000004,0.00011770159361738312,2.0994236508224072e-07,3.0741943434885215e-07,0.0,0.0,0.5742270350456238,0.7629590034484863,0.05872635543346405,False,20
3,39.282749676000094,19.346000000000004,0.00011770159361738312,2.0994236508224072e-07,3.0741943434885215e-07,0.0,0.0,0.5742270350456238,0.7629590034484863,0.05872635543346405,False,20
3,39.392767484001524,19.44799999999998,0.00011829602599394912,2.1045040288313194e-07,3.08093992944012e-07,0.0,0.0,0.5596842765808105,0.7614545822143555,0.058531373739242554,False,20
3,39.4934579480032,19.44799999999998,0.00011829602599394912,2.1045040288313194e-07,3.08093992944012e-07,0.0,0.0,0.5596842765808105,0.7614545822143555,0.058531373739242554,False,20
3,39.60527071300021,19.550000000000068,0.00011889045837188252,2.1095844118015302e-07,3.0876855022936203e-07,0.0,0.0,0.5666236281394958,0.7601553201675415,0.0581180602312088,False,21
3,39.70585232099984,19.550000000000068,0.00011889045837188252,2.1095844118015302e-07,3.0876855022936203e-07,0.0,0.0,0.5666236281394958,0.7601553201675415,0.0581180602312088,False,21
3,39.820194284002355,19.652000000000044,0.00011948489075114819,2.1146648000661884e-07,3.0944310818735654e-07,0.0,0.0,0.5678871870040894,0.7617448568344116,0.05806615948677063,False,21
3,39.92089478499838,19.652000000000044,0.00011948489075114819,2.1146648000661884e-07,3.0944310818735654e-07,0.0,0.0,0.5678871870040894,0.7617448568344116,0.05806615948677063,False,21
3,40.03268381499947,19.75400000000002,0.00012007932313177778,2.1197451926174363e-07,3.1011766511485616e-07,0.0,0.0,0.5660384297370911,0.761417031288147,0.05815199017524719,False,21
3,40.13337444300123,19.75400000000002,0.00012007932313177778,2.1197451926174363e-07,3.1011766511485616e-07,0.0,0.0,0.5660384297370911,0.761417031288147,0.05815199017524719,False,21
3,40.241320396002266,19.855999999999995,0.00012067375551369584,2.1248255909774405e-07,3.107922226387046e-07,0.0,0.0,0.5663620829582214,0.761915385723114,0.05850706994533539,False,21
3,40.34200634500303,19.855999999999995,0.00012067375551369584,2.1248255909774405e-07,3.107922226387046e-07,0.0,0.0,0.5663620829582214,0.761915385723114,0.05850706994533539,False,21
3,40.44247115900362,19.95799999999997,0.0001212681878969583,2.1299059942126965e-07,3.1146678055403667e-07,0.0,0.0,0.566447913646698,0.760880172252655,0.05838991701602936,False,21
3,40.543041012002504,19.95799999999997,0.0001212681878969583,2.1299059942126965e-07,3.1146678055403667e-07,0.0,0.0,0.566447913646698,0.760880172252655,0.05838991701602936,False,21
3,40.65543690600316,20.06000000000006,0.0001218626202815435,2.1349864017797186e-07,3.1214133771161876e-07,0.0,0.0,0.5825835466384888,0.7632656097412109,0.05861334502696991,False,19
3,40.75603040600254,20.06000000000006,0.0001218626202815435,2.1349864017797186e-07,3.1214133771161876e-07,0.0,0.0,0.5825835466384888,0.7632656097412109,0.05861334502696991,False,19
3,40.866549974998634,20.162000000000035,0.00012245705266743755,2.140066815414509e-07,3.1281589595441386e-07,0.0,0.0,0.5823853611946106,0.7626140117645264,0.05847740173339844,False,21
3,40.96719445200142,20.162000000000035,0.00012245705266743755,2.140066815414509e-07,3.1281589595441386e-07,0.0,0.0,0.5823853611946106,0.7626140117645264,0.05847740173339844,False,21
3,41.08521722599835,20.26400000000001,0.0001230514850547454,2.1451472328023136e-07,3.1349045325072915e-07,0.0,0.0,0.5596133470535278,0.7621579170227051,0.05829557776451111,False,21
3,41.18591998099873,20.26400000000001,0.0001230514850547454,2.1451472328023136e-07,3.1349045325072915e-07,0.0,0.0,0.5596133470535278,0.7621579170227051,0.05829557776451111,False,21
3,41.29029005100165,20.365999999999985,0.0001236459174433135,2.150227655746891e-07,3.141650105751732e-07,0.0,0.0,0.5741074085235596,0.7615892887115479,0.05797316133975983,False,19
3,41.391021153998736,20.365999999999985,0.0001236459174433135,2.150227655746891e-07,3.141650105751732e-07,0.0,0.0,0.5741074085235596,0.7615892887115479,0.05797316133975983,False,19
3,41.49377522699797,20.468000000000075,0.0001242403498331133,2.1553080840276892e-07,3.1483956703758804e-07,0.0,0.0,0.5740405321121216,0.7622556090354919,0.057959944009780884,False,21
3,41.59446796900011,20.468000000000075,0.0001242403498331133,2.1553080840276892e-07,3.1483956703758804e-07,0.0,0.0,0.5740405321121216,0.7622556090354919,0.057959944009780884,False,21
3,41.701549258999876,20.57000000000005,0.00012483478222419242,2.1603885169574647e-07,3.155141236545748e-07,0.0,0.0,0.566229522228241,0.7611359357833862,0.05813524127006531,False,21
3,41.802180008002324,20.57000000000005,0.00012483478222419242,2.1603885169574647e-07,3.155141236545748e-07,0.0,0.0,0.566229522228241,0.7611359357833862,0.05813524127006531,False,21
3,41.92163351300405,20.638000000000034,0.00012523107048547331,2.1637754746284078e-07,3.1596382745789266e-07,0.0,0.0,0.5672743916511536,0.7637010216712952,0.05845390260219574,False,21
3,42.02555874099926,20.672000000000025,0.0001254292146165084,2.1654689544684784e-07,3.161886792955634e-07,0.0,0.0,0.5667229890823364,0.7637010216712952,0.05845390260219574,False,21
3,42.127359595004236,20.74000000000001,0.00012582550287870697,2.1688559156003698e-07,3.166383836108556e-07,0.0,0.0,0.5667229890823364,0.7617360949516296,0.05886383354663849,False,20
3,42.23027765000006,20.774,0.00012602364701009162,2.170549397488386e-07,3.1686323586063627e-07,0.0,0.0,0.5667229890823364,0.7651044726371765,0.05886383354663849,False,20
3,42.33174066700303,20.841999999999985,0.00012641993527322173,2.1739363617292646e-07,3.173129394912845e-07,0.0,0.0,0.5768992304801941,0.7651044726371765,0.04706519842147827,False,21
3,42.43457355099963,20.875999999999976,0.00012661807940501143,2.1756298448347928e-07,3.17537791892973e-07,0.0,0.0,0.5768992304801941,0.7665331959724426,0.04706519842147827,False,21
3,42.53931045599893,20.944000000000074,0.00012701436766904143,2.1790168130509443e-07,3.179874960844762e-07,0.0,0.0,0.5673079490661621,0.7665331959724426,0.06204076111316681,False,21
3,42.65761981400283,21.012000000000057,0.00012741065593363304,2.182403782813117e-07,3.1843720000354117e-07,0.0,0.0,0.5508089661598206,0.7615340352058411,0.04697059094905853,False,21
3,42.792230648999976,21.04600000000005,0.00012760880006614135,2.184097268990155e-07,3.186620516722368e-07,0.0,0.0,0.5508089661598206,0.7615340352058411,0.04697059094905853,False,21
3,42.902808737999294,21.148000000000025,0.0001282032324646295,2.189177729986843e-07,3.1933660842719146e-07,0.0,0.0,0.5748791694641113,0.7646094560623169,0.059737130999565125,False,21
3,43.00341518800269,21.148000000000025,0.0001282032324646295,2.189177729986843e-07,3.1933660842719146e-07,0.0,0.0,0.5748791694641113,0.7646094560623169,0.059737130999565125,False,21
3,43.11716917800368,21.25,0.00012879766486420573,2.194258196023734e-07,3.2001116429826614e-07,0.0,0.0,0.5683403611183167,0.7670308947563171,0.046753719449043274,False,21
3,43.21779961200082,21.25,0.00012879766486420573,2.194258196023734e-07,3.2001116429826614e-07,0.0,0.0,0.5683403611183167,0.7670308947563171,0.046753719449043274,False,21
3,43.327912191001815,21.351999999999975,0.00012939209726515414,2.1993386667405146e-07,3.206857202862581e-07,0.0,0.0,0.5843412280082703,0.7700273394584656,0.06311893463134766,False,21
3,43.42847506199905,21.351999999999975,0.00012939209726515414,2.1993386667405146e-07,3.206857202862581e-07,0.0,0.0,0.5843412280082703,0.7700273394584656,0.06311893463134766,False,21
3,43.541595554001105,21.454000000000065,0.00012998652966734374,2.2044191417203437e-07,3.213602759616104e-07,0.0,0.0,0.569054365158081,0.7709697484970093,0.04704199731349945,False,21
3,43.64229094100301,21.454000000000065,0.00012998652966734374,2.2044191417203437e-07,3.213602759616104e-07,0.0,0.0,0.569054365158081,0.7709697484970093,0.04704199731349945,False,21
3,43.75822524900286,21.55600000000004,0.00013058096207079406,2.2094996234204614e-07,3.220348311226382e-07,0.0,0.0,0.5766156315803528,0.7733675837516785,0.0650123804807663,False,21
3,43.85875546400348,21.55600000000004,0.00013058096207079406,2.2094996234204614e-07,3.220348311226382e-07,0.0,0.0,0.5766156315803528,0.7733675837516785,0.0650123804807663,False,21
3,43.969199036000646,21.658000000000015,0.00013117539447552546,2.2145801088598638e-07,3.2270938644285e-07,0.0,0.0,0.5698652863502502,0.7727288603782654,0.04710647463798523,False,18
3,44.069708021001134,21.658000000000015,0.00013117539447552546,2.2145801088598638e-07,3.2270938644285e-07,0.0,0.0,0.5698652863502502,0.7727288603782654,0.04710647463798523,False,18
3,44.17677632000414,21.75999999999999,0.00013176982688149113,2.2196605988784624e-07,3.2338394055935136e-07,0.0,0.0,0.554250955581665,0.773718535900116,0.0661369115114212,False,21
3,44.27749336099805,21.75999999999999,0.00013176982688149113,2.2196605988784624e-07,3.2338394055935136e-07,0.0,0.0,0.554250955581665,0.773718535900116,0.0661369115114212,False,21
3,44.386115589004476,21.86200000000008,0.0001323642592886854,2.224741094935194e-07,3.2405849592369493e-07,0.0,0.0,0.5681076645851135,0.7695078253746033,0.06410659849643707,False,21
3,44.48692316300003,21.86200000000008,0.0001323642592886854,2.224741094935194e-07,3.2405849592369493e-07,0.0,0.0,0.5681076645851135,0.7695078253746033,0.06410659849643707,False,21
3,44.60198781300278,21.964000000000055,0.0001329586916970992,2.2298215954248408e-07,3.247330501455988e-07,0.0,0.0,0.5523265600204468,0.7671300768852234,0.06258086860179901,False,20
3,44.70267908299866,21.964000000000055,0.0001329586916970992,2.2298215954248408e-07,3.247330501455988e-07,0.0,0.0,0.5523265600204468,0.7671300768852234,0.06258086860179901,False,20
3,44.810374177002814,22.06600000000003,0.0001335531241067815,2.2349021001000462e-07,3.254076052920162e-07,0.0,0.0,0.5690398216247559,0.7673075795173645,0.061488017439842224,False,19
3,44.9110492960026,22.06600000000003,0.0001335531241067815,2.2349021001000462e-07,3.254076052920162e-07,0.0,0.0,0.5690398216247559,0.7673075795173645,0.061488017439842224,False,19
3,45.02004640499945,22.168000000000006,0.00013414755651763085,2.2399826107094717e-07,3.2608215927674855e-07,0.0,0.0,0.5752215385437012,0.7669550776481628,0.061228930950164795,False,21
3,45.12059779000265,22.168000000000006,0.00013414755651763085,2.2399826107094717e-07,3.2608215927674855e-07,0.0,0.0,0.5752215385437012,0.7669550776481628,0.061228930950164795,False,21
3,45.24589975900017,22.23599999999999,0.00013454384479216677,2.2433696201478962e-07,3.2653186220608495e-07,0.0,0.0,0.5680488348007202,0.7665947675704956,0.06030692160129547,False,20
3,45.350198544001614,22.269999999999982,0.00013474198892962945,2.2450631254779561e-07,3.2675671362334995e-07,0.0,0.0,0.5680488348007202,0.7665947675704956,0.06030692160129547,False,20
3,45.454904352001904,22.33800000000008,0.00013513827720505484,2.24845013819469e-07,3.2720641639277166e-07,0.0,0.0,0.566938042640686,0.7648696899414062,0.06027404963970184,False,20
3,45.55990142700466,22.37200000000007,0.00013533642134286707,2.2501436451488216e-07,3.274312681918615e-07,0.0,0.0,0.566938042640686,0.7648696899414062,0.06027404963970184,False,20
3,45.666812508003204,22.440000000000055,0.0001357327096191299,2.253530661016492e-07,3.2788097155848463e-07,0.0,0.0,0.5608815550804138,0.7670865654945374,0.04704293608665466,False,20
3,45.77110805999837,22.474000000000046,0.0001359308537573667,2.255224169888567e-07,3.2810582293083106e-07,0.0,0.0,0.5608815550804138,0.7686219215393066,0.04704293608665466,False,20
3,45.873487199998635,22.54200000000003,0.00013632714203437157,2.2586111890863137e-07,3.285555256000837e-07,0.0,0.0,0.568238377571106,0.7686219215393066,0.06333412230014801,False,20
3,45.99283525300416,22.610000000000014,0.0001367234303117303,2.2619982103668138e-07,3.29005229022363e-07,0.0,0.0,0.5599750876426697,0.7625088691711426,0.04725360870361328,False,21
3,46.12822875400161,22.644000000000005,0.00013692157445073646,2.2636917220913328e-07,3.292300805030956e-07,0.0,0.0,0.5599750876426697,0.7625088691711426,0.04725360870361328,False,21
3,46.23344869200082,22.74599999999998,0.0001375160068683148,2.2687722591054924e-07,3.299046334778282e-07,0.0,0.0,0.5671249032020569,0.7666934132575989,0.06087134778499603,False,21
3,46.3339756839996,22.74599999999998,0.0001375160068683148,2.2687722591054924e-07,3.299046334778282e-07,0.0,0.0,0.5671249032020569,0.7666934132575989,0.06087134778499603,False,21
3,46.43802399600099,22.84800000000007,0.00013811043928717162,2.27385280167192e-07,3.305791868934105e-07,0.0,0.0,0.5690010786056519,0.7680525183677673,0.04707217216491699,False,21
3,46.53855099299835,22.84800000000007,0.00013811043928717162,2.27385280167192e-07,3.305791868934105e-07,0.0,0.0,0.5690010786056519,0.7680525183677673,0.04707217216491699,False,21
3,46.646361771003285,22.950000000000045,0.00013870487170718898,2.2789333493571548e-07,3.312537405521385e-07,0.0,0.0,0.5684213638305664,0.7692490816116333,0.06352125108242035,False,20
3,46.7470269109981,22.950000000000045,0.00013870487170718898,2.2789333493571548e-07,3.312537405521385e-07,0.0,0.0,0.5684213638305664,0.7692490816116333,0.06352125108242035,False,20
3,46.86570824900264,23.05200000000002,0.00013929930412842411,2.2840139024859998e-07,3.319282934015377e-07,0.0,0.0,0.5838328003883362,0.7698566913604736,0.062432557344436646,False,19
3,46.96640344700427,23.05200000000002,0.00013929930412842411,2.2840139024859998e-07,3.319282934015377e-07,0.0,0.0,0.5838328003883362,0.7698566913604736,0.062432557344436646,False,19
3,47.078830922000634,23.153999999999996,0.00013989373655082845,2.2890944588772804e-07,3.3260284650080124e-07,0.0,0.0,0.5669205188751221,0.7660576701164246,0.06146173179149628,False,19
3,47.17934805700497,23.153999999999996,0.00013989373655082845,2.2890944588772804e-07,3.3260284650080124e-07,0.0,0.0,0.5669205188751221,0.7660576701164246,0.06146173179149628,False,19
3,47.28716723200341,23.255999999999972,0.00014048816897435342,2.294175020773453e-07,3.3327739919106524e-07,0.0,0.0,0.5607016682624817,0.7657586932182312,0.060805559158325195,False,20
3,47.38771597500454,23.255999999999972,0.00014048816897435342,2.294175020773453e-07,3.3327739919106524e-07,0.0,0.0,0.5607016682624817,0.7657586932182312,0.060805559158325195,False,20
3,47.49910315099987,23.35800000000006,0.00014108260139895825,2.299255587369004e-07,3.3395195180701787e-07,0.0,0.0,0.5605774521827698,0.7653915882110596,0.060672223567962646,False,21
3,47.59962931700284,23.35800000000006,0.00014108260139895825,2.299255587369004e-07,3.3395195180701787e-07,0.0,0.0,0.5605774521827698,0.7653915882110596,0.060672223567962646,False,21
3,47.710520421002,23.460000000000036,0.00014167703382491226,2.3043361591685813e-07,3.346265039504677e-07,0.0,0.0,0.567331075668335,0.7635096311569214,0.06029941141605377,False,21
3,47.81113837700104,23.460000000000036,0.00014167703382491226,2.3043361591685813e-07,3.346265039504677e-07,0.0,0.0,0.567331075668335,0.7635096311569214,0.06029941141605377,False,21
3,47.916250323003624,23.562000000000012,0.000142271466252006,2.3094167356990236e-07,3.353010571310861e-07,0.0,0.0,0.5679387450218201,0.7657420635223389,0.06016828119754791,False,21
3,48.01682781599811,23.562000000000012,0.000142271466252006,2.3094167356990236e-07,3.353010571310861e-07,0.0,0.0,0.5679387450218201,0.7657420635223389,0.06016828119754791,False,21
3,48.11697960700258,23.663999999999987,0.0001428658986801245,2.314497316462999e-07,3.359756094230477e-07,0.0,0.0,0.5603564381599426,0.7661977410316467,0.046716466546058655,False,21
3,48.217586851002125,23.663999999999987,0.0001428658986801245,2.314497316462999e-07,3.359756094230477e-07,0.0,0.0,0.5603564381599426,0.7661977410316467,0.046716466546058655,False,21
3,48.32516615300119,23.766000000000076,0.00014346033110942437,2.3195779026556468e-07,3.366501624311194e-07,0.0,0.0,0.5680161118507385,0.7672122716903687,0.06303976476192474,False,20
3,48.42581793800491,23.766000000000076,0.00014346033110942437,2.3195779026556468e-07,3.366501624311194e-07,0.0,0.0,0.5680161118507385,0.7672122716903687,0.06303976476192474,False,20
3,48.539392796003085,23.868000000000052,0.0001440547635399303,2.3246584935420048e-07,3.3732471467161926e-07,0.0,0.0,0.5757402777671814,0.7692158222198486,0.06218460202217102,False,21
3,48.640052332004416,23.868000000000052,0.0001440547635399303,2.3246584935420048e-07,3.3732471467161926e-07,0.0,0.0,0.5757402777671814,0.7692158222198486,0.06218460202217102,False,21
3,48.76650537700334,23.936000000000035,0.00014445105182763103,2.3280455567671122e-07,3.377744169116447e-07,0.0,0.0,0.5668879151344299,0.7662807703018188,0.06139868497848511,False,21
3,48.87602270900243,23.970000000000027,0.00014464919597160066,2.3297390889673876e-07,3.379992669097193e-07,0.0,0.0,0.5668879151344299,0.7662807703018188,0.06139868497848511,False,21
3,48.980831345004844,24.03800000000001,0.00014504548425992372,2.3331261554228801e-07,3.384489683497944e-07,0.0,0.0,0.567294180393219,0.7659409642219543,0.061044469475746155,False,21
3,49.08322477299953,24.072000000000003,0.0001452436284043522,2.3348196888402601e-07,3.3867381896805827e-07,0.0,0.0,0.567294180393219,0.7654559016227722,0.061044469475746155,False,21
3,49.23144701799902,24.139999999999986,0.0001456399166933995,2.3382067586073969e-07,3.391235207559407e-07,0.0,0.0,0.5668466687202454,0.7654559016227722,0.06059420108795166,False,21
3,49.33779944699927,24.242000000000075,0.00014623434912802106,2.3432873662301846e-07,3.397980722739895e-07,0.0,0.0,0.5668060779571533,0.7628796100616455,0.06004957854747772,False,21
3,49.438482286997896,24.242000000000075,0.00014623434912802106,2.3432873662301846e-07,3.397980722739895e-07,0.0,0.0,0.5668060779571533,0.7628796100616455,0.06004957854747772,False,21
3,49.54759730499791,24.34400000000005,0.00014682878156383698,2.3483679795883045e-07,3.4047262363238047e-07,0.0,0.0,0.5599186420440674,0.7630734443664551,0.059536486864089966,False,21
3,49.64829810499941,24.34400000000005,0.00014682878156383698,2.3483679795883045e-07,3.4047262363238047e-07,0.0,0.0,0.5599186420440674,0.7630734443664551,0.059536486864089966,False,21
3,49.760006655000325,24.446000000000026,0.00014742321400072972,2.3534485976436387e-07,3.4114717513855853e-07,0.0,0.0,0.5661163926124573,0.7626769542694092,0.058858975768089294,False,21
3,49.860529728000984,24.446000000000026,0.00014742321400072972,2.3534485976436387e-07,3.4114717513855853e-07,0.0,0.0,0.5661163926124573,0.7626769542694092,0.058858975768089294,False,21
3,49.964929886999016,24.548000000000002,0.00014801764643864465,2.358529221287925e-07,3.4182172612773017e-07,0.0,0.0,0.5664475560188293,0.7605774998664856,0.05901312828063965,False,21
3,50.06560031999834,24.548000000000002,0.00014801764643864465,2.358529221287925e-07,3.4182172612773017e-07,0.0,0.0,0.5664475560188293,0.7605774998664856,0.05901312828063965,False,21
3,50.17060970500461,24.649999999999977,0.0001486120788777687,2.3636098484984613e-07,3.4249627730184077e-07,0.0,0.0,0.5667099952697754,0.7616888880729675,0.05904601514339447,False,20
3,50.27120131799893,24.649999999999977,0.0001486120788777687,2.3636098484984613e-07,3.4249627730184077e-07,0.0,0.0,0.5667099952697754,0.7616888880729675,0.05904601514339447,False,20
3,50.37734764200286,24.752000000000066,0.0001492065113180732,2.3686904808072993e-07,3.431708284604423e-07,0.0,0.0,0.582460880279541,0.7645232081413269,0.059063658118247986,False,19
3,50.477957369999785,24.752000000000066,0.0001492065113180732,2.3686904808072993e-07,3.431708284604423e-07,0.0,0.0,0.582460880279541,0.7645232081413269,0.059063658118247986,False,19
3,50.5878392490049,24.854000000000042,0.0001498009437594103,2.3737711179156174e-07,3.438453801945827e-07,0.0,0.0,0.5824212431907654,0.7635744214057922,0.05860620737075806,False,21
3,50.68846920400392,24.854000000000042,0.0001498009437594103,2.3737711179156174e-07,3.438453801945827e-07,0.0,0.0,0.5824212431907654,0.7635744214057922,0.05860620737075806,False,21
3,50.80482819399913,24.956000000000017,0.0001503953762018108,2.3788517600165824e-07,3.445199309423765e-07,0.0,0.0,0.5662634372711182,0.7609869837760925,0.0587402880191803,False,20
3,50.90535134200036,24.956000000000017,0.0001503953762018108,2.3788517600165824e-07,3.445199309423765e-07,0.0,0.0,0.5662634372711182,0.7609869837760925,0.0587402880191803,False,20
3,51.0134063650039,25.057999999999993,0.00015098980864539611,2.3839324069599017e-07,3.451944823755441e-07,0.0,0.0,0.5589503049850464,0.7563577890396118,0.046789586544036865,False,20
3,51.11405005000415,25.057999999999993,0.00015098980864539611,2.3839324069599017e-07,3.451944823755441e-07,0.0,0.0,0.5589503049850464,0.7563577890396118,0.046789586544036865,False,20
3,51.228030940997996,25.160000000000082,0.00015158424108996545,2.389013057557277e-07,3.458690318990964e-07,0.0,0.0,0.5817053318023682,0.7611359357833862,0.057702481746673584,False,20
3,51.328712037000514,25.160000000000082,0.00015158424108996545,2.389013057557277e-07,3.458690318990964e-07,0.0,0.0,0.5817053318023682,0.7611359357833862,0.057702481746673584,False,20
3,51.441275564000534,25.262000000000057,0.00015217867353580633,2.3940937135645803e-07,3.465435825133221e-07,0.0,0.0,0.5666838884353638,0.7610940337181091,0.04668299853801727,False,21
3,51.54190231599932,25.262000000000057,0.00015217867353580633,2.3940937135645803e-07,3.465435825133221e-07,0.0,0.0,0.5666838884353638,0.7610940337181091,0.04668299853801727,False,21
3,51.65619465000054,25.364000000000033,0.00015277310598261823,2.399174374580123e-07,3.472181337845693e-07,0.0,0.0,0.5670377612113953,0.7631285786628723,0.06000113487243652,False,20
3,51.756827878001786,25.364000000000033,0.00015277310598261823,2.399174374580123e-07,3.472181337845693e-07,0.0,0.0,0.5670377612113953,0.7631285786628723,0.06000113487243652,False,20
3,51.871980073003215,25.466000000000008,0.00015336753843040764,2.404255040295074e-07,3.478926834810319e-07,0.0,0.0,0.568696916103363,0.7669263482093811,0.04681481420993805,False,21
3,51.97252112300339,25.466000000000008,0.00015336753843040764,2.404255040295074e-07,3.478926834810319e-07,0.0,0.0,0.568696916103363,0.7669263482093811,0.04681481420993805,False,21
3,52.07757910500368,25.567999999999984,0.00015396197087943044,2.409335709690141e-07,3.4856723254712147e-07,0.0,0.0,0.5681053996086121,0.7674731016159058,0.06291373074054718,False,20
3,52.178294710000046,25.567999999999984,0.00015396197087943044,2.409335709690141e-07,3.4856723254712147e-07,0.0,0.0,0.5681053996086121,0.7674731016159058,0.06291373074054718,False,20
3,52.29890984100348,25.63600000000008,0.0001543582591793896,2.4127228263486274e-07,3.4901693304749576e-07,0.0,0.0,0.5693766474723816,0.770510196685791,0.04702797532081604,False,21
3,52.40498658300203,25.670000000000073,0.00015455640332957387,2.4144163846098517e-07,3.492417825479153e-07,0.0,0.0,0.5693766474723816,0.770510196685791,0.04702797532081604,False,21
3,52.50853047900455,25.738000000000056,0.00015495269163016837,2.417803503894295e-07,3.496914831043108e-07,0.0,0.0,0.5679442286491394,0.7697545289993286,0.06451088190078735,False,21
3,52.612899191000906,25.772000000000048,0.00015515083578070913,2.419497064197553e-07,3.499163330158032e-07,0.0,0.0,0.5679442286491394,0.7697545289993286,0.06451088190078735,False,21
3,52.719142103000195,25.840000000000032,0.00015554712408203612,2.422884187063659e-07,3.5036603223232e-07,0.0,0.0,0.5699423551559448,0.7704615592956543,0.046798259019851685,False,21
3,52.82500793899817,25.874000000000024,0.00015574526823282408,2.4245777492275186e-07,3.5059088189031965e-07,0.0,0.0,0.545783519744873,0.7704615592956543,0.046798259019851685,False,21
3,52.92826424800296,25.942000000000007,0.00015614155653483758,2.427964874616782e-07,3.510405823893734e-07,0.0,0.0,0.545783519744873,0.771438717842102,0.06514760851860046,False,21
3,53.046444241001154,26.00999999999999,0.00015653784483719976,2.431352002888314e-07,3.514902818475523e-07,0.0,0.0,0.5618693232536316,0.7706708312034607,0.04640774428844452,False,19
3,53.1809094420023,26.043999999999983,0.0001567359889886829,2.433045566862385e-07,3.5171513155137255e-07,0.0,0.0,0.5618693232536316,0.7706708312034607,0.04640774428844452,False,19
3,53.29580590099795,26.146000000000072,0.00015733042144349535,2.4381262634338055e-07,3.5238968057726227e-07,0.0,0.0,0.5688777565956116,0.7733644843101501,0.06622928380966187,False,20
3,53.39647187600349,26.146000000000072,0.00015733042144349535,2.4381262634338055e-07,3.5238968057726227e-07,0.0,0.0,0.5688777565956116,0.7733644843101501,0.06622928380966187,False,20
3,53.499987543000316,26.248000000000047,0.00015792485389950822,2.4432069653104587e-07,3.5306422948066806e-07,0.0,0.0,0.5762426853179932,0.772315263748169,0.06456583738327026,False,21
3,53.60049592300493,26.248000000000047,0.00015792485389950822,2.4432069653104587e-07,3.5306422948066806e-07,0.0,0.0,0.5762426853179932,0.772315263748169,0.06456583738327026,False,21
3,53.711231895998935,26.350000000000023,0.00015851928635653286,2.4482876715673644e-07,3.5373877940950756e-07,0.0,0.0,0.5678266286849976,0.7669044733047485,0.06304167211055756,False,21
3,53.81188028700126,26.350000000000023,0.00015851928635653286,2.4482876715673644e-07,3.5373877940950756e-07,0.0,0.0,0.5678266286849976,0.7669044733047485,0.06304167211055756,False,21
3,53.91776864499843,26.451999999999998,0.00015911371881441446,2.453368382638909e-07,3.544133279581148e-07,0.0,0.0,0.5752227306365967,0.7686122059822083,0.06188507378101349,False,19
3,54.018341800998314,26.451999999999998,0.00015911371881441446,2.453368382638909e-07,3.544133279581148e-07,0.0,0.0,0.5752227306365967,0.7686122059822083,0.06188507378101349,False,19
3,54.121110262,26.553999999999974,0.0001597081512733252,2.458449098161414e-07,3.550878778393579e-07,0.0,0.0,0.5672668218612671,0.7654576897621155,0.06116802990436554,False,20
3,54.221717564003484,26.553999999999974,0.0001597081512733252,2.458449098161414e-07,3.550878778393579e-07,0.0,0.0,0.5672668218612671,0.7654576897621155,0.06116802990436554,False,20
3,54.33508296799846,26.656000000000063,0.0001603025837334641,2.4635298188377575e-07,3.557624269424398e-07,0.0,0.0,0.5606571435928345,0.7639851570129395,0.060385361313819885,False,21
3,54.43571341200004,26.656000000000063,0.0001603025837334641,2.4635298188377575e-07,3.557624269424398e-07,0.0,0.0,0.5606571435928345,0.7639851570129395,0.060385361313819885,False,21
3,54.540015170001425,26.758000000000038,0.0001608970161945276,2.468610544125181e-07,3.5643697642697276e-07,0.0,0.0,0.5671027898788452,0.7624721527099609,0.05992276966571808,False,20
3,54.64064871700248,26.758000000000038,0.0001608970161945276,2.468610544125181e-07,3.5643697642697276e-07,0.0,0.0,0.5671027898788452,0.7624721527099609,0.05992276966571808,False,20
3,54.754727170999104,26.860000000000014,0.0001614914486566272,2.473691272851459e-07,3.571115242511871e-07,0.0,0.0,0.5732985138893127,0.7595741748809814,0.046767398715019226,False,20
3,54.85539827700268,26.860000000000014,0.0001614914486566272,2.473691272851459e-07,3.571115242511871e-07,0.0,0.0,0.5732985138893127,0.7595741748809814,0.046767398715019226,False,20
3,54.96743156899902,26.96199999999999,0.00016208588111985478,2.4787720077788867e-07,3.5778607242495285e-07,0.0,0.0,0.5737614631652832,0.7639439105987549,0.05884857475757599,False,19
3,55.06805927800451,26.96199999999999,0.00016208588111985478,2.4787720077788867e-07,3.5778607242495285e-07,0.0,0.0,0.5737614631652832,0.7639439105987549,0.05884857475757599,False,19
3,55.18937870800437,27.064000000000078,0.00016268031358407115,2.483852746138866e-07,3.5846062085080406e-07,0.0,0.0,0.5665499567985535,0.7620495557785034,0.058962732553482056,False,20
3,55.28991021600086,27.064000000000078,0.00016268031358407115,2.483852746138866e-07,3.5846062085080406e-07,0.0,0.0,0.5665499567985535,0.7620495557785034,0.058962732553482056,False,20
3,55.403942007003934,27.166000000000054,0.0001632747460491371,2.488933490183088e-07,3.591351687035757e-07,0.0,0.0,0.56672602891922,0.7620298266410828,0.05899883806705475,False,21
3,55.50448262200371,27.166000000000054,0.0001632747460491371,2.488933490183088e-07,3.591351687035757e-07,0.0,0.0,0.56672602891922,0.7620298266410828,0.05899883806705475,False,21
3,55.61966680600017,27.26800000000003,0.00016386917851527946,2.4940142383898494e-07,3.598097164752468e-07,0.0,0.0,0.582710862159729,0.7637597918510437,0.059041306376457214,False,20
3,55.72028865900211,27.26800000000003,0.00016386917851527946,2.4940142383898494e-07,3.598097164752468e-07,0.0,0.0,0.582710862159729,0.7637597918510437,0.059041306376457214,False,20
3,55.8541235599987,27.336000000000013,0.00016426546682669777,2.4974014070770724e-07,3.602594149248126e-07,0.0,0.0,0.5742140412330627,0.7628954648971558,0.05867408215999603,False,20
3,55.96781806099898,27.370000000000005,0.00016446361098256196,2.499094991397383e-07,3.6048426408390726e-07,0.0,0.0,0.5742140412330627,0.7628954648971558,0.05867408215999603,False,20
3,56.072289768999326,27.437999999999988,0.00016485989929449765,2.5024821625215614e-07,3.609339625793911e-07,0.0,0.0,0.5597332715988159,0.7613752484321594,0.05846208333969116,False,21
3,56.17335256499791,27.47199999999998,0.00016505804345070142,2.504175749337857e-07,3.6115881293328744e-07,0.0,0.0,0.5597332715988159,0.7613752484321594,0.05846208333969116,False,21
3,56.279921462002676,27.540000000000077,0.00016545433176340255,2.507562924173752e-07,3.616085105985405e-07,0.0,0.0,0.5666390061378479,0.7602112889289856,0.05823558568954468,False,20
3,56.38190115999896,27.57400000000007,0.00016565247591986522,2.509256511568771e-07,3.6183336024208976e-07,0.0,0.0,0.5666390061378479,0.7602112889289856,0.05823558568954468,False,20
3,56.48999681699934,27.642000000000053,0.00016604876423331446,2.512643689468383e-07,3.6228305848482616e-07,0.0,0.0,0.5676361918449402,0.76101154088974,0.04686090350151062,False,20
3,56.59632218800107,27.676000000000045,0.000166246908390154,2.5143372796711256e-07,3.6250790774149377e-07,0.0,0.0,0.5676361918449402,0.76101154088974,0.04686090350151062,False,20
3,56.706437057000585,27.744000000000028,0.00016664319670403388,2.517724460384038e-07,3.6295760574734745e-07,0.0,0.0,0.5666764378547668,0.7636349201202393,0.05978713929653168,False,20
3,56.810858051998366,27.77800000000002,0.00016684134086125723,2.5194180510155883e-07,3.6318245531609847e-07,0.0,0.0,0.5666764378547668,0.7665895819664001,0.05978713929653168,False,20
3,56.918129609999596,27.846000000000004,0.0001672376291759108,2.5228052345777676e-07,3.636321525677405e-07,0.0,0.0,0.5744441747665405,0.7665895819664001,0.04701022803783417,False,21
3,57.018288494000444,27.879999999999995,0.0001674357733333692,2.5244988277155205e-07,3.6385700224583994e-07,0.0,0.0,0.5744441747665405,0.7677899599075317,0.04701022803783417,False,21
3,57.12841301000299,27.94799999999998,0.0001678320616487752,2.5278860142225496e-07,3.6430669932448594e-07,0.0,0.0,0.5680827498435974,0.7677899599075317,0.06271545588970184,False,21
3,57.22877978299948,27.98199999999997,0.0001680302058065736,2.5295796081715563e-07,3.6453154837355196e-07,0.0,0.0,0.577822208404541,0.7677899599075317,0.06271545588970184,False,21
3,57.3411308959985,28.050000000000068,0.0001684264941225009,2.5329667981123865e-07,3.649812475177586e-07,0.0,0.0,0.577822208404541,0.7700577974319458,0.04728741943836212,False,21
3,57.467019686999265,28.118000000000052,0.0001688227824389499,2.536353990359528e-07,3.6543094552897387e-07,0.0,0.0,0.5847821235656738,0.771948516368866,0.06427846848964691,False,20
3,57.60143912700005,28.152000000000044,0.00016902092659723316,2.5380475868473033e-07,3.6565579396938875e-07,0.0,0.0,0.5847821235656738,0.771948516368866,0.06427846848964691,False,20
3,57.706629398002406,28.25400000000002,0.00016961535907303316,2.543128380620628e-07,3.6633034151677183e-07,0.0,0.0,0.5615023374557495,0.7695885896682739,0.06274211406707764,False,20
3,57.80735172799905,28.25400000000002,0.00016961535907303316,2.543128380620628e-07,3.6633034151677183e-07,0.0,0.0,0.5615023374557495,0.7695885896682739,0.06274211406707764,False,20
3,57.91485598500003,28.355999999999995,0.00017020979154964153,2.5482091781634944e-07,3.6700488806004753e-07,0.0,0.0,0.575401782989502,0.7669077515602112,0.06135879456996918,False,19
3,58.015381766002974,28.355999999999995,0.00017020979154964153,2.5482091781634944e-07,3.6700488806004753e-07,0.0,0.0,0.575401782989502,0.7669077515602112,0.06135879456996918,False,19
3,58.1170007949986,28.45799999999997,0.00017080422402722568,2.553289981236104e-07,3.676794347301388e-07,0.0,0.0,0.5751336216926575,0.7661638855934143,0.060552194714546204,False,20
3,58.217584878002526,28.45799999999997,0.00017080422402722568,2.553289981236104e-07,3.676794347301388e-07,0.0,0.0,0.5751336216926575,0.7661638855934143,0.060552194714546204,False,20
3,58.326145247003296,28.56000000000006,0.00017139865650590185,2.5583707876428575e-07,3.683539812317514e-07,0.0,0.0,0.5670735239982605,0.7640882134437561,0.06009720265865326,False,21
3,58.42675227700238,28.56000000000006,0.00017139865650590185,2.5583707876428575e-07,3.683539812317514e-07,0.0,0.0,0.5670735239982605,0.7640882134437561,0.06009720265865326,False,21
3,58.53443521000008,28.662000000000035,0.00017199308898543627,2.563451599948266e-07,3.69028527539054e-07,0.0,0.0,0.5678911209106445,0.7660382390022278,0.05995266139507294,False,21
3,58.63496139000199,28.662000000000035,0.00017199308898543627,2.563451599948266e-07,3.69028527539054e-07,0.0,0.0,0.5678911209106445,0.7660382390022278,0.05995266139507294,False,21
3,58.74703553500149,28.76400000000001,0.0001725875214659469,2.568532415453498e-07,3.6970307320252045e-07,0.0,0.0,0.5670725703239441,0.7633906006813049,0.06000317633152008,False,20
3,58.84754955599783,28.76400000000001,0.0001725875214659469,2.568532415453498e-07,3.6970307320252045e-07,0.0,0.0,0.5670725703239441,0.7633906006813049,0.06000317633152008,False,20
3,58.96147239700076,28.865999999999985,0.00017318195394762934,2.573613236910474e-07,3.703776198552993e-07,0.0,0.0,0.5771772265434265,0.7661902904510498,0.04699699580669403,False,21
3,59.06205114199838,28.865999999999985,0.00017318195394762934,2.573613236910474e-07,3.703776198552993e-07,0.0,0.0,0.5771772265434265,0.7661902904510498,0.04699699580669403,False,21
3,59.16946445299982,28.968000000000075,0.00017377638643002995,2.578694061274737e-07,3.710521657997249e-07,0.0,0.0,0.5675777792930603,0.7676030993461609,0.06273233890533447,False,20
3,59.26999439100473,28.968000000000075,0.00017377638643002995,2.578694061274737e-07,3.710521657997249e-07,0.0,0.0,0.5675777792930603,0.7676030993461609,0.06273233890533447,False,20
3,59.40802406500006,29.036000000000058,0.00017417267475216018,2.582081281220832e-07,3.71501863530664e-07,0.0,0.0,0.5509657859802246,0.7621796131134033,0.04693199694156647,False,21
3,59.5210839249994,29.07000000000005,0.0001743708189133465,2.5837748915297734e-07,3.717267113115352e-07,0.0,0.0,0.5509657859802246,0.7621796131134033,0.04693199694156647,False,21
3,59.62560195200058,29.138000000000034,0.00017476710723623307,2.587162113809541e-07,3.721764096607894e-07,0.0,0.0,0.5672183632850647,0.7636058330535889,0.06014604866504669,False,21
3,59.726207642997906,29.138000000000034,0.00017476710723623307,2.587162113809541e-07,3.721764096607894e-07,0.0,0.0,0.5672183632850647,0.7636058330535889,0.06014604866504669,False,21
3,59.84730569700332,29.24000000000001,0.00017536153972122622,2.592242952295613e-07,3.7285095519312015e-07,0.0,0.0,0.5684380531311035,0.7671843767166138,0.04665042459964752,False,21
3,59.947955780000484,29.24000000000001,0.00017536153972122622,2.592242952295613e-07,3.7285095519312015e-07,0.0,0.0,0.5684380531311035,0.7671843767166138,0.04665042459964752,False,21
3,60.067500823002774,29.341999999999985,0.00017595597220707677,2.5973237939820174e-07,3.7352550036841986e-07,0.0,0.0,0.57603520154953,0.7703501582145691,0.06336115300655365,False,19
3,60.16756874899875,29.375999999999976,0.0001761541163691335,2.5990174094123667e-07,3.737503490834019e-07,0.0,0.0,0.57603520154953,0.7703501582145691,0.06336115300655365,False,19
3,60.27776130300481,29.444000000000074,0.0001765504046936997,2.602404641307177e-07,3.7420004563373635e-07,0.0,0.0,0.5690791606903076,0.7710996270179749,0.046959519386291504,False,21
3,60.378763906999666,29.478000000000065,0.00017674854885616192,2.604098257653654e-07,3.7442489462318385e-07,0.0,0.0,0.5690791606903076,0.7710996270179749,0.046959519386291504,False,21
3,60.49148354000499,29.54600000000005,0.00017714483718143633,2.6074854923350166e-07,3.748745895578955e-07,0.0,0.0,0.5766358971595764,0.7734944224357605,0.06514720618724823,False,21
3,60.5915618709987,29.58000000000004,0.0001773429813442481,2.6091791108506633e-07,3.7509943836077425e-07,0.0,0.0,0.5766358971595764,0.7734944224357605,0.06514720618724823,False,21
3,60.709928338998,29.648000000000025,0.0001777392696702281,2.612566348609346e-07,3.7554913469788334e-07,0.0,0.0,0.569878101348877,0.7726905345916748,0.047020524740219116,False,21
3,60.834582939998654,29.716000000000008,0.00017813555799646962,2.61595358863222e-07,3.7599883215447226e-07,0.0,0.0,0.5542598366737366,0.7737463712692261,0.0662120133638382,False,20
3,60.96889664199989,29.75,0.00017833370215983692,2.617647209717932e-07,3.7622368127154646e-07,0.0,0.0,0.5542598366737366,0.7737463712692261,0.0662120133638382,False,20
3,61.07086853500368,29.851999999999975,0.00017892813465020078,2.6227280745669015e-07,3.768982258886826e-07,0.0,0.0,0.5681056976318359,0.7695242762565613,0.06416529417037964,False,21
3,61.17152927799907,29.851999999999975,0.00017892813465020078,2.6227280745669015e-07,3.768982258886826e-07,0.0,0.0,0.5681056976318359,0.7695242762565613,0.06416529417037964,False,21
3,61.279791508000926,29.954000000000065,0.00017952256714162023,2.627808943358823e-07,3.7757277193902475e-07,0.0,0.0,0.5523297786712646,0.7671370506286621,0.06262552738189697,False,21
3,61.38031635800144,29.954000000000065,0.00017952256714162023,2.627808943358823e-07,3.7757277193902475e-07,0.0,0.0,0.5523297786712646,0.7671370506286621,0.06262552738189697,False,21
3,61.48602446199948,30.05600000000004,0.00018011699963384805,2.63288981735311e-07,3.782473162885148e-07,0.0,0.0,0.5690487623214722,0.7672290802001953,0.061519116163253784,False,20
3,61.586595164000755,30.05600000000004,0.00018011699963384805,2.63288981735311e-07,3.782473162885148e-07,0.0,0.0,0.5690487623214722,0.7672290802001953,0.061519116163253784,False,20
3,61.69416849200206,30.158000000000015,0.00018071143212708895,2.637970696193893e-07,3.789218611381777e-07,0.0,0.0,0.5752083659172058,0.7669301629066467,0.061245933175086975,False,21
3,61.79478329900303,30.158000000000015,0.00018071143212708895,2.637970696193893e-07,3.789218611381777e-07,0.0,0.0,0.5752083659172058,0.7669301629066467,0.061245933175086975,False,21
3,61.90244998300477,30.25999999999999,0.00018130586462114908,2.6430515787610267e-07,3.79596405989046e-07,0.0,0.0,0.5680395364761353,0.7665722966194153,0.060316622257232666,False,21
3,62.00300708600116,30.25999999999999,0.00018130586462114908,2.6430515787610267e-07,3.79596405989046e-07,0.0,0.0,0.5680395364761353,0.7665722966194153,0.060316622257232666,False,21
3,62.14598998599831,30.36200000000008,0.00018190029711601932,2.6481324675794607e-07,3.80270950274337e-07,0.0,0.0,0.5669279098510742,0.7648319005966187,0.060270607471466064,False,20
3,62.24728381499881,30.396000000000072,0.00018209844128122587,2.6498260973178127e-07,3.804957984005877e-07,0.0,0.0,0.5608680248260498,0.7670506834983826,0.04702693223953247,False,20
3,62.35548807300074,30.464000000000055,0.0001824947296119911,2.653213359108281e-07,3.809454945654131e-07,0.0,0.0,0.5608680248260498,0.7670506834983826,0.04702693223953247,False,20
3,62.47637626600044,30.53200000000004,0.00018289101794282054,2.656600623038167e-07,3.813951906130282e-07,0.0,0.0,0.5681614875793457,0.768636167049408,0.06332790851593018,False,20
3,62.60935402400355,30.56600000000003,0.0001830891621085861,2.6582942568959385e-07,3.816200386230494e-07,0.0,0.0,0.5681614875793457,0.768636167049408,0.06332790851593018,False,20
3,62.71019012400211,30.668000000000006,0.0001836835946061495,2.6633751571702374e-07,3.8229458273656245e-07,0.0,0.0,0.559971034526825,0.7623996734619141,0.04721754789352417,False,21
3,62.81082849100494,30.668000000000006,0.0001836835946061495,2.6633751571702374e-07,3.8229458273656245e-07,0.0,0.0,0.559971034526825,0.7623996734619141,0.04721754789352417,False,21
3,62.9373346680004,30.73599999999999,0.00018407988293839316,2.66676242811667e-07,3.8274427907782995e-07,0.0,0.0,0.56709885597229,0.7666603326797485,0.06086844205856323,False,21
3,63.03842513899872,30.769999999999982,0.00018427802710470342,2.668456063690519e-07,3.829691268011394e-07,0.0,0.0,0.56709885597229,0.7666603326797485,0.06086844205856323,False,21
3,63.143425480004225,30.83800000000008,0.00018467431543738163,2.6718433363541737e-07,3.8341882272750007e-07,0.0,0.0,0.5689932703971863,0.7679702043533325,0.04704621434211731,False,21
3,63.25459169899841,30.87200000000007,0.0001848724596038736,2.673536973449729e-07,3.8364367050807565e-07,0.0,0.0,0.5689932703971863,0.7679702043533325,0.04704621434211731,False,21
3,63.35991950600146,30.940000000000055,0.00018526874793737148,2.676924249970306e-07,3.840933661951446e-07,0.0,0.0,0.5684113502502441,0.7692288160324097,0.06351949274539948,False,19
3,63.46535675699852,30.974000000000046,0.0001854668921041601,2.678617888365157e-07,3.843182145639187e-07,0.0,0.0,0.5684113502502441,0.7692288160324097,0.06351949274539948,False,19
3,63.57371117499861,31.04200000000003,0.00018586318043800404,2.6820051673513963e-07,3.847679094898814e-07,0.0,0.0,0.5754332542419434,0.7698759436607361,0.062426596879959106,False,20
3,63.68259390199819,31.076000000000022,0.00018606132460524932,2.683698808073229e-07,3.8499275772207807e-07,0.0,0.0,0.5754332542419434,0.7698759436607361,0.062426596879959106,False,20
3,63.79200766100257,31.144000000000005,0.00018645761293980146,2.687086090299633e-07,3.8544245344271156e-07,0.0,0.0,0.5669116377830505,0.7659851908683777,0.06145434081554413,False,19
3,63.89377053300268,31.177999999999997,0.0001866557571071196,2.6887797320206497e-07,3.856673013280292e-07,0.0,0.0,0.560676634311676,0.7659851908683777,0.06145434081554413,False,19
3,63.99989235200337,31.24599999999998,0.00018705204544234048,2.692167017378319e-07,3.8611699806516556e-07,0.0,0.0,0.560676634311676,0.7656832337379456,0.06080031394958496,False,20
3,64.10076923399902,31.279999999999973,0.00018725018961010054,2.693860660995659e-07,3.863418455208368e-07,0.0,0.0,0.5606148838996887,0.7656832337379456,0.06080031394958496,False,20
3,64.21029962800094,31.34800000000007,0.000187646477945674,2.697247949255171e-07,3.8679154152893683e-07,0.0,0.0,0.5606148838996887,0.7651335597038269,0.06066015362739563,False,21
3,64.33508166600222,31.416000000000054,0.00018804276628176832,2.700635238233584e-07,3.872412365224298e-07,0.0,0.0,0.567306399345398,0.763441264629364,0.06028805673122406,False,21
3,64.46975721800118,31.450000000000045,0.00018824091045001583,2.702328883942375e-07,3.874660842942755e-07,0.0,0.0,0.567306399345398,0.763441264629364,0.06028805673122406,False,21
3,64.58614357100305,31.55200000000002,0.00018883534295501122,2.7074098243073644e-07,3.8814062734091713e-07,0.0,0.0,0.5678161382675171,0.7654297947883606,0.060061320662498474,False,20
3,64.68681448999996,31.55200000000002,0.00018883534295501122,2.7074098243073644e-07,3.8814062734091713e-07,0.0,0.0,0.5678161382675171,0.7654297947883606,0.060061320662498474,False,20
3,64.79782459400303,31.653999999999996,0.0001894297754611138,2.712490770181667e-07,3.8881517076140645e-07,0.0,0.0,0.5602835416793823,0.7659287452697754,0.04660677909851074,False,20
3,64.89841808399797,31.653999999999996,0.0001894297754611138,2.712490770181667e-07,3.8881517076140645e-07,0.0,0.0,0.5602835416793823,0.7659287452697754,0.04660677909851074,False,20
3,65.0118409860006,31.755999999999972,0.00019002420796789639,2.717571719505786e-07,3.8948971377800383e-07,0.0,0.0,0.5679692029953003,0.7670227885246277,0.06297814846038818,False,20
3,65.11242417400354,31.755999999999972,0.00019002420796789639,2.717571719505786e-07,3.8948971377800383e-07,0.0,0.0,0.5679692029953003,0.7670227885246277,0.06297814846038818,False,20
3,65.21883434100164,31.85800000000006,0.00019061864047558667,2.722652672588253e-07,3.9016425620931616e-07,0.0,0.0,0.5755049586296082,0.7688810229301453,0.06209377944469452,False,21
3,65.31945776299835,31.85800000000006,0.00019061864047558667,2.722652672588253e-07,3.9016425620931616e-07,0.0,0.0,0.5755049586296082,0.7688810229301453,0.06209377944469452,False,21
3,65.44677615300316,31.960000000000036,0.00019121307298411308,2.7277336306488595e-07,3.908387989782659e-07,0.0,0.0,0.5668317079544067,0.766052782535553,0.06132759153842926,False,21
3,65.54734922900388,31.960000000000036,0.00019121307298411308,2.7277336306488595e-07,3.908387989782659e-07,0.0,0.0,0.5668317079544067,0.766052782535553,0.06132759153842926,False,21
3,65.67319208299887,32.06200000000001,0.00019180750549343834,2.7328145945626634e-07,3.915133414706343e-07,0.0,0.0,0.5672432780265808,0.7657507061958313,0.06098262965679169,False,21
3,65.77385781399789,32.06200000000001,0.00019180750549343834,2.7328145945626634e-07,3.915133414706343e-07,0.0,0.0,0.5672432780265808,0.7657507061958313,0.06098262965679169,False,21
3,65.87872442300431,32.16399999999999,0.00019240193800376584,2.7378955611482585e-07,3.921878836632478e-07,0.0,0.0,0.5667915940284729,0.7653761506080627,0.060610175132751465,False,21
3,65.97926015499979,32.16399999999999,0.00019240193800376584,2.7378955611482585e-07,3.921878836632478e-07,0.0,0.0,0.5667915940284729,0.7653761506080627,0.060610175132751465,False,21
3,66.0981624470005,32.266000000000076,0.00019299637051467923,2.7429765337982373e-07,3.9286242599801985e-07,0.0,0.0,0.5667596459388733,0.7628224492073059,0.06006664037704468,False,21
3,66.19868629400298,32.266000000000076,0.00019299637051467923,2.7429765337982373e-07,3.9286242599801985e-07,0.0,0.0,0.5667596459388733,0.7628224492073059,0.06006664037704468,False,21
3,66.30219750499964,32.36800000000005,0.00019359080302664257,2.7480575086388546e-07,3.935369679381554e-07,0.0,0.0,0.5599133968353271,0.7630499601364136,0.059547632932662964,False,21
3,66.40284009500465,32.36800000000005,0.00019359080302664257,2.7480575086388546e-07,3.935369679381554e-07,0.0,0.0,0.5599133968353271,0.7630499601364136,0.059547632932662964,False,21
3,66.5317320230024,32.436000000000035,0.00019398709136827673,2.75144482983509e-07,3.9398666364040933e-07,0.0,0.0,0.5661735534667969,0.762740969657898,0.05887053906917572,False,21
3,66.63373255400074,32.47000000000003,0.00019418523553936138,2.75313848970762e-07,3.9421151118654123e-07,0.0,0.0,0.5661735534667969,0.762740969657898,0.05887053906917572,False,21
3,66.73813026199787,32.53800000000001,0.00019458152388167208,2.7565258131151596e-07,3.946612051109399e-07,0.0,0.0,0.5664507150650024,0.7605627179145813,0.05901719629764557,False,20
3,66.84613961300056,32.572,0.00019477966805293801,2.758219475494063e-07,3.9488605304412066e-07,0.0,0.0,0.5664507150650024,0.7605627179145813,0.05901719629764557,False,20
3,66.95136854700104,32.639999999999986,0.00019517595639579558,2.761606801458766e-07,3.953357479550397e-07,0.0,0.0,0.5667519569396973,0.761825680732727,0.05914206802845001,False,21
3,67.05617476000043,32.67399999999998,0.00019537410056741974,2.7633004656781737e-07,3.9556059508502624e-07,0.0,0.0,0.5667519569396973,0.761825680732727,0.05914206802845001,False,21
3,67.15993990399875,32.742000000000075,0.00019577038891071923,2.7666877941839417e-07,3.9601029025270106e-07,0.0,0.0,0.5824835300445557,0.7646269798278809,0.05913195013999939,False,21
3,67.26167313800397,32.77600000000007,0.00019596853308250037,2.7683814594664643e-07,3.962351377226062e-07,0.0,0.0,0.5824835300445557,0.7646269798278809,0.05913195013999939,False,21
3,67.37091931000032,32.84400000000005,0.00019636482142637536,2.7717687920575585e-07,3.9668483243861794e-07,0.0,0.0,0.5823889970779419,0.7637160420417786,0.05865740776062012,False,21
3,67.47311521300435,32.87800000000004,0.00019656296559844057,2.773462458241211e-07,3.969096795909757e-07,0.0,0.0,0.566275954246521,0.7637160420417786,0.05865740776062012,False,21
3,67.58036776199879,32.946000000000026,0.00019695925394277352,2.776849793089978e-07,3.9735937330207763e-07,0.0,0.0,0.566275954246521,0.7610489726066589,0.05877456068992615,False,21
3,67.68172710000363,32.98000000000002,0.00019715739811513883,2.7785434617323725e-07,3.975842212374953e-07,0.0,0.0,0.566275954246521,0.7610489726066589,0.05877456068992615,False,21
3,67.79682317100378,33.048,0.000197553686460206,2.781930799681138e-07,3.980339155131709e-07,0.0,0.0,0.5652702450752258,0.756061315536499,0.04671196639537811,False,20
3,67.92215448099887,33.115999999999985,0.00019794997480542366,2.785318139360004e-07,3.984836104135806e-07,0.0,0.0,0.581703245639801,0.7611185312271118,0.05773463845252991,False,20
3,68.05678416400042,33.14999999999998,0.00019814811897826906,2.7870118104821833e-07,3.9870845836856015e-07,0.0,0.0,0.581703245639801,0.7611185312271118,0.05773463845252991,False,20
3,68.16472239499853,33.252000000000066,0.00019874255149725326,2.792092825754204e-07,3.993829996690896e-07,0.0,0.0,0.5590069890022278,0.759809672832489,0.046638354659080505,False,21
3,68.26526357800321,33.252000000000066,0.00019874255149725326,2.792092825754204e-07,3.993829996690896e-07,0.0,0.0,0.5590069890022278,0.759809672832489,0.046638354659080505,False,21
3,68.37802834600006,33.35400000000004,0.00019933698401693222,2.7971738445221205e-07,4.000575408076393e-07,0.0,0.0,0.567046046257019,0.7631232738494873,0.060015588998794556,False,20
3,68.47869507699943,33.35400000000004,0.00019933698401693222,2.7971738445221205e-07,4.000575408076393e-07,0.0,0.0,0.567046046257019,0.7631232738494873,0.060015588998794556,False,20
3,68.59805886699905,33.45600000000002,0.00019993141653739267,2.8022548682741085e-07,4.0073208205423414e-07,0.0,0.0,0.568658709526062,0.7668653130531311,0.04678887128829956,False,21
3,68.69855635600106,33.45600000000002,0.00019993141653739267,2.8022548682741085e-07,4.0073208205423414e-07,0.0,0.0,0.568658709526062,0.7668653130531311,0.04678887128829956,False,21
3,68.81079877100274,33.55799999999999,0.0002005258490588406,2.807335895842798e-07,4.0140662405382823e-07,0.0,0.0,0.5681273341178894,0.767492413520813,0.06292341649532318,False,20
3,68.91142271400167,33.55799999999999,0.0002005258490588406,2.807335895842798e-07,4.0140662405382823e-07,0.0,0.0,0.5681273341178894,0.767492413520813,0.06292341649532318,False,20
3,69.01447373800329,33.66000000000008,0.00020112028158091,2.812416928290909e-07,4.0208116501620194e-07,0.0,0.0,0.5693982243537903,0.7705277800559998,0.04701891541481018,False,21
3,69.11500375600008,33.66000000000008,0.00020112028158091,2.812416928290909e-07,4.0208116501620194e-07,0.0,0.0,0.5693982243537903,0.7705277800559998,0.04701891541481018,False,21
3,69.22248050100461,33.76200000000006,0.0002017147141040146,2.817497966878806e-07,4.0275570631023273e-07,0.0,0.0,0.5679268836975098,0.7696318030357361,0.06451275944709778,False,21
3,69.3230270310014,33.76200000000006,0.0002017147141040146,2.817497966878806e-07,4.0275570631023273e-07,0.0,0.0,0.5679268836975098,0.7696318030357361,0.06451275944709778,False,21
3,69.43518956899788,33.86400000000003,0.00020230914662763095,2.8225790080735156e-07,4.034302474204849e-07,0.0,0.0,0.569932222366333,0.7704393267631531,0.04678429663181305,False,21
3,69.53581573100382,33.86400000000003,0.00020230914662763095,2.8225790080735156e-07,4.034302474204849e-07,0.0,0.0,0.569932222366333,0.7704393267631531,0.04678429663181305,False,21
3,69.64750631700008,33.96600000000001,0.00020290357915224303,2.8276600533570303e-07,4.0410478881788853e-07,0.0,0.0,0.5457320213317871,0.7712665796279907,0.06514748930931091,False,20
3,69.74804708499869,33.96600000000001,0.00020290357915224303,2.8276600533570303e-07,4.0410478881788853e-07,0.0,0.0,0.5457320213317871,0.7712665796279907,0.06514748930931091,False,20
3,69.85446658000001,34.067999999999984,0.0002034980116775104,2.8327411030292577e-07,4.047793300112929e-07,0.0,0.0,0.5617774128913879,0.7706615924835205,0.046333909034729004,False,21
3,69.95499864200247,34.067999999999984,0.0002034980116775104,2.8327411030292577e-07,4.047793300112929e-07,0.0,0.0,0.5617774128913879,0.7706615924835205,0.046333909034729004,False,21
3,70.07677599100134,34.13600000000008,0.0002038943000281855,2.836128472750529e-07,4.052290238261522e-07,0.0,0.0,0.5688527226448059,0.7732812762260437,0.0662260502576828,False,20
3,70.17965931400249,34.17000000000007,0.00020409244420359005,2.837822159065264e-07,4.0545387074548664e-07,0.0,0.0,0.5688527226448059,0.7718701958656311,0.0662260502576828,False,20
3,70.27970308600197,34.238000000000056,0.00020448873255465676,2.841209529919066e-07,4.0590356449932874e-07,0.0,0.0,0.5759581923484802,0.7718701958656311,0.06449052691459656,False,21
3,70.38801022300322,34.27200000000005,0.00020468687673035665,2.8429032168098523e-07,4.0612841145114023e-07,0.0,0.0,0.5759581923484802,0.7718701958656311,0.06449052691459656,False,21
3,70.49483196400251,34.34000000000003,0.0002050831650819711,2.8462905933780463e-07,4.0657810541715424e-07,0.0,0.0,0.5678028464317322,0.7667917609214783,0.06298278272151947,False,21
3,70.59917294800107,34.374000000000024,0.0002052813092578371,2.847984281072557e-07,4.0680295235201517e-07,0.0,0.0,0.5678028464317322,0.7685403227806091,0.06298278272151947,False,21
3,70.70207879900408,34.44200000000001,0.00020567759761004828,2.8513716591054005e-07,4.0725264591788165e-07,0.0,0.0,0.575177788734436,0.7685403227806091,0.061841994524002075,False,19
3,70.8036557939995,34.476,0.00020587574178630892,2.853065349004492e-07,4.074774932617169e-07,0.0,0.0,0.575177788734436,0.7685403227806091,0.061841994524002075,False,19
3,70.91306868100219,34.54399999999998,0.00020627203013897592,2.856452730204858e-07,4.0792718731546423e-07,0.0,0.0,0.5672584772109985,0.7653900980949402,0.06113268435001373,False,21
3,71.01512091600307,34.577999999999975,0.0002064701743154109,2.8581464217921194e-07,4.0815203332986367e-07,0.0,0.0,0.5606088042259216,0.7653900980949402,0.06113268435001373,False,21
3,71.12009643100464,34.64600000000007,0.0002068664626687297,2.8615338051015046e-07,4.086017285584772e-07,0.0,0.0,0.5606088042259216,0.7639452815055847,0.060357093811035156,False,21
3,71.23686365700269,34.714000000000055,0.0002072627510223469,2.864921191175666e-07,4.090514219616149e-07,0.0,0.0,0.5671508312225342,0.7622174620628357,0.059784770011901855,False,20
3,71.3717606670034,34.74800000000005,0.000207460895199265,2.8666148853389784e-07,4.092762680127547e-07,0.0,0.0,0.5671508312225342,0.7622174620628357,0.059784770011901855,False,20
3,71.488322711004,34.85000000000002,0.00020805532773032027,2.87169596833909e-07,4.099508086177105e-07,0.0,0.0,0.5732550024986267,0.7593873739242554,0.04670208692550659,False,20
3,71.58894185000099,34.85000000000002,0.00020805532773032027,2.87169596833909e-07,4.099508086177105e-07,0.0,0.0,0.5732550024986267,0.7593873739242554,0.04670208692550659,False,20
3,71.7006163019978,34.952,0.00020864976026215747,2.8767770574625295e-07,4.106253484516864e-07,0.0,0.0,0.5661229491233826,0.7624409794807434,0.05878482758998871,False,20
3,71.80112391500006,34.952,0.00020864976026215747,2.8767770574625295e-07,4.106253484516864e-07,0.0,0.0,0.5661229491233826,0.7624409794807434,0.05878482758998871,False,20
3,71.90796473000228,35.053999999999974,0.00020924419279471154,2.8818581494688325e-07,4.112998875034444e-07,0.0,0.0,0.5665262937545776,0.7619892358779907,0.05891367793083191,False,20
3,72.00854454300134,35.053999999999974,0.00020924419279471154,2.8818581494688325e-07,4.112998875034444e-07,0.0,0.0,0.5665262937545776,0.7619892358779907,0.05891367793083191,False,20
3,72.11368455000047,35.15600000000006,0.00020983862532804017,2.8869392469918723e-07,4.119744273954688e-07,0.0,0.0,0.5667061805725098,0.7619792222976685,0.058958858251571655,False,20
3,72.21426645500469,35.15600000000006,0.00020983862532804017,2.8869392469918723e-07,4.119744273954688e-07,0.0,0.0,0.5667061805725098,0.7619792222976685,0.058958858251571655,False,20
3,72.31760768100503,35.25800000000004,0.00021043305786214161,2.892020347961807e-07,4.126489675170688e-07,0.0,0.0,0.5826907157897949,0.7637077569961548,0.05900661647319794,False,20
3,72.41814459900343,35.25800000000004,0.00021043305786214161,2.892020347961807e-07,4.126489675170688e-07,0.0,0.0,0.5826907157897949,0.7637077569961548,0.05900661647319794,False,20
3,72.52704042700498,35.360000000000014,0.0002110274903969556,2.8971014538636345e-07,4.133235067105994e-07,0.0,0.0,0.5741330981254578,0.7627676725387573,0.05864466726779938,False,20
3,72.6275781400036,35.360000000000014,0.0002110274903969556,2.8971014538636345e-07,4.133235067105994e-07,0.0,0.0,0.5741330981254578,0.7627676725387573,0.05864466726779938,False,20
3,72.73393339500035,35.46199999999999,0.00021162192293258013,2.9021825651631654e-07,4.139980470155946e-07,0.0,0.0,0.5597264170646667,0.7613372802734375,0.05843968689441681,False,21
3,72.83451430500281,35.46199999999999,0.00021162192293258013,2.9021825651631654e-07,4.139980470155946e-07,0.0,0.0,0.5597264170646667,0.7613372802734375,0.05843968689441681,False,21
3,72.94445819200337,35.56400000000008,0.0002122163554688708,2.9072636795901866e-07,4.146725860818093e-07,0.0,0.0,0.566662073135376,0.7602499723434448,0.058216392993927,False,20
3,73.0450911040025,35.56400000000008,0.0002122163554688708,2.9072636795901866e-07,4.146725860818093e-07,0.0,0.0,0.566662073135376,0.7602499723434448,0.058216392993927,False,20
3,73.1455753850023,35.666000000000054,0.0002128107880059911,2.9123447995138724e-07,4.153471244275307e-07,0.0,0.0,0.5676453709602356,0.7610295414924622,0.04688778519630432,False,20
3,73.24613659600436,35.666000000000054,0.0002128107880059911,2.9123447995138724e-07,4.153471244275307e-07,0.0,0.0,0.5676453709602356,0.7610295414924622,0.04688778519630432,False,20
3,73.35261962799996,35.76800000000003,0.00021340522054367822,2.9174259228023494e-07,4.160216639034033e-07,0.0,0.0,0.5666759014129639,0.7637660503387451,0.05989012122154236,False,20
3,73.4531744440028,35.76800000000003,0.00021340522054367822,2.9174259228023494e-07,4.160216639034033e-07,0.0,0.0,0.5666759014129639,0.7637660503387451,0.05989012122154236,False,20
3,73.5790777650036,35.83600000000001,0.00021380150890257374,2.9208133404958084e-07,4.1647135563820816e-07,0.0,0.0,0.5744708180427551,0.7666960954666138,0.04701794683933258,False,21
3,73.68547155400302,35.870000000000005,0.0002139996530822366,2.922507049637628e-07,4.166962021461459e-07,0.0,0.0,0.5744708180427551,0.7666960954666138,0.04701794683933258,False,21
3,73.79040166900086,35.93799999999999,0.0002143959414416187,2.9258944714071944e-07,4.171458950430002e-07,0.0,0.0,0.5681484341621399,0.767673671245575,0.06276950240135193,False,21
3,73.893517272998,35.97199999999998,0.00021459408562131974,2.927588181492841e-07,4.173707411490118e-07,0.0,0.0,0.5681484341621399,0.7702664136886597,0.06276950240135193,False,21
3,73.99573017399962,36.04000000000008,0.00021499037398131724,2.930975604908832e-07,4.178204332614641e-07,0.0,0.0,0.5778544545173645,0.7702664136886597,0.04727230966091156,False,21
3,74.11334668999916,36.10800000000006,0.00021538666234160444,2.9343630320855655e-07,4.1827012621839424e-07,0.0,0.0,0.5685213208198547,0.7706774473190308,0.06430497765541077,False,19
3,74.24824080699909,36.14200000000005,0.00021558480652175303,2.936056744473834e-07,4.184949726003284e-07,0.0,0.0,0.5685213208198547,0.7706774473190308,0.06430497765541077,False,19
3,74.35420949800027,36.24400000000003,0.00021617923906289008,2.9411378882918253e-07,4.1916951095242696e-07,0.0,0.0,0.5614755153656006,0.7695073485374451,0.06276138126850128,False,20
3,74.45484474400291,36.24400000000003,0.00021617923906289008,2.9411378882918253e-07,4.1916951095242696e-07,0.0,0.0,0.5614755153656006,0.7695073485374451,0.06276138126850128,False,20
3,74.56589127500047,36.346000000000004,0.00021677367160478347,2.9462190356721444e-07,4.198440500212093e-07,0.0,0.0,0.5677021741867065,0.7651156187057495,0.0613701194524765,False,19
3,74.66652999300277,36.346000000000004,0.00021677367160478347,2.9462190356721444e-07,4.198440500212093e-07,0.0,0.0,0.5677021741867065,0.7651156187057495,0.0613701194524765,False,19
3,74.77614962100051,36.44799999999998,0.00021736810414733345,2.951300189585804e-07,4.205185882263682e-07,0.0,0.0,0.575114905834198,0.7661299109458923,0.060559749603271484,False,20
3,74.87667169899942,36.44799999999998,0.00021736810414733345,2.951300189585804e-07,4.205185882263682e-07,0.0,0.0,0.575114905834198,0.7661299109458923,0.060559749603271484,False,20
3,74.98683614299807,36.55000000000007,0.00021796253669066666,2.9563813451727156e-07,4.211931267758893e-07,0.0,0.0,0.5670636296272278,0.7640436291694641,0.06010127067565918,False,21
3,75.0873527290023,36.55000000000007,0.00021796253669066666,2.9563813451727156e-07,4.211931267758893e-07,0.0,0.0,0.5670636296272278,0.7640436291694641,0.06010127067565918,False,21
3,75.19710996899812,36.652000000000044,0.00021855696923474017,2.9614625072420043e-07,4.2186766476229567e-07,0.0,0.0,0.5678737163543701,0.765997588634491,0.05995321273803711,False,20
3,75.29775635400438,36.652000000000044,0.00021855696923474017,2.9614625072420043e-07,4.2186766476229567e-07,0.0,0.0,0.5678737163543701,0.765997588634491,0.05995321273803711,False,20
3,75.41268821799895,36.75400000000002,0.00021915140177955787,2.9665436727733665e-07,4.2254220214066625e-07,0.0,0.0,0.5670584440231323,0.7633441090583801,0.059997230768203735,False,21
3,75.51336993800214,36.75400000000002,0.00021915140177955787,2.9665436727733665e-07,4.2254220214066625e-07,0.0,0.0,0.5670584440231323,0.7633441090583801,0.059997230768203735,False,21
3,75.62189486699936,36.855999999999995,0.00021974583432504127,2.9716248417642993e-07,4.2321673936307964e-07,0.0,0.0,0.5771214962005615,0.766078770160675,0.04695183038711548,False,21
3,75.72243790500215,36.855999999999995,0.00021974583432504127,2.9716248417642993e-07,4.2321673936307964e-07,0.0,0.0,0.5771214962005615,0.766078770160675,0.04695183038711548,False,21
3,75.82990137700108,36.95799999999997,0.00022034026687124198,2.976706016275114e-07,4.238912764020054e-07,0.0,0.0,0.5675755739212036,0.7675879597663879,0.06272381544113159,False,20
3,75.93047270199895,36.95799999999997,0.00022034026687124198,2.976706016275114e-07,4.238912764020054e-07,0.0,0.0,0.5675755739212036,0.7675879597663879,0.06272381544113159,False,20
3,76.03695109300315,37.06000000000006,0.00022093469941785338,2.981787194222825e-07,4.2456581351006e-07,0.0,0.0,0.5509597659111023,0.7621729969978333,0.046930983662605286,False,21
3,76.13763865700457,37.06000000000006,0.00022093469941785338,2.981787194222825e-07,4.2456581351006e-07,0.0,0.0,0.5509597659111023,0.7621729969978333,0.046930983662605286,False,21
3,76.24470350200136,37.162000000000035,0.00022152913196546876,2.986868376738989e-07,4.2524035135643836e-07,0.0,0.0,0.5672153234481812,0.7635941505432129,0.060146793723106384,False,21
3,76.34538965300453,37.162000000000035,0.00022152913196546876,2.986868376738989e-07,4.2524035135643836e-07,0.0,0.0,0.5672153234481812,0.7635941505432129,0.060146793723106384,False,21
3,76.45243640500121,37.26400000000001,0.0002221235645135152,2.991949563490832e-07,4.259148885621656e-07,0.0,0.0,0.5684332251548767,0.767170250415802,0.04664076864719391,False,21
3,76.5531067760021,37.26400000000001,0.0002221235645135152,2.991949563490832e-07,4.259148885621656e-07,0.0,0.0,0.5684332251548767,0.767170250415802,0.04664076864719391,False,21
3,76.65913362200081,37.365999999999985,0.00022271799706255827,2.9970307539984413e-07,4.2658942692033835e-07,0.0,0.0,0.5760035514831543,0.7704390287399292,0.0633561909198761,False,19
3,76.75967743500223,37.365999999999985,0.00022271799706255827,2.9970307539984413e-07,4.2658942692033835e-07,0.0,0.0,0.5760035514831543,0.7704390287399292,0.0633561909198761,False,19
3,76.86816220499895,37.468000000000075,0.00022331242961211046,3.00211194950344e-07,4.2726396448495273e-07,0.0,0.0,0.5690749287605286,0.771087646484375,0.04695729911327362,False,21
3,76.96881128899986,37.468000000000075,0.00022331242961211046,3.00211194950344e-07,4.2726396448495273e-07,0.0,0.0,0.5690749287605286,0.771087646484375,0.04695729911327362,False,21
3,77.08802281200042,37.57000000000005,0.00022390686216261588,3.007193149262813e-07,4.2793850144361537e-07,0.0,0.0,0.5766322016716003,0.7734687328338623,0.06513316929340363,False,20
3,77.18857922199822,37.57000000000005,0.00022390686216261588,3.007193149262813e-07,4.2793850144361537e-07,0.0,0.0,0.5766322016716003,0.7734687328338623,0.06513316929340363,False,20
3,77.30773733000387,37.638000000000034,0.0002243031505298012,3.0105806178580917e-07,4.2838819257748064e-07,0.0,0.0,0.5698683857917786,0.7727574110031128,0.04704365134239197,False,21
3,77.40989969899965,37.672000000000025,0.00022450129471356974,3.0122743533105607e-07,4.2861303927945865e-07,0.0,0.0,0.5698683857917786,0.7727574110031128,0.04704365134239197,False,21
3,77.51539670700004,37.74000000000001,0.0002248975830813258,3.015661824918713e-07,4.2906272982802977e-07,0.0,0.0,0.554414689540863,0.7733505964279175,0.06619778275489807,False,20
3,77.6160318550028,37.774,0.00022509572726536016,3.0173555622376564e-07,4.2928757502662166e-07,0.0,0.0,0.554414689540863,0.7733505964279175,0.06619778275489807,False,20
3,77.72331943300378,37.841999999999985,0.00022549201563350912,3.020743036411493e-07,4.297372671554035e-07,0.0,0.0,0.5680981278419495,0.769503653049469,0.06415605545043945,False,21
3,77.82388554600038,37.875999999999976,0.00022569015981766492,3.022436774828975e-07,4.2996211324927826e-07,0.0,0.0,0.5680981278419495,0.7671245336532593,0.06415605545043945,False,21
3,77.92902831800166,37.944000000000074,0.00022608644818620854,3.025824252542854e-07,4.304118031756576e-07,0.0,0.0,0.5523311495780945,0.7671245336532593,0.06261850893497467,False,20
3,78.04534142900229,38.01200000000006,0.00022648273655518367,3.029211731111329e-07,4.308614945984221e-07,0.0,0.0,0.5690398216247559,0.767110288143158,0.06151098012924194,False,20
3,78.17998093400092,38.04600000000005,0.00022668088073973108,3.0309054722623516e-07,4.310863408130159e-07,0.0,0.0,0.5690398216247559,0.767110288143158,0.06151098012924194,False,20
3,78.28418435600179,38.148000000000025,0.000227275313293588,3.0359866969990336e-07,4.3176087667259434e-07,0.0,0.0,0.5752507448196411,0.7669410705566406,0.061233118176460266,False,21
3,78.38473818800412,38.148000000000025,0.000227275313293588,3.0359866969990336e-07,4.3176087667259434e-07,0.0,0.0,0.5752507448196411,0.7669410705566406,0.061233118176460266,False,21
3,78.49264626399963,38.25,0.00022786974584845408,3.041067925685221e-07,4.324354141332038e-07,0.0,0.0,0.5680236220359802,0.7665212750434875,0.060303688049316406,False,21
3,78.59311795399844,38.25,0.00022786974584845408,3.041067925685221e-07,4.324354141332038e-07,0.0,0.0,0.5680236220359802,0.7665212750434875,0.060303688049316406,False,21
3,78.6983226470038,38.351999999999975,0.00022846417840369964,3.046149158313722e-07,4.3310995077662637e-07,0.0,0.0,0.5669134855270386,0.7647737860679626,0.060250088572502136,False,20
3,78.7989582980008,38.351999999999975,0.00022846417840369964,3.046149158313722e-07,4.3310995077662637e-07,0.0,0.0,0.5669134855270386,0.7647737860679626,0.060250088572502136,False,20
3,78.91416915000445,38.454000000000065,0.00022905861095997085,3.051230395872877e-07,4.337844876538359e-07,0.0,0.0,0.5666487812995911,0.7661451697349548,0.047015249729156494,False,20
3,79.01484472100128,38.454000000000065,0.00022905861095997085,3.051230395872877e-07,4.337844876538359e-07,0.0,0.0,0.5666487812995911,0.7661451697349548,0.047015249729156494,False,20
3,79.12121670300257,38.55600000000004,0.00022965304351659941,3.056311636433612e-07,4.3445902365047455e-07,0.0,0.0,0.568154513835907,0.7686026692390442,0.06331151723861694,False,20
3,79.2218971580005,38.55600000000004,0.00022965304351659941,3.056311636433612e-07,4.3445902365047455e-07,0.0,0.0,0.568154513835907,0.7686026692390442,0.06331151723861694,False,20
3,79.3282143020042,38.658000000000015,0.0002302474760741656,3.06139288301386e-07,4.3513355989200494e-07,0.0,0.0,0.5600463151931763,0.76240473985672,0.047210946679115295,False,21
3,79.42888105200109,38.658000000000015,0.0002302474760741656,3.06139288301386e-07,4.3513355989200494e-07,0.0,0.0,0.5600463151931763,0.76240473985672,0.047210946679115295,False,21
3,79.54108414299844,38.75999999999999,0.00023084190863215505,3.066474131812778e-07,4.358080954086784e-07,0.0,0.0,0.5606023073196411,0.7666747570037842,0.060948655009269714,False,21
3,79.6417588530021,38.75999999999999,0.00023084190863215505,3.066474131812778e-07,4.358080954086784e-07,0.0,0.0,0.5606023073196411,0.7666747570037842,0.060948655009269714,False,21
3,79.75926729800267,38.86200000000008,0.00023143634119097414,3.0715553870912536e-07,4.364826315505875e-07,0.0,0.0,0.5690118074417114,0.7680483460426331,0.047048211097717285,False,21
3,79.86025404599786,38.86200000000008,0.00023143634119097414,3.0715553870912536e-07,4.364826315505875e-07,0.0,0.0,0.5690118074417114,0.7680483460426331,0.047048211097717285,False,21
3,79.96533497799828,38.964000000000055,0.00023203077375027852,3.076636644418934e-07,4.3715716643259113e-07,0.0,0.0,0.5684260129928589,0.7692472338676453,0.06356437504291534,False,20
3,80.0659884380002,38.964000000000055,0.00023203077375027852,3.076636644418934e-07,4.3715716643259113e-07,0.0,0.0,0.5684260129928589,0.7692472338676453,0.06356437504291534,False,20
3,80.16914866099978,39.06600000000003,0.00023262520631042206,3.0817179080031127e-07,4.378317027703016e-07,0.0,0.0,0.575419545173645,0.7698494791984558,0.06245557963848114,False,20
3,80.2698953240033,39.06600000000003,0.00023262520631042206,3.0817179080031127e-07,4.378317027703016e-07,0.0,0.0,0.575419545173645,0.7698494791984558,0.06245557963848114,False,20
3,80.38119192700105,39.168000000000006,0.000233219638871083,3.086799173921778e-07,4.3850623767876576e-07,0.0,0.0,0.5669126510620117,0.7659579515457153,0.06147313117980957,False,19
3,80.48186458900454,39.168000000000006,0.000233219638871083,3.086799173921778e-07,4.3850623767876576e-07,0.0,0.0,0.5669126510620117,0.7659579515457153,0.06147313117980957,False,19
3,80.61184865399991,39.23599999999999,0.00023361592724529395,3.09018668809814e-07,4.389559292763003e-07,0.0,0.0,0.5606594681739807,0.7656386494636536,0.06081204116344452,False,20
3,80.71907985099824,39.26999999999998,0.00023381407143249376,3.0918804452107935e-07,4.3918077389291915e-07,0.0,0.0,0.5606594681739807,0.7656386494636536,0.06081204116344452,False,20
3,80.82325716500054,39.33800000000008,0.00023421035980711628,3.0952679615932596e-07,4.3963046463318494e-07,0.0,0.0,0.5606000423431396,0.7650838494300842,0.06065922975540161,False,21
3,80.923776798998,39.37200000000007,0.00023440850399454117,3.0969617204956483e-07,4.398553090385236e-07,0.0,0.0,0.5606000423431396,0.7650838494300842,0.06065922975540161,False,21
3,81.0299552830038,39.440000000000055,0.00023480479236949892,3.1003492413462254e-07,4.4030499889446983e-07,0.0,0.0,0.5673584938049316,0.76347815990448,0.060285091400146484,False,21
3,81.13260121500207,39.474000000000046,0.0002350029365570795,3.102043001381564e-07,4.40529843936082e-07,0.0,0.0,0.5678021907806396,0.76347815990448,0.060285091400146484,False,21
3,81.23657324400119,39.54200000000003,0.0002353992249326366,3.105430523842361e-07,4.409795346778158e-07,0.0,0.0,0.5678021907806396,0.7653971314430237,0.06005530059337616,False,20
3,81.337587824004,39.57600000000002,0.00023559736912052726,3.107124285412079e-07,4.412043792253371e-07,0.0,0.0,0.5678021907806396,0.7659138441085815,0.04659713804721832,False,20
3,81.44218704100058,39.644000000000005,0.0002359936574963385,3.110511811913968e-07,4.416540686632487e-07,0.0,0.0,0.5602801442146301,0.7659138441085815,0.04659713804721832,False,20
3,81.54271434099792,39.678,0.00023619180168441608,3.1122055747801183e-07,4.418789142011016e-07,0.0,0.0,0.5602801442146301,0.7659138441085815,0.04659713804721832,False,20
3,81.66086841499782,39.74599999999998,0.00023658809006074427,3.1155931034134756e-07,4.423286049683176e-07,0.0,0.0,0.5679678916931152,0.7670153379440308,0.06297340989112854,False,20
3,81.78300535600283,39.81400000000008,0.00023698437843740466,3.1189806336264635e-07,4.4277829382320946e-07,0.0,0.0,0.5755017399787903,0.768863320350647,0.06208914518356323,False,20
3,81.91763581000123,39.84800000000007,0.00023718252262573507,3.120674399556762e-07,4.4300313882655014e-07,0.0,0.0,0.5755017399787903,0.768863320350647,0.06208914518356323,False,20
3,82.02238602600119,39.950000000000045,0.00023777695519137986,3.125755699358264e-07,4.4367767454312435e-07,0.0,0.0,0.5668557286262512,0.7660995721817017,0.06132116913795471,False,21
3,82.12310499500018,39.950000000000045,0.00023777695519137986,3.125755699358264e-07,4.4367767454312435e-07,0.0,0.0,0.5668557286262512,0.7660995721817017,0.06132116913795471,False,21
3,82.22748942500039,40.05200000000002,0.0002383713877575841,3.1308370033671425e-07,4.443522088520257e-07,0.0,0.0,0.5672447085380554,0.7657583951950073,0.06096930801868439,False,21
3,82.32803025400062,40.05200000000002,0.0002383713877575841,3.1308370033671425e-07,4.443522088520257e-07,0.0,0.0,0.5672447085380554,0.7657583951950073,0.06096930801868439,False,21
3,82.43220031000237,40.153999999999996,0.00023896582032430962,3.13591831162344e-07,4.450267442886011e-07,0.0,0.0,0.5667866468429565,0.7653886079788208,0.06059744954109192,False,21
3,82.53290869000193,40.153999999999996,0.00023896582032430962,3.13591831162344e-07,4.450267442886011e-07,0.0,0.0,0.5667866468429565,0.7653886079788208,0.06059744954109192,False,21
3,82.63989431200025,40.25599999999997,0.00023956025289162452,3.14099962332428e-07,4.457012787720173e-07,0.0,0.0,0.5750157237052917,0.7649662494659424,0.0600445419549942,False,20
3,82.7404299300033,40.25599999999997,0.00023956025289162452,3.14099962332428e-07,4.457012787720173e-07,0.0,0.0,0.5750157237052917,0.7649662494659424,0.0600445419549942,False,20
3,82.85416535100376,40.35800000000006,0.0002401546854594967,3.146080940846095e-07,4.4637581454216584e-07,0.0,0.0,0.5435431003570557,0.7634921073913574,0.059751659631729126,False,19
3,82.95495779399789,40.35800000000006,0.0002401546854594967,3.146080940846095e-07,4.4637581454216584e-07,0.0,0.0,0.5435431003570557,0.7634921073913574,0.059751659631729126,False,19
3,83.06241138800397,40.460000000000036,0.00024074911802800508,3.1511622610211644e-07,4.470503486556898e-07,0.0,0.0,0.5662853717803955,0.762675940990448,0.0591513067483902,False,21
3,83.16295497800456,40.460000000000036,0.00024074911802800508,3.1511622610211644e-07,4.470503486556898e-07,0.0,0.0,0.5662853717803955,0.762675940990448,0.0591513067483902,False,21
3,83.27307489699888,40.56200000000001,0.00024134355059717396,3.1562435872938377e-07,4.47724884007285e-07,0.0,0.0,0.566418468952179,0.7606120705604553,0.059316813945770264,False,21
3,83.37366172800103,40.56200000000001,0.00024134355059717396,3.1562435872938377e-07,4.47724884007285e-07,0.0,0.0,0.566418468952179,0.7606120705604553,0.059316813945770264,False,21
3,83.48125059599988,40.66399999999999,0.00024193798316693568,3.161324915690215e-07,4.483994171961394e-07,0.0,0.0,0.5667833089828491,0.761945366859436,0.05944174528121948,False,21
3,83.58188970300398,40.66399999999999,0.00024193798316693568,3.161324915690215e-07,4.483994171961394e-07,0.0,0.0,0.5667833089828491,0.761945366859436,0.05944174528121948,False,21
3,83.69318052499875,40.766000000000076,0.0002425324157374507,3.166406250341516e-07,4.4907395229051555e-07,0.0,0.0,0.5825207829475403,0.7646947503089905,0.059405893087387085,False,21
3,83.79369228600262,40.766000000000076,0.0002425324157374507,3.166406250341516e-07,4.4907395229051555e-07,0.0,0.0,0.5825207829475403,0.7646947503089905,0.059405893087387085,False,21
3,83.90500387400243,40.86800000000005,0.0002431268483084662,3.1714875869004735e-07,4.497484851146462e-07,0.0,0.0,0.5765408277511597,0.7664437294006348,0.04677470028400421,False,20
3,84.00563138099824,40.86800000000005,0.0002431268483084662,3.1714875869004735e-07,4.497484851146462e-07,0.0,0.0,0.5765408277511597,0.7664437294006348,0.04677470028400421,False,20
3,84.12475023700244,40.936000000000035,0.00024352313668957962,3.17487514794751e-07,4.50198175285697e-07,0.0,0.0,0.5675567984580994,0.7669308185577393,0.06240963935852051,False,19
3,84.22713114700309,40.97000000000003,0.00024372128088026752,3.176568929796194e-07,4.504230199805867e-07,0.0,0.0,0.5675567984580994,0.7598047256469727,0.06240963935852051,False,19
3,84.37612650100345,41.03800000000001,0.000244117569261773,3.1799564934433547e-07,4.508727077935736e-07,0.0,0.0,0.5660738945007324,0.7598047256469727,0.04689687490463257,False,21
3,84.4852804980037,41.139999999999986,0.0002447120018344252,3.185037841479908e-07,4.5154724248688395e-07,0.0,0.0,0.5761634707450867,0.7647621631622314,0.05983409285545349,False,20
3,84.58594779499981,41.139999999999986,0.0002447120018344252,3.185037841479908e-07,4.5154724248688395e-07,0.0,0.0,0.5761634707450867,0.7647621631622314,0.05983409285545349,False,20
3,84.70231336999859,41.242000000000075,0.0002453064344078489,3.1901191953827014e-07,4.5222177540621444e-07,0.0,0.0,0.5595623850822449,0.7620554566383362,0.046715304255485535,False,21
3,84.80295088000275,41.242000000000075,0.0002453064344078489,3.1901191953827014e-07,4.5222177540621444e-07,0.0,0.0,0.5595623850822449,0.7620554566383362,0.046715304255485535,False,21
3,84.91543315099989,41.34400000000005,0.0002459008669815593,3.1952005514372093e-07,4.528963091374698e-07,0.0,0.0,0.5674412846565247,0.7649655342102051,0.0612238347530365,False,20
3,85.01607881100063,41.34400000000005,0.0002459008669815593,3.1952005514372093e-07,4.528963091374698e-07,0.0,0.0,0.5674412846565247,0.7649655342102051,0.0612238347530365,False,20
3,85.16562808900198,41.446000000000026,0.00024649529955606984,3.2002819142285324e-07,4.535708426438987e-07,0.0,0.0,0.5689913630485535,0.7681509852409363,0.046829089522361755,False,21
3,85.28144909600087,41.51400000000001,0.0002468915879392992,3.203669490526649e-07,4.540205325399258e-07,0.0,0.0,0.5683626532554626,0.7685978412628174,0.0636247843503952,False,21
3,85.41600932000438,41.548,0.0002470897321309824,3.2053632791209027e-07,4.5424537676426877e-07,0.0,0.0,0.5683626532554626,0.7685978412628174,0.0636247843503952,False,21
3,85.52086742399842,41.64999999999998,0.00024768416470652595,3.210444650284478e-07,4.5491991056749925e-07,0.0,0.0,0.5695897340774536,0.7712744474411011,0.04704299569129944,False,19
3,85.62150262999785,41.64999999999998,0.00024768416470652595,3.210444650284478e-07,4.5491991056749925e-07,0.0,0.0,0.5695897340774536,0.7712744474411011,0.04704299569129944,False,19
3,85.72171897700173,41.752000000000066,0.0002482785972827855,3.2155260237890053e-07,4.555944449569678e-07,0.0,0.0,0.5680826306343079,0.770324170589447,0.06491719186306,False,21
3,85.82235520800168,41.752000000000066,0.0002482785972827855,3.2155260237890053e-07,4.555944449569678e-07,0.0,0.0,0.5680826306343079,0.770324170589447,0.06491719186306,False,21
3,85.97015604699845,41.85400000000004,0.00024887302985945273,3.220607402492105e-07,4.56268977583715e-07,0.0,0.0,0.5700762271881104,0.7707688212394714,0.046819284558296204,False,21
3,86.08680680600082,41.922000000000025,0.00024926931824451526,3.223994991409199e-07,4.567186677259933e-07,0.0,0.0,0.5458320379257202,0.7716666460037231,0.06538146734237671,False,20
3,86.22173130499868,41.95600000000002,0.00024946746243711135,3.2256887854552285e-07,4.5694351178063847e-07,0.0,0.0,0.5458320379257202,0.7716666460037231,0.06538146734237671,False,20
3,86.32538349300012,42.05799999999999,0.0002500618950150432,3.2307701713639897e-07,4.576180436449714e-07,0.0,0.0,0.5618423223495483,0.7709178924560547,0.04634770750999451,False,20
3,86.42627658099809,42.05799999999999,0.0002500618950150432,3.2307701713639897e-07,4.576180436449714e-07,0.0,0.0,0.5618423223495483,0.7709178924560547,0.04634770750999451,False,20
3,86.52920470200479,42.16000000000008,0.00025065632759362425,3.235851563696309e-07,4.5829257668473004e-07,0.0,0.0,0.5689231753349304,0.7735558748245239,0.0663587749004364,False,20
3,86.63011532900418,42.16000000000008,0.00025065632759362425,3.235851563696309e-07,4.5829257668473004e-07,0.0,0.0,0.5689231753349304,0.7735558748245239,0.0663587749004364,False,20
3,86.73650004200317,42.26200000000006,0.00025125076017283414,3.2409329582391533e-07,4.589671096632929e-07,0.0,0.0,0.5760671496391296,0.7722230553627014,0.06466171145439148,False,21
3,86.83704586800013,42.26200000000006,0.00025125076017283414,3.2409329582391533e-07,4.589671096632929e-07,0.0,0.0,0.5760671496391296,0.7722230553627014,0.06466171145439148,False,21
3,86.93956573800097,42.36400000000003,0.0002518451927525215,3.2460143591691025e-07,4.596416412762785e-07,0.0,0.0,0.575538158416748,0.7687932848930359,0.06310048699378967,False,21
3,87.04027291999955,42.36400000000003,0.0002518451927525215,3.2460143591691025e-07,4.596416412762785e-07,0.0,0.0,0.575538158416748,0.7687932848930359,0.06310048699378967,False,21
3,87.1482816600037,42.46600000000001,0.0002524396253330242,3.251095762670325e-07,4.603161757545944e-07,0.0,0.0,0.5751914381980896,0.7685874700546265,0.06184782087802887,False,19
3,87.24897605300066,42.46600000000001,0.0002524396253330242,3.251095762670325e-07,4.603161757545944e-07,0.0,0.0,0.5751914381980896,0.7685874700546265,0.06184782087802887,False,19
3,87.35449125000014,42.567999999999984,0.0002530340579138613,3.256177170797274e-07,4.6099070659777436e-07,0.0,0.0,0.5672950148582458,0.7654677033424377,0.06113430857658386,False,21
3,87.45534492500155,42.567999999999984,0.0002530340579138613,3.256177170797274e-07,4.6099070659777436e-07,0.0,0.0,0.5672950148582458,0.7654677033424377,0.06113430857658386,False,21
3,87.5851857939997,42.63600000000008,0.0002534303463014539,3.2595647783203334e-07,4.61440397063453e-07,0.0,0.0,0.5606168508529663,0.7639777660369873,0.06035681068897247,False,20
3,87.68765505200281,42.63600000000008,0.0002534303463014539,3.2595647783203334e-07,4.61440397063453e-07,0.0,0.0,0.5606168508529663,0.7639777660369873,0.06035681068897247,False,20
3,87.8079393270018,42.738000000000056,0.00025402477888338427,3.264646193137104e-07,4.621149296413612e-07,0.0,0.0,0.5671088695526123,0.7620174884796143,0.059643179178237915,False,20
3,87.9083189630037,42.77200000000005,0.0002542229230775065,3.266339999104704e-07,4.623397729425412e-07,0.0,0.0,0.5671088695526123,0.7620174884796143,0.059643179178237915,False,20
3,88.01466098800302,42.84000000000003,0.00025461921146557875,3.269727611673296e-07,4.6278946197376224e-07,0.0,0.0,0.5732589960098267,0.7593270540237427,0.04671238362789154,False,20
3,88.11883204200421,42.874000000000024,0.00025481735565982457,3.2714214197292395e-07,4.6301430662996547e-07,0.0,0.0,0.566092312335968,0.7593270540237427,0.04671238362789154,False,20
3,88.22218251699815,42.94200000000001,0.00025521364404866966,3.274809035341277e-07,4.6346399532127794e-07,0.0,0.0,0.566092312335968,0.7623656392097473,0.05872586369514465,False,20
3,88.34017344900349,43.00999999999999,0.00025560993243758543,3.2781966536195013e-07,4.639136834092574e-07,0.0,0.0,0.566500186920166,0.7619212865829468,0.05886830389499664,False,20
3,88.47469542700128,43.04399999999998,0.0002558080766321188,3.279890462607718e-07,4.641385273187873e-07,0.0,0.0,0.566500186920166,0.7619212865829468,0.05886830389499664,False,20
3,88.59055042800173,43.14600000000007,0.0002564025092161239,3.284971894559609e-07,4.648130603145925e-07,0.0,0.0,0.5667077898979187,0.762000322341919,0.058921679854393005,False,20
3,88.69123137299903,43.14600000000007,0.0002564025092161239,3.284971894559609e-07,4.648130603145925e-07,0.0,0.0,0.5667077898979187,0.762000322341919,0.058921679854393005,False,20
3,88.79378440100118,43.24800000000005,0.0002569969418009005,3.290053331496187e-07,4.6548759367164014e-07,0.0,0.0,0.5826944708824158,0.7637133598327637,0.05897405743598938,False,19
3,88.8942694590005,43.24800000000005,0.0002569969418009005,3.290053331496187e-07,4.6548759367164014e-07,0.0,0.0,0.5826944708824158,0.7637133598327637,0.05897405743598938,False,19
3,88.99774130099831,43.35000000000002,0.0002575913743859716,3.2951347706470596e-07,4.661621253465978e-07,0.0,0.0,0.5741708874702454,0.762804388999939,0.05862244963645935,False,20
3,89.09826488500403,43.35000000000002,0.0002575913743859716,3.2951347706470596e-07,4.661621253465978e-07,0.0,0.0,0.5741708874702454,0.762804388999939,0.05862244963645935,False,20
3,89.19944226399821,43.452,0.0002581858069717743,3.300216216059589e-07,4.668366595795595e-07,0.0,0.0,0.5597274303436279,0.7613368630409241,0.0584227591753006,False,21
3,89.2999455800018,43.452,0.0002581858069717743,3.300216216059589e-07,4.668366595795595e-07,0.0,0.0,0.5597274303436279,0.7613368630409241,0.0584227591753006,False,21
3,89.40655637199961,43.553999999999974,0.00025878023955796994,3.3052976633178845e-07,4.67511189433538e-07,0.0,0.0,0.5667067170143127,0.7603386640548706,0.05824322998523712,False,20
3,89.50713112000085,43.553999999999974,0.00025878023955796994,3.3052976633178845e-07,4.67511189433538e-07,0.0,0.0,0.5667067170143127,0.7603386640548706,0.05824322998523712,False,20
3,89.61637416099984,43.65600000000006,0.00025937467214454937,3.310379115406465e-07,4.68185722915441e-07,0.0,0.0,0.5676566362380981,0.761065661907196,0.046894922852516174,False,20
3,89.71707841200259,43.65600000000006,0.00025937467214454937,3.310379115406465e-07,4.68185722915441e-07,0.0,0.0,0.5676566362380981,0.761065661907196,0.046894922852516174,False,20
3,89.82241107900336,43.75800000000004,0.00025996910473193675,3.315460571947167e-07,4.688602535361137e-07,0.0,0.0,0.5667482614517212,0.7638627290725708,0.05990119278430939,False,20
3,89.92295160300273,43.75800000000004,0.00025996910473193675,3.315460571947167e-07,4.688602535361137e-07,0.0,0.0,0.5667482614517212,0.7638627290725708,0.05990119278430939,False,20
3,90.02717740100343,43.860000000000014,0.0002605635373198042,3.320542031450116e-07,4.695347853278601e-07,0.0,0.0,0.5746217966079712,0.765754222869873,0.0599152147769928,False,20
3,90.1276817110047,43.860000000000014,0.0002605635373198042,3.320542031450116e-07,4.695347853278601e-07,0.0,0.0,0.5746217966079712,0.765754222869873,0.0599152147769928,False,20
3,90.22940154700336,43.96199999999999,0.0002611579699080429,3.3256234973455487e-07,4.7020931763588895e-07,0.0,0.0,0.5668419599533081,0.7625449299812317,0.05949033796787262,False,20
3,90.32999695499893,43.96199999999999,0.0002611579699080429,3.3256234973455487e-07,4.7020931763588895e-07,0.0,0.0,0.5668419599533081,0.7625449299812317,0.05949033796787262,False,20
3,90.4358360949991,44.06400000000008,0.0002617524024972062,3.330704966674234e-07,4.708838495023752e-07,0.0,0.0,0.5829976201057434,0.7644897699356079,0.05941566824913025,False,21
3,90.53637396300473,44.06400000000008,0.0002617524024972062,3.330704966674234e-07,4.708838495023752e-07,0.0,0.0,0.5829976201057434,0.7644897699356079,0.05941566824913025,False,21
3,90.64628983600414,44.166000000000054,0.00026234683508655036,3.3357864389187477e-07,4.7155838092731396e-07,0.0,0.0,0.5664225220680237,0.761925220489502,0.05910010635852814,False,20
3,90.74692190600035,44.166000000000054,0.00026234683508655036,3.3357864389187477e-07,4.7155838092731396e-07,0.0,0.0,0.5664225220680237,0.761925220489502,0.05910010635852814,False,20
3,90.85941348600318,44.26800000000003,0.0002629412676766105,3.3408679180595873e-07,4.72232912632319e-07,0.0,0.0,0.5597497224807739,0.7627367973327637,0.05878390371799469,False,20
3,90.96002472300461,44.26800000000003,0.0002629412676766105,3.3408679180595873e-07,4.72232912632319e-07,0.0,0.0,0.5597497224807739,0.7627367973327637,0.05878390371799469,False,20
3,91.08041066199803,44.33600000000001,0.00026333755607035967,3.344255570175182e-07,4.726825997513854e-07,0.0,0.0,0.566516637802124,0.7601537108421326,0.05833044648170471,False,21
3,91.18873034200078,44.370000000000005,0.00026353570026724357,3.345949397318452e-07,4.729074437265973e-07,0.0,0.0,0.566516637802124,0.7601537108421326,0.05833044648170471,False,21
3,91.29303282999899,44.43799999999999,0.00026393198866113583,3.3493370536493683e-07,4.7335713103234387e-07,0.0,0.0,0.5741059184074402,0.7625665068626404,0.05823807418346405,False,21
3,91.39804019599978,44.47199999999998,0.00026413013285817846,3.351030883425388e-07,4.7358197480894547e-07,0.0,0.0,0.5741059184074402,0.7625665068626404,0.05823807418346405,False,21
3,91.50340054099797,44.54000000000008,0.00026452642125243545,3.3544185426206955e-07,4.740316621229219e-07,0.0,0.0,0.5662835240364075,0.7613029479980469,0.05832795798778534,False,21
3,91.61327781699947,44.57400000000007,0.0002647245654497808,3.356112373192599e-07,4.742565064296205e-07,0.0,0.0,0.5662835240364075,0.7613029479980469,0.05832795798778534,False,21
3,91.72068704300182,44.64200000000005,0.0002651208538445612,3.359500034501712e-07,4.7470619346477164e-07,0.0,0.0,0.5673061013221741,0.7638322710990906,0.058598026633262634,False,21
3,91.823794765005,44.676000000000045,0.0002653189980419803,3.361193865874464e-07,4.7493103695952123e-07,0.0,0.0,0.5673061013221741,0.7638322710990906,0.058598026633262634,False,21
3,91.93002982300095,44.74400000000003,0.00026571528643689474,3.364581531238263e-07,4.753807238982241e-07,0.0,0.0,0.5667194724082947,0.7617712616920471,0.058958083391189575,False,20
3,92.05018305300473,44.81200000000001,0.00026611157483223506,3.3679691992470443e-07,4.75830412605881e-07,0.0,0.0,0.5768492221832275,0.7650219798088074,0.04696838557720184,False,21
3,92.18446848200256,44.846000000000004,0.0002663097190300939,3.369663033383171e-07,4.760552561012447e-07,0.0,0.0,0.5768492221832275,0.7650219798088074,0.04696838557720184,False,21
3,92.33114190000197,44.94799999999998,0.00026690415162371455,3.374744536332852e-07,4.767297864808241e-07,0.0,0.0,0.5673945546150208,0.7666624784469604,0.062091708183288574,False,21
3,92.43184416700387,44.94799999999998,0.00026690415162371455,3.374744536332852e-07,4.767297864808241e-07,0.0,0.0,0.5673945546150208,0.7666624784469604,0.062091708183288574,False,21
3,92.5539560190009,45.05000000000007,0.00026749858421746316,3.379826046374613e-07,4.774043162477656e-07,0.0,0.0,0.5508450865745544,0.7616512775421143,0.04698669910430908,False,21
3,92.66561592300422,45.11800000000005,0.0002678948726138803,3.38321372036652e-07,4.778540037644206e-07,0.0,0.0,0.5671093463897705,0.7630878686904907,0.05978596210479736,False,21
3,92.80016777000128,45.152000000000044,0.00026809301681221314,3.3849075585507414e-07,4.780788475520166e-07,0.0,0.0,0.5671093463897705,0.7630878686904907,0.05978596210479736,False,21
3,92.90326679099962,45.25400000000002,0.0002686874494072576,3.3899890751782206e-07,4.787533776691913e-07,0.0,0.0,0.5683673024177551,0.7668858766555786,0.046701580286026,False,21
3,93.0037945380027,45.25400000000002,0.0002686874494072576,3.3899890751782206e-07,4.787533776691913e-07,0.0,0.0,0.5683673024177551,0.7668858766555786,0.046701580286026,False,21
3,93.10625635700126,45.355999999999995,0.0002692818820024933,3.3950705970867067e-07,4.794279080150455e-07,0.0,0.0,0.5759487152099609,0.7701610326766968,0.06313441693782806,False,21
3,93.20681486299873,45.355999999999995,0.0002692818820024933,3.3950705970867067e-07,4.794279080150455e-07,0.0,0.0,0.5759487152099609,0.7701610326766968,0.06313441693782806,False,21
3,93.35619303500425,45.45799999999997,0.00026987631459885614,3.4001521227550836e-07,4.801024392342309e-07,0.0,0.0,0.5690301060676575,0.7709044218063354,0.04699169099330902,False,21
3,93.478663296999,45.52600000000007,0.00027027260299651535,3.4035398085695656e-07,4.8055212596894e-07,0.0,0.0,0.5765977501869202,0.7732819318771362,0.06498973071575165,False,21
3,93.61328797799797,45.56000000000006,0.00027047074719537207,3.4052336519794346e-07,4.80776969271086e-07,0.0,0.0,0.5765977501869202,0.7732819318771362,0.06498973071575165,False,21
3,93.72345808699902,45.662000000000035,0.00027106517979234466,3.410315186632092e-07,4.814514988937642e-07,0.0,0.0,0.5698380470275879,0.772628903388977,0.047059670090675354,False,18
3,93.82397462899826,45.662000000000035,0.00027106517979234466,3.410315186632092e-07,4.814514988937642e-07,0.0,0.0,0.5698380470275879,0.772628903388977,0.047059670090675354,False,18
3,93.9311794910027,45.76400000000001,0.0002716596123901447,3.4153967239312324e-07,4.821260307228584e-07,0.0,0.0,0.5543925166130066,0.7732254862785339,0.06610652804374695,False,20
3,94.03180313199846,45.76400000000001,0.0002716596123901447,3.4153967239312324e-07,4.821260307228584e-07,0.0,0.0,0.5543925166130066,0.7732254862785339,0.06610652804374695,False,20
3,94.13189937000425,45.865999999999985,0.00027225404498813863,3.4204782653846787e-07,4.828005592966418e-07,0.0,0.0,0.5680795311927795,0.7694075703620911,0.064088374376297,False,21
3,94.23241486099869,45.865999999999985,0.00027225404498813863,3.4204782653846787e-07,4.828005592966418e-07,0.0,0.0,0.5680795311927795,0.7694075703620911,0.064088374376297,False,21
3,94.37876087499899,45.968000000000075,0.00027284847758674013,3.425559811782107e-07,4.834750893778624e-07,0.0,0.0,0.5671030879020691,0.7669007182121277,0.06256715953350067,False,21
3,94.49718285199924,46.03600000000006,0.00027324476598620953,3.428947511492139e-07,4.839247773662157e-07,0.0,0.0,0.5689992308616638,0.7670243382453918,0.06146916747093201,False,20
3,94.5976587910045,46.03600000000006,0.00027324476598620953,3.428947511492139e-07,4.839247773662157e-07,0.0,0.0,0.5689992308616638,0.7670243382453918,0.06146916747093201,False,20
3,94.7048627990007,46.138000000000034,0.00027383919858559036,3.434029064703545e-07,4.845993068606934e-07,0.0,0.0,0.5751828551292419,0.7668029069900513,0.06119479238986969,False,21
3,94.83938948599825,46.172000000000025,0.000274037342785425,3.435722916638089e-07,4.8482414933261e-07,0.0,0.0,0.5751828551292419,0.7668029069900513,0.06119479238986969,False,21
3,94.96544183199876,46.24000000000001,0.0002744336311854582,3.4391106217203795e-07,4.852738353300331e-07,0.0,0.0,0.5680559277534485,0.766619086265564,0.06036749482154846,False,20
3,95.06602209099947,46.24000000000001,0.0002744336311854582,3.4391106217203795e-07,4.852738353300331e-07,0.0,0.0,0.5680559277534485,0.766619086265564,0.06036749482154846,False,20
3,95.19427963500493,46.341999999999985,0.00027502806378605854,3.444192183046618e-07,4.859483673673663e-07,0.0,0.0,0.5669186115264893,0.7648003101348877,0.06028012931346893,False,20
3,95.29466599599982,46.375999999999976,0.00027522620798628656,3.44588603808196e-07,4.861732114280496e-07,0.0,0.0,0.5669186115264893,0.7662579417228699,0.06028012931346893,False,20
3,95.39903659799893,46.444000000000074,0.00027562249638685317,3.449273748355881e-07,4.86622896578191e-07,0.0,0.0,0.5667006373405457,0.7662579417228699,0.04704856872558594,False,20
3,95.5014816039984,46.478000000000065,0.0002758206405871957,3.450967603768306e-07,4.868477392480504e-07,0.0,0.0,0.5667006373405457,0.7686547636985779,0.04704856872558594,False,20
3,95.60776732100203,46.54600000000005,0.00027621692898815607,3.4543553171384235e-07,4.872974246866459e-07,0.0,0.0,0.568169116973877,0.7686547636985779,0.06332316994667053,False,20
3,95.70830951000244,46.54600000000005,0.00027621692898815607,3.4543553171384235e-07,4.872974246866459e-07,0.0,0.0,0.568169116973877,0.7686547636985779,0.06332316994667053,False,20
3,95.83103347800352,46.648000000000025,0.000276811361590152,3.459436890371963e-07,4.879719558341142e-07,0.0,0.0,0.5600548982620239,0.7624424695968628,0.04722993075847626,False,21
3,95.9547448470039,46.71600000000001,0.00027720764999171693,3.462824608553688e-07,4.884216418281663e-07,0.0,0.0,0.560641884803772,0.7668284177780151,0.0610380619764328,False,21
3,96.08932685200125,46.75,0.0002774057941925369,3.464518468995972e-07,4.886464848897711e-07,0.0,0.0,0.560641884803772,0.7668284177780151,0.0610380619764328,False,21
3,96.1927492169998,46.851999999999975,0.00027800022679543056,3.4696000492117215e-07,4.893210131393233e-07,0.0,0.0,0.5690346956253052,0.7681421637535095,0.04705469310283661,False,21
3,96.29330562399991,46.851999999999975,0.00027800022679543056,3.4696000492117215e-07,4.893210131393233e-07,0.0,0.0,0.5690346956253052,0.7681421637535095,0.04705469310283661,False,21
3,96.40003366100427,46.954000000000065,0.00027859465939893396,3.4746816342220895e-07,4.899955437999089e-07,0.0,0.0,0.5684011578559875,0.7692705988883972,0.06361430883407593,False,20
3,96.500730836,46.954000000000065,0.00027859465939893396,3.4746816342220895e-07,4.899955437999089e-07,0.0,0.0,0.5684011578559875,0.7692705988883972,0.06361430883407593,False,20
3,96.61046922799869,47.05600000000004,0.000279189092002652,3.479763224524264e-07,4.906700726378e-07,0.0,0.0,0.5754227042198181,0.7698723077774048,0.06248834729194641,False,20
3,96.71125941300124,47.05600000000004,0.000279189092002652,3.479763224524264e-07,4.906700726378e-07,0.0,0.0,0.5754227042198181,0.7698723077774048,0.06248834729194641,False,20
3,96.81147301800229,47.158000000000015,0.0002797835246069096,3.4848448191891895e-07,4.913446009966285e-07,0.0,0.0,0.5669229030609131,0.7659720182418823,0.06149552762508392,False,19
3,96.91214919800404,47.158000000000015,0.0002797835246069096,3.4848448191891895e-07,4.913446009966285e-07,0.0,0.0,0.5669229030609131,0.7659720182418823,0.06149552762508392,False,19
3,97.01721008800087,47.25999999999999,0.00028037795721180944,3.4899264158879817e-07,4.920191308213763e-07,0.0,0.0,0.5606507062911987,0.7656216621398926,0.060823678970336914,False,20
3,97.1177665389987,47.25999999999999,0.00028037795721180944,3.4899264158879817e-07,4.920191308213763e-07,0.0,0.0,0.5606507062911987,0.7656216621398926,0.060823678970336914,False,20
3,97.21829470200464,47.36200000000008,0.0002809723898170714,3.495008019701605e-07,4.926936607737068e-07,0.0,0.0,0.5605905055999756,0.7650521397590637,0.0606565922498703,False,21
3,97.31884130400431,47.36200000000008,0.0002809723898170714,3.495008019701605e-07,4.926936607737068e-07,0.0,0.0,0.5605905055999756,0.7650521397590637,0.0606565922498703,False,21
3,97.46364025100047,47.464000000000055,0.0002815668224227831,3.5000896246258157e-07,4.933681893964743e-07,0.0,0.0,0.5673453211784363,0.7634497284889221,0.06028081476688385,False,21
3,97.59161036700243,47.53200000000004,0.0002819631108271193,3.503477364349597e-07,4.938178748951342e-07,0.0,0.0,0.5677942037582397,0.7653805613517761,0.06004832684993744,False,20
3,97.72635110400006,47.56600000000003,0.00028216125502928454,3.505171234094013e-07,4.940427180545053e-07,0.0,0.0,0.5677942037582397,0.7653805613517761,0.06004832684993744,False,20
3,97.87642964800034,47.668000000000006,0.0002827556876359972,3.51025284898171e-07,4.947172471079541e-07,0.0,0.0,0.5603123903274536,0.7659546732902527,0.04660259187221527,False,21
3,97.99469511699863,47.73599999999999,0.0002831519760407657,3.5136405966847173e-07,4.951669331873977e-07,0.0,0.0,0.5680123567581177,0.7671900391578674,0.06306770443916321,False,20
3,98.09532390400273,47.73599999999999,0.0002831519760407657,3.5136405966847173e-07,4.951669331873977e-07,0.0,0.0,0.5680123567581177,0.7671900391578674,0.06306770443916321,False,20
3,98.19927147000271,47.83800000000008,0.0002837464086483518,3.5187222155388156e-07,4.958414612386116e-07,0.0,0.0,0.5758435130119324,0.7629815340042114,0.04667550325393677,False,21
3,98.29979184200056,47.83800000000008,0.0002837464086483518,3.5187222155388156e-07,4.958414612386116e-07,0.0,0.0,0.5758435130119324,0.7629815340042114,0.04667550325393677,False,21
3,98.40007335499831,47.940000000000055,0.00028434084125643746,3.523803839701137e-07,4.965159891926317e-07,0.0,0.0,0.5745826363563538,0.7670262455940247,0.06085643172264099,False,21
3,98.50061657599872,47.940000000000055,0.00028434084125643746,3.523803839701137e-07,4.965159891926317e-07,0.0,0.0,0.5745826363563538,0.7670262455940247,0.06085643172264099,False,21
3,98.61014667500422,48.04200000000003,0.00028493527386489,3.528885469907365e-07,4.971905179791585e-07,0.0,0.0,0.5607954263687134,0.7654892206192017,0.06073500216007233,False,21
3,98.71100947300147,48.04200000000003,0.00028493527386489,3.528885469907365e-07,4.971905179791585e-07,0.0,0.0,0.5607954263687134,0.7654892206192017,0.06073500216007233,False,21
3,98.83297296299861,48.144000000000005,0.00028552970647386777,3.5339671052539045e-07,4.978650469968465e-07,0.0,0.0,0.5668386220932007,0.7650119066238403,0.06051495671272278,False,21
3,98.93347161100246,48.144000000000005,0.00028552970647386777,3.5339671052539045e-07,4.978650469968465e-07,0.0,0.0,0.5668386220932007,0.7650119066238403,0.06051495671272278,False,21
3,99.03776030200243,48.24599999999998,0.0002861241390833846,3.5390487399795114e-07,4.985395745827774e-07,0.0,0.0,0.5750191807746887,0.7647237181663513,0.060061559081077576,False,20
3,99.13845954299904,48.24599999999998,0.0002861241390833846,3.5390487399795114e-07,4.985395745827774e-07,0.0,0.0,0.5750191807746887,0.7647237181663513,0.060061559081077576,False,20
3,99.24861315399903,48.34800000000007,0.0002867185716931538,3.544130381563911e-07,4.99214102497124e-07,0.0,0.0,0.5434830188751221,0.7632954120635986,0.059766948223114014,False,21
3,99.3491164290026,48.34800000000007,0.0002867185716931538,3.544130381563911e-07,4.99214102497124e-07,0.0,0.0,0.5434830188751221,0.7632954120635986,0.059766948223114014,False,21
3,99.4699947879999,48.450000000000045,0.00028731300430350805,3.5492120274455654e-07,4.998886308215592e-07,0.0,0.0,0.5662354826927185,0.7625327110290527,0.059202298521995544,False,21
3,99.57056626600388,48.450000000000045,0.00028731300430350805,3.5492120274455654e-07,4.998886308215592e-07,0.0,0.0,0.5662354826927185,0.7625327110290527,0.059202298521995544,False,21
3,99.67651071,48.55200000000002,0.000287907436914345,3.5542936770745487e-07,5.005631595366456e-07,0.0,0.0,0.5663999319076538,0.7605153322219849,0.05938003957271576,False,20
3,99.77718260599795,48.55200000000002,0.000287907436914345,3.5542936770745487e-07,5.005631595366456e-07,0.0,0.0,0.5663999319076538,0.7605153322219849,0.05938003957271576,False,20
3,99.88355128900002,48.653999999999996,0.00028850186952545384,3.559375329107588e-07,5.012376867487559e-07,0.0,0.0,0.5604086518287659,0.7632787823677063,0.04612727463245392,False,20
3,99.98411617099919,48.653999999999996,0.00028850186952545384,3.559375329107588e-07,5.012376867487559e-07,0.0,0.0,0.5604086518287659,0.7632787823677063,0.04612727463245392,False,20
3,100.0882443570008,48.75599999999997,0.00028909630213698424,3.564456987875599e-07,5.019122136363272e-07,0.0,0.0,0.5837948322296143,0.7693278789520264,0.06249627470970154,False,20
3,100.18889277100243,48.75599999999997,0.00028909630213698424,3.564456987875599e-07,5.019122136363272e-07,0.0,0.0,0.5837948322296143,0.7693278789520264,0.06249627470970154,False,20
3,100.29175296900212,48.85800000000006,0.0002896907347492311,3.569538649817584e-07,5.025867417259118e-07,0.0,0.0,0.577366292476654,0.7696622014045715,0.046838074922561646,False,21
3,100.39227533400117,48.85800000000006,0.0002896907347492311,3.569538649817584e-07,5.025867417259118e-07,0.0,0.0,0.577366292476654,0.7696622014045715,0.046838074922561646,False,21
3,100.49715550900146,48.960000000000036,0.0002902851673617867,3.574620314671366e-07,5.032612703867319e-07,0.0,0.0,0.5681432485580444,0.7696810364723206,0.06418660283088684,False,21
3,100.59771261700371,48.960000000000036,0.0002902851673617867,3.574620314671366e-07,5.032612703867319e-07,0.0,0.0,0.5681432485580444,0.7696810364723206,0.06418660283088684,False,21
3,100.70364719800273,49.06200000000001,0.0002908795999746394,3.579701984030067e-07,5.039357967067518e-07,0.0,0.0,0.5664798021316528,0.7614545822143555,0.046858713030815125,False,21
3,100.8042787680024,49.06200000000001,0.0002908795999746394,3.579701984030067e-07,5.039357967067518e-07,0.0,0.0,0.5664798021316528,0.7614545822143555,0.046858713030815125,False,21
3,100.90713300600328,49.16399999999999,0.0002914740325883269,3.584783659030917e-07,5.046103235405376e-07,0.0,0.0,0.5765594244003296,0.7663357853889465,0.060837969183921814,False,19
3,101.0076744800026,49.16399999999999,0.0002914740325883269,3.584783659030917e-07,5.046103235405376e-07,0.0,0.0,0.5765594244003296,0.7663357853889465,0.060837969183921814,False,19
3,101.10983303800458,49.266000000000076,0.000292068465202184,3.589865337451658e-07,5.052848519622102e-07,0.0,0.0,0.5603654980659485,0.7661935687065125,0.046686381101608276,False,21
3,101.21035291500448,49.266000000000076,0.000292068465202184,3.589865337451658e-07,5.052848519622102e-07,0.0,0.0,0.5603654980659485,0.7661935687065125,0.046686381101608276,False,21
3,101.31254668399924,49.36800000000005,0.0002926628978164574,3.5949470183506506e-07,5.059593794829421e-07,0.0,0.0,0.5680302381515503,0.7686949372291565,0.06374534964561462,False,20
3,101.41324398000143,49.36800000000005,0.0002926628978164574,3.5949470183506506e-07,5.059593794829421e-07,0.0,0.0,0.5680302381515503,0.7686949372291565,0.06374534964561462,False,20
3,101.55243549599982,49.436000000000035,0.0002930591862264644,3.5983348083650045e-07,5.064090635930686e-07,0.0,0.0,0.5696141719818115,0.7706462144851685,0.04680715501308441,False,21
3,101.6612788909988,49.47000000000003,0.0002932573304315015,3.600028704464937e-07,5.066339050139792e-07,0.0,0.0,0.5696141719818115,0.7706462144851685,0.04680715501308441,False,21
3,101.76506338000036,49.53800000000001,0.0002936536188416746,3.6034164976708554e-07,5.070835894283126e-07,0.0,0.0,0.5688191652297974,0.7707504034042358,0.0650484561920166,False,20
3,101.87059927600058,49.572,0.00029385176304675764,3.605110394896194e-07,5.073084325021014e-07,0.0,0.0,0.5699458122253418,0.7707504034042358,0.0650484561920166,False,20
3,101.97138316400378,49.639999999999986,0.00029424805145709075,3.608498191042392e-07,5.077581181557305e-07,0.0,0.0,0.5699458122253418,0.7726851105690002,0.04703228175640106,False,19
3,102.08864438300225,49.70799999999997,0.0002946443398678441,3.6118859889503204e-07,5.082078051234159e-07,0.0,0.0,0.5683590769767761,0.7715620994567871,0.0657193660736084,False,20
3,102.22321692900005,49.742000000000075,0.0002948424840733309,3.613579888039034e-07,5.084326470292093e-07,0.0,0.0,0.5683590769767761,0.7715620994567871,0.0657193660736084,False,20
3,102.32600559900311,49.84400000000005,0.0002954369166899037,3.6186615881599876e-07,5.091071714377146e-07,0.0,0.0,0.570274829864502,0.7715615034103394,0.046814486384391785,False,21
3,102.42671442600113,49.84400000000005,0.0002954369166899037,3.6186615881599876e-07,5.091071714377146e-07,0.0,0.0,0.570274829864502,0.7715615034103394,0.046814486384391785,False,21
3,102.53424440399976,49.946000000000026,0.00029603134930667385,3.6237432925035315e-07,5.097816981090014e-07,0.0,0.0,0.5460103154182434,0.7723817229270935,0.06583398580551147,False,20
3,102.63490304600418,49.946000000000026,0.00029603134930667385,3.6237432925035315e-07,5.097816981090014e-07,0.0,0.0,0.5460103154182434,0.7723817229270935,0.06583398580551147,False,20
3,102.74644182900374,50.048,0.0002966257819240845,3.6288250016316564e-07,5.104562270182502e-07,0.0,0.0,0.5619799494743347,0.7714245319366455,0.04637433588504791,False,20
3,102.84714100699784,50.048,0.0002966257819240845,3.6288250016316564e-07,5.104562270182502e-07,0.0,0.0,0.5619799494743347,0.7714245319366455,0.04637433588504791,False,20
3,102.95585192499857,50.14999999999998,0.0002972202145419501,3.6339067147831164e-07,5.111307547567946e-07,0.0,0.0,0.5690111517906189,0.7739651799201965,0.06661152839660645,False,20
3,103.05650133900053,50.14999999999998,0.0002972202145419501,3.6339067147831164e-07,5.111307547567946e-07,0.0,0.0,0.5690111517906189,0.7739651799201965,0.06661152839660645,False,20
3,103.16432100800012,50.252000000000066,0.00029781464716026893,3.638988431678507e-07,5.118052787152535e-07,0.0,0.0,0.5760738849639893,0.7723730802536011,0.06477856636047363,False,20
3,103.26484585300204,50.252000000000066,0.00029781464716026893,3.638988431678507e-07,5.118052787152535e-07,0.0,0.0,0.5760738849639893,0.7723730802536011,0.06477856636047363,False,20
3,103.37396118600009,50.35400000000004,0.0002984090797789698,3.6440701508593805e-07,5.124798058683219e-07,0.0,0.0,0.5755673050880432,0.7687833905220032,0.06318396329879761,False,21
3,103.47449087900168,50.35400000000004,0.0002984090797789698,3.6440701508593805e-07,5.124798058683219e-07,0.0,0.0,0.5755673050880432,0.7687833905220032,0.06318396329879761,False,21
3,103.58833307999885,50.45600000000002,0.00029900351239815076,3.6491518759254854e-07,5.13154333921768e-07,0.0,0.0,0.5752062797546387,0.7686573266983032,0.06191326677799225,False,19
3,103.68886450900027,50.45600000000002,0.00029900351239815076,3.6491518759254854e-07,5.13154333921768e-07,0.0,0.0,0.5752062797546387,0.7686573266983032,0.06191326677799225,False,19
3,103.80876241200167,50.55799999999999,0.0002995979450175065,3.6542336055378925e-07,5.138288613454432e-07,0.0,0.0,0.5671721696853638,0.7652808427810669,0.061111778020858765,False,21
3,103.90944769699854,50.55799999999999,0.0002995979450175065,3.6542336055378925e-07,5.138288613454432e-07,0.0,0.0,0.5671721696853638,0.7652808427810669,0.061111778020858765,False,21
3,104.01110933600285,50.66000000000008,0.0003001923776374078,3.659315339153999e-07,5.145033856424852e-07,0.0,0.0,0.5606061816215515,0.7639275789260864,0.06033825874328613,False,21
3,104.11179814999923,50.66000000000008,0.0003001923776374078,3.659315339153999e-07,5.145033856424852e-07,0.0,0.0,0.5606061816215515,0.7639275789260864,0.06033825874328613,False,21
3,104.21484846700332,50.76200000000006,0.00030078681025777704,3.6643970743515247e-07,5.151779121467321e-07,0.0,0.0,0.5671429634094238,0.7621865272521973,0.059771597385406494,False,20
3,104.31535311700281,50.76200000000006,0.00030078681025777704,3.6643970743515247e-07,5.151779121467321e-07,0.0,0.0,0.5671429634094238,0.7621865272521973,0.059771597385406494,False,20
3,104.41723161999835,50.86400000000003,0.0003013812428784746,3.669478815025359e-07,5.158524391281756e-07,0.0,0.0,0.5668209791183472,0.759381890296936,0.04669514298439026,False,20
3,104.51778935299808,50.86400000000003,0.0003013812428784746,3.669478815025359e-07,5.158524391281756e-07,0.0,0.0,0.5668209791183472,0.759381890296936,0.04669514298439026,False,20
3,104.63061460800236,50.96600000000001,0.00030197567549938246,3.674560560611773e-07,5.165269662562066e-07,0.0,0.0,0.5661649107933044,0.7618610858917236,0.05868105590343475,False,20
3,104.73133045600116,50.96600000000001,0.00030197567549938246,3.674560560611773e-07,5.165269662562066e-07,0.0,0.0,0.5661649107933044,0.7618610858917236,0.05868105590343475,False,20
3,104.84019848499884,51.067999999999984,0.0003025701081210263,3.6796423117623745e-07,5.172014922900755e-07,0.0,0.0,0.5664730072021484,0.7618502378463745,0.058833494782447815,False,21
3,104.94074892000208,51.067999999999984,0.0003025701081210263,3.6796423117623745e-07,5.172014922900755e-07,0.0,0.0,0.5664730072021484,0.7618502378463745,0.058833494782447815,False,21
3,105.067630921003,51.13600000000008,0.00030296639653561164,3.6830301448251397e-07,5.176511762707931e-07,0.0,0.0,0.5666842460632324,0.7619388103485107,0.058892399072647095,False,21
3,105.16801465400204,51.17000000000007,0.00030316454074304396,3.6847240629674207e-07,5.178760172773678e-07,0.0,0.0,0.5666842460632324,0.7619388103485107,0.058892399072647095,False,21
3,105.27277940200293,51.238000000000056,0.0003035608291579875,3.6881118999325323e-07,5.18325700923094e-07,0.0,0.0,0.5826594829559326,0.7635747790336609,0.05894744396209717,False,20
3,105.37446297200222,51.27200000000005,0.0003037589733654272,3.689805818608629e-07,5.185505432776181e-07,0.0,0.0,0.5826594829559326,0.7635747790336609,0.05894744396209717,False,20
3,105.48139064800489,51.34000000000003,0.00030415526178052387,3.693193659198361e-07,5.190002280750632e-07,0.0,0.0,0.5742024183273315,0.7628726959228516,0.058658286929130554,False,20
3,105.58507886900043,51.374000000000024,0.0003043534059882771,3.6948875800031356e-07,5.192250704615143e-07,0.0,0.0,0.5742024183273315,0.761367678642273,0.058658286929130554,False,20
3,105.68969404900417,51.44200000000001,0.0003047496944037723,3.6982754247303614e-07,5.196747551190551e-07,0.0,0.0,0.5597385168075562,0.761367678642273,0.05844934284687042,False,21
3,105.7960800159999,51.476,0.00030494783861154725,3.69996934772623e-07,5.198995973528289e-07,0.0,0.0,0.5597385168075562,0.761367678642273,0.05844934284687042,False,21
3,105.90287676000298,51.54399999999998,0.00030534412702738637,3.703357192711362e-07,5.203492803449792e-07,0.0,0.0,0.5667381286621094,0.7603834867477417,0.05826029181480408,False,20
3,106.00332665400492,51.577999999999975,0.0003055422712354215,3.70505111618279e-07,5.205741209093562e-07,0.0,0.0,0.5667381286621094,0.7610669732093811,0.04688426852226257,False,20
3,106.10888525799965,51.64600000000007,0.00030593855965141154,3.708438963718136e-07,5.210238041741097e-07,0.0,0.0,0.5676571726799011,0.7610669732093811,0.04688426852226257,False,20
3,106.21108133000234,51.680000000000064,0.00030613670385941415,3.7101328874419934e-07,5.212486463151999e-07,0.0,0.0,0.5599787831306458,0.7610669732093811,0.04688426852226257,False,20
3,106.31935122499999,51.74800000000005,0.0003065329922757919,3.713520737750134e-07,5.216983305213756e-07,0.0,0.0,0.5599787831306458,0.7634534239768982,0.05979049205780029,False,21
3,106.44093136399897,51.81600000000003,0.00030692928069222126,3.716908590120255e-07,5.221480147535608e-07,0.0,0.0,0.5745949745178223,0.7656064629554749,0.05982699990272522,False,20
3,106.57572844999959,51.85000000000002,0.00030712742490047757,3.718602517768865e-07,5.223728567494893e-07,0.0,0.0,0.5745949745178223,0.7656064629554749,0.05982699990272522,False,20
3,106.67998394900496,51.952,0.0003077218575257474,3.7236843029572764e-07,5.230473815848304e-07,0.0,0.0,0.5667973756790161,0.7626329064369202,0.059487730264663696,False,20
3,106.78049470100086,51.952,0.0003077218575257474,3.7236843029572764e-07,5.230473815848304e-07,0.0,0.0,0.5667973756790161,0.7626329064369202,0.059487730264663696,False,20
3,106.895331300002,52.053999999999974,0.00030831629015140886,3.7287660914230267e-07,5.237219064682443e-07,0.0,0.0,0.5829395055770874,0.7647044062614441,0.05945001542568207,False,21
3,106.9958659699987,52.053999999999974,0.00030831629015140886,3.7287660914230267e-07,5.237219064682443e-07,0.0,0.0,0.5829395055770874,0.7647044062614441,0.05945001542568207,False,21
3,107.10371570999996,52.15600000000006,0.0003089107227773778,3.733847880712145e-07,5.243964317619227e-07,0.0,0.0,0.5663939118385315,0.7618348598480225,0.059122875332832336,False,20
3,107.20426367500477,52.15600000000006,0.0003089107227773778,3.733847880712145e-07,5.243964317619227e-07,0.0,0.0,0.5663939118385315,0.7618348598480225,0.059122875332832336,False,20
3,107.3223145630036,52.25800000000004,0.00030950515540384416,3.7389296753622986e-07,5.250709574320736e-07,0.0,0.0,0.5597243905067444,0.7626600861549377,0.05880036950111389,False,20
3,107.42290157700336,52.25800000000004,0.00030950515540384416,3.7389296753622986e-07,5.250709574320736e-07,0.0,0.0,0.5597243905067444,0.7626600861549377,0.05880036950111389,False,20
3,107.53160245300387,52.360000000000014,0.00031009958803056596,3.744011475994054e-07,5.257454825768573e-07,0.0,0.0,0.566495418548584,0.7601046562194824,0.05833970010280609,False,21
3,107.63229162900097,52.360000000000014,0.00031009958803056596,3.744011475994054e-07,5.257454825768573e-07,0.0,0.0,0.566495418548584,0.7601046562194824,0.05833970010280609,False,21
3,107.7458965820042,52.46199999999999,0.00031069402065779517,3.749093281848913e-07,5.264200087020552e-07,0.0,0.0,0.5741081833839417,0.7626340985298157,0.0583462119102478,False,21
3,107.84645313100191,52.46199999999999,0.00031069402065779517,3.749093281848913e-07,5.264200087020552e-07,0.0,0.0,0.5741081833839417,0.7626340985298157,0.0583462119102478,False,21
3,107.9562307849992,52.56400000000008,0.00031128845328521736,3.754175089117289e-07,5.270945331241182e-07,0.0,0.0,0.5662987232208252,0.7613319754600525,0.058407485485076904,False,21
3,108.05676638799923,52.56400000000008,0.00031128845328521736,3.754175089117289e-07,5.270945331241182e-07,0.0,0.0,0.5662987232208252,0.7613319754600525,0.058407485485076904,False,21
3,108.16558497500228,52.666000000000054,0.0003118828859131626,3.7592568993943676e-07,5.277690591544016e-07,0.0,0.0,0.5673012137413025,0.763856053352356,0.05865517258644104,False,21
3,108.26611295100156,52.666000000000054,0.0003118828859131626,3.7592568993943676e-07,5.277690591544016e-07,0.0,0.0,0.5673012137413025,0.763856053352356,0.05865517258644104,False,21
3,108.37416004500119,52.76800000000003,0.00031247731854152413,3.76433871386717e-07,5.284435832871679e-07,0.0,0.0,0.5667120814323425,0.7617672085762024,0.05899465084075928,False,20
3,108.47469504000037,52.76800000000003,0.00031247731854152413,3.76433871386717e-07,5.284435832871679e-07,0.0,0.0,0.5667120814323425,0.7617672085762024,0.05899465084075928,False,20
3,108.60568241000146,52.83600000000001,0.00031287360696045626,3.767726593456522e-07,5.288932657874208e-07,0.0,0.0,0.5768179893493652,0.7649308443069458,0.046880170702934265,False,18
3,108.70762727300462,52.870000000000005,0.0003130717511701112,3.7694205341116675e-07,5.291181077608841e-07,0.0,0.0,0.5768179893493652,0.7649308443069458,0.046880170702934265,False,18
3,108.81200923099823,52.93799999999999,0.00031346803958950866,3.772808417206349e-07,5.295677909879697e-07,0.0,0.0,0.5674477815628052,0.766668975353241,0.0621071457862854,False,20
3,108.91407069800334,52.97199999999998,0.00031366618379931755,3.7745023590570754e-07,5.297926317968839e-07,0.0,0.0,0.5674477815628052,0.766668975353241,0.0621071457862854,False,20
3,109.01951703899977,53.04000000000008,0.0003140624722188694,3.777890244139261e-07,5.302423166694351e-07,0.0,0.0,0.5508196949958801,0.7615863680839539,0.0469321608543396,False,21
3,109.11962118500378,53.07400000000007,0.0003142606164286692,3.7795841869344317e-07,5.304671588756403e-07,0.0,0.0,0.5508196949958801,0.763045072555542,0.05980050563812256,False,21
3,109.26804375600477,53.14200000000005,0.0003146569048484687,3.782972073066051e-07,5.309168407954526e-07,0.0,0.0,0.5670939087867737,0.763045072555542,0.05980050563812256,False,21
3,109.41693153300002,53.24400000000003,0.00031525133747847605,3.788053906179927e-07,5.315913656129211e-07,0.0,0.0,0.5683495998382568,0.7668406963348389,0.04666121304035187,False,21
3,109.51826322600391,53.27800000000002,0.00031544948168858115,3.7897478512453396e-07,5.318162065881924e-07,0.0,0.0,0.5683495998382568,0.77020663022995,0.04666121304035187,False,21
3,109.62628082900483,53.346000000000004,0.0003158457701090563,3.793135744021156e-07,5.322658889244086e-07,0.0,0.0,0.5759694576263428,0.77020663022995,0.06316670775413513,False,21
3,109.74746070700348,53.41399999999999,0.0003162420585297505,3.7965236390422777e-07,5.327155707806993e-07,0.0,0.0,0.5690279006958008,0.7709083557128906,0.046974316239356995,False,21
3,109.88211298300303,53.44799999999998,0.00031644020274009714,3.798217587261959e-07,5.329404122213245e-07,0.0,0.0,0.5690279006958008,0.7709083557128906,0.046974316239356995,False,21
3,109.98706165700423,53.55000000000007,0.0003170346353712117,3.803299435167396e-07,5.336149354434829e-07,0.0,0.0,0.5765969753265381,0.7732769250869751,0.06499682366847992,False,21
3,110.08778092099965,53.55000000000007,0.0003170346353712117,3.803299435167396e-07,5.336149354434829e-07,0.0,0.0,0.5765969753265381,0.7732769250869751,0.06499682366847992,False,21
3,110.19502002900117,53.652000000000044,0.0003176290680029382,3.808381285193375e-07,5.342894625410252e-07,0.0,0.0,0.5619699954986572,0.7712702751159668,0.047016873955726624,False,21
3,110.29554071200255,53.652000000000044,0.0003176290680029382,3.808381285193375e-07,5.342894625410252e-07,0.0,0.0,0.5619699954986572,0.7712702751159668,0.047016873955726624,False,21
3,110.39949870800046,53.75400000000002,0.00031822350063515645,3.81346313738193e-07,5.349639859634623e-07,0.0,0.0,0.5544167757034302,0.7732653021812439,0.06613937020301819,False,20
3,110.50002054400102,53.75400000000002,0.00031822350063515645,3.81346313738193e-07,5.349639859634623e-07,0.0,0.0,0.5544167757034302,0.7732653021812439,0.06613937020301819,False,20
3,110.61435574200004,53.855999999999995,0.0003188179332675816,3.8185449950673853e-07,5.356385092167591e-07,0.0,0.0,0.5680825114250183,0.7694223523139954,0.0641145259141922,False,21
3,110.71514718400431,53.855999999999995,0.0003188179332675816,3.8185449950673853e-07,5.356385092167591e-07,0.0,0.0,0.5680825114250183,0.7694223523139954,0.0641145259141922,False,21
3,110.84469193000405,53.95799999999997,0.0003194123659002795,3.8236268581171955e-07,5.363130309486471e-07,0.0,0.0,0.5523252487182617,0.7670574188232422,0.0625867247581482,False,21
3,110.94521431100293,53.95799999999997,0.0003194123659002795,3.8236268581171955e-07,5.363130309486471e-07,0.0,0.0,0.5523252487182617,0.7670574188232422,0.0625867247581482,False,21
3,111.05431221800245,54.06000000000006,0.0003200067985336579,3.8287087242317255e-07,5.369875559033451e-07,0.0,0.0,0.5689961314201355,0.7669622302055359,0.061480969190597534,False,20
3,111.1548250909982,54.06000000000006,0.0003200067985336579,3.8287087242317255e-07,5.369875559033451e-07,0.0,0.0,0.5689961314201355,0.7669622302055359,0.061480969190597534,False,20
3,111.26148905199807,54.162000000000035,0.0003206012311673988,3.833790594459285e-07,5.376620799095794e-07,0.0,0.0,0.5751688480377197,0.7667692303657532,0.06119467318058014,False,21
3,111.36211277500115,54.162000000000035,0.0003206012311673988,3.833790594459285e-07,5.376620799095794e-07,0.0,0.0,0.5751688480377197,0.7667692303657532,0.06119467318058014,False,21
3,111.46647727600066,54.26400000000001,0.00032119566380110895,3.8388724686878184e-07,5.383366058583174e-07,0.0,0.0,0.5680457353591919,0.7665889263153076,0.06036338210105896,False,20
3,111.56713541300269,54.26400000000001,0.00032119566380110895,3.8388724686878184e-07,5.383366058583174e-07,0.0,0.0,0.5680457353591919,0.7665889263153076,0.06036338210105896,False,20
3,111.67824051900243,54.365999999999985,0.00032179009643513827,3.843954345374365e-07,5.390111289071674e-07,0.0,0.0,0.5669113993644714,0.7647702097892761,0.060273557901382446,False,20
3,111.77878522300307,54.365999999999985,0.00032179009643513827,3.843954345374365e-07,5.390111289071674e-07,0.0,0.0,0.5669113993644714,0.7647702097892761,0.060273557901382446,False,20
3,111.89906481400249,54.468000000000075,0.0003223845290698975,3.849036226911624e-07,5.396856513464973e-07,0.0,0.0,0.5667017698287964,0.7662478685379028,0.04704365134239197,False,20
3,111.99973792699893,54.468000000000075,0.0003223845290698975,3.849036226911624e-07,5.396856513464973e-07,0.0,0.0,0.5667017698287964,0.7662478685379028,0.04704365134239197,False,20
3,112.12279555300483,54.53600000000006,0.0003227808174932046,3.8524241510332976e-07,5.401353320382824e-07,0.0,0.0,0.5681673884391785,0.7686411738395691,0.06331466138362885,False,19
3,112.22508542900323,54.57000000000005,0.00032297896170490606,3.854118113303853e-07,5.40360173055436e-07,0.0,0.0,0.5681673884391785,0.7686411738395691,0.06331466138362885,False,19
3,112.32975025199994,54.638000000000034,0.00032337525012847076,3.8575060390912834e-07,5.408098552180934e-07,0.0,0.0,0.5601856708526611,0.7625834345817566,0.04722735285758972,False,21
3,112.43081279600301,54.672000000000025,0.0003235733943402828,3.8592000037174503e-07,5.410346959590996e-07,0.0,0.0,0.5601856708526611,0.7625834345817566,0.04722735285758972,False,21
3,112.53809350800293,54.74000000000001,0.0003239696827638484,3.8625879322996106e-07,5.414843788363421e-07,0.0,0.0,0.5607064366340637,0.7668911218643188,0.06103508174419403,False,21
3,112.64216160400247,54.774,0.0003241678269758335,3.864281897055303e-07,5.417092211493876e-07,0.0,0.0,0.5607064366340637,0.7668911218643188,0.06103508174419403,False,21
3,112.74956800600194,54.841999999999985,0.00032456411540011986,3.867669829523499e-07,5.42158905237802e-07,0.0,0.0,0.5690006613731384,0.7680538892745972,0.04700401425361633,False,21
3,112.85167254200496,54.875999999999976,0.00032476225961229795,3.8693637956827413e-07,5.423837467792382e-07,0.0,0.0,0.5690006613731384,0.7680538892745972,0.04700401425361633,False,21
3,112.96082521800417,54.944000000000074,0.000325158548036678,3.8727517295166584e-07,5.428334292541082e-07,0.0,0.0,0.5683497786521912,0.7693044543266296,0.06361241638660431,False,20
3,113.06122325899923,54.978000000000065,0.00032535669224886214,3.8744456981263577e-07,5.430582708291432e-07,0.0,0.0,0.5754387974739075,0.7693044543266296,0.06361241638660431,False,20
3,113.16863287900196,55.04600000000005,0.00032575298067339525,3.877833634858633e-07,5.435079523387231e-07,0.0,0.0,0.5754387974739075,0.7698565125465393,0.06248229742050171,False,20
3,113.2719408519988,55.08000000000004,0.00032595112488577934,3.8795276035462965e-07,5.437327919671392e-07,0.0,0.0,0.5754387974739075,0.7659333348274231,0.06248229742050171,False,20
3,113.37835907599947,55.148000000000025,0.0003263474133105601,3.8829155428239577e-07,5.441824721139234e-07,0.0,0.0,0.5669224858283997,0.7659333348274231,0.0614904910326004,False,19
3,113.4792122889994,55.148000000000025,0.0003263474133105601,3.8829155428239577e-07,5.441824721139234e-07,0.0,0.0,0.5669224858283997,0.7659333348274231,0.0614904910326004,False,19
3,113.60583687700273,55.25,0.0003269418459481994,3.887997454213398e-07,5.448569945859195e-07,0.0,0.0,0.5606808662414551,0.7656749486923218,0.06081482768058777,False,20
3,113.70652601899928,55.25,0.0003269418459481994,3.887997454213398e-07,5.448569945859195e-07,0.0,0.0,0.5606808662414551,0.7656749486923218,0.06081482768058777,False,20
3,113.83403616100259,55.351999999999975,0.0003275362785860802,3.8930793699747316e-07,5.455315185935804e-07,0.0,0.0,0.5605921745300293,0.7650540471076965,0.060638681054115295,False,21
3,113.9342806440036,55.38600000000008,0.00032773442279873926,3.894773342728112e-07,5.457563602730324e-07,0.0,0.0,0.5673317909240723,0.7650540471076965,0.060638681054115295,False,21
3,114.04757499900006,55.454000000000065,0.00032813071122407035,3.898161290728237e-07,5.462060434254936e-07,0.0,0.0,0.5673317909240723,0.7633377313613892,0.060265108942985535,False,21
3,114.14838343000156,55.454000000000065,0.00032813071122407035,3.898161290728237e-07,5.462060434254936e-07,0.0,0.0,0.5673317909240723,0.7633377313613892,0.060265108942985535,False,21
3,114.27542700900085,55.55600000000004,0.0003287251438623502,3.903243214577535e-07,5.468805671564073e-07,0.0,0.0,0.5677914619445801,0.7653741240501404,0.060032784938812256,False,20
3,114.39510851399973,55.624000000000024,0.00032912143228846103,3.906631167343136e-07,5.473302503507321e-07,0.0,0.0,0.5603556632995605,0.7660902738571167,0.04669386148452759,False,21
3,114.52969203599787,55.658000000000015,0.00032931957650148523,3.908325143798088e-07,5.475550908822544e-07,0.0,0.0,0.5603556632995605,0.7660902738571167,0.04669386148452759,False,21
3,114.64103286599857,55.75999999999999,0.00032991400914056694,3.913407076160309e-07,5.482296120526662e-07,0.0,0.0,0.5679770708084106,0.7671206593513489,0.06305524706840515,False,20
3,114.74173751800117,55.75999999999999,0.00032991400914056694,3.913407076160309e-07,5.482296120526662e-07,0.0,0.0,0.5679770708084106,0.7671206593513489,0.06305524706840515,False,20
3,114.85648383999796,55.86200000000008,0.0003305084417803733,3.9184890118972436e-07,5.489041321344242e-07,0.0,0.0,0.5758376121520996,0.7629637718200684,0.046671509742736816,False,21
3,114.95706346999941,55.86200000000008,0.0003305084417803733,3.9184890118972436e-07,5.489041321344242e-07,0.0,0.0,0.5758376121520996,0.7629637718200684,0.046671509742736816,False,21
3,115.06250129600085,55.964000000000055,0.0003311028744201142,3.923570950021836e-07,5.495786550932908e-07,0.0,0.0,0.5745173692703247,0.766872227191925,0.060793787240982056,False,20
3,115.16304978800326,55.964000000000055,0.0003311028744201142,3.923570950021836e-07,5.495786550932908e-07,0.0,0.0,0.5745173692703247,0.766872227191925,0.060793787240982056,False,20
3,115.27266581100412,56.06600000000003,0.00033169730706060323,3.9286528934838476e-07,5.502531779840226e-07,0.0,0.0,0.5607666969299316,0.7653874754905701,0.0606795996427536,False,21
3,115.37326657900121,56.06600000000003,0.00033169730706060323,3.9286528934838476e-07,5.502531779840226e-07,0.0,0.0,0.5607666969299316,0.7653874754905701,0.0606795996427536,False,21
3,115.48560612100118,56.168000000000006,0.00033229173970142096,3.9337348408941107e-07,5.509277021947938e-07,0.0,0.0,0.5666413903236389,0.7647212147712708,0.06047067046165466,False,21
3,115.58633713100426,56.168000000000006,0.00033229173970142096,3.9337348408941107e-07,5.509277021947938e-07,0.0,0.0,0.5666413903236389,0.7647212147712708,0.06047067046165466,False,21
3,115.71197078099794,56.23599999999999,0.0003326880281286702,3.93712280914505e-07,5.513773853412614e-07,0.0,0.0,0.5743517875671387,0.7644542455673218,0.060052767395973206,False,20
3,115.81591616899823,56.26999999999998,0.0003328861723423111,3.9388167936920587e-07,5.516022262934576e-07,0.0,0.0,0.5743517875671387,0.7644542455673218,0.060052767395973206,False,20
3,115.91958197700296,56.33800000000008,0.00033328246076986135,3.9422047636438836e-07,5.520519065915245e-07,0.0,0.0,0.551394522190094,0.7626868486404419,0.059586867690086365,False,20
3,116.02242946500337,56.37200000000007,0.00033348060498356686,3.943898750067193e-07,5.522767479834367e-07,0.0,0.0,0.551394522190094,0.7625687122344971,0.059586867690086365,False,20
3,116.123455328001,56.440000000000055,0.0003338768934113357,3.9472867238772053e-07,5.527264287539632e-07,0.0,0.0,0.5660887956619263,0.7625687122344971,0.058937251567840576,False,20
3,116.22711169400282,56.474000000000046,0.0003340750376251739,3.9489807107361485e-07,5.529512681140838e-07,0.0,0.0,0.5660887956619263,0.7602770924568176,0.058937251567840576,False,20
3,116.33066217599844,56.54200000000003,0.0003344713260532172,3.9523686853159264e-07,5.534009493751953e-07,0.0,0.0,0.5663485527038574,0.7602770924568176,0.05901579558849335,False,21
3,116.43379807900055,56.57600000000002,0.00033466947026732,3.954062673558535e-07,5.536257905029559e-07,0.0,0.0,0.5663485527038574,0.7619287371635437,0.05901579558849335,False,21
3,116.5391182950043,56.644000000000005,0.0003350657586957007,3.957450650562676e-07,5.54075470321774e-07,0.0,0.0,0.5668400526046753,0.7619287371635437,0.059267595410346985,False,21
3,116.64053998300369,56.678,0.00033526390290990193,3.959144639495623e-07,5.543003107470641e-07,0.0,0.0,0.5668400526046753,0.7642965912818909,0.059267595410346985,False,21
3,116.74268178100465,56.74599999999998,0.0003356601913381877,3.96253261845408e-07,5.547499931748162e-07,0.0,0.0,0.5825597047805786,0.7642965912818909,0.059307098388671875,False,21
3,116.8441071490015,56.77999999999997,0.00033585833555243184,3.964226609033777e-07,5.549748333518186e-07,0.0,0.0,0.5825597047805786,0.8208774328231812,0.059307098388671875,False,21
3,116.95229466500314,56.84800000000007,0.0003362546239811669,3.9676145915911335e-07,5.554245153261253e-07,0.0,0.0,0.593327522277832,0.8208774328231812,0.25111889839172363,False,21
3,117.06902644599904,56.916000000000054,0.00033665091241003465,3.971002576315401e-07,5.558741972778861e-07,0.0,0.0,0.5664075016975403,0.7612593173980713,0.058879658579826355,False,21
3,117.20364755300398,56.950000000000045,0.0003368490566245854,3.9726965695253654e-07,5.560990380588256e-07,0.0,0.0,0.5664075016975403,0.7612593173980713,0.058879658579826355,False,21
3,117.3075192949982,57.05200000000002,0.00033744348926834436,3.9777785527866236e-07,5.567735611523136e-07,0.0,0.0,0.5591111779212952,0.7569433450698853,0.04690307378768921,False,21
3,117.40818692500034,57.05200000000002,0.00033744348926834436,3.9777785527866236e-07,5.567735611523136e-07,0.0,0.0,0.5591111779212952,0.7569433450698853,0.04690307378768921,False,21
3,117.5205012170045,57.153999999999996,0.000338037921912393,3.9828605394449524e-07,5.574480818608768e-07,0.0,0.0,0.5819048285484314,0.7612401247024536,0.057888567447662354,False,21
3,117.6211758319987,57.153999999999996,0.000338037921912393,3.9828605394449524e-07,5.574480818608768e-07,0.0,0.0,0.5819048285484314,0.7612401247024536,0.057888567447662354,False,21
3,117.72649918700336,57.25599999999997,0.00033863235455654835,3.9879425312581606e-07,5.581226020980935e-07,0.0,0.0,0.5599520206451416,0.7636229395866394,0.0467347651720047,False,21
3,117.82706188700104,57.25599999999997,0.00033863235455654835,3.9879425312581606e-07,5.581226020980935e-07,0.0,0.0,0.5599520206451416,0.7636229395866394,0.0467347651720047,False,21
3,117.92939910800487,57.35800000000006,0.00033922678720116903,3.9930245244970497e-07,5.587971245676033e-07,0.0,0.0,0.5676143765449524,0.7663317918777466,0.06208266317844391,False,20
3,118.02992521299893,57.35800000000006,0.00033922678720116903,3.9930245244970497e-07,5.587971245676033e-07,0.0,0.0,0.5676143765449524,0.7663317918777466,0.06208266317844391,False,20
3,118.17555249200086,57.460000000000036,0.00033982121984617395,3.998106520841637e-07,5.594716445516487e-07,0.0,0.0,0.5692043304443359,0.7690183520317078,0.046847909688949585,False,21
3,118.291026126004,57.52800000000002,0.00034021750827638395,4.0014945198140277e-07,5.599213260631247e-07,0.0,0.0,0.56852126121521,0.7693343162536621,0.06408685445785522,False,20
3,118.42585347600107,57.56200000000001,0.00034041565249154793,4.0031885206826995e-07,5.601461661803027e-07,0.0,0.0,0.56852126121521,0.7693343162536621,0.06408685445785522,False,20
3,118.5273709489993,57.66399999999999,0.00034101008513707587,4.008270524169945e-07,5.6082068752876e-07,0.0,0.0,0.5697147846221924,0.7717605829238892,0.04706797003746033,False,21
3,118.62804872800189,57.66399999999999,0.00034101008513707587,4.008270524169945e-07,5.6082068752876e-07,0.0,0.0,0.5697147846221924,0.7717605829238892,0.04706797003746033,False,21
3,118.73413240700029,57.766000000000076,0.0003416045177828944,4.013352533118544e-07,5.614952089106501e-07,0.0,0.0,0.5682187676429749,0.7707847356796265,0.06516501307487488,False,20
3,118.83469967800193,57.766000000000076,0.0003416045177828944,4.013352533118544e-07,5.614952089106501e-07,0.0,0.0,0.5682187676429749,0.7707847356796265,0.06516501307487488,False,20
3,118.94055493400083,57.86800000000005,0.00034219895042941024,4.0184345476352914e-07,5.621697304464572e-07,0.0,0.0,0.5701292753219604,0.7709776759147644,0.046800240874290466,False,21
3,119.04122408300464,57.86800000000005,0.00034219895042941024,4.0184345476352914e-07,5.621697304464572e-07,0.0,0.0,0.5701292753219604,0.7709776759147644,0.046800240874290466,False,21
3,119.15070307499991,57.936000000000035,0.0003425952388605392,4.0218225594187427e-07,5.626194112338596e-07,0.0,0.0,0.5458723306655884,0.7718369364738464,0.06551343202590942,False,20
3,119.25257569800306,57.936000000000035,0.0003425952388605392,4.0218225594187427e-07,5.626194112338596e-07,0.0,0.0,0.5458723306655884,0.7718369364738464,0.06551343202590942,False,20
3,119.35544968699833,57.97000000000003,0.0003427933830761538,4.0235165665423504e-07,5.628442516224103e-07,0.0,0.0,0.5458723306655884,0.7710705995559692,0.06551343202590942,False,20
3,119.48932555300416,58.072,0.00034338781572310507,4.028598589321849e-07,5.635187720283896e-07,0.0,0.0,0.5619043111801147,0.7710705995559692,0.04636490345001221,False,19
3,119.62061207600345,58.139999999999986,0.0003437841041545307,4.031986605730512e-07,5.639684528887918e-07,0.0,0.0,0.5689778327941895,0.7736915349960327,0.06641116738319397,False,20
3,119.72112177500094,58.139999999999986,0.0003437841041545307,4.031986605730512e-07,5.639684528887918e-07,0.0,0.0,0.5689778327941895,0.7736915349960327,0.06641116738319397,False,20
3,119.83500719699805,58.242000000000075,0.00034437853680183844,4.0370686341483466e-07,5.646429737391838e-07,0.0,0.0,0.5760207176208496,0.7721335291862488,0.064626544713974,False,21
3,119.93555778600421,58.242000000000075,0.00034437853680183844,4.0370686341483466e-07,5.646429737391838e-07,0.0,0.0,0.5760207176208496,0.7721335291862488,0.064626544713974,False,21
