trial,t_wall,t_sim,x,y,yaw,linear_x,angular_z,confidence,width,safety_margin,obstacle,center_points
1,0.14811200900294352,0.3059999999999832,0.03430789001670977,-0.0023764727342981268,0.04796128054276652,0.3243172116815696,0.37841394159215214,0.5613337159156799,0.7699844837188721,0.047929540276527405,False,19
1,0.2486806640008581,0.3059999999999832,0.03430789001670977,-0.0023764727342981268,0.04796128054276652,0.3243172116815696,0.37841394159215214,0.5613337159156799,0.7699844837188721,0.047929540276527405,False,19
1,0.369068927000626,0.40800000000001546,0.04819683627233186,-0.002568834652967529,0.060997998776518056,0.2,-1.0,0.5732119679450989,0.7793688774108887,0.04740118980407715,False,19
1,0.4705364460023702,0.4420000000000073,0.052825665731365136,-0.0027065720287479883,0.06647944054543087,0.2,-1.0,0.5732119679450989,0.7793688774108887,0.04740118980407715,False,19
1,0.5890117559974897,0.5099999999999909,0.062295584264079246,-0.0021257003325306804,0.06724645245039369,0.33288043995890837,0.3355978002054584,0.5736567378044128,0.7820372581481934,0.04629972577095032,False,21
1,0.6925530630032881,0.5439999999999827,0.06689865792618205,-0.0018564120562606836,0.06788392698212738,0.33288043995890837,0.3355978002054584,0.5736567378044128,0.7820372581481934,0.04629972577095032,False,21
1,0.8113944010037812,0.6120000000000232,0.07669723366926542,-0.0018235477874766273,0.07665153156702925,0.2,-1.0,0.6008558869361877,0.8321139216423035,0.2453065812587738,False,19
1,0.9439172990023508,0.6800000000000068,0.08630819923561288,-0.0011540761124255556,0.07693786545846705,0.2,-1.0,0.5994154810905457,0.8271229863166809,0.24556192755699158,False,21
1,1.0791408400036744,0.7139999999999986,0.09066331936549495,-0.0007744804381013978,0.07578516322820746,0.3686370514683431,-0.15681474265828466,0.5994154810905457,0.8271229863166809,0.24556192755699158,False,21
1,1.1987804680029512,0.8159999999999741,0.10461815992264632,0.0012443582758634817,0.062119207593751925,0.22545609908643982,0.8727195045678009,0.5837055444717407,0.8202086687088013,0.24277660250663757,False,21
1,1.2997438950042124,0.8159999999999741,0.10461815992264632,0.0012443582758634817,0.062119207593751925,0.2,1.0,0.5837055444717407,0.8202086687088013,0.24277660250663757,False,21
1,1.4260897770000156,0.9180000000000064,0.11794651363044834,0.002120341101434136,0.0612824948648368,0.20320542400661626,-0.9839728799669187,0.5749605298042297,0.8136273622512817,0.24167537689208984,False,21
1,1.5269864150031935,0.9180000000000064,0.11794651363044834,0.002120341101434136,0.0612824948648368,0.4,-0.08864923060256771,0.5749605298042297,0.8136273622512817,0.24167537689208984,False,21
1,1.6430223940042197,1.0199999999999818,0.13137388407052308,0.003942112196518815,0.04688619410179688,0.21007294306591318,0.9496352846704341,0.5668741464614868,0.7723413109779358,0.04790681600570679,False,21
1,1.743992948999221,1.0199999999999818,0.13137388407052308,0.003942112196518815,0.04688619410179688,0.2,1.0,0.5668741464614868,0.7723413109779358,0.04790681600570679,False,21
1,1.8615807189999032,1.122000000000014,0.144752932344694,0.0046610664701903,0.04556284330564062,0.2808668899392762,-0.5956655503036191,0.5650515556335449,0.7755600810050964,0.04761837422847748,False,21
1,1.9629553740014671,1.122000000000014,0.144752932344694,0.0046610664701903,0.04556284330564062,0.36799041667094623,-0.1600479166452688,0.5650515556335449,0.7755600810050964,0.04761837422847748,False,21
1,2.085733200001414,1.2239999999999895,0.15892343090072195,0.006252197218510046,0.031767416183977486,0.2,1.0,0.5791364312171936,0.7729766368865967,0.04785658419132233,False,20
1,2.186923740002385,1.2239999999999895,0.15892343090072195,0.006252197218510046,0.031767416183977486,0.2,1.0,0.5791364312171936,0.7729766368865967,0.04785658419132233,False,20
1,2.332447537999542,1.2919999999999732,0.1680212661903419,0.006588790926290519,0.03165662080925434,0.30555736653981763,-0.472213167300912,0.5900564193725586,0.7878641486167908,0.04742974042892456,False,21
1,2.432653351002955,1.3260000000000218,0.1727740865137851,0.006738577510250454,0.03147353355218445,0.30555736653981763,-0.472213167300912,0.5900564193725586,0.7878641486167908,0.04742974042892456,False,21
1,2.55114949199924,1.3940000000000055,0.1827661456942519,0.007461008129111971,0.025096277747463664,0.21842425026294246,0.9078787486852876,0.5892335176467896,0.7848174571990967,0.047946587204933167,False,20
1,2.66260374400008,1.4279999999999973,0.18754057235494598,0.00786974701571477,0.021290912428612526,0.3741575029719159,0.12921248514042058,0.5892335176467896,0.7848174571990967,0.047946587204933167,False,20
1,2.768869455998356,1.495999999999981,0.19737937707077724,0.008107194911364904,0.021281329148417173,0.3694842322599139,0.15257883870043054,0.5902429223060608,0.7880784273147583,0.04713919758796692,False,21
1,2.873038910001924,1.5299999999999727,0.20205574125975367,0.008210807562426072,0.021322840415443817,0.3602724625926105,0.19863768703694779,0.5902429223060608,0.7880784273147583,0.04713919758796692,False,21
1,2.9819420560015715,1.5980000000000132,0.21241382178138787,0.008317874719842305,0.023404010013213364,0.2613909848044531,-0.6930450759777343,0.5930711627006531,0.7994733452796936,0.052662625908851624,False,20
1,3.082562871997652,1.5980000000000132,0.21241382178138787,0.008317874719842305,0.023404010013213364,0.2613909848044531,-0.6930450759777343,0.5930711627006531,0.7994733452796936,0.052662625908851624,False,20
1,3.2041222080006264,1.6999999999999886,0.2277078313191101,0.008646063572210132,0.022445841083440766,0.4,-0.06654214992324355,0.6096699833869934,0.8323748707771301,0.2344331443309784,False,20
1,3.30472645899863,1.6999999999999886,0.2277078313191101,0.008646063572210132,0.022445841083440766,0.4,-0.06654214992324355,0.6096699833869934,0.8323748707771301,0.2344331443309784,False,20
1,3.423967877002724,1.802000000000021,0.24357638682752158,0.009082052328796098,0.021117172838286742,0.4,0.08043560516470026,0.6347236037254333,0.8444113731384277,0.23497846722602844,False,19
1,3.5266007780010113,1.8360000000000127,0.24884257334891177,0.00927322816104889,0.020007392639148098,0.4,-0.07788885401250009,0.6347236037254333,0.8444113731384277,0.23497846722602844,False,19
1,3.6418353990011383,1.9039999999999964,0.26027438466684055,0.009599532070552337,0.018636980808363193,0.3581704172488613,0.2091479137556938,0.616862952709198,0.853556752204895,0.23431804776191711,False,21
1,3.7423325429990655,1.9039999999999964,0.26027438466684055,0.009599532070552337,0.018636980808363193,0.3581704172488613,0.2091479137556938,0.616862952709198,0.853556752204895,0.23431804776191711,False,21
1,3.8639544030011166,2.005999999999972,0.2766304479271502,0.010022591620803609,0.018010616095933265,0.3540358681302678,-0.22982065934866136,0.6185887455940247,0.8572335839271545,0.2345762550830841,False,21
1,3.966640696999093,2.0400000000000205,0.28192577764462046,0.010105282772845637,0.017959112853851364,0.36313828814092997,-0.18430855929535045,0.6542914509773254,0.8572335839271545,0.2345762550830841,False,21
1,4.079589778004447,2.108000000000004,0.2923751501292046,0.01058786147627071,0.013108244122788115,0.22838820307438912,0.8580589846280544,0.6542914509773254,0.8579009771347046,0.23334214091300964,False,21
1,4.180022638000082,2.108000000000004,0.2923751501292046,0.01058786147627071,0.013108244122788115,0.22838820307438912,0.8580589846280544,0.6542914509773254,0.8579009771347046,0.23334214091300964,False,21
1,4.302698740000778,2.2099999999999795,0.30715559847211776,0.01104970377603888,0.009831899266835996,0.3494117917627548,-0.25294104118622623,0.6481032371520996,0.8604184985160828,0.23177948594093323,False,21
1,4.403606747997401,2.2099999999999795,0.30715559847211776,0.01104970377603888,0.009831899266835996,0.3494117917627548,-0.25294104118622623,0.6481032371520996,0.8604184985160828,0.23177948594093323,False,21
1,4.524980027003039,2.312000000000012,0.32217094643104954,0.011270782478682958,0.008322825965840872,0.2,1.0,0.6335355043411255,0.8601424098014832,0.23726049065589905,False,20
1,4.625117713003419,2.312000000000012,0.32217094643104954,0.011270782478682958,0.008322825965840872,0.2,1.0,0.6335355043411255,0.8618980646133423,0.23608726263046265,False,20
1,4.743812655004149,2.4139999999999873,0.33694852652438534,0.01143041081242155,0.008639003796768267,0.4,0.05656369833752803,0.6333121061325073,0.8618980646133423,0.23608726263046265,False,20
1,4.843853562997538,2.447999999999979,0.34255744857302267,0.011479408423295796,0.008692367595638783,0.4,0.05656369833752803,0.6615338325500488,0.8667160272598267,0.23400214314460754,False,21
1,4.962574581004446,2.5160000000000196,0.35378391205245185,0.011560054756346909,0.008897267575393967,0.4,0.00483938623330922,0.6615338325500488,0.8667160272598267,0.23400214314460754,False,21
1,5.064219084997603,2.5160000000000196,0.35378391205245185,0.011560054756346909,0.008897267575393967,0.4,0.00483938623330922,0.6615338325500488,0.866523027420044,0.23400214314460754,False,21
1,5.187170472003345,2.617999999999995,0.37050360632862567,0.011777857353919449,0.0070517081095790865,0.37848075970939626,-0.10759620145301875,0.6625956892967224,0.866523027420044,0.23623362183570862,False,21
1,5.289468989998568,2.617999999999995,0.37050360632862567,0.011777857353919449,0.0070517081095790865,0.37848075970939626,-0.10759620145301875,0.6625956892967224,0.873192310333252,0.23623362183570862,False,21
1,5.413667829001497,2.7199999999999704,0.3872171310073785,0.012063948015583468,0.004644841700342604,0.25093352711535155,0.7453323644232424,0.6435225605964661,0.873192310333252,0.23596736788749695,False,21
1,5.513893629999075,2.7199999999999704,0.3872171310073785,0.012063948015583468,0.004644841700342604,0.25093352711535155,0.7453323644232424,0.6594840884208679,0.8737140893936157,0.23683390021324158,False,20
1,5.6387456209995435,2.8220000000000027,0.40262406916789856,0.012161835341231792,0.004495375943078679,0.3581877760987302,0.20906111950634926,0.6594840884208679,0.8737140893936157,0.23683390021324158,False,20
1,5.7419583090013475,2.8559999999999945,0.4079329627643762,0.012320830226892588,0.002523046623549388,0.3581877760987302,0.20906111950634926,0.659949004650116,0.8726502656936646,0.23761767148971558,False,21
1,5.860684211998887,2.923999999999978,0.41853074566002674,0.012381430380836316,0.0020447466148634094,0.35576953193075195,0.22115234034624037,0.659949004650116,0.8726502656936646,0.23761767148971558,False,21
1,5.994089833999169,2.9920000000000186,0.428858082749442,0.012645981659978352,-0.0009774442542928028,0.35556340807534803,0.22218295962325996,0.6429077982902527,0.8734509348869324,0.23678097128868103,False,21
1,6.095187357997929,2.9920000000000186,0.428858082749442,0.012645981659978352,-0.0009774442542928028,0.4,-0.06834951760394586,0.6429077982902527,0.8734509348869324,0.23678097128868103,False,21
1,6.213825708000513,3.093999999999994,0.4447382353228748,0.012457470912497078,0.0015336727720929716,0.2,-1.0,0.6606385111808777,0.8726017475128174,0.2378949224948883,False,21
1,6.314971544998116,3.093999999999994,0.4447382353228748,0.012457470912497078,0.0015336727720929716,0.4,0.046558175741873105,0.6606385111808777,0.8726017475128174,0.2378949224948883,False,21
1,6.435861759004183,3.1959999999999695,0.4601636100755648,0.01266270345347663,-0.00118269713038598,0.2,1.0,0.6596375703811646,0.872456967830658,0.23914551734924316,False,19
1,6.5368330479977885,3.1959999999999695,0.4601636100755648,0.01266270345347663,-0.00118269713038598,0.2331218150532941,0.8343909247335295,0.6596375703811646,0.872456967830658,0.23914551734924316,False,19
1,6.651951393003401,3.298000000000002,0.475435840962561,0.012676708350005759,-0.0007402318595731985,0.2,-1.0,0.6381481885910034,0.8122249841690063,0.04813741147518158,False,20
1,6.75292362899927,3.298000000000002,0.475435840962561,0.012676708350005759,-0.0007402318595731985,0.3751121321880102,-0.12443933905994897,0.6381481885910034,0.8122249841690063,0.04813741147518158,False,20
1,6.869490097997186,3.3999999999999773,0.4912411831906792,0.012659288626738395,-0.001212464660934207,0.2,1.0,0.6083931922912598,0.8157707452774048,0.068610280752182,False,20
1,6.970497180998791,3.3999999999999773,0.4912411831906792,0.012659288626738395,-0.001212464660934207,0.4,0.07902410215435283,0.6083931922912598,0.8157707452774048,0.068610280752182,False,20
1,7.089533097001549,3.5020000000000095,0.5079458651448983,0.01264564638499346,-0.0007106961794082134,0.2,1.0,0.607597827911377,0.8141106963157654,0.06971919536590576,False,20
1,7.190300701004162,3.5020000000000095,0.5079458651448983,0.01264564638499346,-0.0007106961794082134,0.3749430946809626,0.1252845265951872,0.607597827911377,0.8141106963157654,0.06971919536590576,False,20
1,7.311337209001067,3.603999999999985,0.5240896794052728,0.01235289013775634,0.003427072893221315,0.3050472275960993,0.4747638620195035,0.6072150468826294,0.8127917051315308,0.06639614701271057,False,20
1,7.412417580002511,3.603999999999985,0.5240896794052728,0.01235289013775634,0.003427072893221315,0.24215818694460137,-0.7892090652769933,0.6072150468826294,0.8127917051315308,0.06639614701271057,False,20
1,7.526645211000869,3.7060000000000173,0.539005325271191,0.012188890184668138,0.005632914252007999,0.2,1.0,0.5913599729537964,0.8128519654273987,0.06680771708488464,False,21
1,7.627440021002258,3.7060000000000173,0.539005325271191,0.012188890184668138,0.005632914252007999,0.2823253842933246,0.5883730785333772,0.5913599729537964,0.8128519654273987,0.06680771708488464,False,21
1,7.751140544998634,3.8079999999999927,0.553842213238668,0.012157611078990061,0.008421284986316828,0.2,-1.0,0.600579559803009,0.8088909387588501,0.06604546308517456,False,21
1,7.852017556004284,3.8079999999999927,0.553842213238668,0.012157611078990061,0.008421284986316828,0.3162638230335502,-0.41868088483224897,0.600579559803009,0.8088909387588501,0.06604546308517456,False,21
1,7.967344069002138,3.909999999999968,0.5692987330883157,0.012337811521678925,0.006497453367795406,0.24184233524868484,0.7907883237565757,0.606662929058075,0.8082883954048157,0.06614984571933746,False,21
1,8.06831460900139,3.909999999999968,0.5692987330883157,0.012337811521678925,0.006497453367795406,0.3246915696119654,0.3765421519401733,0.606662929058075,0.8082883954048157,0.06614984571933746,False,21
1,8.185460510001576,4.0120000000000005,0.5850158101530597,0.012202475886857944,0.011234835956405153,0.2,-1.0,0.6223903894424438,0.8068826794624329,0.06556046009063721,False,21
1,8.28629457399802,4.0120000000000005,0.5850158101530597,0.012202475886857944,0.011234835956405153,0.233308056988332,-0.8334597150583399,0.6223903894424438,0.8068826794624329,0.06556046009063721,False,21
1,8.412299010000424,4.113999999999976,0.6004447206066541,0.012343205777561676,0.010553977333511044,0.4,-0.04071337718684226,0.6058103442192078,0.8051851987838745,0.06583325564861298,False,20
1,8.513552176998928,4.113999999999976,0.6004447206066541,0.012343205777561676,0.010553977333511044,0.3763188415210777,0.11840579239461166,0.6058103442192078,0.8051851987838745,0.06583325564861298,False,20
1,8.630799728001875,4.216000000000008,0.6173776045498592,0.012536241123521648,0.010676055428128725,0.3153156274747011,-0.42342186262649456,0.6047612428665161,0.8033852577209473,0.064812570810318,False,21
1,8.731568955001421,4.216000000000008,0.6173776045498592,0.012536241123521648,0.010676055428128725,0.4,0.09002740206485217,0.6047612428665161,0.8033852577209473,0.064812570810318,False,21
1,8.83890233800048,4.317999999999984,0.6341352175641369,0.012715524233800348,0.010441493111257121,0.28550506427441535,-0.5724746786279232,0.5885675549507141,0.8043358325958252,0.06502635776996613,False,21
1,8.94001464699977,4.317999999999984,0.6341352175641369,0.012715524233800348,0.010441493111257121,0.4,0.06230570834341036,0.5885675549507141,0.8043358325958252,0.06502635776996613,False,21
1,9.058429673998035,4.420000000000016,0.6506298230376268,0.012920419077378936,0.009741657000418593,0.3365594231791883,-0.31720288410405856,0.598395824432373,0.8002687096595764,0.06404130160808563,False,20
1,9.159718609000265,4.420000000000016,0.6506298230376268,0.012920419077378936,0.009741657000418593,0.3673521792782871,0.16323910360856458,0.598395824432373,0.8002687096595764,0.06404130160808563,False,20
1,9.279962765001983,4.521999999999991,0.6662284815527564,0.01310293938624731,0.010017833366044004,0.37883213217715866,-0.10583933911420682,0.6040694117546082,0.7992894053459167,0.0637422502040863,False,21
1,9.380662919000315,4.521999999999991,0.6662284815527564,0.01310293938624731,0.010017833366044004,0.2,-1.0,0.6040694117546082,0.7992894053459167,0.0637422502040863,False,21
1,9.520237281998561,4.589999999999975,0.6763979000458096,0.013178999439295815,0.00989546834398443,0.37171612138945925,-0.1414193930527039,0.6027294993400574,0.7958783507347107,0.06312547624111176,False,20
1,9.632280685000296,4.624000000000024,0.681208195050967,0.013361669767422786,0.007546141698249709,0.4,0.04232587829392158,0.6027294993400574,0.7958783507347107,0.06312547624111176,False,20
1,9.736154794001777,4.692000000000007,0.6920882880279877,0.013648181798827881,0.0043143130836789025,0.36002074727710776,0.1998962636144611,0.6099074482917786,0.7946975231170654,0.06278462707996368,False,21
1,9.84569566600112,4.725999999999999,0.6974042056899182,0.013683641384775642,0.004607926271332741,0.379149242544941,-0.10425378727529538,0.6099074482917786,0.7946975231170654,0.06278462707996368,False,21
1,9.950064873002702,4.793999999999983,0.7079081576284151,0.013678058301521216,0.005592741311862994,0.4,-0.09518480514881851,0.6009038090705872,0.7906981110572815,0.06190203130245209,False,20
1,10.050564249002491,4.793999999999983,0.7079081576284151,0.013678058301521216,0.005592741311862994,0.4,-0.09518480514881851,0.6009038090705872,0.7906981110572815,0.06190203130245209,False,20
1,10.170710074002272,4.896000000000015,0.7236621422248986,0.013803791878752464,0.004373112149148648,0.3158191469571976,0.4209042652140123,0.6057456731796265,0.790971040725708,0.06115084886550903,False,21
1,10.271290914999554,4.896000000000015,0.7236621422248986,0.013803791878752464,0.004373112149148648,0.3158191469571976,0.4209042652140123,0.6057456731796265,0.790971040725708,0.06115084886550903,False,21
1,10.394798752997303,4.9979999999999905,0.7392198140816584,0.013778743142900656,0.00683127769584167,0.30378240826025227,-0.48108795869873855,0.6001227498054504,0.788617730140686,0.06065545976161957,False,20
1,10.495736082004441,5.031999999999982,0.7444917587573684,0.013791654239817165,0.006627456400993237,0.30378240826025227,-0.48108795869873855,0.6001227498054504,0.788617730140686,0.06065545976161957,False,20
1,10.61419320999994,5.100000000000023,0.7549085743103703,0.013863732069785613,0.00591497392950813,0.4,-0.07223978415966897,0.5766658186912537,0.7869755029678345,0.06076355278491974,False,21
1,10.717590223001025,5.1340000000000146,0.7600400128877396,0.014035360509808652,0.004012976215872242,0.4,0.07003371742923321,0.5766658186912537,0.7869755029678345,0.06076355278491974,False,21
1,10.825497277997783,5.201999999999998,0.7713830973304585,0.014221854763612879,0.002290136137520373,0.3429515049846102,-0.2852424750769491,0.5988951921463013,0.7849594354629517,0.06041213870048523,False,20
1,10.926094503003696,5.201999999999998,0.7713830973304585,0.014221854763612879,0.002290136137520373,0.3429515049846102,-0.2852424750769491,0.5988951921463013,0.7849594354629517,0.06041213870048523,False,20
1,11.046447581000393,5.303999999999974,0.7871954879442927,0.014591696682828573,-0.002814315313698051,0.2495556776620644,0.752221611689678,0.6064065098762512,0.7859125733375549,0.05837242305278778,False,21
1,11.147095220003393,5.303999999999974,0.7871954879442927,0.014591696682828573,-0.002814315313698051,0.2495556776620644,0.752221611689678,0.6064065098762512,0.7859125733375549,0.05837242305278778,False,21
1,11.26688427299814,5.406000000000006,0.8022086932001938,0.014773605917387623,-0.005460495482514716,0.37409689048764544,-0.12951554756177291,0.6102574467658997,0.8447487354278564,0.26201578974723816,False,21
1,11.367444283998339,5.406000000000006,0.8022086932001938,0.014773605917387623,-0.005460495482514716,0.37409689048764544,-0.12951554756177291,0.6102574467658997,0.8447487354278564,0.26201578974723816,False,21
1,11.488182904999121,5.507999999999981,0.8178591780687032,0.01468300942145024,-0.0056854923920560746,0.3761272424192388,0.11936378790380604,0.609393835067749,0.840826153755188,0.2587619721889496,False,21
1,11.58823427400057,5.541999999999973,0.8230964042086888,0.01465427982556424,-0.005582036957992826,0.4,0.08670515374029346,0.609393835067749,0.840826153755188,0.2587619721889496,False,21
1,11.706267767003737,5.610000000000014,0.8343264112564901,0.014468374677711511,-0.003233291920869243,0.31409471850637194,-0.42952640746814036,0.6032968759536743,0.7809975147247314,0.05811390280723572,False,19
1,11.806715705999522,5.610000000000014,0.8343264112564901,0.014468374677711511,-0.003233291920869243,0.31409471850637194,-0.42952640746814036,0.6032968759536743,0.7809975147247314,0.05811390280723572,False,19
1,11.942706702000578,5.711999999999989,0.8507881332294392,0.014381672629076888,-0.0037457257996007143,0.36827952582732,0.15860237086340023,0.6035096049308777,0.777370274066925,0.05748718976974487,False,21
1,12.044396274002793,5.711999999999989,0.8507881332294392,0.014381672629076888,-0.0037457257996007143,0.36827952582732,0.15860237086340023,0.5899796485900879,0.7754009962081909,0.057620227336883545,False,21
1,12.16270831500151,5.814000000000021,0.866626697727178,0.014044567559710418,0.000930651028202218,0.2,-1.0,0.5899796485900879,0.7754009962081909,0.057620227336883545,False,21
1,12.264245291000407,5.814000000000021,0.866626697727178,0.014044567559710418,0.000930651028202218,0.2,-1.0,0.5899796485900879,0.7711896300315857,0.05660691857337952,False,21
1,12.38452762900124,5.915999999999997,0.8814101245175737,0.014001590523495394,0.001769357245992609,0.3468447331770243,-0.2657763341148786,0.5958577394485474,0.7711896300315857,0.05660691857337952,False,21
1,12.485310707997996,5.915999999999997,0.8814101245175737,0.014001590523495394,0.001769357245992609,0.3468447331770243,-0.2657763341148786,0.5958577394485474,0.7711896300315857,0.05660691857337952,False,21
1,12.618438295998203,6.017999999999972,0.89689890458206,0.013952545315900702,0.0020187230383832116,0.28345255299665956,0.5827372350167023,0.6023730039596558,0.7697979211807251,0.05514612793922424,False,21
1,12.720979657999123,6.017999999999972,0.89689890458206,0.013952545315900702,0.0020187230383832116,0.28345255299665956,0.5827372350167023,0.6023730039596558,0.7697979211807251,0.05514612793922424,False,21
1,12.865809585004172,6.1200000000000045,0.9131726148030918,0.014187296007327602,-0.0009960824688043052,0.32234442515184436,0.38827787424077814,0.6252306699752808,0.7739300727844238,0.05469687283039093,False,21
1,12.967111849000503,6.1200000000000045,0.9131726148030918,0.014187296007327602,-0.0009960824688043052,0.32234442515184436,0.38827787424077814,0.6300984621047974,0.7712180018424988,0.055295780301094055,False,21
1,13.089955208000902,6.22199999999998,0.9283273666569601,0.01393016887247051,0.0033802013731864615,0.23002437154237892,-0.8498781422881054,0.6300984621047974,0.7712180018424988,0.055295780301094055,False,21
1,13.191023056999256,6.255999999999972,0.9331463777259618,0.013926097272837964,0.003332084673693457,0.23002437154237892,-0.8498781422881054,0.6305239796638489,0.7719687223434448,0.05320928990840912,False,21
1,13.309410820002086,6.324000000000012,0.9425113944335854,0.013953871372414418,0.00319095431828731,0.4,0.051092731766637964,0.6305239796638489,0.7719687223434448,0.05320928990840912,False,21
1,13.441232313998626,6.391999999999996,0.9524953725911122,0.013571660146217674,0.009678613124142695,0.2322248115719739,-0.8388759421401307,0.6176096200942993,0.7694357633590698,0.05286753177642822,False,19
1,13.542026039998746,6.391999999999996,0.9524953725911122,0.013571660146217674,0.009678613124142695,0.2,-1.0,0.6176096200942993,0.7694357633590698,0.05286753177642822,False,19
1,13.664417926003807,6.493999999999971,0.9677121776012582,0.013691466897943077,0.009601901328904013,0.3231884311938197,-0.3840578440309017,0.6168335676193237,0.7673848271369934,0.05269807577133179,False,21
1,13.765497573003813,6.493999999999971,0.9677121776012582,0.013691466897943077,0.009601901328904013,0.37373945109289086,-0.13130274453554588,0.6168335676193237,0.7673848271369934,0.05269807577133179,False,21
1,13.884887337997498,6.596000000000004,0.9839861789067741,0.0139671397487145,0.007046836794316944,0.2,1.0,0.636960506439209,0.7903697490692139,0.052293792366981506,False,20
1,13.985918256999867,6.596000000000004,0.9839861789067741,0.0139671397487145,0.007046836794316944,0.3376364174334552,0.3118179128327243,0.636960506439209,0.7903697490692139,0.052293792366981506,False,20
1,14.109627015001024,6.697999999999979,0.9999094721747378,0.013855872508792055,0.011208148591369026,0.2,1.0,0.6440606713294983,0.7918907403945923,0.05159500241279602,False,21
1,14.210839170998952,6.697999999999979,0.9999094721747378,0.013855872508792055,0.011208148591369026,0.3091667342125821,-0.4541663289370897,0.6440606713294983,0.7918907403945923,0.05159500241279602,False,21
1,14.329621397002484,6.800000000000011,1.0148764627563578,0.013781813066089573,0.014589367812515228,0.2,-1.0,0.6517261862754822,0.8299658894538879,0.24613747000694275,False,20
1,14.430398716001946,6.800000000000011,1.0148764627563578,0.013781813066089573,0.014589367812515228,0.4,0.07686097753138704,0.6517261862754822,0.8299658894538879,0.24613747000694275,False,20
1,14.54536791999999,6.901999999999987,1.0303094368842376,0.013949453034199805,0.0156589433866141,0.32549352214969435,-0.37253238925152854,0.6566683650016785,0.8292000889778137,0.24553027749061584,False,20
1,14.646127788997546,6.901999999999987,1.0303094368842376,0.013949453034199805,0.0156589433866141,0.32992888173016577,-0.35035559134917127,0.6566683650016785,0.8292000889778137,0.24553027749061584,False,20
1,14.765119761003007,7.004000000000019,1.0458334108986238,0.014271070066566133,0.013799481943202338,0.3271536052215102,0.3642319738924491,0.6557307243347168,0.8241921663284302,0.24153056740760803,False,20
1,14.865879319004307,7.004000000000019,1.0458334108986238,0.014271070066566133,0.013799481943202338,0.4,0.03471208339192745,0.6557307243347168,0.8241921663284302,0.24153056740760803,False,20
1,14.982078722998267,7.1059999999999945,1.0621843662771835,0.01437912279957637,0.016067910736970777,0.2,-1.0,0.6327674984931946,0.8181889057159424,0.2410810887813568,False,19
1,15.08286052600306,7.1059999999999945,1.0621843662771835,0.01437912279957637,0.016067910736970777,0.4,-0.01538642772249537,0.6327674984931946,0.8181889057159424,0.2410810887813568,False,19
1,15.199284002999775,7.20799999999997,1.0790261232313987,0.014649026629259751,0.015883603346533222,0.2,-1.0,0.6259427070617676,0.8151530027389526,0.23949426412582397,False,21
1,15.300187631997687,7.20799999999997,1.0790261232313987,0.014649026629259751,0.015883603346533222,0.4,-0.084202067767912,0.6259427070617676,0.8151530027389526,0.23949426412582397,False,21
1,15.425412843003869,7.310000000000002,1.095440238824964,0.014914316396237947,0.015191660380718964,0.2,1.0,0.6332930326461792,0.8179816007614136,0.2381768822669983,False,21
1,15.526419645000715,7.310000000000002,1.095440238824964,0.014914316396237947,0.015191660380718964,0.35797997808672355,0.21010010956638225,0.6332930326461792,0.8179816007614136,0.2381768822669983,False,21
1,15.640505358001974,7.411999999999978,1.1112160245475702,0.01510361002697908,0.017014756089783468,0.2,-1.0,0.6471749544143677,0.8127813935279846,0.23725691437721252,False,21
1,15.741251706000185,7.411999999999978,1.1112160245475702,0.01510361002697908,0.017014756089783468,0.3293158081828442,-0.35342095908577914,0.6471749544143677,0.8127813935279846,0.23725691437721252,False,21
1,15.862222554002074,7.51400000000001,1.126446235974079,0.015683346437107344,0.01155392722375175,0.3524620680973387,0.2376896595133066,0.6524140238761902,0.8143396973609924,0.23915404081344604,False,21
1,15.962991915999737,7.51400000000001,1.126446235974079,0.015683346437107344,0.01155392722375175,0.2,1.0,0.6524140238761902,0.8143396973609924,0.23915404081344604,False,21
1,16.07971129300131,7.6159999999999854,1.1403450981379915,0.01582136312230372,0.012792500616416543,0.4,-0.033246230879229434,0.6532560586929321,0.8150268793106079,0.23590520024299622,False,19
1,16.180483593001554,7.6159999999999854,1.1403450981379915,0.01582136312230372,0.012792500616416543,0.3282110995914347,-0.35894450204282646,0.6532560586929321,0.8150268793106079,0.23590520024299622,False,19
1,16.295053378002194,7.718000000000018,1.1550532791211399,0.015880790234563052,0.014734843360897783,0.31669223671329183,0.41653881643354107,0.6380283236503601,0.8176028728485107,0.23583731055259705,False,21
1,16.3959484779989,7.718000000000018,1.1550532791211399,0.015880790234563052,0.014734843360897783,0.4,-0.05471277234829228,0.6380283236503601,0.8176028728485107,0.23583731055259705,False,21
1,16.51367451799888,7.819999999999993,1.1702925761660612,0.015473096052563123,0.023626818854313152,0.2,-1.0,0.6344855427742004,0.8282594084739685,0.23327073454856873,False,21
1,16.614768256004027,7.819999999999993,1.1702925761660612,0.015473096052563123,0.023626818854313152,0.3495323916043136,-0.252338041978432,0.6344855427742004,0.8282594084739685,0.23327073454856873,False,21
1,16.730770702997688,7.921999999999969,1.1845292699683805,0.01592233053689468,0.02116357313184705,0.37130336099183014,-0.14348319504084953,0.6452778577804565,0.8395333886146545,0.23414626717567444,False,20
1,16.831862721002835,7.921999999999969,1.1845292699683805,0.01592233053689468,0.02116357313184705,0.4,0.006355853000735656,0.6452778577804565,0.8395333886146545,0.23414626717567444,False,20
1,16.947319165999943,8.024000000000001,1.2002047875714739,0.0166261924600488,0.015794722784664837,0.4,0.04707346916117719,0.6592434048652649,0.8484434485435486,0.23186185956001282,False,21
1,17.048789895998198,8.024000000000001,1.2002047875714739,0.0166261924600488,0.015794722784664837,0.2956298458511884,0.5218507707440582,0.6592434048652649,0.8484434485435486,0.23186185956001282,False,21
1,17.18862567600445,8.091999999999985,1.2109604485460612,0.016904922005966,0.014669260661130201,0.2917477549670503,-0.5412612251647486,0.6705145835876465,0.8587008118629456,0.2330140471458435,False,21
1,17.289178764003736,8.091999999999985,1.2109604485460612,0.016904922005966,0.014669260661130201,0.2917477549670503,-0.5412612251647486,0.6705145835876465,0.8587008118629456,0.2330140471458435,False,21
1,17.41534123600286,8.194000000000017,1.2258050626017403,0.01776882440520511,0.005285362386653641,0.2,1.0,0.6781256198883057,0.861664891242981,0.23083913326263428,False,21
1,17.515446006000275,8.228000000000009,1.2305954496595841,0.01792096884622405,0.0035362083605661662,0.2,1.0,0.6781256198883057,0.861664891242981,0.23083913326263428,False,21
1,17.635304105002433,8.295999999999992,1.2403138279974404,0.01797986197501225,0.0037562009362729215,0.37265427426349973,-0.13672862868250157,0.6928948163986206,0.8613317608833313,0.23009327054023743,False,21
1,17.73596740799985,8.295999999999992,1.2403138279974404,0.01797986197501225,0.0037562009362729215,0.37265427426349973,-0.13672862868250157,0.6928948163986206,0.8613317608833313,0.23009327054023743,False,21
1,17.863453165002284,8.397999999999968,1.2569373490458389,0.0180840676170355,0.0025706097075597974,0.36888021310902847,0.15559893445485778,0.6810478568077087,0.8600370287895203,0.23076394200325012,False,21
1,17.968327850001515,8.432000000000016,1.261986535728542,0.01816661695371621,0.0016353118790447835,0.4,-0.03697315392694421,0.6810478568077087,0.8600370287895203,0.23076394200325012,False,21
1,18.077666438999586,8.5,1.2728826790072003,0.018204538517803872,0.002075595180911833,0.33478579272535947,-0.3260710363732027,0.6766290664672852,0.8620808720588684,0.23451083898544312,False,21
1,18.181774488002702,8.533999999999992,1.278132957667793,0.018212950954013117,0.001986113214752036,0.3458828474548048,-0.27058576272597634,0.6766290664672852,0.8620808720588684,0.23451083898544312,False,21
1,18.29513808000047,8.601999999999975,1.2883971902778468,0.01861084210558786,-0.0036436428020079174,0.2,1.0,0.7089968323707581,0.8629618883132935,0.233542799949646,False,21
1,18.397891565000464,8.635999999999967,1.2933729288882898,0.01864439009352836,-0.004369154122921065,0.4,-0.003947707611552106,0.7089968323707581,0.8614643812179565,0.233542799949646,False,21
1,18.50067125500209,8.704000000000008,1.3032491822242902,0.018611042377125863,-0.003854368862616508,0.4,-0.09560565422908401,0.7095581889152527,0.8614643812179565,0.2338888943195343,False,21
1,18.600812643999234,8.738,1.3086575291522249,0.018591283633344776,-0.004505209762647649,0.4,0.005192151136381523,0.7095581889152527,0.8614643812179565,0.2338888943195343,False,21
1,18.719349302999035,8.805999999999983,1.3202266020754645,0.01865687156365165,-0.005987181872393368,0.4,0.06326865343480535,0.7054184675216675,0.8655877709388733,0.23509112000465393,False,20
1,18.822255115999724,8.839999999999975,1.3255588177966227,0.01862680858851666,-0.005986117949814674,0.4,0.050890855966812816,0.6966618299484253,0.8655877709388733,0.23509112000465393,False,20
1,18.930226652002602,8.908000000000015,1.3371034665002157,0.01856224554267935,-0.005396970371423719,0.4,-0.04288502472188932,0.6966618299484253,0.8674474358558655,0.2351343333721161,False,19
1,19.033767676002753,8.942000000000007,1.3423521341527391,0.018529850387681273,-0.005655275607256924,0.37713535264183495,0.11432323679082534,0.6966618299484253,0.8659249544143677,0.2351343333721161,False,19
1,19.14818553400255,9.009999999999991,1.3535411694676012,0.018468905115939495,-0.005131171146804499,0.3676709377073965,-0.16164531146301775,0.6633793115615845,0.8659249544143677,0.23750928044319153,False,21
1,19.251919119997183,9.043999999999983,1.3588314953363354,0.018259902957280742,-0.002755624081481102,0.3676709377073965,-0.16164531146301775,0.6633793115615845,0.8659249544143677,0.23750928044319153,False,21
1,19.370451050002885,9.112000000000023,1.3694975316959166,0.01829272281370275,-0.0046589126913594014,0.2660778224216483,0.6696108878917586,0.6628569960594177,0.8666363954544067,0.23606416583061218,False,21
1,19.471059258001333,9.112000000000023,1.3694975316959166,0.01829272281370275,-0.0046589126913594014,0.2660778224216483,0.6696108878917586,0.6628569960594177,0.8666363954544067,0.23606416583061218,False,21
1,19.59785223400104,9.213999999999999,1.3848619554619197,0.018447457481785678,-0.007079156377545045,0.2558411037409158,-0.7207944812954209,0.6730435490608215,0.8678616285324097,0.23607715964317322,False,21
1,19.698790264999843,9.24799999999999,1.3897714092490343,0.018389578353323915,-0.00724629456259784,0.2558411037409158,-0.7207944812954209,0.6981050968170166,0.8668050169944763,0.23786750435829163,False,21
1,19.817587748002552,9.315999999999974,1.3993892824778396,0.018336786451192945,-0.007528510106978185,0.3787690068368841,-0.1061549658155795,0.6981050968170166,0.8668050169944763,0.23786750435829163,False,21
1,19.91963173499971,9.350000000000023,1.404259347983522,0.018108209832966318,-0.0045062269768491705,0.3787690068368841,-0.1061549658155795,0.6662881970405579,0.8080819249153137,0.045750558376312256,False,20
1,20.03832922100264,9.418000000000006,1.4143338693544478,0.018030151699168172,-0.004660521426718298,0.37692080205967826,0.11539598970160882,0.6662881970405579,0.8080819249153137,0.045750558376312256,False,20
1,20.138482585003658,9.451999999999998,1.4193050631765767,0.01823083388976454,-0.007969195929615336,0.37692080205967826,0.11539598970160882,0.6807764768600464,0.8707209825515747,0.2655723989009857,False,19
1,20.257050630003505,9.519999999999982,1.4292005497932188,0.018183831263973143,-0.008012143399996572,0.4,0.045732976245812254,0.6807764768600464,0.8707209825515747,0.2655723989009857,False,19
1,20.357066891003342,9.519999999999982,1.4292005497932188,0.018183831263973143,-0.008012143399996572,0.4,0.045732976245812254,0.6446431279182434,0.8100658655166626,0.06632257997989655,False,21
1,20.48498543700407,9.622000000000014,1.4444614006242638,0.01786100370462434,-0.004492496454738791,0.3780666474495231,0.1096667627523847,0.6446431279182434,0.8100658655166626,0.06632257997989655,False,21
1,20.585163727999316,9.656000000000006,1.4495739956750355,0.01783527474146955,-0.00523754646384181,0.32748126345928574,-0.3625936827035714,0.6107047200202942,0.8098341822624207,0.0641503632068634,False,20
1,20.70411817000422,9.72399999999999,1.46014985196015,0.017828937095816816,-0.005893785517684276,0.3136925702455116,0.431537148772442,0.6107047200202942,0.8098341822624207,0.0641503632068634,False,20
1,20.807449774001725,9.757999999999981,1.4653489832174764,0.01808478950424587,-0.00963272872794009,0.3136925702455116,0.431537148772442,0.6106632351875305,0.8058010339736938,0.06247694790363312,False,21
1,20.942215317001683,9.791999999999973,1.4704075916827832,0.0180701138043945,-0.009939761676870567,0.4,-0.04682095058900708,0.6106632351875305,0.8058010339736938,0.06247694790363312,False,21
1,21.061851325001044,9.894000000000005,1.4861489248329272,0.018232391267684892,-0.014574091551912863,0.2574515286064758,0.712742356967621,0.6021506190299988,0.8091713786125183,0.0605187714099884,False,19
1,21.16334555699723,9.894000000000005,1.4861489248329272,0.018232391267684892,-0.014574091551912863,0.3726133977569108,-0.13693301121544588,0.6021506190299988,0.8091713786125183,0.0605187714099884,False,19
1,21.27948793699761,9.995999999999981,1.502171607835119,0.017995469341520215,-0.015169226526128834,0.2,-1.0,0.6205810308456421,0.806678056716919,0.05933260917663574,False,20
1,21.38024615500035,9.995999999999981,1.502171607835119,0.017995469341520215,-0.015169226526128834,0.35806888584099666,-0.20965557079501668,0.6205810308456421,0.806678056716919,0.05933260917663574,False,20
1,21.49472413500189,10.098000000000013,1.5179751143945655,0.01821938371662359,-0.02158536814545211,0.3122302891618931,0.4388485541905345,0.635522186756134,0.8040319085121155,0.057858794927597046,False,21
1,21.595486012003676,10.098000000000013,1.5179751143945655,0.01821938371662359,-0.02158536814545211,0.24000034254748367,0.7999982872625817,0.635522186756134,0.8040319085121155,0.057858794927597046,False,21
1,21.708616643001733,10.199999999999989,1.5330485010343384,0.01791771135374341,-0.021473789916376877,0.2,-1.0,0.6740095615386963,0.8120139837265015,0.05764825642108917,False,21
1,21.809641498999554,10.199999999999989,1.5330485010343384,0.01791771135374341,-0.021473789916376877,0.3732813672893809,-0.1335931635530957,0.6740095615386963,0.8120139837265015,0.05764825642108917,False,21
1,21.9320221559974,10.302000000000021,1.548118937761193,0.017753508571269144,-0.02405205767664599,0.2,-1.0,0.6555836796760559,0.8107185363769531,0.05706779658794403,False,21
1,22.032954857997538,10.302000000000021,1.548118937761193,0.017753508571269144,-0.02405205767664599,0.30984300880444415,0.45078495597777923,0.6555836796760559,0.8107185363769531,0.05706779658794403,False,21
1,22.15338110399898,10.403999999999996,1.5626946396107475,0.017607731993303618,-0.026611714747044418,0.3518835762899111,-0.24058211855044442,0.6471160650253296,0.8081257343292236,0.057483792304992676,False,21
1,22.254176408001513,10.403999999999996,1.5626946396107475,0.017607731993303618,-0.026611714747044418,0.3344967642264965,-0.32751617886751755,0.6471160650253296,0.8081257343292236,0.057483792304992676,False,21
1,22.36962280899752,10.505999999999972,1.5782133297563963,0.017890920131221538,-0.036979912576083754,0.2,1.0,0.6545647382736206,0.8063842058181763,0.05706438422203064,False,21
1,22.47068958300224,10.505999999999972,1.5782133297563963,0.017890920131221538,-0.036979912576083754,0.2,1.0,0.6545647382736206,0.8063842058181763,0.05706438422203064,False,21
1,22.586459675003425,10.608000000000004,1.593260493096832,0.017375098630851096,-0.03647974250664695,0.2,1.0,0.6483933329582214,0.8078651428222656,0.05756498873233795,False,21
1,22.68747290700412,10.608000000000004,1.593260493096832,0.017375098630851096,-0.03647974250664695,0.4,0.08872354704180993,0.6483933329582214,0.8078651428222656,0.05756498873233795,False,21
1,22.803959964003298,10.70999999999998,1.6080959103320924,0.01659181344307818,-0.032993462251963694,0.2,1.0,0.6482651233673096,0.8072752952575684,0.056743815541267395,False,20
1,22.904548594997323,10.70999999999998,1.6080959103320924,0.01659181344307818,-0.032993462251963694,0.26430690717140265,-0.6784654641429868,0.6482651233673096,0.8072752952575684,0.056743815541267395,False,20
1,23.021428193998872,10.812000000000012,1.6227900337905947,0.01582913908695596,-0.029343954295629072,0.27848901534557025,0.6075549232721489,0.6713006496429443,0.8042356371879578,0.05600301921367645,False,21
1,23.122259128002042,10.812000000000012,1.6227900337905947,0.01582913908695596,-0.029343954295629072,0.34388130656504856,0.28059346717475736,0.6713006496429443,0.8042356371879578,0.05600301921367645,False,21
1,23.238861015997827,10.913999999999987,1.6380959907730228,0.014833317071463398,-0.02108040134735273,0.2,-1.0,0.685756266117096,0.8027302622795105,0.05498132109642029,False,21
1,23.33963454300101,10.913999999999987,1.6380959907730228,0.014833317071463398,-0.02108040134735273,0.2,-1.0,0.685756266117096,0.8027302622795105,0.05498132109642029,False,21
1,23.45598234699719,11.01600000000002,1.6528478226058707,0.014657834039862292,-0.02393511844565404,0.37683505609432755,-0.11582471952836244,0.6692227125167847,0.8028427958488464,0.05410155653953552,False,21
1,23.55714587499824,11.01600000000002,1.6528478226058707,0.014657834039862292,-0.02393511844565404,0.21292918464102017,0.935354076794899,0.6692227125167847,0.8028427958488464,0.05410155653953552,False,21
1,23.676139458999387,11.117999999999995,1.6680477838601488,0.014498164675457902,-0.02664534596560451,0.4,0.07024095676605745,0.6510422825813293,0.799564003944397,0.053320229053497314,False,21
1,23.77720168900123,11.117999999999995,1.6680477838601488,0.014498164675457902,-0.02664534596560451,0.4,0.06920056911940009,0.6510422825813293,0.799564003944397,0.053320229053497314,False,21
1,23.89035517499724,11.21999999999997,1.6843987220976138,0.014061252244050434,-0.026794078642501495,0.4,-0.026784249261875358,0.6674252152442932,0.7987121343612671,0.05283774435520172,False,20
1,23.991086485999404,11.21999999999997,1.6843987220976138,0.014061252244050434,-0.026794078642501495,0.35432807043390163,0.22835964783049195,0.6674252152442932,0.7987121343612671,0.05283774435520172,False,20
1,24.106221248999645,11.322000000000003,1.701400447896586,0.0136071423846914,-0.026333031926199266,0.4,-0.08864490867080442,0.658959686756134,0.7972161173820496,0.05206140875816345,False,20
1,24.206989190999593,11.322000000000003,1.701400447896586,0.0136071423846914,-0.026333031926199266,0.4,-0.03863294504800341,0.658959686756134,0.7972161173820496,0.05206140875816345,False,20
1,24.322974583999894,11.423999999999978,1.7184845388753436,0.013146447088682582,-0.02646806043947677,0.4,0.09740833262180539,0.6456500887870789,0.7925589680671692,0.05140286684036255,False,20
1,24.42419696899742,11.423999999999978,1.7184845388753436,0.013146447088682582,-0.02646806043947677,0.37113428834041906,-0.14432855829790484,0.6456500887870789,0.7925589680671692,0.05140286684036255,False,20
1,24.55750987400097,11.492000000000019,1.7298278012849726,0.012793475556927534,-0.025865869687934983,0.33933910561251796,0.3033044719374104,0.6681109666824341,0.7920086979866028,0.050897836685180664,False,19
1,24.671850047998305,11.52600000000001,1.7351305784244186,0.01265929784567973,-0.02537011134501948,0.4,0.06872958534150818,0.6681109666824341,0.7920086979866028,0.050897836685180664,False,19
1,24.775244424003176,11.593999999999994,1.7458885387538947,0.012004672093383227,-0.01955645894100467,0.2,-1.0,0.6669394373893738,0.791545569896698,0.05046264827251434,False,21
1,24.885340250002628,11.627999999999986,1.7512914491958003,0.011868540670930402,-0.019252691992277395,0.37387525412127354,-0.13062372939363245,0.6669394373893738,0.791545569896698,0.05046264827251434,False,21
1,24.992930968997825,11.69599999999997,1.7614976484366298,0.011665878638487686,-0.01960622893838849,0.4,-0.030625221755147623,0.6652210354804993,0.7892733812332153,0.04973730444908142,False,21
1,25.093524821997562,11.69599999999997,1.7614976484366298,0.011665878638487686,-0.01960622893838849,0.4,-0.030625221755147623,0.6652210354804993,0.7892733812332153,0.04973730444908142,False,21
1,25.219311811000807,11.798000000000002,1.7784787875516923,0.011355836316719185,-0.020367768194362198,0.3370503322619559,0.3147483386902207,0.6919090151786804,0.7930550575256348,0.04968729615211487,False,20
1,25.319910008001898,11.798000000000002,1.7784787875516923,0.011355836316719185,-0.020367768194362198,0.3370503322619559,0.3147483386902207,0.6919090151786804,0.7930550575256348,0.04968729615211487,False,20
1,25.446323515003314,11.899999999999977,1.7943937261999037,0.01089541604825985,-0.017103491530206696,0.23031880161103713,-0.8484059919448144,0.6871963739395142,0.7987332344055176,0.049597546458244324,False,21
1,25.546923449001042,11.933999999999969,1.7997190363156197,0.010784021488073465,-0.017085776371013186,0.33820819421208226,-0.3089590289395887,0.6871963739395142,0.7987332344055176,0.049597546458244324,False,21
1,25.659639710000192,12.00200000000001,1.8094709147285513,0.010824747428264328,-0.020504365316809176,0.2,1.0,0.6807581186294556,0.7930780053138733,0.04908238351345062,False,20
1,25.75974291300372,12.036000000000001,1.8143278076052365,0.010755077487043458,-0.020597532318604724,0.4,-0.08391264063818482,0.6807581186294556,0.7930780053138733,0.04908238351345062,False,20
1,25.877606595000543,12.103999999999985,1.8241043937377686,0.010558617543587424,-0.020142924136646034,0.30269145039282885,-0.48654274803585573,0.6788507103919983,0.7951866388320923,0.04849448800086975,False,21
1,25.978376778999518,12.137999999999977,1.8288460003823417,0.010458340509985372,-0.020186664476176366,0.30269145039282885,-0.48654274803585573,0.6788507103919983,0.7951866388320923,0.04849448800086975,False,21
1,26.096727267999086,12.206000000000017,1.8385869200802396,0.010737285492879856,-0.02702239671500253,0.2,1.0,0.6733261942863464,0.7965298891067505,0.04811801016330719,False,21
1,26.20212419800373,12.240000000000009,1.842926077234598,0.01114600071710639,-0.033877211903399415,0.4,0.08488621418291048,0.7164395451545715,0.7965298891067505,0.04811801016330719,False,21
1,26.315182894002646,12.307999999999993,1.8519545366256553,0.010988853135190196,-0.03605681992318712,0.34705490899681635,0.2647254550159184,0.7164395451545715,0.8590928912162781,0.25564464926719666,False,20
1,26.41591459800111,12.341999999999985,1.8565414795560102,0.010833218205163893,-0.03565932867825817,0.4,-0.05903440847994286,0.7201374769210815,0.8590928912162781,0.25564464926719666,False,20
1,26.53217449800286,12.409999999999968,1.8664957179514132,0.010395714877844933,-0.03382653896774265,0.3604512009913566,-0.19774399504321724,0.7201374769210815,0.8559132814407349,0.25474104285240173,False,21
1,26.632561782003904,12.444000000000017,1.8712660289461094,0.010166878140200156,-0.032897715956213845,0.4,-0.01495234641553743,0.6979458928108215,0.7884929180145264,0.04727181792259216,False,21
1,26.749375040002633,12.512,1.8817227203501175,0.00980623332658304,-0.03319491665947128,0.3226362214447056,0.38681889277647197,0.6979458928108215,0.7884929180145264,0.04727181792259216,False,21
1,26.87856558599742,12.579999999999984,1.8917166717790945,0.009300905398195216,-0.030417031901338563,0.3349635251060086,0.3251823744699571,0.683702290058136,0.7838112711906433,0.047048091888427734,False,21
1,27.01375618200109,12.613999999999976,1.8966786574271741,0.008743602546986941,-0.025043842393334362,0.2,-1.0,0.683702290058136,0.7838112711906433,0.047048091888427734,False,21
1,27.132200209001894,12.716000000000008,1.9102489052739366,0.007893479482756245,-0.017374313998877424,0.3452408015961448,-0.2737959920192762,0.6604662537574768,0.7824622392654419,0.04663528501987457,False,21
1,27.23327920000156,12.716000000000008,1.9102489052739366,0.007893479482756245,-0.017374313998877424,0.4,0.05935463861035417,0.6604662537574768,0.7824622392654419,0.04663528501987457,False,21
1,27.350823093001964,12.817999999999984,1.9254939310725165,0.007741456989386424,-0.01980227567895668,0.26620143621932646,0.6689928189033678,0.6826097369194031,0.7794297337532043,0.04618048667907715,False,20
1,27.451678172998072,12.817999999999984,1.9254939310725165,0.007741456989386424,-0.01980227567895668,0.36692458041712817,0.16537709791435945,0.6826097369194031,0.7794297337532043,0.04618048667907715,False,20
1,27.568336481002916,12.920000000000016,1.9401969927667726,0.00729644600612214,-0.017012049001318995,0.37231495844387574,0.1384252077806215,0.6659420728683472,0.7725608348846436,0.04643908143043518,False,21
1,27.66943168600119,12.920000000000016,1.9401969927667726,0.00729644600612214,-0.017012049001318995,0.3785478960257698,-0.10726051987115084,0.6659420728683472,0.7725608348846436,0.04643908143043518,False,21
1,27.78629992400238,13.021999999999991,1.95581519723427,0.006924127109933755,-0.01554767706255908,0.27583548592940577,0.6208225703529713,0.6799901127815247,0.7761703729629517,0.04658813774585724,False,20
1,27.887089012001525,13.021999999999991,1.95581519723427,0.006924127109933755,-0.01554767706255908,0.3340711979150932,0.329644010424534,0.6799901127815247,0.7761703729629517,0.04658813774585724,False,20
1,28.020990646997234,13.089999999999975,1.9656078035722298,0.00629405070122266,-0.008806565698390154,0.2,-1.0,0.6942548751831055,0.7736450433731079,0.046859920024871826,False,19
1,28.12118861899944,13.124000000000024,1.9700487236398634,0.005759633261311347,-0.0023363951855180313,0.3552599680375608,-0.2237001598121959,0.6942548751831055,0.7736450433731079,0.046859920024871826,False,19
1,28.240683367999736,13.192000000000007,1.979051800836725,0.005632475402219442,-0.0010315692212698841,0.32449509772942076,0.3775245113528962,0.677415668964386,0.7724619507789612,0.04668712615966797,False,21
1,28.341201142997306,13.192000000000007,1.979051800836725,0.005632475402219442,-0.0010315692212698841,0.32449509772942076,0.3775245113528962,0.677415668964386,0.7724619507789612,0.04668712615966797,False,21
1,28.46268994500133,13.293999999999983,1.9933150991420538,0.0047681270868224395,0.01127850926661079,0.2,-1.0,0.6762725710868835,0.7706692218780518,0.04611693322658539,False,20
1,28.57350176700129,13.327999999999975,1.9980066453390088,0.004353592288274085,0.01740405648993257,0.3175829388856805,-0.41208530557159767,0.6762725710868835,0.7706692218780518,0.04611693322658539,False,20
1,28.680214835003426,13.396000000000015,2.0072202668971153,0.004438723571117813,0.01743632608421872,0.297152418896005,0.514237905519975,0.6703588366508484,0.7669320702552795,0.04592162370681763,False,21
1,28.780707534999237,13.396000000000015,2.0072202668971153,0.004438723571117813,0.01743632608421872,0.297152418896005,0.514237905519975,0.6703588366508484,0.7669320702552795,0.04592162370681763,False,21
1,28.90346596600284,13.49799999999999,2.0222622233205323,0.00451563641792501,0.021250783036927824,0.30480009014089515,-0.47599954929552424,0.6761069297790527,0.7683702111244202,0.045390740036964417,False,20
1,29.01074479900126,13.531999999999982,2.0271259391397307,0.00447029991010144,0.023248598697046874,0.4,-0.07738223194604295,0.6761069297790527,0.7683702111244202,0.045390740036964417,False,20
1,29.120873423999,13.600000000000023,2.037418060680416,0.0046783077824623575,0.0228386695084887,0.34247555049563677,-0.28762224752181614,0.6786030530929565,0.7730035185813904,0.045488178730010986,False,21
1,29.221142233000137,13.634000000000015,2.0423785751524046,0.004792243719464313,0.0226976247195054,0.3463056240439893,-0.2684718797800536,0.6786030530929565,0.7730035185813904,0.045488178730010986,False,21
1,29.339330816001166,13.701999999999998,2.052427863812969,0.005505741843898933,0.015597428129218065,0.2388132890868446,0.8059335545657771,0.6906349062919617,0.7972249388694763,0.04820092022418976,False,20
1,29.44161792399973,13.73599999999999,2.0569743234694977,0.005883775382238984,0.011551623103943035,0.4,-0.005102753761027756,0.6906349062919617,0.7972249388694763,0.04820092022418976,False,20
1,29.55759103300079,13.803999999999974,2.066479718893614,0.006024013283836784,0.01140040186813597,0.24545940713121742,-0.772702964343913,0.713760495185852,0.8118401765823364,0.04866872727870941,False,20
1,29.65898123000079,13.838000000000022,2.071033706201771,0.0060769565508251725,0.011235320388027128,0.26105440523917867,-0.6947279738041068,0.713760495185852,0.8118401765823364,0.04866872727870941,False,20
1,29.77472081700398,13.906000000000006,2.0800074820466268,0.006904978559357297,0.0013385821521529207,0.2,1.0,0.7367919087409973,0.8499916791915894,0.23842614889144897,False,21
1,29.878418649001105,13.939999999999998,2.084339671810024,0.007086134549713077,-0.001051057836157139,0.3774527799555755,0.11273610022212259,0.7367919087409973,0.8424398303031921,0.23842614889144897,False,21
1,29.989959297003224,14.007999999999981,2.0936984122484095,0.0071011856643218305,-0.0007653735682264204,0.3298301779281981,0.35084911035900956,0.7206339836120605,0.8424398303031921,0.2403559386730194,False,21
1,30.090479263002635,14.007999999999981,2.0936984122484095,0.0071011856643218305,-0.0007653735682264204,0.3298301779281981,0.35084911035900956,0.7206339836120605,0.8424398303031921,0.2403559386730194,False,21
1,30.213187622000987,14.110000000000014,2.1079188551449297,0.00649600018368197,0.007781253954423974,0.2,-1.0,0.7192026972770691,0.8377361297607422,0.23840609192848206,False,21
1,30.313955596997403,14.144000000000005,2.112466615822119,0.00610959747622266,0.013303047521231652,0.2,-1.0,0.7192026972770691,0.8377361297607422,0.23840609192848206,False,21
1,30.432779777998803,14.211999999999989,2.1218650022042884,0.006188594049183105,0.014096739673743813,0.28346192588324737,0.582690370583763,0.7349079847335815,0.836089015007019,0.237372487783432,False,20
1,30.563261452000006,14.279999999999973,2.1311108171255895,0.005960402448618432,0.01884011259687391,0.3010475965802655,0.49476201709867285,0.7342498898506165,0.8339264392852783,0.23636338114738464,False,19
1,30.698052168001595,14.314000000000021,2.135656169814819,0.005378317923332827,0.02753997012584257,0.2,-1.0,0.7342498898506165,0.8339264392852783,0.23636338114738464,False,19
1,30.81668701000308,14.415999999999997,2.1479700661168954,0.004483395942898191,0.04526904579517446,0.2,-1.0,0.7178656458854675,0.8324467539787292,0.2349366843700409,False,21
1,30.918077747002826,14.415999999999997,2.1479700661168954,0.004483395942898191,0.04526904579517446,0.2,-1.0,0.7178656458854675,0.8324467539787292,0.2349366843700409,False,21
1,31.033240183001908,14.517999999999972,2.161142568965633,0.005052282342228968,0.04532528576174407,0.2687775118893114,0.6561124405534428,0.7317177653312683,0.8364164233207703,0.23407742381095886,False,21
1,31.134422652001376,14.517999999999972,2.161142568965633,0.005052282342228968,0.04532528576174407,0.4,0.08882223522310859,0.7317177653312683,0.8364164233207703,0.23407742381095886,False,21
1,31.25466321800195,14.620000000000005,2.1745631980842397,0.004684662489795032,0.05928467991553774,0.2144029395251823,-0.9279853023740885,0.7439543008804321,0.8404361009597778,0.2348414957523346,False,21
1,31.355688827003178,14.620000000000005,2.1745631980842397,0.004684662489795032,0.05928467991553774,0.2,-1.0,0.7439543008804321,0.8404361009597778,0.2348414957523346,False,21
1,31.469712833000813,14.72199999999998,2.188256408485276,0.005440620327396686,0.05881482080056843,0.24728308735569693,0.7635845632215155,0.7208777666091919,0.8386710286140442,0.2326371669769287,False,20
1,31.570489388999704,14.72199999999998,2.188256408485276,0.005440620327396686,0.05881482080056843,0.2820595844607313,0.5897020776963434,0.7208777666091919,0.8386710286140442,0.2326371669769287,False,20
1,31.70579913000256,14.79000000000002,2.197745571096614,0.005747388435254448,0.06291943348584121,0.2070079700906305,-0.9649601495468476,0.7212376594543457,0.8519675135612488,0.23395130038261414,False,19
1,31.806006623999565,14.824000000000012,2.202447938120586,0.006014191969668905,0.06307016931887276,0.2070079700906305,-0.9649601495468476,0.7212376594543457,0.8519675135612488,0.23395130038261414,False,19
1,31.924976374000835,14.891999999999996,2.2118518446162736,0.006604478725545208,0.06255036265432797,0.30227433603792897,-0.48862831981035515,0.7296141982078552,0.8546406626701355,0.22980600595474243,False,21
1,32.02548932100035,14.891999999999996,2.2118518446162736,0.006604478725545208,0.06255036265432797,0.30227433603792897,-0.48862831981035515,0.7296141982078552,0.8546406626701355,0.22980600595474243,False,21
1,32.15125989200169,14.993999999999971,2.2258529544440897,0.0082030530208115,0.0513941105866358,0.2,1.0,0.7395078539848328,0.8554494976997375,0.22912383079528809,False,21
1,32.252295001002494,15.02800000000002,2.2301310862473853,0.008950154675764613,0.04449873214510424,0.2,1.0,0.7395078539848328,0.8554494976997375,0.22912383079528809,False,21
1,32.37095057700208,15.096000000000004,2.2390523870539,0.009550185028618584,0.041527243215542714,0.32864930003340564,-0.356753499832972,0.7254199385643005,0.8562142252922058,0.2308630645275116,False,21
1,32.476373899000464,15.129999999999995,2.243460910508931,0.009936522260128288,0.03885237404601779,0.31176290812660423,-0.441185459366979,0.7254199385643005,0.8562142252922058,0.2308630645275116,False,21
1,32.586094079997565,15.197999999999979,2.252716503819278,0.011220982154161164,0.026330699473881898,0.2,1.0,0.7342406511306763,0.8650228381156921,0.2298009693622589,False,21
1,32.69857729200157,15.231999999999971,2.2572696972151274,0.011580385898649946,0.023131453449829965,0.4,0.002905499826623262,0.7342406511306763,0.8650228381156921,0.2298009693622589,False,21
1,32.80365890199755,15.300000000000011,2.2667055244172314,0.01182471960371116,0.023215918132839415,0.2923150489820953,-0.5384247550895236,0.751624345779419,0.8713897466659546,0.22761192917823792,False,21
1,32.913008996001736,15.334000000000003,2.2712436907321387,0.01193530931973639,0.02301382179703077,0.3059867799048411,-0.4700661004757947,0.751624345779419,0.8713897466659546,0.22761192917823792,False,21
1,33.02039772400167,15.401999999999987,2.280420016822654,0.012927887940952223,0.012161187560639719,0.2,1.0,0.7366174459457397,0.8757719993591309,0.22757786512374878,False,21
1,33.12093546200049,15.401999999999987,2.280420016822654,0.012927887940952223,0.012161187560639719,0.2,1.0,0.7366174459457397,0.8757719993591309,0.22757786512374878,False,21
1,33.246418722999806,15.504000000000019,2.2943250534561748,0.013364967109920918,0.00861185273550291,0.3056453429544471,-0.47177328522776457,0.7402898669242859,0.870947003364563,0.23125526309013367,False,21
1,33.34692164599983,15.504000000000019,2.2943250534561748,0.013364967109920918,0.00861185273550291,0.3056453429544471,-0.47177328522776457,0.7402898669242859,0.870947003364563,0.23125526309013367,False,21
1,33.47223695700086,15.605999999999995,2.30811371767817,0.014239208647476109,-0.0020135472538238843,0.2,1.0,0.72996985912323,0.8716510534286499,0.22932669520378113,False,21
1,33.576948843001446,15.639999999999986,2.3123443411519156,0.014824819729167623,-0.009765114273001618,0.32259083319140636,0.3870458340429683,0.72996985912323,0.8671051859855652,0.22932669520378113,False,21
1,33.69128235500102,15.70799999999997,2.320716339322823,0.014944095105292966,-0.012172026116751014,0.294887580101184,-0.5255620994940802,0.7147214412689209,0.8671051859855652,0.23413512110710144,False,21
1,33.791946491997805,15.70799999999997,2.320716339322823,0.014944095105292966,-0.012172026116751014,0.294887580101184,-0.5255620994940802,0.7147214412689209,0.8671051859855652,0.23413512110710144,False,21
1,33.930725211997924,15.810000000000002,2.3340453354390807,0.015954136520404692,-0.028944648253300266,0.2,1.0,0.7629399299621582,0.8639082312583923,0.23355767130851746,False,21
1,34.03123134300404,15.810000000000002,2.3340453354390807,0.015954136520404692,-0.028944648253300266,0.2,1.0,0.7629399299621582,0.8639082312583923,0.23355767130851746,False,21
1,34.15502519100119,15.911999999999978,2.348159750755835,0.01576890020500413,-0.03128696297094413,0.31118279297930074,-0.44408603510349653,0.7591320276260376,0.8643400073051453,0.23443567752838135,False,20
1,34.25540998700308,15.94599999999997,2.3529088583693967,0.015615457579686728,-0.032336170372103484,0.31118279297930074,-0.44408603510349653,0.7591320276260376,0.8643400073051453,0.23443567752838135,False,20
1,34.3742584779975,16.01400000000001,2.3628476380424552,0.015952974419108406,-0.04139898837366261,0.2,1.0,0.7573146224021912,0.8685831427574158,0.23924711346626282,False,21
1,34.50455954900099,16.081999999999994,2.372705024516195,0.015579197166103452,-0.04132016878406152,0.2444478090393527,0.7777609548032365,0.7551769018173218,0.8653541803359985,0.23960039019584656,False,21
1,34.63974481900368,16.115999999999985,2.3772665000672895,0.01532809491841601,-0.03989972139562981,0.35483027972453685,-0.22584860137731588,0.7551769018173218,0.8653541803359985,0.23960039019584656,False,21
1,34.754967098000634,16.218000000000018,2.3926021221040887,0.014577345969182226,-0.037726434600382844,0.3128131306772581,0.4359343466137097,0.7639458179473877,0.8591247797012329,0.24003389477729797,False,20
1,34.855960729997605,16.218000000000018,2.3926021221040887,0.014577345969182226,-0.037726434600382844,0.3644763142142134,-0.1776184289289332,0.7639458179473877,0.8591247797012329,0.24003389477729797,False,20
1,34.972723432998464,16.319999999999993,2.4071753069101027,0.013746089310890023,-0.03343120644678599,0.3324087176614942,0.3379564116925292,0.7304426431655884,0.8635275959968567,0.24025657773017883,False,21
1,35.073461494001094,16.319999999999993,2.4071753069101027,0.013746089310890023,-0.03343120644678599,0.34596803887335553,0.27015980563322234,0.7304426431655884,0.8635275959968567,0.24025657773017883,False,21
1,35.19093155200244,16.42199999999997,2.421938281184732,0.012368112657659816,-0.02081192393211809,0.2,-1.0,0.7343255877494812,0.8493176698684692,0.24095609784126282,False,21
1,35.291938979004044,16.42199999999997,2.421938281184732,0.012368112657659816,-0.02081192393211809,0.2,-1.0,0.7343255877494812,0.8493176698684692,0.24095609784126282,False,21
1,35.41297548700095,16.524,2.4365559866880124,0.012021268228272848,-0.01995532178840152,0.31163964516265547,0.44180177418672284,0.7675875425338745,0.8579403758049011,0.24077925086021423,False,20
1,35.51409553999838,16.524,2.4365559866880124,0.012021268228272848,-0.01995532178840152,0.4,-0.04463563983999094,0.7675875425338745,0.8579403758049011,0.24077925086021423,False,20
1,35.646116836003785,16.591999999999985,2.4467449241011336,0.011270409703864417,-0.01191847949920487,0.2,-1.0,0.7673889994621277,0.8551333546638489,0.2390613853931427,False,21
1,35.74674581600266,16.625999999999976,2.4516003729110722,0.010849911685040254,-0.007105544227568182,0.2,-1.0,0.7673889994621277,0.8551333546638489,0.2390613853931427,False,21
1,35.86522624600184,16.694000000000017,2.4615852425843183,0.010746284877689534,-0.006997205385480898,0.3346400056214703,0.3267999718926486,0.7356775999069214,0.8553897142410278,0.24122688174247742,False,21
1,35.9656357940039,16.72800000000001,2.4667340341037307,0.010523126478902769,-0.004036354819719598,0.3346400056214703,0.3267999718926486,0.7356775999069214,0.8553897142410278,0.24122688174247742,False,21
1,36.08394063600281,16.795999999999992,2.4769352545667047,0.009798021362055582,0.005385581661486568,0.2,-1.0,0.7514564394950867,0.8693259954452515,0.236729234457016,False,21
1,36.19331273200078,16.829999999999984,2.4822001342265145,0.00961039315395579,0.008253276505161167,0.3589916177556798,-0.20504191122160115,0.7514564394950867,0.8693259954452515,0.236729234457016,False,21
1,36.30102484400413,16.897999999999968,2.492227424559985,0.009664470509613096,0.007725209944240182,0.33797417020812676,0.3101291489593663,0.7421374320983887,0.867048978805542,0.23782798647880554,False,21
1,36.40166629700252,16.897999999999968,2.492227424559985,0.009664470509613096,0.007725209944240182,0.33797417020812676,0.3101291489593663,0.7421374320983887,0.867048978805542,0.23782798647880554,False,21
1,36.5215393010003,17.0,2.5071221175534446,0.009656528089461039,0.010320336583508683,0.3718692311722755,-0.14065384413862267,0.6992244720458984,0.7973703742027283,0.05808915197849274,False,21
1,36.62202407899895,17.0,2.5071221175534446,0.009656528089461039,0.010320336583508683,0.3718692311722755,-0.14065384413862267,0.6992244720458984,0.7973703742027283,0.05808915197849274,False,21
1,36.742316308002046,17.101999999999975,2.522408820990566,0.009649284651999308,0.012832901058529106,0.3736517595300655,0.13174120234967235,0.704631507396698,0.8571830987930298,0.24369287490844727,False,21
1,36.84522163499787,17.135999999999967,2.5273842702965936,0.009592921368868109,0.014427953299209107,0.3498159991251815,0.25092000437409234,0.704631507396698,0.8571830987930298,0.24369287490844727,False,21
1,36.95963579200179,17.204000000000008,2.537963675884637,0.00931124308860808,0.020388259692469376,0.374010297198061,-0.12994851400969493,0.7355330586433411,0.8669185638427734,0.2553296685218811,False,21
1,37.06024812599935,17.204000000000008,2.537963675884637,0.00931124308860808,0.020388259692469376,0.374010297198061,-0.12994851400969493,0.7355330586433411,0.8669185638427734,0.2553296685218811,False,21
1,37.182314819001476,17.305999999999983,2.552156164045438,0.008910800354292822,0.03019162127833422,0.3218848742379156,0.39057562881042196,0.7548952102661133,0.8194054365158081,0.07091788947582245,False,20
1,37.282922612997936,17.305999999999983,2.552156164045438,0.008910800354292822,0.03019162127833422,0.3218848742379156,0.39057562881042196,0.7548952102661133,0.8194054365158081,0.07091788947582245,False,20
1,37.40795123099815,17.408000000000015,2.565216000903777,0.008050819372894535,0.047577756097424616,0.25106273336186014,-0.7446863331906994,0.7413502931594849,0.8184913396835327,0.07243889570236206,False,20
1,37.51184401199862,17.442000000000007,2.569201846042967,0.007590608295250238,0.05600085914821426,0.30205708750414856,0.4897145624792574,0.7413502931594849,0.8153039813041687,0.07243889570236206,False,20
1,37.62613958000293,17.50999999999999,2.577195433672649,0.00734510643239105,0.0653562792839433,0.2,-1.0,0.7371649146080017,0.8153039813041687,0.06685978174209595,False,20
1,37.726443341998674,17.543999999999983,2.581285489514876,0.007536708595719654,0.06644955319809488,0.28233705676197024,0.5883147161901489,0.7371649146080017,0.8153039813041687,0.06685978174209595,False,20
1,37.844746900002065,17.612000000000023,2.589532008522465,0.00805592641860062,0.06666819619711177,0.4,-0.0048167624384504865,0.7392192482948303,0.8135606050491333,0.0636109709739685,False,21
1,37.97724100400228,17.680000000000007,2.5984104790748517,0.008623256741972767,0.06609154545365073,0.30330938929331047,-0.4834530535334478,0.7472853064537048,0.8151654601097107,0.061875611543655396,False,21
1,38.11224617800326,17.714,2.6031727151319317,0.009062382987516684,0.06292225647514015,0.2,1.0,0.7472853064537048,0.8151654601097107,0.061875611543655396,False,21
1,38.231229721997806,17.815999999999974,2.6177681303353753,0.009990575038413036,0.06362887663234283,0.2,-1.0,0.7488278746604919,0.8148254156112671,0.05948789417743683,False,21
1,38.33267795100255,17.815999999999974,2.6177681303353753,0.009990575038413036,0.06362887663234283,0.29348557350153154,-0.5325721324923423,0.7488278746604919,0.8148254156112671,0.05948789417743683,False,21
1,38.44951325099828,17.918000000000006,2.631875844482367,0.010923341601131389,0.0613073762663604,0.3303587574020568,-0.3482062129897162,0.7476370930671692,0.812367856502533,0.05676963925361633,False,21
1,38.55061348000163,17.918000000000006,2.631875844482367,0.010923341601131389,0.0613073762663604,0.36359280470207606,-0.18203597648961972,0.7476370930671692,0.812367856502533,0.05676963925361633,False,21
1,38.66755005100276,18.019999999999982,2.6464545601120633,0.012607232457670198,0.04926919396802654,0.24042357337958445,0.7978821331020778,0.7308725118637085,0.8051888346672058,0.052805036306381226,False,20
1,38.76834820300428,18.019999999999982,2.6464545601120633,0.012607232457670198,0.04926919396802654,0.21277632850755018,0.9361183574622491,0.7308725118637085,0.8051888346672058,0.052805036306381226,False,20
1,38.886294969997834,18.122000000000014,2.660200330562947,0.01332383494331153,0.048606954754696306,0.2,-1.0,0.7226927876472473,0.8094121217727661,0.05144646763801575,False,21
1,38.987072194002394,18.122000000000014,2.660200330562947,0.01332383494331153,0.048606954754696306,0.3424975919908787,-0.28751204004560654,0.7226927876472473,0.8094121217727661,0.05144646763801575,False,21
1,39.10868721699808,18.22399999999999,2.6735408227298003,0.014777885217998256,0.03694633966282999,0.3281950529588958,0.35902473520552114,0.7081248164176941,0.8066453337669373,0.04827505350112915,False,21
1,39.210156394998194,18.22399999999999,2.6735408227298003,0.014777885217998256,0.03694633966282999,0.29874044866069877,0.5062977566965063,0.7081248164176941,0.8066453337669373,0.04827505350112915,False,21
1,39.34793269199872,18.291999999999973,2.682341731459509,0.015111604044138926,0.037717482608602255,0.2,-1.0,0.7412585020065308,0.8734127879142761,0.25814542174339294,False,20
1,39.45624857900111,18.326000000000022,2.6866871311126035,0.015261713470832843,0.03736343812231568,0.26337633862363574,-0.6831183068818214,0.7412585020065308,0.8734127879142761,0.25814542174339294,False,20
1,39.56175754300057,18.394000000000005,2.695309870857125,0.01609469308403346,0.029981692526496122,0.22139107431447136,0.8930446284276432,0.7581803202629089,0.8696425557136536,0.25656843185424805,False,21
1,39.66236091800238,18.394000000000005,2.695309870857125,0.01609469308403346,0.029981692526496122,0.22139107431447136,0.8930446284276432,0.7581803202629089,0.8696425557136536,0.25656843185424805,False,21
1,39.78192950200173,18.49599999999998,2.7074405759713365,0.017534164590022484,0.014420502857300326,0.28099151217659507,0.5950424391170246,0.7402286529541016,0.8644522428512573,0.25617197155952454,False,19
1,39.88201055100217,18.529999999999973,2.7117700322609157,0.01762489988503867,0.014472262244202392,0.28099151217659507,0.5950424391170246,0.7402286529541016,0.8644522428512573,0.25617197155952454,False,19
1,40.00108428599924,18.598000000000013,2.7206761386721334,0.017703610020400183,0.0152075640055676,0.3343657442755695,-0.3281712786221528,0.7565554976463318,0.8602334856987,0.2553854286670685,False,21
1,40.1015904809974,18.598000000000013,2.7206761386721334,0.017703610020400183,0.0152075640055676,0.3343657442755695,-0.3281712786221528,0.7565554976463318,0.8602334856987,0.2553854286670685,False,21
1,40.225826599002175,18.69999999999999,2.734944628264554,0.018679068360196564,0.003629412925675462,0.2,1.0,0.74178546667099,0.794622540473938,0.032042548060417175,False,21
1,40.32630401100323,18.69999999999999,2.734944628264554,0.018679068360196564,0.003629412925675462,0.2,1.0,0.74178546667099,0.794622540473938,0.032042548060417175,False,21
1,40.45195698000316,18.80200000000002,2.749523626949037,0.019072004017445104,-0.001674186400852278,0.4,-0.06970779661647088,0.7444276809692383,0.8624688386917114,0.2518194019794464,False,19
1,40.552452449002885,18.80200000000002,2.749523626949037,0.019072004017445104,-0.001674186400852278,0.4,-0.06970779661647088,0.7444276809692383,0.8624688386917114,0.2518194019794464,False,19
1,40.672883988998365,18.903999999999996,2.7650193101293414,0.019098801823277212,-0.0023556517867143662,0.27215560969215663,0.6392219515392168,0.7074131965637207,0.7928040027618408,0.03283591568470001,False,20
1,40.77348399999755,18.903999999999996,2.7650193101293414,0.019098801823277212,-0.0023556517867143662,0.27215560969215663,0.6392219515392168,0.7074131965637207,0.7928040027618408,0.03283591568470001,False,20
1,40.89889657399908,19.005999999999972,2.780385874083253,0.01901272435619282,-0.0004890146444914306,0.3114094362790082,-0.4429528186049591,0.7415407299995422,0.8708310723304749,0.25161004066467285,False,21
1,40.999565835001704,19.005999999999972,2.780385874083253,0.01901272435619282,-0.0004890146444914306,0.3114094362790082,-0.4429528186049591,0.7415407299995422,0.8708310723304749,0.25161004066467285,False,21
1,41.12349967699993,19.108000000000004,2.7957100983944145,0.01898587061585875,-0.0013983403323790027,0.4,-0.02484391819362292,0.7742548584938049,0.8824282288551331,0.25016263127326965,False,21
1,41.224015234001854,19.108000000000004,2.7957100983944145,0.01898587061585875,-0.0013983403323790027,0.4,-0.02484391819362292,0.7742548584938049,0.8824282288551331,0.25016263127326965,False,21
1,41.350681989002624,19.20999999999998,2.8114732357117367,0.01954247438385053,-0.009842759699208713,0.20510951804811955,0.9744524097594022,0.7817105054855347,0.8800442218780518,0.2481284737586975,False,19
1,41.4509118010028,19.24399999999997,2.8160682009046636,0.01973762026087481,-0.012972755105933471,0.3398919644017067,0.30054017799146654,0.7817105054855347,0.8789555430412292,0.2481284737586975,False,19
1,41.56618286899902,19.312000000000012,2.825394088866499,0.019552219779347527,-0.011061331617931882,0.3236712278306169,-0.3816438608469154,0.7918953895568848,0.8789555430412292,0.24813982844352722,False,20
1,41.69597374300065,19.379999999999995,2.8342008095244573,0.019216619623546316,-0.008300127076475757,0.37922917546901896,-0.10385412265490526,0.7918774485588074,0.8776488304138184,0.24764099717140198,False,21
1,41.83075022000412,19.413999999999987,2.8391195545531076,0.01917554794535392,-0.008285988382055472,0.37306062250846916,0.13469688745765443,0.7918774485588074,0.8776488304138184,0.24764099717140198,False,21
1,41.94872382500034,19.51600000000002,2.854451022962602,0.01867427707826089,-0.0023510769204864116,0.31754694103233905,-0.412265294838305,0.7757129669189453,0.8747742772102356,0.24654316902160645,False,21
1,42.049929205997614,19.51600000000002,2.854451022962602,0.01867427707826089,-0.0023510769204864116,0.28581882160035166,-0.5709058919982417,0.7757129669189453,0.8747742772102356,0.24654316902160645,False,21
1,42.178856425998674,19.617999999999995,2.8690400360929056,0.018789270078072157,-0.005051254184880383,0.2,1.0,0.7572637796401978,0.8773924708366394,0.24525505304336548,False,19
1,42.279454574003466,19.617999999999995,2.8690400360929056,0.018789270078072157,-0.005051254184880383,0.31784941419895674,0.4107529290052165,0.7572637796401978,0.8773924708366394,0.24525505304336548,False,19
1,42.400243116004276,19.71999999999997,2.8823504675321217,0.01808900381560791,0.003989492579626058,0.308192840695926,-0.4590357965203699,0.7396153211593628,0.8759992718696594,0.24307125806808472,False,20
1,42.50129398100398,19.71999999999997,2.8823504675321217,0.01808900381560791,0.003989492579626058,0.2,-1.0,0.7396153211593628,0.8759992718696594,0.24307125806808472,False,20
1,42.6185916750037,19.822000000000003,2.8950347662591382,0.018096649275633245,0.004618818435210466,0.2,1.0,0.7845303416252136,0.8836345672607422,0.243764728307724,False,21
1,42.71990030100278,19.822000000000003,2.8950347662591382,0.018096649275633245,0.004618818435210466,0.28478177862718096,0.5760911068640953,0.7845303416252136,0.8836345672607422,0.243764728307724,False,21
1,42.838528754000436,19.923999999999978,2.9072815420867735,0.016418087094026854,0.02805135335632749,0.2,-1.0,0.784572422504425,0.8817332983016968,0.24443715810775757,False,20
1,42.93967089700163,19.923999999999978,2.9072815420867735,0.016418087094026854,0.02805135335632749,0.2,-1.0,0.784572422504425,0.8817332983016968,0.24443715810775757,False,20
1,43.07442706300208,19.99200000000002,2.9146663499678724,0.016153559875609076,0.03455528509691971,0.3616620174244747,0.19168991287762674,0.7716097235679626,0.8820523023605347,0.242812842130661,False,21
1,43.17468275799911,20.02600000000001,2.9188028119435185,0.016297552229146743,0.03464352108991249,0.3616620174244747,0.19168991287762674,0.7716097235679626,0.8820523023605347,0.242812842130661,False,21
1,43.293309877000866,20.093999999999994,2.9280987324876557,0.016340145125877375,0.03840293423247331,0.2957972252953294,-0.5210138735233529,0.7939000725746155,0.8764386773109436,0.24322989583015442,False,21
1,43.403282840998145,20.127999999999986,2.9323205664892,0.01607458800656139,0.04398551319955383,0.37963984020806796,0.10180079895966039,0.7939000725746155,0.8764386773109436,0.24322989583015442,False,21
1,43.54447348800022,20.230000000000018,2.9455502621462664,0.016446539014378477,0.046958579537012074,0.36353134852473706,-0.18234325737631482,0.794854998588562,0.8740513920783997,0.24136647582054138,False,19
1,43.64809709700057,20.230000000000018,2.9455502621462664,0.016446539014378477,0.046958579537012074,0.36353134852473706,-0.18234325737631482,0.794854998588562,0.875085175037384,0.24136647582054138,False,19
1,43.7894140310018,20.298000000000002,2.9546436538574223,0.01611536198071466,0.05731358517938373,0.2,-1.0,0.8082998991012573,0.875085175037384,0.2390100359916687,False,21
1,43.90852446899953,20.399999999999977,2.9702027455779407,0.016740270871160253,0.06122976052310269,0.2,1.0,0.8031128644943237,0.8757328987121582,0.23974278569221497,False,21
1,44.00933092999912,20.399999999999977,2.9702027455779407,0.016740270871160253,0.06122976052310269,0.305594077296516,0.4720296135174203,0.8031128644943237,0.8757328987121582,0.23974278569221497,False,21
1,44.12940479200188,20.50200000000001,2.984988650120871,0.016994930950971317,0.07037366456179041,0.2,1.0,0.8309615254402161,0.8742541074752808,0.23831942677497864,False,21
1,44.230187236003985,20.50200000000001,2.984988650120871,0.016994930950971317,0.07037366456179041,0.2,-1.0,0.8309615254402161,0.8742541074752808,0.23831942677497864,False,21
1,44.35697053900367,20.603999999999985,2.998291063261975,0.017313452422068568,0.07962637365289676,0.2,1.0,0.7997344732284546,0.8771554827690125,0.23952171206474304,False,21
1,44.45784382599959,20.603999999999985,2.998291063261975,0.017313452422068568,0.07962637365289676,0.2802565468448511,0.5987172657757447,0.7997344732284546,0.8771554827690125,0.23952171206474304,False,21
1,44.5829064530044,20.706000000000017,3.0115587046578005,0.016909065998216448,0.09931930992164181,0.2,1.0,0.8219656348228455,0.8776733875274658,0.24046185612678528,False,21
1,44.68385383600253,20.706000000000017,3.0115587046578005,0.016909065998216448,0.09931930992164181,0.2,-1.0,0.8219656348228455,0.8776733875274658,0.24046185612678528,False,21
1,44.803657725999074,20.807999999999993,3.0230644346295787,0.016589140085950194,0.11985892424434262,0.2,-1.0,0.8186935186386108,0.8809774518013,0.23970329761505127,False,20
1,44.90461165200395,20.807999999999993,3.0230644346295787,0.016589140085950194,0.11985892424434262,0.23597433092796136,-0.8201283453601933,0.8186935186386108,0.8809774518013,0.23970329761505127,False,20
1,45.01981901899853,20.909999999999968,3.0348555737071963,0.01823213545164622,0.11533390011379135,0.2,1.0,0.8117965459823608,0.8749924898147583,0.23797866702079773,False,20
1,45.12042636600381,20.909999999999968,3.0348555737071963,0.01823213545164622,0.11533390011379135,0.2753184324060997,0.6234078379695017,0.8117965459823608,0.8749924898147583,0.23797866702079773,False,20
1,45.240452024998376,21.012,3.047812220599544,0.019051271333375912,0.1259668336177985,0.2,-1.0,0.8127262592315674,0.8763946294784546,0.23860439658164978,False,21
1,45.34135775399773,21.012,3.047812220599544,0.019051271333375912,0.1259668336177985,0.2,-1.0,0.8127262592315674,0.8763946294784546,0.23860439658164978,False,21
1,45.46372054299718,21.113999999999976,3.061713808138689,0.020731790937868446,0.12618451748215576,0.2,-1.0,0.8113923668861389,0.8816161155700684,0.2373175323009491,False,21
1,45.56481400800112,21.113999999999976,3.061713808138689,0.020731790937868446,0.12618451748215576,0.35560253453272456,-0.22198732733637735,0.8113923668861389,0.8816161155700684,0.2373175323009491,False,21
1,45.68294481900375,21.216000000000008,3.0760703581602376,0.022895434904178516,0.12034208167613342,0.3585078322700691,0.20746083864965467,0.8222523927688599,0.884496808052063,0.23687103390693665,False,21
1,45.783898515001056,21.216000000000008,3.0760703581602376,0.022895434904178516,0.12034208167613342,0.2,1.0,0.8222523927688599,0.884496808052063,0.23687103390693665,False,21
1,45.9027139969985,21.317999999999984,3.0903313612335928,0.02445530717854374,0.12347500776495206,0.4,-0.07894056730187468,0.8313266038894653,0.883642315864563,0.2354813516139984,False,21
1,46.003518825003994,21.317999999999984,3.0903313612335928,0.02445530717854374,0.12347500776495206,0.2,-1.0,0.8313266038894653,0.883642315864563,0.2354813516139984,False,21
1,46.12580724500003,21.420000000000016,3.105720929643176,0.02609638125060366,0.1277913405071804,0.3775061478476953,0.11246926076152353,0.8185790181159973,0.8850598931312561,0.23465976119041443,False,21
1,46.226656234000984,21.420000000000016,3.105720929643176,0.02609638125060366,0.1277913405071804,0.29987797208509814,-0.5006101395745093,0.8185790181159973,0.8850598931312561,0.23465976119041443,False,21
1,46.34134646799794,21.52199999999999,3.1215350106044277,0.02802825292853751,0.1280764545202458,0.2,1.0,0.8040606379508972,0.8824813365936279,0.23452016711235046,False,21
1,46.44219517400052,21.52199999999999,3.1215350106044277,0.02802825292853751,0.1280764545202458,0.28072366516038577,0.5963816741980711,0.8040606379508972,0.8824813365936279,0.23452016711235046,False,21
1,46.55704470600176,21.624000000000024,3.13609791478934,0.029488827484592226,0.1342282072057211,0.3335868638454501,-0.3320656807727496,0.7862319946289062,0.8967932462692261,0.2733072340488434,False,20
1,46.65816254400124,21.624000000000024,3.13609791478934,0.029488827484592226,0.1342282072057211,0.2,-1.0,0.7862319946289062,0.8967932462692261,0.2733072340488434,False,20
1,46.772447060997365,21.726,3.1499854126176485,0.0313095072083686,0.1343602318776589,0.2736556677333543,0.6317216613332284,0.7991469502449036,0.8903214335441589,0.2673455774784088,False,21
1,46.8733228830024,21.726,3.1499854126176485,0.0313095072083686,0.1343602318776589,0.3651470920052784,0.17426453997360816,0.7991469502449036,0.8903214335441589,0.2673455774784088,False,21
1,47.021542758004216,21.793999999999983,3.1596733201918723,0.03206117626131805,0.1425935409954924,0.2,-1.0,0.8200901746749878,0.8927717804908752,0.26595476269721985,False,20
1,47.122154124997905,21.793999999999983,3.1596733201918723,0.03206117626131805,0.1425935409954924,0.2,-1.0,0.8200901746749878,0.8927717804908752,0.26595476269721985,False,20
1,47.243977088000975,21.896000000000015,3.173752776759143,0.03370674218340177,0.1476688988294376,0.3119988244383636,0.44000587780818234,0.836022138595581,0.8899184465408325,0.26691216230392456,False,20
1,47.34471664600278,21.896000000000015,3.173752776759143,0.03370674218340177,0.1476688988294376,0.3119988244383636,0.44000587780818234,0.836022138595581,0.8899184465408325,0.26691216230392456,False,20
1,47.46456168899749,21.99799999999999,3.1879600213917616,0.035143014911353763,0.1576997357035173,0.2,-1.0,0.8438072204589844,0.8863710761070251,0.2676810324192047,False,21
1,47.56720234800014,22.031999999999982,3.1926535957598374,0.035358522564377055,0.1644990984126743,0.3105774974956615,-0.4471125125216926,0.8438072204589844,0.8863710761070251,0.2676810324192047,False,21
1,47.67690909500379,22.100000000000023,3.201764218947071,0.03670449690912315,0.1658158440878429,0.3363437623231891,0.3182811883840548,0.8369665741920471,0.8863505125045776,0.26753443479537964,False,20
1,47.77744849100418,22.100000000000023,3.201764218947071,0.03670449690912315,0.1658158440878429,0.3363437623231891,0.3182811883840548,0.8369665741920471,0.8863505125045776,0.26753443479537964,False,20
1,47.899127187003614,22.201999999999998,3.215268127365749,0.03900512012074985,0.16418174601829083,0.24176920465533722,-0.791153976723314,0.8380553126335144,0.8843883275985718,0.26803240180015564,False,21
1,47.99977296299767,22.201999999999998,3.215268127365749,0.03900512012074985,0.16418174601829083,0.24176920465533722,-0.791153976723314,0.8380553126335144,0.8843883275985718,0.26803240180015564,False,21
1,48.12123325400171,22.303999999999974,3.2290440541838947,0.04148661615286338,0.15814915922765826,0.23382220010044305,0.8308889994977848,0.7877490520477295,0.8748927116394043,0.2646888792514801,False,20
1,48.221843327002716,22.303999999999974,3.2290440541838947,0.04148661615286338,0.15814915922765826,0.23382220010044305,0.8308889994977848,0.7877490520477295,0.8748927116394043,0.2646888792514801,False,20
1,48.344882639998104,22.406000000000006,3.2427304926631453,0.043847235869225745,0.15531649730962888,0.3203275290662038,-0.39836235466898107,0.79334956407547,0.8702577948570251,0.26377615332603455,False,21
1,48.44507938600145,22.439999999999998,3.2472547883167104,0.044584555517938,0.15450128314549438,0.35649140784379096,-0.2175429607810453,0.79334956407547,0.8702577948570251,0.26377615332603455,False,21
1,48.56330137400073,22.50799999999998,3.256772824149711,0.046458082669570605,0.1465494603997,0.2,1.0,0.8189774751663208,0.8786779046058655,0.2641846537590027,False,21
1,48.663801221999165,22.50799999999998,3.256772824149711,0.046458082669570605,0.1465494603997,0.2,1.0,0.8189774751663208,0.8786779046058655,0.2641846537590027,False,21
1,48.78628707600001,22.610000000000014,3.271609038162245,0.04867358632582437,0.14653593746381952,0.3635180928627912,-0.18240953568604434,0.7799373865127563,0.804012656211853,0.0531722754240036,False,21
1,48.890443791002326,22.644000000000005,3.276359210436883,0.04939700660352625,0.14599858565805027,0.4,-0.08901116265932436,0.7799373865127563,0.8050233125686646,0.0531722754240036,False,21
1,49.0039151029996,22.71199999999999,3.2867138467293993,0.05096967328938407,0.14470457792840635,0.3705897606062254,0.14705119696887325,0.7736579179763794,0.8050233125686646,0.053387388586997986,False,20
1,49.10553022500244,22.74599999999998,3.291845670818253,0.05172548013435076,0.1445844334431619,0.3705897606062254,0.14705119696887325,0.7736579179763794,0.8050233125686646,0.053387388586997986,False,20
1,49.22473285799788,22.81400000000002,3.302594146870328,0.05329091025625581,0.1452882675700204,0.3308761610908629,-0.34561919454568574,0.7920219898223877,0.8239004015922546,0.05441237986087799,False,21
1,49.32522843100014,22.81400000000002,3.302594146870328,0.05329091025625581,0.1452882675700204,0.3308761610908629,-0.34561919454568574,0.7920219898223877,0.8239004015922546,0.05441237986087799,False,21
1,49.45328024600167,22.915999999999997,3.3179969117238777,0.055796445365848726,0.14032103128453194,0.2,1.0,0.7838627696037292,0.8334678411483765,0.05766421556472778,False,20
1,49.555111077999754,22.915999999999997,3.3179969117238777,0.055796445365848726,0.14032103128453194,0.2,1.0,0.7682902812957764,0.8334678411483765,0.05766421556472778,False,20
1,49.67515809099859,23.017999999999972,3.332977848538432,0.05793887785456284,0.14011252263093837,0.3757396034519916,-0.12130198274004214,0.7682902812957764,0.8327299952507019,0.059662461280822754,False,20
1,49.808508859998256,23.086000000000013,3.3436352058916152,0.0596166091122398,0.13638023450196982,0.3085152065428045,-0.45742396728597756,0.7889470458030701,0.8760599493980408,0.2604842185974121,False,21
1,49.943485465002595,23.120000000000005,3.3486057683411072,0.06050287148217784,0.13368576576586794,0.23981647687791918,0.8009176156104041,0.7889470458030701,0.8760599493980408,0.2604842185974121,False,21
1,50.06288842899812,23.22199999999998,3.362865581883214,0.062459227276261214,0.13347916480587765,0.29179089434300653,-0.5410455282849674,0.7821341753005981,0.8756689429283142,0.2604312002658844,False,21
1,50.16448391700396,23.22199999999998,3.362865581883214,0.062459227276261214,0.13347916480587765,0.4,-0.023952817657797845,0.7821341753005981,0.8756689429283142,0.2604312002658844,False,21
1,50.285624641997856,23.324000000000012,3.37762847554739,0.06453173665208056,0.12753595706136445,0.3601291333748597,0.19935433312570175,0.7817456126213074,0.8750899434089661,0.2577573359012604,False,19
1,50.38670713600004,23.324000000000012,3.37762847554739,0.06453173665208056,0.12753595706136445,0.32550356338817776,0.3724821830591111,0.7817456126213074,0.8750899434089661,0.2577573359012604,False,19
1,50.520365270000184,23.391999999999996,3.387140437731472,0.06574317338230072,0.12831442446977911,0.2,-1.0,0.7990618944168091,0.8508789539337158,0.17821559309959412,False,19
1,50.62088416599727,23.391999999999996,3.387140437731472,0.06574317338230072,0.12831442446977911,0.2,-1.0,0.7990618944168091,0.8508789539337158,0.17821559309959412,False,19
1,50.74188886600314,23.49399999999997,3.4004177577957626,0.06746208399459765,0.12491496753009768,0.3120051342993592,-0.43997432850320395,0.7996200323104858,0.8517470359802246,0.17896008491516113,False,21
1,50.854366608997225,23.52800000000002,3.4045581536071055,0.06823742660900801,0.12015154127694916,0.2643978507201134,-0.678010746399433,0.7996200323104858,0.8517470359802246,0.17896008491516113,False,21
1,50.960213840000506,23.596000000000004,3.4129388711198767,0.07049969337576964,0.10272235524186213,0.2,1.0,0.801361620426178,0.8480490446090698,0.19453266263008118,False,19
1,51.060714486004144,23.596000000000004,3.4129388711198767,0.07049969337576964,0.10272235524186213,0.2,1.0,0.801361620426178,0.8480490446090698,0.19453266263008118,False,19
1,51.18931769199844,23.69799999999998,3.4242435132811293,0.07322373632389516,0.0798466242704868,0.2,1.0,0.7918192744255066,0.850338339805603,0.1987799108028412,False,20
1,51.28987058900384,23.69799999999998,3.4242435132811293,0.07322373632389516,0.0798466242704868,0.2,1.0,0.7918192744255066,0.850338339805603,0.1987799108028412,False,20
1,51.41083317599987,23.80000000000001,3.437405035966924,0.07434686302479078,0.07926037895626808,0.33256119738646284,-0.3371940130676858,0.7959315776824951,0.8477507829666138,0.19470921158790588,False,21
1,51.513611203001346,23.834000000000003,3.4419290152827497,0.0747141338541517,0.078340613214739,0.3657090808404579,-0.17145459579771066,0.7959315776824951,0.8477507829666138,0.19470921158790588,False,21
1,51.625741051997466,23.901999999999987,3.451633285866949,0.07595464019371477,0.07138729795417097,0.2,1.0,0.7948068976402283,0.8375629186630249,0.17885401844978333,False,21
1,51.72622635500011,23.901999999999987,3.451633285866949,0.07595464019371477,0.07138729795417097,0.2,1.0,0.7948068976402283,0.8375629186630249,0.17885401844978333,False,21
1,51.84695524699782,24.00400000000002,3.4663743241058036,0.07704042110685773,0.07160926946611179,0.34571502584692165,0.2714248707653919,0.7909367680549622,0.8400565385818481,0.18714061379432678,False,21
1,51.947015295998426,24.03800000000001,3.4709488488990496,0.07734902460257677,0.07197908619302307,0.3305057117270939,0.3474714413645306,0.7909367680549622,0.8400565385818481,0.18714061379432678,False,21
1,52.06572094799776,24.105999999999995,3.4806935908940595,0.07747007247392879,0.0797636855535506,0.2,-1.0,0.8071331977844238,0.839584231376648,0.18791303038597107,False,21
1,52.166249859001255,24.105999999999995,3.4806935908940595,0.07747007247392879,0.0797636855535506,0.2,-1.0,0.8071331977844238,0.839584231376648,0.18791303038597107,False,21
1,52.28890012999909,24.20799999999997,3.494039785948978,0.07798238079053466,0.08803461730613327,0.3281253545517122,0.3593732272414393,0.808346688747406,0.8416120409965515,0.19077321887016296,False,21
1,52.38994221499888,24.20799999999997,3.494039785948978,0.07798238079053466,0.08803461730613327,0.3281253545517122,0.3593732272414393,0.808346688747406,0.8416120409965515,0.19077321887016296,False,21
1,52.510307828000805,24.310000000000002,3.508126805912458,0.07851202359346825,0.09855487184802007,0.2,-1.0,0.7825945019721985,0.8635550141334534,0.24526497721672058,False,21
1,52.613918909999484,24.343999999999994,3.512782093018546,0.07859423004392063,0.10345905782400172,0.37266130904856515,-0.1366934547571744,0.7682288289070129,0.8635550141334534,0.24526497721672058,False,21
1,52.727949079999235,24.411999999999978,3.522285020705291,0.07954263102182234,0.10392502690634788,0.3296477157250758,0.3517614213746211,0.7682288289070129,0.8656007647514343,0.24420997500419617,False,21
1,52.83093291200203,24.44599999999997,3.5268782063342052,0.08000954373976099,0.1042741021699204,0.3296477157250758,0.3517614213746211,0.7682288289070129,0.8656007647514343,0.24420997500419617,False,21
1,52.949768721999135,24.51400000000001,3.536585241530322,0.08040056088070749,0.11307018236561246,0.2,-1.0,0.7849263548851013,0.8657668232917786,0.24289736151695251,False,21
1,53.05236291300389,24.548000000000002,3.5413868205161605,0.08041047512136672,0.1199666227198564,0.2,-1.0,0.7849263548851013,0.8657668232917786,0.24289736151695251,False,21
1,53.17087377700227,24.615999999999985,3.5507128126618555,0.0813680997256579,0.12141794314447509,0.3160163150536562,0.4199184247317191,0.793666660785675,0.8637619018554688,0.24194025993347168,False,20
1,53.27136935800081,24.615999999999985,3.5507128126618555,0.0813680997256579,0.12141794314447509,0.3160163150536562,0.4199184247317191,0.793666660785675,0.8637619018554688,0.24194025993347168,False,20
1,53.40108968000277,24.718000000000018,3.564244595428781,0.08272016441812065,0.12658203433066487,0.31741114504583146,-0.41294427477084267,0.7775748372077942,0.8654218316078186,0.24572435021400452,False,19
1,53.50542883900198,24.718000000000018,3.564244595428781,0.08272016441812065,0.12658203433066487,0.31741114504583146,-0.41294427477084267,0.7775748372077942,0.8375063538551331,0.24572435021400452,False,19
1,53.62618450300215,24.819999999999993,3.578264917467825,0.08481169342817776,0.11945488795518087,0.2,1.0,0.7978854179382324,0.8375063538551331,0.17916524410247803,False,20
1,53.73000651199982,24.853999999999985,3.58331077643948,0.08542748714104527,0.11936793312822984,0.2,1.0,0.8040974736213684,0.8338910937309265,0.1807514727115631,False,21
1,53.84916894500202,24.92199999999997,3.593063701208615,0.08660849497342492,0.11954828121085259,0.4,0.0871337229479428,0.8040974736213684,0.8338910937309265,0.1807514727115631,False,21
1,53.94919155000389,24.956000000000017,3.5986729582233608,0.08728007487523277,0.1196080807579597,0.36812823538620926,-0.1593588230689537,0.7950427532196045,0.8304945826530457,0.17763492465019226,False,21
1,54.06718804800039,25.024,3.6098757004934,0.08859840500504203,0.11990724602918931,0.37591623859367096,0.12041880703164512,0.7950427532196045,0.8304945826530457,0.17763492465019226,False,21
1,54.171499060001224,25.057999999999993,3.6151737412730145,0.089232950865683,0.11911867156730381,0.37591623859367096,0.12041880703164512,0.7936035394668579,0.8368164896965027,0.17276445031166077,False,21
1,54.30617880500358,25.091999999999985,3.6205391252916272,0.08988819189868831,0.1196833656459861,0.33273615038015464,-0.336319248099227,0.7936035394668579,0.8368164896965027,0.17276445031166077,False,21
1,54.42743188299937,25.194000000000017,3.6362420001112277,0.09198146513279344,0.11403159342694406,0.2981714070992627,0.5091429645036865,0.7776089906692505,0.8632888793945312,0.2430625855922699,False,20
1,54.52842149400385,25.194000000000017,3.6362420001112277,0.09198146513279344,0.11403159342694406,0.2221572854149947,0.8892135729250266,0.7776089906692505,0.8632888793945312,0.2430625855922699,False,20
1,54.64575857700402,25.295999999999992,3.651751697228038,0.0938046726358694,0.11409695650019698,0.2,-1.0,0.7793957591056824,0.8644475340843201,0.24436017870903015,False,21
1,54.74650391600153,25.295999999999992,3.651751697228038,0.0938046726358694,0.11409695650019698,0.4,-0.07983667736486803,0.7793957591056824,0.8644475340843201,0.24436017870903015,False,21
1,54.86412666799879,25.397999999999968,3.66790143766752,0.09565520442560856,0.11337989851959326,0.2,-1.0,0.7916608452796936,0.8380511403083801,0.18546664714813232,False,20
1,54.965012189000845,25.397999999999968,3.66790143766752,0.09565520442560856,0.11337989851959326,0.4,-0.058675053697018954,0.7916608452796936,0.8380511403083801,0.18546664714813232,False,20
1,55.08753974400315,25.5,3.6842164233807844,0.09759817066737787,0.11175081052556513,0.2,-1.0,0.7885551452636719,0.833102822303772,0.1755499541759491,False,21
1,55.18844706500386,25.5,3.6842164233807844,0.09759817066737787,0.11175081052556513,0.4,0.09207808987951498,0.7885551452636719,0.833102822303772,0.1755499541759491,False,21
1,55.31222664500092,25.601999999999975,3.6996603374860615,0.09971213515828115,0.10596877530723098,0.2,-1.0,0.7619314789772034,0.8523970246315002,0.2426968514919281,False,20
1,55.41326650800329,25.601999999999975,3.6996603374860615,0.09971213515828115,0.10596877530723098,0.29368425437025275,0.5315787281487363,0.7619314789772034,0.8523970246315002,0.2426968514919281,False,20
1,55.52508266299992,25.704000000000008,3.7142507967047687,0.10153557045173296,0.10222603777122584,0.2742791748718754,-0.6286041256406228,0.7655608057975769,0.8548583984375,0.2431500256061554,False,20
1,55.62565258899849,25.704000000000008,3.7142507967047687,0.10153557045173296,0.10222603777122584,0.31559937993055764,-0.4220031003472118,0.7655608057975769,0.8548583984375,0.2431500256061554,False,20
1,55.74741370200354,25.805999999999983,3.7287410768719265,0.1037480831914167,0.09149665954722795,0.2,-1.0,0.7832387089729309,0.8566942811012268,0.24098917841911316,False,21
1,55.848247387999436,25.805999999999983,3.7287410768719265,0.1037480831914167,0.09149665954722795,0.2,1.0,0.7832387089729309,0.8566942811012268,0.24098917841911316,False,21
1,55.97158661600406,25.908000000000015,3.74193223623715,0.1054956173485632,0.0840538780100872,0.2,1.0,0.7865599393844604,0.8497149348258972,0.18182453513145447,False,21
1,56.072613092997926,25.908000000000015,3.74193223623715,0.1054956173485632,0.0840538780100872,0.4,-0.08573775383113146,0.7865599393844604,0.8497149348258972,0.18182453513145447,False,21
1,56.195403498000815,26.00999999999999,3.7567842347256852,0.10665202274681997,0.08632409213707903,0.2,-1.0,0.7949978709220886,0.8518242835998535,0.18323484063148499,False,21
1,56.296510897998814,26.00999999999999,3.7567842347256852,0.10665202274681997,0.08632409213707903,0.32044357727996015,-0.39778211360019944,0.7949978709220886,0.8518242835998535,0.18323484063148499,False,21
1,56.39674397300405,26.077999999999975,3.7669354853040122,0.10758027871881662,0.08424998702516137,0.2,1.0,0.8072270154953003,0.8554639220237732,0.1854604184627533,False,20
1,56.53145914099878,26.112000000000023,3.7723359073512825,0.10816582858122085,0.08248158813239585,0.25405330941963,0.72973345290185,0.8072270154953003,0.8554639220237732,0.1854604184627533,False,20
1,56.65169296700333,26.214,3.78765426244545,0.10943181868436677,0.08329741710350852,0.29313876722977245,0.5343061638511377,0.8030259013175964,0.8431276679039001,0.18094810843467712,False,21
1,56.7524634270012,26.214,3.78765426244545,0.10943181868436677,0.08329741710350852,0.4,0.009578259272095421,0.8030259013175964,0.8431276679039001,0.18094810843467712,False,21
1,56.87522447000083,26.315999999999974,3.8038359894663545,0.1105047869953048,0.08749482809366,0.2,-1.0,0.7853119373321533,0.8463616967201233,0.18174853920936584,False,21
1,56.97602741399896,26.315999999999974,3.8038359894663545,0.1105047869953048,0.08749482809366,0.36360763024238013,-0.18196184878809943,0.7853119373321533,0.8463616967201233,0.18174853920936584,False,21
1,57.076428845997725,26.384000000000015,3.8143249555940297,0.11143329597893414,0.08634247774932419,0.4,-0.08512320164707987,0.7895500659942627,0.8494345545768738,0.1810491383075714,False,21
1,57.211343684000894,26.418000000000006,3.8200402275050234,0.1119633008360268,0.08565851152962062,0.36748515795220055,0.16257421023899737,0.7895500659942627,0.8494345545768738,0.1810491383075714,False,21
1,57.34162370699778,26.519999999999982,3.836689727315126,0.11338961235488103,0.08606842617819709,0.352852480328693,-0.23573759835653524,0.785533607006073,0.8421386480331421,0.1774633824825287,False,21
1,57.442450266004016,26.519999999999982,3.836689727315126,0.11338961235488103,0.08606842617819709,0.35377052073447135,0.2311473963276434,0.785533607006073,0.8421386480331421,0.1774633824825287,False,21
1,57.56254880000051,26.622000000000014,3.851951984198665,0.1148691246725864,0.08382480177697754,0.29532946302614893,-0.5233526848692553,0.7724007964134216,0.8411353230476379,0.17976543307304382,False,21
1,57.663463413999125,26.622000000000014,3.851951984198665,0.1148691246725864,0.08382480177697754,0.35721648839905124,-0.2139175580047438,0.7724007964134216,0.8411353230476379,0.17976543307304382,False,21
1,57.78471301699756,26.72399999999999,3.8668423676033403,0.11647183094363794,0.07817520706375748,0.2,1.0,0.7911772727966309,0.8489897847175598,0.1817055344581604,False,21
1,57.88532906099863,26.72399999999999,3.8668423676033403,0.11647183094363794,0.07817520706375748,0.4,-0.00962576147179571,0.7911772727966309,0.8489897847175598,0.1817055344581604,False,21
1,58.00620039000205,26.826000000000022,3.881857044682024,0.11751738440168913,0.0805855527684718,0.4,0.047523644186624525,0.7729654908180237,0.8651536107063293,0.2400589883327484,False,21
1,58.106976438000856,26.826000000000022,3.881857044682024,0.11751738440168913,0.0805855527684718,0.23986051084137228,-0.8006974457931386,0.7729654908180237,0.8651536107063293,0.2400589883327484,False,21
1,58.246439556998666,26.894000000000005,3.892898128073874,0.11826640283432169,0.08219066883428935,0.32378957641851636,0.3810521179074184,0.7519645690917969,0.8604642748832703,0.2435396909713745,False,21
1,58.347044777998235,26.894000000000005,3.892898128073874,0.11826640283432169,0.08219066883428935,0.32378957641851636,0.3810521179074184,0.7519645690917969,0.8604642748832703,0.2435396909713745,False,21
1,58.46987514400098,26.99599999999998,3.9078836102129966,0.11890162087662066,0.09090979544654076,0.2,-1.0,0.7325741648674011,0.8561598658561707,0.24848338961601257,False,20
1,58.570369876004406,26.99599999999998,3.9078836102129966,0.11890162087662066,0.09090979544654076,0.2,-1.0,0.7325741648674011,0.8561598658561707,0.24848338961601257,False,20
1,58.69114987300418,27.098000000000013,3.9238747835889307,0.12008843377665833,0.0941979670584195,0.3531833904484667,0.23408304775766647,0.7381239533424377,0.8571896553039551,0.2413916289806366,False,21
1,58.792062751999765,27.098000000000013,3.9238747835889307,0.12008843377665833,0.0941979670584195,0.3531833904484667,0.23408304775766647,0.7381239533424377,0.8571896553039551,0.2413916289806366,False,21
1,58.91657617400051,27.19999999999999,3.9386880667440676,0.12151466420999138,0.0944911811607556,0.4,0.0234422888680141,0.7231773138046265,0.8619290590286255,0.24892142415046692,False,21
1,59.01710415600246,27.19999999999999,3.9386880667440676,0.12151466420999138,0.0944911811607556,0.4,0.0234422888680141,0.7231773138046265,0.8619290590286255,0.24892142415046692,False,21
1,59.1441646960011,27.30200000000002,3.9547704015685885,0.12300480492801494,0.09522665808825423,0.4,-0.07202552377135339,0.7436343431472778,0.8696953654289246,0.2465709149837494,False,21
1,59.244704486001865,27.30200000000002,3.9547704015685885,0.12300480492801494,0.09522665808825423,0.4,-0.07202552377135339,0.7436343431472778,0.8696953654289246,0.2465709149837494,False,21
1,59.36914755200269,27.403999999999996,3.9715521499420294,0.12459486987219974,0.09462799417483404,0.4,-0.0478853635900148,0.774624764919281,0.834286093711853,0.18055817484855652,False,21
1,59.46964707800362,27.403999999999996,3.9715521499420294,0.12459486987219974,0.09462799417483404,0.4,-0.0478853635900148,0.774624764919281,0.834286093711853,0.18055817484855652,False,21
1,59.59243568599777,27.505999999999972,3.9878005667755176,0.126160964338796,0.0943207058441283,0.4,-0.08382969497689542,0.7743984460830688,0.8300592303276062,0.1806444525718689,False,21
1,59.69306236500415,27.505999999999972,3.9878005667755176,0.126160964338796,0.0943207058441283,0.4,-0.08382969497689542,0.7743984460830688,0.8300592303276062,0.1806444525718689,False,21
1,59.81504620800115,27.608000000000004,4.003340677119027,0.12787174976330995,0.09072149137950895,0.28193579977739475,0.5903210011130264,0.765316903591156,0.8279366493225098,0.17834177613258362,False,19
1,59.91529093000281,27.641999999999996,4.008137654561296,0.12853662375940988,0.0877011877952715,0.4,-0.0020479948053799893,0.765316903591156,0.8279366493225098,0.17834177613258362,False,19
1,60.033677981002256,27.70999999999998,4.018227907609038,0.12945181176488244,0.08788375753585222,0.3209658811113611,-0.3951705944431947,0.785586416721344,0.827788233757019,0.17732343077659607,False,20
2,0.11800177999975858,0.23799999999999955,0.02843395552468488,-0.0021275886308514316,0.034092155355414655,0.2,-1.0,0.5652121901512146,0.7844815850257874,0.046132832765579224,False,21
2,0.23978898100176593,0.34000000000003183,0.03933365137625239,-0.002657144005360146,0.04668934947468225,0.37715465590225394,0.1142267204887305,0.5801119208335876,0.7854655981063843,0.04734960198402405,False,21
2,0.34070796499872813,0.34000000000003183,0.03933365137625239,-0.002657144005360146,0.04668934947468225,0.4,-0.02106416232017516,0.5801119208335876,0.7854655981063843,0.04734960198402405,False,21
2,0.4632671270010178,0.4420000000000073,0.05232237125274339,-0.003426288599533981,0.06615970805415064,0.35986572870999123,0.20067135645004405,0.5777310729026794,0.7942692041397095,0.04656541347503662,False,20
2,0.5640394250003737,0.4420000000000073,0.05232237125274339,-0.003426288599533981,0.06615970805415064,0.2,-1.0,0.5777310729026794,0.7942692041397095,0.04656541347503662,False,20
2,0.6832852709994768,0.5439999999999827,0.06651481391166063,-0.003418633347894551,0.08019773513274893,0.2,-1.0,0.6031116843223572,0.8426276445388794,0.24691501259803772,False,21
2,0.7839943459985079,0.5439999999999827,0.06651481391166063,-0.003418633347894551,0.08019773513274893,0.2,-1.0,0.6031116843223572,0.8426276445388794,0.24691501259803772,False,21
2,0.9039596989969141,0.646000000000015,0.08080696707956304,-0.002346774835089168,0.08077649741851793,0.2,-1.0,0.6015152931213379,0.8343726396560669,0.24618086218833923,False,21
2,1.005051772997831,0.646000000000015,0.08080696707956304,-0.002346774835089168,0.08077649741851793,0.4,-0.09009921184448251,0.6015152931213379,0.8343726396560669,0.24618086218833923,False,21
2,1.118776101997355,0.7479999999999905,0.09599752777923777,-0.0010734783398175223,0.07993312121905899,0.2,-1.0,0.6001170873641968,0.8267425298690796,0.2443583905696869,False,19
2,1.2193446140008746,0.7479999999999905,0.09599752777923777,-0.0010734783398175223,0.07993312121905899,0.3424852975552451,-0.28757351222377464,0.6001170873641968,0.8267425298690796,0.2443583905696869,False,19
2,1.3381494479981484,0.8500000000000227,0.11100323268195332,0.0005812599432847201,0.07288107626312534,0.2,-1.0,0.584196925163269,0.7809153199195862,0.047933757305145264,False,20
2,1.43921036899701,0.8500000000000227,0.11100323268195332,0.0005812599432847201,0.07288107626312534,0.21970683072237807,0.9014658463881098,0.584196925163269,0.7809153199195862,0.047933757305145264,False,20
2,1.5669577619992197,0.9519999999999982,0.12468774889284531,0.0019198465018557096,0.06809521252363823,0.2,-1.0,0.5679692029953003,0.7755023241043091,0.04787951707839966,False,21
2,1.6678707500032033,0.9519999999999982,0.12468774889284531,0.0019198465018557096,0.06809521252363823,0.28096083081155954,-0.5951958459422023,0.5679692029953003,0.7755023241043091,0.04787951707839966,False,21
2,1.7866382439970039,1.0540000000000305,0.1378729870933151,0.0035322098410447756,0.057778784773437904,0.27307241144325617,0.6346379427837192,0.5601937174797058,0.774419903755188,0.04778571426868439,False,21
2,1.8877454879984725,1.0540000000000305,0.1378729870933151,0.0035322098410447756,0.057778784773437904,0.2,1.0,0.5601937174797058,0.774419903755188,0.04778571426868439,False,21
2,2.0084014539970667,1.156000000000006,0.15030055065990608,0.004330483269127559,0.056409075748936,0.2306811006785746,-0.8465944966071269,0.5651318430900574,0.7736098766326904,0.04794690012931824,False,20
2,2.1094202949971077,1.156000000000006,0.15030055065990608,0.004330483269127559,0.056409075748936,0.3265281855262842,-0.36735907236857906,0.5651318430900574,0.7736098766326904,0.04794690012931824,False,20
2,2.2258334900034242,1.2579999999999814,0.16348943092850604,0.006350021105900354,0.03851772715236305,0.2,1.0,0.5903146862983704,0.7910159230232239,0.047888755798339844,False,21
2,2.326917439000681,1.2579999999999814,0.16348943092850604,0.006350021105900354,0.03851772715236305,0.2,1.0,0.5903146862983704,0.7910159230232239,0.047888755798339844,False,21
2,2.4464415820038994,1.3600000000000136,0.17713321648298574,0.00716917974667937,0.034498910087330976,0.34959616627713413,-0.25201916861432927,0.5899322032928467,0.7873673439025879,0.04752635955810547,False,20
2,2.547461731999647,1.3600000000000136,0.17713321648298574,0.00716917974667937,0.034498910087330976,0.34454554086127137,-0.2772722956936434,0.5899322032928467,0.7873673439025879,0.04752635955810547,False,20
2,2.6642291480020504,1.461999999999989,0.1920044620277549,0.008607267310971379,0.02132595062022043,0.2,1.0,0.5889923572540283,0.7838588953018188,0.04725398123264313,False,21
2,2.7652717910023057,1.461999999999989,0.1920044620277549,0.008607267310971379,0.02132595062022043,0.2,1.0,0.5889923572540283,0.7838588953018188,0.04725398123264313,False,21
2,2.882866803003708,1.5640000000000214,0.2063441150140165,0.009061724561087402,0.019680726939256758,0.3691021235193346,-0.15448938240332732,0.5916906595230103,0.7949508428573608,0.052008792757987976,False,21
2,2.983998914998665,1.5640000000000214,0.2063441150140165,0.009061724561087402,0.019680726939256758,0.4,-0.042520277789941996,0.5916906595230103,0.7949508428573608,0.052008792757987976,False,21
2,3.113694088999182,1.632000000000005,0.21731319603849822,0.009366033662746524,0.017671768699038817,0.3502855006460923,0.24857249676953846,0.608566403388977,0.8283616900444031,0.23625123500823975,False,19
2,3.2141848250030307,1.632000000000005,0.21731319603849822,0.009366033662746524,0.017671768699038817,0.3502855006460923,0.24857249676953846,0.608566403388977,0.8283616900444031,0.23625123500823975,False,19
2,3.337818261999928,1.7339999999999804,0.23338935524725568,0.009692948164147966,0.017860979351457005,0.23694139294962585,-0.8152930352518709,0.6115167737007141,0.8380113244056702,0.2361207902431488,False,21
2,3.438462389000051,1.7339999999999804,0.23338935524725568,0.009692948164147966,0.017860979351457005,0.23694139294962585,-0.8152930352518709,0.6115167737007141,0.8380113244056702,0.2361207902431488,False,21
2,3.561410859001626,1.8360000000000127,0.24865809654938276,0.009941001254863732,0.01735509403614154,0.36005745046839177,-0.1997127476580413,0.636070728302002,0.8474206328392029,0.23457175493240356,False,21
2,3.662037340000097,1.8360000000000127,0.24865809654938276,0.009941001254863732,0.01735509403614154,0.36005745046839177,-0.1997127476580413,0.636070728302002,0.8474206328392029,0.23457175493240356,False,21
2,3.7823109020027914,1.9379999999999882,0.26378727390011686,0.010479058135180895,0.013225319688799798,0.2299281806853758,0.850359096573121,0.6178305745124817,0.8562197089195251,0.23480021953582764,False,21
2,3.882984401003341,1.9379999999999882,0.26378727390011686,0.010479058135180895,0.013225319688799798,0.2299281806853758,0.850359096573121,0.6178305745124817,0.8562197089195251,0.23480021953582764,False,21
2,4.024418601002253,2.0400000000000205,0.27902550637932855,0.010984302160083363,0.009594968957633782,0.2858492996153744,-0.570753501923128,0.6184296607971191,0.8585416078567505,0.23116841912269592,False,21
2,4.124933068000246,2.0400000000000205,0.27902550637932855,0.010984302160083363,0.009594968957633782,0.2858492996153744,-0.570753501923128,0.6184296607971191,0.8585416078567505,0.23116841912269592,False,21
2,4.247935430998041,2.141999999999996,0.2943342071832091,0.011474346175957691,0.0033398718366013176,0.2,1.0,0.6554537415504456,0.8578812479972839,0.23480328917503357,False,21
2,4.348492400997202,2.141999999999996,0.2943342071832091,0.011474346175957691,0.0033398718366013176,0.2,1.0,0.6554537415504456,0.8578812479972839,0.23480328917503357,False,21
2,4.476727332003065,2.244000000000028,0.3096085344350695,0.011557045556494117,0.0033756323627971664,0.3703332998891173,0.14833350055441374,0.6229602694511414,0.8027432560920715,0.042465656995773315,False,21
2,4.577232980998815,2.244000000000028,0.3096085344350695,0.011557045556494117,0.0033756323627971664,0.3703332998891173,0.14833350055441374,0.6229602694511414,0.8027432560920715,0.042465656995773315,False,21
2,4.713359118999506,2.3460000000000036,0.3255493434665373,0.011417680572235973,0.006916018479318106,0.3085251814754842,-0.4573740926225792,0.6329070329666138,0.8605755567550659,0.23482295870780945,False,20
2,4.8138707149992115,2.3460000000000036,0.3255493434665373,0.011417680572235973,0.006916018479318106,0.3085251814754842,-0.4573740926225792,0.6329070329666138,0.8605755567550659,0.23482295870780945,False,20
2,4.946746884997992,2.447999999999979,0.34182914881381193,0.011501547774751918,0.006376764792779337,0.4,0.04958861350782544,0.6502239108085632,0.8608080744743347,0.2364073097705841,False,20
2,5.047252324002329,2.447999999999979,0.34182914881381193,0.011501547774751918,0.006376764792779337,0.4,0.04958861350782544,0.6502239108085632,0.8608080744743347,0.2364073097705841,False,20
2,5.168776509002782,2.5500000000000114,0.35863305664307693,0.011615843626373155,0.0069349644819774,0.4,0.02073343241310144,0.6619179248809814,0.8649562001228333,0.23604387044906616,False,21
2,5.269331634997798,2.5500000000000114,0.35863305664307693,0.011615843626373155,0.0069349644819774,0.4,0.02073343241310144,0.6619179248809814,0.8649562001228333,0.23604387044906616,False,21
2,5.403413826999895,2.651999999999987,0.3755629453621697,0.011737010071208281,0.007123297788087696,0.35034404586106693,-0.24827977069466553,0.6632980108261108,0.865813136100769,0.236369788646698,False,21
2,5.504067820998898,2.651999999999987,0.3755629453621697,0.011737010071208281,0.007123297788087696,0.35034404586106693,-0.24827977069466553,0.6632980108261108,0.865813136100769,0.236369788646698,False,21
2,5.624208886001725,2.754000000000019,0.39165008117804906,0.01199237333265872,0.004005799843895253,0.36758388571638045,0.16208057141809767,0.6600142121315002,0.8723376393318176,0.2356680929660797,False,21
2,5.726657961997262,2.754000000000019,0.39165008117804906,0.01199237333265872,0.004005799843895253,0.322896188376442,0.38551905811779014,0.6600142121315002,0.8723376393318176,0.2356680929660797,False,21
2,5.829259730002377,2.8220000000000027,0.40230198041567644,0.012055640978746505,0.004860704848443715,0.4,-0.09095288225392895,0.6588438153266907,0.8713961243629456,0.2354239523410797,False,21
2,5.962037530996895,2.8559999999999945,0.40785610840644265,0.012076215428641693,0.004862648327578192,0.36396733206498155,-0.18016333967509224,0.6588438153266907,0.8713961243629456,0.2354239523410797,False,21
2,6.07048376199964,2.958000000000027,0.423740132437457,0.012267796886345167,0.0022372809713341775,0.4,0.07339566653776478,0.643640398979187,0.871184766292572,0.23787876963615417,False,21
2,6.171538356000383,2.958000000000027,0.423740132437457,0.012267796886345167,0.0022372809713341775,0.30967197600944923,0.45164011995275405,0.643640398979187,0.871184766292572,0.23787876963615417,False,21
2,6.294092982003349,3.0600000000000023,0.4400464911471904,0.012430107399838198,0.0005553581128739192,0.3477684527886316,-0.261157736056842,0.643327534198761,0.8690810203552246,0.23552247881889343,False,21
2,6.3951296049999655,3.0600000000000023,0.4400464911471904,0.012430107399838198,0.0005553581128739192,0.2877127371726636,0.5614363141366819,0.643327534198761,0.8690810203552246,0.23552247881889343,False,21
2,6.5051610020018416,3.127999999999986,0.4502768960976234,0.012778437313013345,-0.004034362573240657,0.2697366164301091,0.6513169178494544,0.6597798466682434,0.8700578808784485,0.23858758807182312,False,21
2,6.639989148003224,3.1619999999999777,0.4550995160603217,0.01275996450789441,-0.003400063689524491,0.3680308297701771,-0.15984585114911445,0.6597798466682434,0.8700578808784485,0.23858758807182312,False,21
2,6.770686164003564,3.230000000000018,0.46540507642066165,0.012598424833345133,-0.0019512402360328859,0.4,-0.075703346742851,0.659868061542511,0.8697537183761597,0.2405429184436798,False,21
2,6.887839533002989,3.26400000000001,0.4701639276549482,0.01258752432465842,-0.002106835664007235,0.36825853941762177,-0.15870730291189122,0.659868061542511,0.8697537183761597,0.2405429184436798,False,21
2,7.0227681859978475,3.3659999999999854,0.4859468390638976,0.012681536709086363,-0.003757886628846859,0.4,-0.07184871250089969,0.6163750886917114,0.8152570128440857,0.06876255571842194,False,21
2,7.1264346500029205,3.3659999999999854,0.4859468390638976,0.012681536709086363,-0.003757886628846859,0.4,-0.07184871250089969,0.6075056195259094,0.8152570128440857,0.06876255571842194,False,21
2,7.270948450001015,3.434000000000026,0.49614762676931373,0.012637689476134126,-0.003008640079096304,0.36221741151423636,0.18891294242881837,0.6075056195259094,0.8142924308776855,0.0696912556886673,False,20
2,7.3897379170011845,3.5360000000000014,0.5113369256808765,0.012136574264657238,0.003247055441256472,0.4,0.024168516875144465,0.6006673574447632,0.8126823902130127,0.06654904782772064,False,20
2,7.490829312002461,3.5360000000000014,0.5113369256808765,0.012136574264657238,0.003247055441256472,0.2,-1.0,0.6006673574447632,0.8126823902130127,0.06654904782772064,False,20
2,7.615601279998373,3.6380000000000337,0.5275152178068886,0.01198518221564901,0.006010964364109104,0.21359238869178504,0.9320380565410747,0.5914642810821533,0.8135010600090027,0.06752751767635345,False,21
2,7.716515619998972,3.6380000000000337,0.5275152178068886,0.01198518221564901,0.006010964364109104,0.3584828490640637,0.20758575467968166,0.5914642810821533,0.8135010600090027,0.06752751767635345,False,21
2,7.834402505002799,3.740000000000009,0.5428398687608177,0.01188411119218507,0.009170859691886697,0.2,-1.0,0.6061167120933533,0.8116379976272583,0.06665243208408356,False,21
2,7.935163291003846,3.740000000000009,0.5428398687608177,0.01188411119218507,0.009170859691886697,0.24994968660349928,-0.7502515669825036,0.6061167120933533,0.8116379976272583,0.06665243208408356,False,21
2,8.049147156001709,3.8419999999999845,0.5583326263237051,0.01199295335919882,0.008591817033055865,0.30446619552271115,0.4776690223864444,0.607489287853241,0.8098832964897156,0.06760342419147491,False,21
2,8.14991844999895,3.8419999999999845,0.5583326263237051,0.01199295335919882,0.008591817033055865,0.4,0.04605403427205906,0.607489287853241,0.8098832964897156,0.06760342419147491,False,21
2,8.260223871999187,3.944000000000017,0.5750430156915542,0.012143898469712882,0.008643163203309968,0.20436114808854544,-0.9781942595572729,0.6059693694114685,0.8070358037948608,0.0667429119348526,False,20
2,8.361261459998786,3.944000000000017,0.5750430156915542,0.012143898469712882,0.008643163203309968,0.4,0.06195437775369261,0.6059693694114685,0.8070358037948608,0.0667429119348526,False,20
2,8.478994582001178,4.045999999999992,0.5919124577977477,0.012287709735713666,0.00849824929122796,0.2,1.0,0.6055006384849548,0.8054078221321106,0.06561912596225739,False,20
2,8.579756922001252,4.045999999999992,0.5919124577977477,0.012287709735713666,0.00849824929122796,0.36437200057172836,0.17813999714135811,0.6055006384849548,0.8054078221321106,0.06561912596225739,False,20
2,8.693687637001858,4.148000000000025,0.6081766815175144,0.012266284709691802,0.011813987577183875,0.2,-1.0,0.6045932769775391,0.8039563298225403,0.0659707635641098,False,21
2,8.794732248003129,4.148000000000025,0.6081766815175144,0.012266284709691802,0.011813987577183875,0.279154583705531,-0.6042270814723453,0.6045932769775391,0.8039563298225403,0.0659707635641098,False,21
2,8.906436206001672,4.25,0.6240056695464664,0.012465529789715385,0.010487920314339575,0.214411323707593,0.927943381462035,0.6112181544303894,0.8043459057807922,0.06673473119735718,False,20
2,9.007517919999373,4.25,0.6240056695464664,0.012465529789715385,0.010487920314339575,0.34328909101131977,0.28355454494340115,0.6112181544303894,0.8043459057807922,0.06673473119735718,False,20
2,9.116516831003537,4.352000000000032,0.6395428929146396,0.01256516543771443,0.012512854092472265,0.2,-1.0,0.5887741446495056,0.802869439125061,0.06607471406459808,False,21
2,9.217903103002755,4.352000000000032,0.6395428929146396,0.01256516543771443,0.012512854092472265,0.2971249347679842,-0.5143753261600793,0.5887741446495056,0.802869439125061,0.06607471406459808,False,21
2,9.33612127500237,4.454000000000008,0.6547816408376778,0.012929130222064876,0.008966764541227702,0.4,0.07873548121943896,0.5974791646003723,0.8013728260993958,0.06547181308269501,False,19
2,9.43723842199688,4.454000000000008,0.6547816408376778,0.012929130222064876,0.008966764541227702,0.2866600692450673,0.5666996537746634,0.5974791646003723,0.8013728260993958,0.06547181308269501,False,19
2,9.549632631998975,4.555999999999983,0.6707305747831579,0.013261456217394328,0.006356108702623087,0.32434659453878645,-0.37826702730606804,0.6025508642196655,0.7986282110214233,0.06441761553287506,False,21
2,9.650541768998664,4.555999999999983,0.6707305747831579,0.013261456217394328,0.006356108702623087,0.2503933662799753,0.7480331686001234,0.6025508642196655,0.7986282110214233,0.06441761553287506,False,21
2,9.75756784999976,4.6580000000000155,0.6855677623311832,0.013693609812205219,0.00228493636378669,0.3722242860976887,0.1388785695115566,0.6020730137825012,0.7956572771072388,0.06389567255973816,False,21
2,9.858691537003324,4.6580000000000155,0.6855677623311832,0.013693609812205219,0.00228493636378669,0.3100922112080551,-0.4495389439597247,0.6020730137825012,0.7956572771072388,0.06389567255973816,False,21
2,9.974116864003008,4.759999999999991,0.7010833273995203,0.013763524126050891,0.001038217544675326,0.4,0.03268292182522428,0.6017051935195923,0.7925502061843872,0.06286066770553589,False,19
2,10.07490555899858,4.759999999999991,0.7010833273995203,0.013763524126050891,0.001038217544675326,0.24410897945273186,0.7794551027363409,0.6017051935195923,0.7925502061843872,0.06286066770553589,False,19
2,10.185815146003733,4.862000000000023,0.7167822724917124,0.013907433695316744,-0.00016483139704607963,0.4,0.037093444198760935,0.6011270880699158,0.7897318601608276,0.061725467443466187,False,20
2,10.287302507997083,4.862000000000023,0.7167822724917124,0.013907433695316744,-0.00016483139704607963,0.4,0.02549555829839141,0.6011270880699158,0.7897318601608276,0.061725467443466187,False,20
2,10.40018577400042,4.963999999999999,0.7334591676128114,0.013842680272887474,0.0010032860888197278,0.37321538406091403,0.13392307969542974,0.5999659895896912,0.7910043001174927,0.06175464391708374,False,20
2,10.500980561002507,4.963999999999999,0.7334591676128114,0.013842680272887474,0.0010032860888197278,0.35292235202027017,-0.23538823989864935,0.5999659895896912,0.7910043001174927,0.06175464391708374,False,20
2,10.631678701996861,5.031999999999982,0.7442593819180167,0.013667458809502217,0.0028552404178257477,0.2986400012344686,0.5067999938276571,0.5832575559616089,0.7889603972434998,0.06113612651824951,False,21
2,10.743994527998439,5.066000000000031,0.7493013466302816,0.013683347246181313,0.0031126619045803226,0.35295940302271234,0.23520298488643826,0.5832575559616089,0.7889603972434998,0.06113612651824951,False,21
2,10.849726328997349,5.1340000000000146,0.7593810850242709,0.013408904894549267,0.007784516894011473,0.2,-1.0,0.5929062366485596,0.7852115631103516,0.05968587100505829,False,21
2,10.95852625399857,5.168000000000006,0.7644499717616006,0.013412637136088418,0.008166593879173803,0.4,-0.049466897227848694,0.5929062366485596,0.7852115631103516,0.05968587100505829,False,21
2,11.066188949997013,5.23599999999999,0.7743479676769407,0.013490034897920715,0.007761473935417645,0.4,-0.04260714215969103,0.5990245938301086,0.7818524241447449,0.05954770743846893,False,21
2,11.169018695996783,5.269999999999982,0.7794285639491186,0.013680090051316825,0.005258826757276041,0.35645422293920226,0.21772888530398865,0.5990245938301086,0.7818524241447449,0.05954770743846893,False,21
2,11.279897922999226,5.338000000000022,0.7904410299570152,0.013911547745315197,0.00302474293523351,0.3668109537686666,-0.16594523115666684,0.6262906193733215,0.8411677479743958,0.26076021790504456,False,21
2,11.383301768997626,5.372000000000014,0.7956458502224422,0.013926836970458377,0.002698881833049655,0.4,0.013155028578677317,0.6262906193733215,0.8411677479743958,0.26076021790504456,False,21
2,11.493369764997624,5.439999999999998,0.8066501365608486,0.01406558417989766,0.0007620767514390387,0.3578007690111529,0.21099615494423565,0.6093897223472595,0.8393999934196472,0.25984808802604675,False,20
2,11.593550456003868,5.4739999999999895,0.8119508621245783,0.014080197829450568,0.0009980181352873916,0.3578007690111529,0.21099615494423565,0.6093897223472595,0.8393999934196472,0.25984808802604675,False,20
2,11.71255435799685,5.54200000000003,0.8229159222781823,0.013921731823508263,0.004199143801300561,0.2916657546863579,-0.5416712265682103,0.5973921418190002,0.7791621685028076,0.05808727443218231,False,21
2,11.814461442998436,5.576000000000022,0.8283264736769105,0.01391310281632943,0.0043961306359694245,0.4,-0.0316011248049629,0.5973921418190002,0.7791621685028076,0.05808727443218231,False,21
2,11.927667347001261,5.6440000000000055,0.8390391134475996,0.013954541239815316,0.0036722396683750657,0.4,0.022246446564228535,0.6033336520195007,0.7788819074630737,0.05822262167930603,False,20
2,12.029061829001876,5.677999999999997,0.8448024886533424,0.013980444362815923,0.0041060930383444135,0.4,-0.07087744065683321,0.6033336520195007,0.775955855846405,0.05822262167930603,False,20
2,12.142173760003061,5.745999999999981,0.8563704978563363,0.014026196100740466,0.0036801300166010215,0.3720233587924191,0.1398832060379046,0.5734447240829468,0.775955855846405,0.05722278356552124,False,21
2,12.243577428002027,5.745999999999981,0.8563704978563363,0.014026196100740466,0.0036801300166010215,0.3720233587924191,0.1398832060379046,0.5734447240829468,0.775955855846405,0.05722278356552124,False,21
2,12.36495988599927,5.848000000000013,0.8727408879616176,0.014036514705004473,0.00510902674367765,0.4,-0.02433128660647521,0.5892893671989441,0.7731926441192627,0.056552380323410034,False,21
2,12.465514214003633,5.848000000000013,0.8727408879616176,0.014036514705004473,0.00510902674367765,0.4,-0.02433128660647521,0.5892893671989441,0.7731926441192627,0.056552380323410034,False,21
2,12.5851703560038,5.949999999999989,0.889505896008789,0.014119641129151043,0.004931337641666629,0.4,0.023284928846526165,0.6105504035949707,0.7716500163078308,0.05600820481777191,False,21
2,12.712983935998636,6.018000000000029,0.900620448701213,0.01417415577070651,0.004945172046294182,0.37651378102693434,-0.11743109486532849,0.5932002067565918,0.7680325508117676,0.055316537618637085,False,21
2,12.847605709997879,6.052000000000021,0.9061428312144039,0.01420367580249477,0.004369466786898436,0.3737836805876702,0.1310815970616491,0.5932002067565918,0.7680325508117676,0.055316537618637085,False,21
2,12.962120438998681,6.153999999999996,0.922220140589171,0.014186130674586201,0.00583866691172486,0.2,-1.0,0.6251107454299927,0.7698079943656921,0.0547870397567749,False,20
2,13.062998248002259,6.153999999999996,0.922220140589171,0.014186130674586201,0.00583866691172486,0.3732499583553613,0.13375020822319358,0.6251107454299927,0.7698079943656921,0.0547870397567749,False,20
2,13.171379860999878,6.256000000000029,0.9374534554481823,0.014183043173322977,0.007987161169787664,0.34861070954151957,-0.2569464522924023,0.629589319229126,0.7704997062683105,0.054036349058151245,False,21
2,13.272455286998593,6.256000000000029,0.9374534554481823,0.014183043173322977,0.007987161169787664,0.23398567806947815,-0.8300716096526093,0.629589319229126,0.7704997062683105,0.054036349058151245,False,21
2,13.390938527001708,6.358000000000004,0.9522615426013359,0.014276144868568482,0.007747773213902999,0.3340777529757023,0.32961123512148854,0.6249570250511169,0.7734574675559998,0.053610265254974365,False,21
2,13.491763063997496,6.358000000000004,0.9522615426013359,0.014276144868568482,0.007747773213902999,0.4,-0.04622991984301317,0.6249570250511169,0.7734574675559998,0.053610265254974365,False,21
2,13.607279980002204,6.4599999999999795,0.9671714992631444,0.013710252741675134,0.018220340084927678,0.22675348083395735,-0.8662325958302132,0.6200261116027832,0.7750031352043152,0.053201839327812195,False,21
2,13.708119406997866,6.4599999999999795,0.9671714992631444,0.013710252741675134,0.018220340084927678,0.2,-1.0,0.6200261116027832,0.7750031352043152,0.053201839327812195,False,21
2,13.819330373000412,6.562000000000012,0.9812193909879638,0.01393810647828192,0.01801745026749709,0.30473429113749584,0.476328544312521,0.6311019062995911,0.796589732170105,0.05325065553188324,False,21
2,13.920528410999395,6.562000000000012,0.9812193909879638,0.01393810647828192,0.01801745026749709,0.3613385198162068,0.1933074009189661,0.6311019062995911,0.796589732170105,0.05325065553188324,False,21
2,14.048078097999678,6.6299999999999955,0.9911908736874852,0.01363193481892239,0.02528656065808327,0.20316431562592477,-0.9841784218703762,0.6617758870124817,0.7981584668159485,0.05269715189933777,False,21
2,14.160127695002302,6.663999999999987,0.9959283177353766,0.01339164398192442,0.029907914592854253,0.4,-0.09932496532836659,0.6617758870124817,0.7981584668159485,0.05269715189933777,False,21
2,14.263974770001369,6.732000000000028,1.0057967867020818,0.013641206160946558,0.030238956487213135,0.4,0.01761375877300824,0.6532101631164551,0.830986499786377,0.24550798535346985,False,20
2,14.375108783999167,6.7660000000000196,1.010583679602915,0.013792513738085398,0.029955964682667896,0.4,0.05772693896716527,0.6532101631164551,0.830986499786377,0.24550798535346985,False,20
2,14.479942291000043,6.834000000000003,1.0215160651466173,0.014126527730376285,0.03003654237989258,0.3683910991081374,-0.15804450445931323,0.6522219181060791,0.8267848491668701,0.24535754323005676,False,19
2,14.5847984610009,6.867999999999995,1.0267632618344555,0.01428654870305347,0.029906612056494454,0.4,-0.06864290322621898,0.6522219181060791,0.8267848491668701,0.24535754323005676,False,19
2,14.693418852999457,6.935999999999979,1.0377066363216194,0.01469359140623871,0.027990616702323685,0.37884372481962125,0.10578137590189379,0.656252920627594,0.8266453742980957,0.24385955929756165,False,21
2,14.794941455002117,6.970000000000027,1.0429623381325546,0.014911556158179937,0.026990830677270754,0.4,-0.05136511668836355,0.656252920627594,0.8266453742980957,0.24385955929756165,False,21
2,14.903648462001001,7.038000000000011,1.0541472874381947,0.01523172871725839,0.027244890290441796,0.3589890108596863,-0.20505494570156851,0.6327641606330872,0.8187505602836609,0.2396099865436554,False,21
2,15.00435167500109,7.072000000000003,1.0594551606642373,0.015379723316898245,0.027136586868962868,0.35031206790435454,-0.24843966047822724,0.6327641606330872,0.8187505602836609,0.2396099865436554,False,21
2,15.116603157002828,7.139999999999986,1.0698750285319583,0.016179926744597964,0.01975541370073267,0.2,1.0,0.632354199886322,0.8151912689208984,0.24095574021339417,False,20
2,15.220893060002709,7.173999999999978,1.0745090578709837,0.016624275948544976,0.015123615829859834,0.349927616095912,0.25036191952044007,0.632354199886322,0.8151912689208984,0.24095574021339417,False,20
2,15.334102412998618,7.242000000000019,1.0839077777637736,0.016803409216584467,0.01556028742952274,0.3090359428786191,-0.4548202856069048,0.6248947978019714,0.8161844611167908,0.2397342026233673,False,21
2,15.43459730700124,7.242000000000019,1.0839077777637736,0.016803409216584467,0.01556028742952274,0.3090359428786191,-0.4548202856069048,0.6248947978019714,0.8161844611167908,0.2397342026233673,False,21
2,15.555276633000176,7.343999999999994,1.099592146501967,0.01720662038896222,0.012147165437374931,0.3312423958228644,0.34378802088567795,0.6400928497314453,0.8126257658004761,0.2382579743862152,False,20
2,15.655797252999037,7.343999999999994,1.099592146501967,0.01720662038896222,0.012147165437374931,0.3312423958228644,0.34378802088567795,0.6400928497314453,0.8126257658004761,0.2382579743862152,False,20
2,15.780420928997046,7.446000000000026,1.1151881623069118,0.017526037118052645,0.011229097639349376,0.4,0.0873864064400955,0.6474377512931824,0.8135039806365967,0.23684033751487732,False,19
2,15.880544947001908,7.446000000000026,1.1151881623069118,0.017526037118052645,0.011229097639349376,0.4,0.0873864064400955,0.6474377512931824,0.8135039806365967,0.23684033751487732,False,19
2,16.00058505099878,7.548000000000002,1.1316435646327774,0.01760457458162212,0.012946377570606618,0.34601383642217765,-0.2699308178891118,0.6529393792152405,0.8147156834602356,0.23892781138420105,False,21
2,16.102635734001524,7.581999999999994,1.1369267609425115,0.017625221347487348,0.013611971140793391,0.4,-0.06829246579477682,0.6529393792152405,0.8173782825469971,0.23892781138420105,False,21
2,16.218663022002147,7.649999999999977,1.147772641674193,0.017772155824909104,0.012412666944218933,0.3460781845626079,0.26960907718696053,0.6372371315956116,0.8173782825469971,0.23652726411819458,False,21
2,16.31975498900283,7.684000000000026,1.153051016030182,0.017853763272054925,0.012227540689400383,0.3460781845626079,0.26960907718696053,0.6372371315956116,0.8173782825469971,0.23652726411819458,False,21
2,16.43827027399675,7.7520000000000095,1.1634908553754266,0.01777425416968253,0.016055276995241282,0.20037445824214567,-0.9981277087892717,0.6406211853027344,0.8262650370597839,0.23464840650558472,False,19
2,16.539739266998367,7.7520000000000095,1.1634908553754266,0.01777425416968253,0.016055276995241282,0.20037445824214567,-0.9981277087892717,0.6370524168014526,0.8262650370597839,0.23464840650558472,False,19
2,16.658989069997915,7.853999999999985,1.1779862890986081,0.01803474060942918,0.014542972766207883,0.34835267546107024,0.25823662269464875,0.6370524168014526,0.8340462446212769,0.2342141568660736,False,19
2,16.79240980600298,7.9220000000000255,1.187610892560593,0.01843549976491501,0.011271165397744976,0.32140755639812923,-0.3929622180093538,0.6390983462333679,0.8423052430152893,0.23299938440322876,False,21
2,16.9286977619995,7.956000000000017,1.1924509643489238,0.0187055043612276,0.008022549560989823,0.23465121280211512,0.8267439359894244,0.6390983462333679,0.8423052430152893,0.23299938440322876,False,21
2,17.062256304001494,8.057999999999993,1.207095899205241,0.019271923373131973,0.0023148599698788654,0.2,-1.0,0.6146427392959595,0.7958018779754639,0.04077179729938507,False,21
2,17.163067818000854,8.057999999999993,1.207095899205241,0.019271923373131973,0.0023148599698788654,0.23821630963062193,-0.8089184518468905,0.6146427392959595,0.7958018779754639,0.04077179729938507,False,21
2,17.290623842003697,8.160000000000025,1.2210783591182413,0.01943311794394726,-0.0007400710668724735,0.31114829671861904,0.44425851640690495,0.6773627400398254,0.8569223284721375,0.23140287399291992,False,21
2,17.391788326996902,8.160000000000025,1.2210783591182413,0.01943311794394726,-0.0007400710668724735,0.35725888178160115,0.21370559109199444,0.6773627400398254,0.8569223284721375,0.23140287399291992,False,21
2,17.505702182999812,8.262,1.2361527798672542,0.01925484822161403,0.0023704251993568,0.2,-1.0,0.6932414174079895,0.860235869884491,0.23028120398521423,False,21
2,17.606307736001327,8.262,1.2361527798672542,0.01925484822161403,0.0023704251993568,0.33198610062405665,-0.3400694968797169,0.6932414174079895,0.860235869884491,0.23028120398521423,False,21
2,17.726759862998733,8.364000000000033,1.2506210351058515,0.01972101642735683,-0.004391356430521322,0.2407983755104866,0.796008122447567,0.6808680295944214,0.8575888872146606,0.2296455204486847,False,21
2,17.827696175998426,8.364000000000033,1.2506210351058515,0.01972101642735683,-0.004391356430521322,0.2004453994033596,0.9977730029832022,0.6808680295944214,0.8575888872146606,0.2296455204486847,False,21
2,17.956406628996774,8.432000000000016,1.2604612875028287,0.019711241036066966,-0.004446683441139927,0.3232007370153212,-0.38399631492339403,0.6820595860481262,0.8597003221511841,0.23393255472183228,False,21
2,18.056927598001494,8.432000000000016,1.2604612875028287,0.019711241036066966,-0.004446683441139927,0.3232007370153212,-0.38399631492339403,0.6820595860481262,0.8597003221511841,0.23393255472183228,False,21
2,18.178971239998646,8.533999999999992,1.2756970632856688,0.020210088007743085,-0.012815919042355687,0.2,1.0,0.6763063669204712,0.8624073266983032,0.23398110270500183,False,20
2,18.27945815899875,8.533999999999992,1.2756970632856688,0.020210088007743085,-0.012815919042355687,0.2,1.0,0.6763063669204712,0.8624073266983032,0.23398110270500183,False,20
2,18.408645465002337,8.636000000000024,1.2909376843008933,0.02005170596057013,-0.012802525468608845,0.4,-0.04316597961831435,0.7255460619926453,0.8632624745368958,0.2337813675403595,False,20
2,18.50914011900022,8.636000000000024,1.2909376843008933,0.02005170596057013,-0.012802525468608845,0.4,-0.04316597961831435,0.7255460619926453,0.8632624745368958,0.2337813675403595,False,20
2,18.638228151001385,8.738,1.3078946332052124,0.019913418899991504,-0.013933651236560395,0.3757743604678363,-0.12112819766081864,0.7086880803108215,0.8622906804084778,0.23423078656196594,False,21
2,18.738822268001968,8.738,1.3078946332052124,0.019913418899991504,-0.013933651236560395,0.3757743604678363,-0.12112819766081864,0.7086880803108215,0.8622906804084778,0.23423078656196594,False,21
2,18.88478342899907,8.840000000000032,1.3244403472424442,0.01969696732255463,-0.014439267758222464,0.4,-0.09518001887539983,0.7056646943092346,0.8651503324508667,0.2376095950603485,False,21
2,18.98566448400379,8.840000000000032,1.3244403472424442,0.01969696732255463,-0.014439267758222464,0.4,-0.09518001887539983,0.7056646943092346,0.8651503324508667,0.2376095950603485,False,21
2,19.117831280003884,8.942000000000007,1.341249392264547,0.019452865171718927,-0.0143545293482759,0.3786333346030326,-0.10683332698483722,0.6959711313247681,0.8662444353103638,0.23511603474617004,False,19
2,19.218405218001863,8.942000000000007,1.341249392264547,0.019452865171718927,-0.0143545293482759,0.3786333346030326,-0.10683332698483722,0.6959711313247681,0.8662444353103638,0.23511603474617004,False,19
2,19.34288843700051,9.043999999999983,1.3578157544043816,0.01923370782985848,-0.014699007805332124,0.4,0.07200434446330742,0.670529842376709,0.8634399175643921,0.23660129308700562,False,21
2,19.44343175499671,9.043999999999983,1.3578157544043816,0.01923370782985848,-0.014699007805332124,0.4,0.07200434446330742,0.670529842376709,0.8634399175643921,0.23660129308700562,False,21
2,19.564223681998556,9.146000000000015,1.3742289986853002,0.018956957742745844,-0.013628471263133232,0.4,-0.008029656906885507,0.657467246055603,0.866226851940155,0.2351268231868744,False,20
2,19.66470333199686,9.146000000000015,1.3742289986853002,0.018956957742745844,-0.013628471263133232,0.4,-0.008029656906885507,0.657467246055603,0.866226851940155,0.2351268231868744,False,20
2,19.79021749200183,9.24799999999999,1.3902163704809032,0.01849813354417195,-0.009967598459468034,0.37881688843163136,-0.10591555784184335,0.6724091172218323,0.8659022450447083,0.2363424003124237,False,21
2,19.892915800999617,9.281999999999982,1.3955390151335176,0.018434301720223978,-0.01024768750839027,0.36336581284876435,0.18317093575617843,0.6896037459373474,0.8659022450447083,0.2363424003124237,False,21
2,20.008428788001765,9.350000000000023,1.4063076267119474,0.018322789118612622,-0.009858810995845022,0.37390167209596187,-0.13049163952019066,0.6896037459373474,0.8659971952438354,0.2403257191181183,False,20
2,20.13945575300022,9.418000000000006,1.4163464916492197,0.01820787526751962,-0.009908274256686337,0.36374941179343856,0.18125294103280734,0.68006432056427,0.870968222618103,0.2663354277610779,False,20
2,20.274403363997408,9.451999999999998,1.42163395991168,0.018008743175692628,-0.007496817299668484,0.2524331358916568,-0.7378343205417163,0.68006432056427,0.870968222618103,0.2663354277610779,False,20
2,20.395239739002136,9.55400000000003,1.4363732724974032,0.017868123940627523,-0.00762160858515038,0.3009127701423939,0.4954361492880307,0.6455931663513184,0.8108622431755066,0.06908349692821503,False,20
2,20.49632966399804,9.55400000000003,1.4363732724974032,0.017868123940627523,-0.00762160858515038,0.3713651230566462,0.14317438471676897,0.6455931663513184,0.8108622431755066,0.06908349692821503,False,20
2,20.616855102001864,9.656000000000006,1.4513064673856348,0.017298021499216592,-0.0002529670499711275,0.3158899177956992,-0.42055041102150414,0.6283877491950989,0.8081129193305969,0.06829749047756195,False,20
2,20.717923185999098,9.656000000000006,1.4513064673856348,0.017298021499216592,-0.0002529670499711275,0.2952761897761696,-0.5236190511191521,0.6283877491950989,0.8081129193305969,0.06829749047756195,False,20
2,20.829602047000662,9.757999999999981,1.4659162773246162,0.017424095800974843,-0.0032587022463227977,0.24006859379589685,0.7996570310205158,0.6108269095420837,0.8087508678436279,0.06660322844982147,False,21
2,20.93074949199945,9.757999999999981,1.4659162773246162,0.017424095800974843,-0.0032587022463227977,0.23569421229435808,0.8215289385282095,0.6108269095420837,0.8087508678436279,0.06660322844982147,False,21
2,21.04314595500182,9.860000000000014,1.4807296082105867,0.01739851494386319,-0.0031275970024083415,0.3670912162719532,0.1645439186402343,0.6100454330444336,0.8087993860244751,0.06455768644809723,False,20
2,21.144068695000897,9.860000000000014,1.4807296082105867,0.01739851494386319,-0.0031275970024083415,0.3551108596643346,0.22444570167832714,0.6100454330444336,0.8087993860244751,0.06455768644809723,False,20
2,21.252029959003266,9.961999999999989,1.495647099324082,0.017315887139321168,-0.0023640027820451943,0.3065925961105025,-0.46703701944748743,0.6289162635803223,0.8093606233596802,0.06257863342761993,False,21
2,21.353069097000116,9.961999999999989,1.495647099324082,0.017315887139321168,-0.0023640027820451943,0.4,0.03673454998110047,0.6289162635803223,0.8093606233596802,0.06257863342761993,False,21
2,21.48611654600245,10.03000000000003,1.505979767565374,0.017430727131257623,-0.00499253911033872,0.3480057333583537,0.2599713332082314,0.618698239326477,0.8066401481628418,0.06008116900920868,False,20
2,21.59575175899954,10.064000000000021,1.5109943962258703,0.01758041288950275,-0.007252735260745317,0.4,0.06230693404398302,0.618698239326477,0.8066401481628418,0.06008116900920868,False,20
2,21.699498531001154,10.132000000000005,1.521282397346181,0.017527609444037896,-0.007053786498903181,0.3308928320057299,-0.34553583997135073,0.6409196257591248,0.8046663999557495,0.05844302475452423,False,19
2,21.80617463499948,10.165999999999997,1.5261603961006385,0.017492262289685617,-0.007018806231323781,0.3372738440054825,-0.3136307799725876,0.6409196257591248,0.8046663999557495,0.05844302475452423,False,19
2,21.91069453900127,10.23399999999998,1.5361841350767749,0.01789506423978682,-0.013869386958596127,0.2,1.0,0.6723600029945374,0.8112580180168152,0.05760227143764496,False,20
2,22.0153477260028,10.268000000000029,1.5407271920347438,0.01823496183513072,-0.01914449477372278,0.4,0.09316161622308448,0.6723600029945374,0.8112580180168152,0.05760227143764496,False,20
2,22.1242090070009,10.336000000000013,1.5501225964432106,0.018093751815460687,-0.01982646880807989,0.3536371638394285,-0.23181418080285754,0.6559918522834778,0.8099992871284485,0.0593491792678833,False,21
2,22.22480310499668,10.336000000000013,1.5501225964432106,0.018093751815460687,-0.01982646880807989,0.3536371638394285,-0.23181418080285754,0.6559918522834778,0.8099992871284485,0.0593491792678833,False,21
2,22.345680042999447,10.437999999999988,1.5648149727929719,0.01811301428994461,-0.023935603430773635,0.2,1.0,0.6388588547706604,0.8077932000160217,0.05948591232299805,False,20
2,22.446457912003098,10.437999999999988,1.5648149727929719,0.01811301428994461,-0.023935603430773635,0.2,1.0,0.6388588547706604,0.8077932000160217,0.05948591232299805,False,20
2,22.567289190003066,10.54000000000002,1.5794158057723857,0.017854164691074488,-0.024432337893787345,0.4,0.07661128254626426,0.6470016241073608,0.8066900968551636,0.05960564315319061,False,20
2,22.67079601900332,10.574000000000012,1.5840135079232611,0.017732861538959355,-0.024172802137153285,0.36986161165573517,0.15069194172132439,0.6470016241073608,0.8066900968551636,0.05960564315319061,False,20
2,22.784996321999643,10.641999999999996,1.5944205720566325,0.017342210060506416,-0.022149449926913763,0.335425643362915,-0.32287178318542487,0.6567185521125793,0.8074011206626892,0.05924665927886963,False,20
2,22.889305424003396,10.675999999999988,1.5993208465721944,0.017070707169837874,-0.019986354698275546,0.4,0.08005606279704366,0.6567185521125793,0.8056944608688354,0.05924665927886963,False,20
2,23.009677649999503,10.744000000000028,1.609740429966697,0.01683969724445967,-0.020183858467023648,0.3575440790698028,0.21227960465098605,0.6489511132240295,0.8056944608688354,0.05859634280204773,False,21
2,23.11029690400028,10.744000000000028,1.609740429966697,0.01683969724445967,-0.020183858467023648,0.3575440790698028,0.21227960465098605,0.6489511132240295,0.8056944608688354,0.05859634280204773,False,21
2,23.23334563199751,10.846000000000004,1.6252197995767572,0.016370674603733343,-0.017596570894127583,0.2,-1.0,0.6703760623931885,0.8043713569641113,0.057135239243507385,False,19
2,23.333992295003554,10.846000000000004,1.6252197995767572,0.016370674603733343,-0.017596570894127583,0.2,-1.0,0.6703760623931885,0.8043713569641113,0.057135239243507385,False,19
2,23.473127322002256,10.947999999999979,1.640022651500997,0.016080768715887893,-0.017823521620672446,0.4,0.008089279623549876,0.6701089143753052,0.8018105626106262,0.05582229793071747,False,21
2,23.573613275999378,10.947999999999979,1.640022651500997,0.016080768715887893,-0.017823521620672446,0.4,0.008089279623549876,0.6701089143753052,0.8018105626106262,0.05582229793071747,False,21
2,23.706644029996824,11.050000000000011,1.655420299835974,0.01580073741022661,-0.017891716346883232,0.4,-0.04474111034164907,0.6689626574516296,0.7990092039108276,0.05456365644931793,False,21
2,23.807327196002007,11.050000000000011,1.655420299835974,0.01580073741022661,-0.017891716346883232,0.4,-0.04474111034164907,0.6689626574516296,0.7990092039108276,0.05456365644931793,False,21
2,23.940968219998467,11.151999999999987,1.6719634619672425,0.015501687170057394,-0.018267732187866714,0.4,-0.019055073172698,0.6521746516227722,0.8006531000137329,0.05408543348312378,False,19
2,24.041741492001165,11.151999999999987,1.6719634619672425,0.015501687170057394,-0.018267732187866714,0.4,-0.019055073172698,0.6521746516227722,0.8006531000137329,0.05408543348312378,False,19
2,24.167485621001106,11.254000000000019,1.6883511952058492,0.015221258487189733,-0.01815441768612307,0.3703348308021188,-0.1483258459894061,0.66727215051651,0.797630786895752,0.05311928689479828,False,21
2,24.271758251998108,11.254000000000019,1.6883511952058492,0.015221258487189733,-0.01815441768612307,0.3703348308021188,-0.1483258459894061,0.66727215051651,0.7952107191085815,0.05311928689479828,False,21
2,24.39217415999883,11.355999999999995,1.7047095482629813,0.015016742592995775,-0.019908936018069853,0.3324332086619169,0.3378339566904157,0.6520562171936035,0.7952107191085815,0.052209824323654175,False,20
2,24.49596293200011,11.389999999999986,1.7099933603516284,0.014934958653808204,-0.019708427342031425,0.3324332086619169,0.3378339566904157,0.6437760591506958,0.7930067777633667,0.05111639201641083,False,21
2,24.61478314299893,11.458000000000027,1.7203001654959174,0.014447188498294525,-0.015273870164415804,0.2,-1.0,0.6437760591506958,0.7930067777633667,0.05111639201641083,False,21
2,24.74815212300018,11.52600000000001,1.7302537252152754,0.014264375920654234,-0.015404685478658527,0.28282044793735106,-0.5858977603132447,0.6675025820732117,0.7901501655578613,0.0503292977809906,False,21
2,24.883326565999596,11.560000000000002,1.7349423466066523,0.01438059179378181,-0.018355272692418184,0.23683970892801548,0.8158014553599227,0.6675025820732117,0.7901501655578613,0.0503292977809906,False,21
2,24.99171963200206,11.661999999999978,1.7500622948538769,0.014296992621338543,-0.020537122142005693,0.4,0.02841064251779589,0.6665858030319214,0.7902327179908752,0.050251975655555725,False,21
2,25.092364386000554,11.661999999999978,1.7500622948538769,0.014296992621338543,-0.020537122142005693,0.2878037192548288,-0.5609814037258563,0.6665858030319214,0.7902327179908752,0.050251975655555725,False,21
2,25.203690082998946,11.76400000000001,1.7658750389677567,0.014012846466738633,-0.021710193768378922,0.4,-0.015110136716652192,0.6653374433517456,0.7884892225265503,0.05000708997249603,False,20
2,25.304464833003294,11.76400000000001,1.7658750389677567,0.014012846466738633,-0.021710193768378922,0.2466979021152068,0.766510489423966,0.6653374433517456,0.7884892225265503,0.05000708997249603,False,20
2,25.43569590200059,11.831999999999994,1.7768379241580612,0.013914218517994651,-0.02323477966350487,0.4,0.027328439040585385,0.6862788200378418,0.7911413908004761,0.04970790445804596,False,21
2,25.543647639999108,11.865999999999985,1.7818504194237788,0.01379858482089879,-0.02279668726738671,0.4,0.06133456808714525,0.6862788200378418,0.7911413908004761,0.04970790445804596,False,21
2,25.649188829003833,11.934000000000026,1.7931334025710293,0.013531783266136256,-0.02237173873966446,0.37696246713913784,0.11518766430431111,0.6856268048286438,0.7895351648330688,0.04962243139743805,False,20
2,25.758917642997403,11.968000000000018,1.7984659615520027,0.013386441347606633,-0.021991873269505073,0.3645977224528623,0.17701138773568845,0.6856268048286438,0.7895351648330688,0.04962243139743805,False,20
2,25.86629305400129,12.036000000000001,1.8092866130429233,0.012779689806484048,-0.01696946605239883,0.2,-1.0,0.6819015741348267,0.7914857268333435,0.0491299033164978,False,21
2,25.972135648000403,12.069999999999993,1.8145610897601228,0.01266538008630591,-0.016954893491755663,0.3682183073778556,-0.15890846311072213,0.6819015741348267,0.7914857268333435,0.0491299033164978,False,21
2,26.081965880002826,12.138000000000034,1.8244152319340832,0.012490945027799743,-0.017217678099222904,0.33283953536502126,-0.3358023231748939,0.6825477480888367,0.7951266169548035,0.04835052788257599,False,20
2,26.184299692999048,12.172000000000025,1.8290293230685244,0.01241514521054386,-0.017327351371696127,0.31428920090930446,-0.4285539954534778,0.6825477480888367,0.7958101630210876,0.04835052788257599,False,20
2,26.288496514003782,12.240000000000009,1.8384343853081098,0.012994145134737518,-0.027398652710052335,0.2,1.0,0.672869086265564,0.7958101630210876,0.048000916838645935,False,21
2,26.389803521997237,12.274000000000001,1.842621078025556,0.013507847544155365,-0.03558152872434796,0.3304616577257171,0.3476917113714145,0.672869086265564,0.7958101630210876,0.048000916838645935,False,21
2,26.50363666300109,12.341999999999985,1.850969546488858,0.013446685141796574,-0.038876086690877325,0.36313120494921414,0.1843439752539292,0.7156583070755005,0.8589392900466919,0.25706052780151367,False,20
2,26.60432165000384,12.376000000000033,1.8552014619035022,0.013190765347887209,-0.03663426228347265,0.36959234119972345,-0.15203829400138294,0.7156583070755005,0.856569766998291,0.2558310329914093,False,20
2,26.7135760040037,12.444000000000017,1.864922219495974,0.01268556723043191,-0.034221643783452924,0.36106722832204197,0.1946638583897901,0.7200632095336914,0.856569766998291,0.2558310329914093,False,20
2,26.813715563002916,12.478000000000009,1.8695041423623053,0.012502619860243477,-0.03375851246924822,0.3592100021349105,0.2039499893254475,0.7200632095336914,0.7874839305877686,0.2558310329914093,False,20
2,26.925892309001938,12.545999999999992,1.8796754046572808,0.011849777959919892,-0.029440660493269277,0.23796749290785538,-0.8101625354607231,0.6904476881027222,0.7874839305877686,0.047662004828453064,False,21
2,27.051893231997383,12.614000000000033,1.8891855826112123,0.011261771459313433,-0.025410234040738566,0.37459296855483215,-0.12703515722583944,0.6834588646888733,0.7868977785110474,0.046942681074142456,False,21
2,27.186606094001036,12.648000000000025,1.8943525577534568,0.01112662744410717,-0.025597004727950165,0.3326577158880193,0.33671142055990355,0.6834588646888733,0.7868977785110474,0.046942681074142456,False,21
2,27.302425185000175,12.75,1.909085827671344,0.010268739957540267,-0.017992394013506552,0.33529791358420546,0.3235104320789728,0.667303204536438,0.7843946814537048,0.046779558062553406,False,21
2,27.40371463500196,12.75,1.909085827671344,0.010268739957540267,-0.017992394013506552,0.2,-1.0,0.667303204536438,0.7843946814537048,0.046779558062553406,False,21
2,27.520468852002523,12.852000000000032,1.923713409440073,0.009532188079607413,-0.011969814833467403,0.2,1.0,0.6815902590751648,0.7815982103347778,0.04591910541057587,False,21
2,27.62150081800064,12.852000000000032,1.923713409440073,0.009532188079607413,-0.011969814833467403,0.2576374637302477,0.7118126813487615,0.6815902590751648,0.7815982103347778,0.04591910541057587,False,21
2,27.73517566800001,12.954000000000008,1.9378614761758945,0.008967747975253152,-0.005101497238978645,0.2,-1.0,0.679498553276062,0.7783839106559753,0.04571366310119629,False,21
2,27.83628055099689,12.954000000000008,1.9378614761758945,0.008967747975253152,-0.005101497238978645,0.2,-1.0,0.679498553276062,0.7783839106559753,0.04571366310119629,False,21
2,27.9578696690005,13.055999999999983,1.9526348610851225,0.00885932327828993,-0.005211100473120193,0.2,1.0,0.6802172660827637,0.775662362575531,0.04546162486076355,False,21
2,28.058635401001084,13.055999999999983,1.9526348610851225,0.00885932327828993,-0.005211100473120193,0.3521295211374298,0.2393523943128513,0.6802172660827637,0.775662362575531,0.04546162486076355,False,21
2,28.176690114996745,13.158000000000015,1.967203391436024,0.008424765450813124,0.0002408032704178332,0.36688206569951537,-0.1655896715024232,0.6994888782501221,0.7770867347717285,0.04492853581905365,False,21
2,28.277516987000126,13.158000000000015,1.967203391436024,0.008424765450813124,0.0002408032704178332,0.2,-1.0,0.6994888782501221,0.7770867347717285,0.04492853581905365,False,21
2,28.39423520299897,13.259999999999991,1.9818158444571825,0.008327703605399795,0.001493084859850808,0.346869234378418,0.2656538281079103,0.690362811088562,0.7764072418212891,0.045222148299217224,False,19
2,28.495300574002613,13.259999999999991,1.9818158444571825,0.008327703605399795,0.001493084859850808,0.4,0.09339534667301681,0.690362811088562,0.7764072418212891,0.045222148299217224,False,19
2,28.615553882998938,13.362000000000023,1.997999676472527,0.007743990194416531,0.011104101635215574,0.2,-1.0,0.6759880185127258,0.7712138891220093,0.0437292605638504,False,20
2,28.716437568997208,13.362000000000023,1.997999676472527,0.007743990194416531,0.011104101635215574,0.27154443193100875,-0.6422778403449564,0.6759880185127258,0.7712138891220093,0.0437292605638504,False,20
2,28.829889838998497,13.463999999999999,2.0134201182726965,0.007887931038810095,0.011276687936710364,0.3494289498627654,0.252855250686173,0.6704158186912537,0.7674850225448608,0.04360583424568176,False,21
2,28.930993050002144,13.463999999999999,2.0134201182726965,0.007887931038810095,0.011276687936710364,0.33927746424343735,-0.3036126787828132,0.6704158186912537,0.7674850225448608,0.04360583424568176,False,21
2,29.059307686002285,13.531999999999982,2.023668619569848,0.007722466197594479,0.015142657014364676,0.4,-0.02473906631665889,0.6761061549186707,0.7678935527801514,0.043370410799980164,False,20
2,29.169531284002005,13.566000000000031,2.028882230941547,0.007631287498734964,0.017578800153564497,0.36434596353631116,-0.17827018231844433,0.6761061549186707,0.7678935527801514,0.043370410799980164,False,20
2,29.275532760002534,13.634000000000015,2.039827939812494,0.0077529187004571065,0.017893286918676064,0.3692329887705232,-0.15383505614738432,0.669590413570404,0.7748060822486877,0.04417712986469269,False,20
2,29.378563992002455,13.668000000000006,2.0447393039569666,0.00784360299874341,0.017753692855114137,0.32585630176779506,-0.37071849116102495,0.669590413570404,0.7748060822486877,0.04417712986469269,False,20
2,29.485821421003493,13.73599999999999,2.0551027356188256,0.0082923183276937,0.01399297683029958,0.36338589856821785,0.18307050715891085,0.701731264591217,0.7893050312995911,0.04302723705768585,False,21
2,29.585917996002536,13.769999999999982,2.059705259969917,0.008628518784792736,0.010411677710811479,0.3174563651847379,-0.41271817407631073,0.701731264591217,0.7893050312995911,0.04302723705768585,False,21
2,29.694935674997396,13.838000000000022,2.069218503354269,0.00904458073860394,0.006126086277521955,0.32941153691821706,0.3529423154089148,0.7274836301803589,0.8100342750549316,0.04222998023033142,False,21
2,29.7985224619988,13.872000000000014,2.0735019848959775,0.009488157100726048,0.0007017677075548937,0.3475280692456186,-0.2623596537719074,0.7274836301803589,0.8100342750549316,0.04222998023033142,False,21
2,29.910846694998327,13.939999999999998,2.0823373819755906,0.009565968684180094,-0.00039744200734865594,0.3788165167748465,-0.10591741612576766,0.7366054058074951,0.8481473326683044,0.23827818036079407,False,20
2,30.016908885001612,13.97399999999999,2.086937627657075,0.009573585358462798,2.264794937438305e-05,0.3432724325964529,-0.28363783701773543,0.7366054058074951,0.8399271965026855,0.23827818036079407,False,20
2,30.12408530600078,14.04200000000003,2.0970543625256237,0.00969277808339229,-0.002099083060014498,0.2,1.0,0.7137677073478699,0.8399271965026855,0.23809316754341125,False,21
2,30.229136629001005,14.076000000000022,2.1019897306705766,0.009708080544664937,-0.0019509597548967306,0.34070164146799864,0.29649179266000714,0.7137677073478699,0.8399271965026855,0.23809316754341125,False,21
2,30.342177669001103,14.144000000000005,2.1114258222245095,0.009570200919339003,0.0001777741650734773,0.4,0.005458400573820743,0.7129309773445129,0.8352780342102051,0.23875609040260315,False,20
2,30.44267742899683,14.144000000000005,2.1114258222245095,0.009570200919339003,0.0001777741650734773,0.4,0.005458400573820743,0.7129309773445129,0.8352780342102051,0.23875609040260315,False,20
2,30.563147298998956,14.245999999999981,2.125569978704924,0.008759072919383687,0.011742139526705485,0.2,-1.0,0.7342209815979004,0.8355950117111206,0.23697158694267273,False,21
2,30.663149690000864,14.28000000000003,2.129902779650987,0.008264551648430754,0.01885747611571908,0.4,-0.09063989554600704,0.7342209815979004,0.832033634185791,0.23711183667182922,False,21
2,30.76899702600349,14.348000000000013,2.1388729566856233,0.008208040426241296,0.022121162997028498,0.37434007179630113,0.12829964101849445,0.7255232334136963,0.832033634185791,0.23711183667182922,False,21
2,30.869201344998146,14.382000000000005,2.143295955223024,0.008096988845648795,0.024843996462222902,0.37434007179630113,0.12829964101849445,0.7255232334136963,0.832033634185791,0.23711183667182922,False,21
2,30.9887584110038,14.449999999999989,2.153210324609702,0.007796400643182092,0.03256825856513934,0.2,-1.0,0.7222078442573547,0.8355539441108704,0.23481795191764832,False,21
2,31.11168845600332,14.518000000000029,2.162314715961295,0.0076719152983365825,0.03842228355413003,0.4,-0.004210502489266479,0.7376049757003784,0.8321378827095032,0.23477134108543396,False,21
2,31.246623578001163,14.552000000000021,2.167285666201851,0.007860396771293118,0.03852628560855014,0.239586242691929,0.8020687865403551,0.7376049757003784,0.8321378827095032,0.23477134108543396,False,21
2,31.364165860002686,14.653999999999996,2.1808094131014313,0.007540619162694783,0.049743416805351756,0.2,-1.0,0.7203287482261658,0.8338621258735657,0.2351263463497162,False,19
2,31.464795152001898,14.653999999999996,2.1808094131014313,0.007540619162694783,0.049743416805351756,0.2,-1.0,0.7203287482261658,0.8338621258735657,0.2351263463497162,False,19
2,31.580446906998986,14.756000000000029,2.1942089903271804,0.008015486609207314,0.05199341122789574,0.3242938480309905,0.3785307598450478,0.7201911211013794,0.8340535163879395,0.2324521839618683,False,21
2,31.68154530400352,14.756000000000029,2.1942089903271804,0.008015486609207314,0.05199341122789574,0.344956828892824,0.27521585553588035,0.7201911211013794,0.8340535163879395,0.2324521839618683,False,21
2,31.792458541996893,14.858000000000004,2.2088983923592838,0.008310800078307477,0.05925444371206949,0.2,-1.0,0.7278516888618469,0.8405177593231201,0.23302817344665527,False,21
2,31.893284523001057,14.858000000000004,2.2088983923592838,0.008310800078307477,0.05925444371206949,0.24169303756182164,-0.791534812190892,0.7278516888618469,0.8405177593231201,0.23302817344665527,False,21
2,32.01641821699741,14.95999999999998,2.2225556685533094,0.009641307716312851,0.050944847290327194,0.34136953167046125,0.293152341647694,0.7225325703620911,0.8496544361114502,0.23284751176834106,False,21
2,32.117446345000644,14.95999999999998,2.2225556685533094,0.009641307716312851,0.050944847290327194,0.2,1.0,0.7225325703620911,0.8496544361114502,0.23284751176834106,False,21
2,32.23283814400202,15.062000000000012,2.2358187776607914,0.01049707231781641,0.048130869635662245,0.2,-1.0,0.7314605712890625,0.8526727557182312,0.23088961839675903,False,21
2,32.3336546319988,15.062000000000012,2.2358187776607914,0.01049707231781641,0.048130869635662245,0.3111102028708512,-0.44444898564574387,0.7314605712890625,0.8526727557182312,0.23088961839675903,False,21
2,32.453703320003115,15.163999999999987,2.248587687250828,0.012459320993232312,0.029419615860440618,0.2,1.0,0.7418602705001831,0.8580624461174011,0.23257777094841003,False,19
2,32.55448616800277,15.163999999999987,2.248587687250828,0.012459320993232312,0.029419615860440618,0.2,1.0,0.7418602705001831,0.8580624461174011,0.23257777094841003,False,19
2,32.68241940600274,15.232000000000028,2.2565442235576865,0.012893512832903678,0.027118141403833663,0.2,-1.0,0.7437722682952881,0.8689738512039185,0.23086419701576233,False,20
2,32.79103999400104,15.26600000000002,2.2605165477213096,0.013110217190932824,0.025114808159925187,0.2701676900032157,-0.6491615499839214,0.7437722682952881,0.8689738512039185,0.23086419701576233,False,20
2,32.89698062000389,15.334000000000003,2.268737884925224,0.01447176695869757,0.009636190227013404,0.2,1.0,0.7425891160964966,0.8729782104492188,0.2278951108455658,False,21
2,33.00152023100236,15.367999999999995,2.272345111601602,0.015495733584179527,-0.003204212804688565,0.2755940653956382,0.6220296730218091,0.7425891160964966,0.8729782104492188,0.2278951108455658,False,21
2,33.10918088199833,15.435999999999979,2.279380633851138,0.016217538028863346,-0.013365815826815572,0.30533556277776563,0.47332218611117205,0.7435487508773804,0.8704774975776672,0.22678706049919128,False,21
2,33.2133424249987,15.470000000000027,2.2831259767741474,0.016187864346048773,-0.013647759521771368,0.3522909655340188,-0.2385451723299062,0.7435487508773804,0.8704774975776672,0.22678706049919128,False,21
2,33.32057561900001,15.538000000000011,2.291292895775136,0.01608821501575749,-0.012735060112464777,0.29306026532150525,-0.5346986733924737,0.7393807172775269,0.8681118488311768,0.23006018996238708,False,20
2,33.421246732003056,15.572000000000003,2.295558009899368,0.016028000349206845,-0.013653913277947046,0.29306026532150525,-0.5346986733924737,0.7393807172775269,0.8681118488311768,0.23006018996238708,False,20
2,33.539589500003785,15.639999999999986,2.3045866728482136,0.016557280747678517,-0.022616211269104382,0.2,1.0,0.7275742292404175,0.8685990571975708,0.2298273742198944,False,19
2,33.640305986002204,15.673999999999978,2.3089026279090477,0.016928768301699697,-0.02871772576521839,0.3565281096807391,0.21735945159630443,0.7275742292404175,0.8685990571975708,0.2298273742198944,False,19
2,33.753577859999496,15.742000000000019,2.3177115311772036,0.016755965508662065,-0.02993558918934114,0.35408561362764557,0.22957193186177208,0.7145298719406128,0.8712581396102905,0.23376747965812683,False,21
2,33.854210664001585,15.742000000000019,2.3177115311772036,0.016755965508662065,-0.02993558918934114,0.35408561362764557,0.22957193186177208,0.7145298719406128,0.8712581396102905,0.23376747965812683,False,21
2,33.97397488600109,15.843999999999994,2.3324103103377056,0.016276579897653878,-0.028220826041196027,0.4,-0.09832876952906423,0.7278644442558289,0.8655818104743958,0.23226872086524963,False,20
2,34.07611241000268,15.877999999999986,2.337602493915815,0.016128074387321563,-0.028500572804073324,0.4,0.08956746504224623,0.7671535015106201,0.8655818104743958,0.23226872086524963,False,20
2,34.187116136999975,15.946000000000026,2.348928645133538,0.015804457462421907,-0.028002166281861567,0.37247817133211136,-0.1376091433394432,0.7671535015106201,0.8670954704284668,0.23536476492881775,False,21
2,34.29108468200138,15.980000000000018,2.354426572079244,0.015649517901462268,-0.028297214352716194,0.4,0.06879287549683946,0.7589078545570374,0.8670954704284668,0.23536476492881775,False,21
2,34.4035789979971,16.048000000000002,2.3654168786080545,0.015387806379955161,-0.02946043330326157,0.4,0.01761312259709269,0.7589078545570374,0.8681999444961548,0.2401217520236969,False,21
2,34.504272152997146,16.081999999999994,2.3712286744595805,0.015265473695506248,-0.0304422988155146,0.37240182046517933,0.13799089767410355,0.7553924322128296,0.8667198419570923,0.2408636510372162,False,20
2,34.618260517003364,16.149999999999977,2.382430869375183,0.014944508436643737,-0.029730158566984993,0.3546498701561346,-0.2267506492193272,0.7553924322128296,0.8667198419570923,0.2408636510372162,False,20
2,34.74598767799762,16.218000000000018,2.3927751299165245,0.014782735573757054,-0.03254612425423263,0.4,0.04717157626311276,0.7645761370658875,0.8599256873130798,0.24229097366333008,False,19
2,34.88100660999771,16.25200000000001,2.3982616423394303,0.014674700540695682,-0.03355948285105012,0.2727164720313222,0.636417639843389,0.7645761370658875,0.8599256873130798,0.24229097366333008,False,19
2,34.99643823399674,16.353999999999985,2.4131028118722284,0.014107970846215593,-0.03130787647748286,0.3602259311860323,0.19887034406983845,0.7184247374534607,0.8555202484130859,0.24286654591560364,False,21
2,35.09719500599749,16.353999999999985,2.4131028118722284,0.014107970846215593,-0.03130787647748286,0.4,-0.06356128245133416,0.7184247374534607,0.8555202484130859,0.24286654591560364,False,21
2,35.20902195799863,16.456000000000017,2.428865365921489,0.013241593274661954,-0.02587383551378923,0.2,1.0,0.7340798377990723,0.8509829640388489,0.24298790097236633,False,21
2,35.3098710560007,16.456000000000017,2.428865365921489,0.013241593274661954,-0.02587383551378923,0.34839526382080277,-0.25802368089598615,0.7340798377990723,0.8509829640388489,0.24298790097236633,False,21
2,35.421680289000506,16.557999999999993,2.443222466761407,0.012481478266950818,-0.020277102079820683,0.28183105429922956,0.5908447285038523,0.769036054611206,0.8599511384963989,0.24414196610450745,False,21
2,35.52289335800015,16.557999999999993,2.443222466761407,0.012481478266950818,-0.020277102079820683,0.2948917940341926,-0.5255410298290373,0.769036054611206,0.8599511384963989,0.24414196610450745,False,21
2,35.6349681770007,16.660000000000025,2.4573927885303166,0.011710218628291216,-0.01302414688155572,0.4,-0.03303648005706267,0.7528918981552124,0.8558171391487122,0.242929607629776,False,20
2,35.735837915002776,16.660000000000025,2.4573927885303166,0.011710218628291216,-0.01302414688155572,0.37572560559625456,0.12137197201872724,0.7528918981552124,0.8558171391487122,0.242929607629776,False,20
2,35.85574344499764,16.762,2.473409603992718,0.0111530019384846,-0.008076054880680653,0.4,-0.007314413513572732,0.7518038153648376,0.8776479363441467,0.241825133562088,False,21
2,35.95689202399808,16.762,2.473409603992718,0.0111530019384846,-0.008076054880680653,0.4,-0.07448590319605022,0.7518038153648376,0.8776479363441467,0.241825133562088,False,21
2,36.07217568199849,16.864000000000033,2.4898839727607633,0.010883670308919596,-0.005682820511321442,0.27274262255290843,0.6362868872354579,0.74888014793396,0.8738918304443359,0.23161038756370544,False,19
2,36.17300943900045,16.864000000000033,2.4898839727607633,0.010883670308919596,-0.005682820511321442,0.314152878658902,0.42923560670549,0.74888014793396,0.8738918304443359,0.23161038756370544,False,19
2,36.31042346700269,16.932000000000016,2.4997650539766347,0.010414360414147242,-0.00015036753813080927,0.23128679969985516,-0.8435660015007242,0.7415305376052856,0.8570119142532349,0.2332824170589447,False,20
2,36.4110212739979,16.932000000000016,2.4997650539766347,0.010414360414147242,-0.00015036753813080927,0.23128679969985516,-0.8435660015007242,0.7415305376052856,0.8570119142532349,0.2332824170589447,False,20
2,36.53728574900015,17.033999999999992,2.5135904481647002,0.009772060353487785,0.00932329647206184,0.3581717098048104,0.20914145097594816,0.6891240477561951,0.7995326519012451,0.061109840869903564,False,20
2,36.64633577300265,17.067999999999984,2.518084304153534,0.009680704923254553,0.011065581744737452,0.3236030450385758,0.38198477480712134,0.6891240477561951,0.7995326519012451,0.061109840869903564,False,20
2,36.75274479100335,17.136000000000024,2.5280136972962115,0.009338520933473168,0.017219966934046902,0.3296731129587991,-0.3516344352060048,0.7133778929710388,0.8045564293861389,0.0654761791229248,False,20
2,36.85355492999952,17.170000000000016,2.532430752614319,0.008953111038177898,0.023248864334450284,0.3296731129587991,-0.3516344352060048,0.7133778929710388,0.8045564293861389,0.0654761791229248,False,20
2,36.97208185400086,17.238,2.5411752852039258,0.008798152751596306,0.02805351022037651,0.35557544855050927,-0.22212275724745367,0.7397527694702148,0.8033237457275391,0.06386001408100128,False,21
2,37.074198945003445,17.27199999999999,2.54525766372178,0.008363596794883275,0.035186847234876,0.3484096205370619,0.2579518973146905,0.7397527694702148,0.8033237457275391,0.06386001408100128,False,21
2,37.18400479399861,17.340000000000032,2.554376863668685,0.007980957081032624,0.04511999625619204,0.21137234544930547,-0.9431382727534727,0.7422245740890503,0.8071988224983215,0.06141401827335358,False,21
2,37.28828466500272,17.374000000000024,2.5591298617518214,0.008163268328805921,0.04547239721224631,0.2846758544946952,0.5766207275265239,0.7422245740890503,0.8071988224983215,0.06141401827335358,False,21
2,37.40080128899717,17.442000000000007,2.568352064634762,0.008579964467833432,0.04538320908610259,0.2614853473189595,0.6925732634052026,0.7436456084251404,0.8121114373207092,0.06361322104930878,False,20
2,37.50211286600097,17.476,2.5728092889673864,0.008602398790386555,0.047683950391528444,0.2665815501114598,0.6670922494427012,0.7436456084251404,0.8121114373207092,0.06361322104930878,False,20
2,37.61708899000223,17.543999999999983,2.5815224080842456,0.007799138138678893,0.06388950429473132,0.2,-1.0,0.735484778881073,0.8086455464363098,0.06067724525928497,False,21
2,37.717130580997036,17.57800000000003,2.5856564213255564,0.007632987473967888,0.0694794041519701,0.3350459156164579,-0.32477042191771044,0.735484778881073,0.8068656921386719,0.06067724525928497,False,21
2,37.82670742399932,17.646000000000015,2.593995566622581,0.008166801609132855,0.06935711876604068,0.4,0.09225173102307221,0.7396107316017151,0.8068656921386719,0.05827873945236206,False,20
2,37.927280160998635,17.646000000000015,2.593995566622581,0.008166801609132855,0.06935711876604068,0.4,0.09225173102307221,0.7396107316017151,0.8068656921386719,0.05827873945236206,False,20
2,38.04824841400114,17.74799999999999,2.6078688144577473,0.009446361676151281,0.06385714128013985,0.4,0.01403724505243787,0.7442706823348999,0.805448055267334,0.054976657032966614,False,21
2,38.15397542699793,17.781999999999982,2.612500381706883,0.00986664387600638,0.06224021305076623,0.4,-0.08936438576787134,0.7442706823348999,0.8028324842453003,0.054976657032966614,False,21
2,38.267221146998054,17.850000000000023,2.623159415118131,0.010736996449505043,0.058952712087911203,0.4,0.007599557548162245,0.7457400560379028,0.8028324842453003,0.052415892481803894,False,20
2,38.36848096099857,17.884000000000015,2.628304029448542,0.011171789971430023,0.057169437078070796,0.334286235782844,-0.32856882108578,0.7457400560379028,0.8026641011238098,0.052415892481803894,False,20
2,38.48442521400284,17.951999999999998,2.63900082675557,0.011991192219745438,0.05413397319590699,0.3563418364936666,-0.2182908175316674,0.7305490374565125,0.8026641011238098,0.05019567906856537,False,21
2,38.612952818999474,18.019999999999982,2.6486564862061157,0.012810795454107652,0.04989624559925641,0.2714533156141021,-0.6427334219294897,0.73445063829422,0.8025811314582825,0.04859189689159393,False,21
2,38.74809002099937,18.05400000000003,2.653375251368846,0.013343354783839915,0.045975504633172515,0.2695631876230668,0.6521840618846658,0.73445063829422,0.8025811314582825,0.04859189689159393,False,21
2,38.861056779001956,18.156000000000006,2.6681704093385292,0.014329421585610395,0.04151349366758571,0.2,-1.0,0.7065355777740479,0.803896963596344,0.046573519706726074,False,21
2,38.96226526600367,18.156000000000006,2.6681704093385292,0.014329421585610395,0.04151349366758571,0.4,0.021277918180234917,0.7065355777740479,0.803896963596344,0.046573519706726074,False,21
2,39.071756536002795,18.25799999999998,2.682031489661517,0.01561890362726813,0.031047923105922873,0.4,0.09212468351820635,0.6901669502258301,0.8031153678894043,0.04508744180202484,False,21
2,39.17279414299992,18.25799999999998,2.682031489661517,0.01561890362726813,0.031047923105922873,0.3523919152588875,0.23804042370556253,0.6901669502258301,0.8031153678894043,0.04508744180202484,False,21
2,39.29089606599882,18.360000000000014,2.697020490413229,0.01639068194715477,0.026086113793123866,0.22514020837548998,-0.8742989581225502,0.7573504447937012,0.8712546229362488,0.258091002702713,False,19
2,39.391717956998036,18.360000000000014,2.697020490413229,0.01639068194715477,0.026086113793123866,0.3653126173820632,-0.17343691308968393,0.7573504447937012,0.8712546229362488,0.258091002702713,False,19
2,39.5083106480015,18.46199999999999,2.7113689002164083,0.017125961812058686,0.02073233393368124,0.35257522485073545,-0.23712387574632288,0.7497636079788208,0.8707295656204224,0.2552241384983063,False,21
2,39.60909843099944,18.46199999999999,2.7113689002164083,0.017125961812058686,0.02073233393368124,0.36831192171941096,-0.15844039140294536,0.7497636079788208,0.8707295656204224,0.2552241384983063,False,21
2,39.72220278000168,18.56400000000002,2.727100948432961,0.01783041886868969,0.015410869837964471,0.3112532256923452,0.4437338715382742,0.7430370450019836,0.798908531665802,0.03173390030860901,False,21
2,39.823049154998444,18.56400000000002,2.727100948432961,0.01783041886868969,0.015410869837964471,0.2689377535605598,-0.655311232197201,0.7430370450019836,0.798908531665802,0.03173390030860901,False,21
2,39.95992288499838,18.632000000000005,2.7372223358702668,0.017972666818463486,0.015582475963882637,0.35986468009319567,-0.2006765995340219,0.7561690211296082,0.8609911799430847,0.2536792755126953,False,21
2,40.07024182999885,18.665999999999997,2.742710190962613,0.018058495083841233,0.015556997797206016,0.3295939261094232,-0.3520303694528844,0.7561690211296082,0.8609911799430847,0.2536792755126953,False,21
2,40.17455178400269,18.73399999999998,2.7531473425421913,0.018480521518259078,0.011478162703430878,0.2660529819769167,0.6697350901154167,0.7312281727790833,0.7976256012916565,0.0337495356798172,False,21
2,40.27507756999694,18.73399999999998,2.7531473425421913,0.018480521518259078,0.011478162703430878,0.2660529819769167,0.6697350901154167,0.7312281727790833,0.7976256012916565,0.0337495356798172,False,21
2,40.399194618003094,18.836000000000013,2.7674177323457387,0.01892643356721666,0.007530103950179507,0.3345107416853119,-0.32744629157344035,0.7495221495628357,0.8731979131698608,0.25323960185050964,False,21
2,40.49977141000272,18.836000000000013,2.7674177323457387,0.01892643356721666,0.007530103950179507,0.3345107416853119,-0.32744629157344035,0.7495221495628357,0.8731979131698608,0.25323960185050964,False,21
2,40.62160510400281,18.937999999999988,2.78224247427172,0.019664880877951003,-0.0015825825382152086,0.2,1.0,0.743924081325531,0.870682954788208,0.2505567669868469,False,21
2,40.729303100000834,18.97199999999998,2.7868842932468567,0.020012122196889047,-0.006230711634989563,0.36068273678489804,0.19658631607550997,0.743924081325531,0.870682954788208,0.2505567669868469,False,21
2,40.83925577499758,19.04000000000002,2.7963830413003534,0.019988838735385057,-0.006119645383346423,0.35334734239671345,-0.233263288016433,0.7745620012283325,0.8852958679199219,0.24922412633895874,False,19
2,40.941375704001985,19.074000000000012,2.8009576253954607,0.019960868286789807,-0.005762040542951009,0.4,-0.09974764784488876,0.7745620012283325,0.8852958679199219,0.24922412633895874,False,19
2,41.055015042999,19.141999999999996,2.8111669774044565,0.01989748373972909,-0.006158199904046273,0.3606735982892055,-0.19663200855397273,0.7829411029815674,0.879485547542572,0.24815955758094788,False,21
2,41.157057461001386,19.175999999999988,2.8160956168233175,0.01986640549191193,-0.006424853635111316,0.3677240887214715,-0.16137955639264265,0.7829411029815674,0.879485547542572,0.24815955758094788,False,21
2,41.2724214780028,19.244000000000028,2.826573937956114,0.020104214366535374,-0.010915370546380615,0.2,1.0,0.7924618721008301,0.8804501891136169,0.24881556630134583,False,20
2,41.37453171899688,19.27800000000002,2.831821793110499,0.020079293653686676,-0.01078030360274396,0.3727971637299842,0.13601418135007903,0.7924618721008301,0.8804501891136169,0.24881556630134583,False,20
2,41.49037814300391,19.346000000000004,2.841708977523864,0.019970832418225323,-0.010689867660975308,0.36127546446476577,0.19362267767617142,0.7923640012741089,0.8785631060600281,0.24752375483512878,False,21
2,41.59152129400172,19.379999999999995,2.846383600236463,0.019917903002869587,-0.010661315909159154,0.35673433331180293,0.21632833344098543,0.7923640012741089,0.8765917420387268,0.24752375483512878,False,21
2,41.703647522997926,19.44799999999998,2.856571819286356,0.019615784927708362,-0.007559127447844294,0.31801712865449877,-0.4099143567275064,0.7842836976051331,0.8765917420387268,0.24500596523284912,False,20
2,41.82952958500391,19.51600000000002,2.866047209126051,0.019272802603072355,-0.004205038070805763,0.37826456237487804,0.10867718812560995,0.7417671084403992,0.87847900390625,0.24505549669265747,False,20
2,41.964322592000826,19.55000000000001,2.8712542819460225,0.019250655840688528,-0.004226659186829355,0.2576350171537101,0.7118249142314494,0.7417671084403992,0.87847900390625,0.24505549669265747,False,20
2,42.0822788229998,19.652000000000044,2.885198111167511,0.018723453149060258,0.0025288575317313124,0.2,1.0,0.7455801963806152,0.8764466047286987,0.24357560276985168,False,20
2,42.18340198099759,19.652000000000044,2.885198111167511,0.018723453149060258,0.0025288575317313124,0.23882704272640842,-0.805864786367958,0.7455801963806152,0.8764466047286987,0.24357560276985168,False,20
2,42.30001100299705,19.75400000000002,2.897835454267343,0.01810307346713911,0.012045873324791989,0.28634734624682484,0.5682632687658756,0.7843043208122253,0.883493959903717,0.24260815978050232,False,21
2,42.40105101899826,19.75400000000002,2.897835454267343,0.01810307346713911,0.012045873324791989,0.3524878236159297,0.2375608819203519,0.7843043208122253,0.883493959903717,0.24260815978050232,False,21
2,42.52739692600153,19.855999999999995,2.9120662094776724,0.017086765297683548,0.02879237011270507,0.2,-1.0,0.7784453630447388,0.8820239305496216,0.24358195066452026,False,21
2,42.62833861599938,19.855999999999995,2.9120662094776724,0.017086765297683548,0.02879237011270507,0.2,-1.0,0.7784453630447388,0.8820239305496216,0.24358195066452026,False,21
2,42.73785426499671,19.95799999999997,2.9253811360231556,0.017329262066740115,0.03081334353620076,0.20627424459884922,0.968628777005754,0.7802077531814575,0.8793326020240784,0.24207189679145813,False,21
2,42.838925117001054,19.95799999999997,2.9253811360231556,0.017329262066740115,0.03081334353620076,0.4,0.05277671403442946,0.7802077531814575,0.8793326020240784,0.24207189679145813,False,21
2,42.95798983900022,20.06000000000006,2.938697263969578,0.016693573695538123,0.045612860765768294,0.20402226951937807,-0.9798886524031096,0.7937214970588684,0.8767024278640747,0.24153295159339905,False,21
2,43.05875389299763,20.06000000000006,2.938697263969578,0.016693573695538123,0.045612860765768294,0.2,-1.0,0.7937214970588684,0.8767024278640747,0.24153295159339905,False,21
2,43.168121419003,20.162000000000035,2.9519580397593606,0.017362958594857623,0.043568611835160254,0.26168998766258655,0.6915500616870675,0.8094373345375061,0.8775399327278137,0.23955494165420532,False,21
2,43.26930253399769,20.162000000000035,2.9519580397593606,0.017362958594857623,0.043568611835160254,0.2,1.0,0.8094373345375061,0.8775399327278137,0.23955494165420532,False,21
2,43.38664038800198,20.26400000000001,2.9653537660346045,0.017494008085797253,0.050520739041200885,0.36447607274146493,0.1776196362926753,0.8025556206703186,0.8770530223846436,0.2376234233379364,False,21
2,43.487486461002845,20.26400000000001,2.9653537660346045,0.017494008085797253,0.050520739041200885,0.2513337952922119,-0.7433310235389406,0.8025556206703186,0.8770530223846436,0.2376234233379364,False,21
2,43.62327732999984,20.331999999999994,2.9747622816345696,0.017611650933188918,0.05595530862165234,0.22989058352135958,0.8505470823932022,0.8358651399612427,0.8807262182235718,0.23699840903282166,False,21
2,43.72337709800195,20.365999999999985,2.9791793736561414,0.01772699265932074,0.05773526792609124,0.2490410749990023,0.7547946250049885,0.8358651399612427,0.8807262182235718,0.23699840903282166,False,21
2,43.84191651800211,20.43399999999997,2.98779916026364,0.01714459273855945,0.07192140642973593,0.2,-1.0,0.8314440846443176,0.8767433166503906,0.2369493544101715,False,21
2,43.94257188899792,20.43399999999997,2.98779916026364,0.01714459273855945,0.07192140642973593,0.2,-1.0,0.8314440846443176,0.8767433166503906,0.2369493544101715,False,21
2,44.068500029999996,20.536000000000058,2.999537153350669,0.016477421763737853,0.09353364105237057,0.24215161897331416,-0.7892419051334291,0.8007100224494934,0.8779274821281433,0.23871147632598877,False,21
2,44.168982895003865,20.536000000000058,2.999537153350669,0.016477421763737853,0.09353364105237057,0.24215161897331416,-0.7892419051334291,0.8007100224494934,0.8779274821281433,0.23871147632598877,False,21
2,44.28922944999795,20.638000000000034,3.011941906738504,0.01675290553955604,0.1064708532125425,0.4,0.033598007544545394,0.8245466947555542,0.8788611888885498,0.240973562002182,False,21
2,44.3897237659985,20.638000000000034,3.011941906738504,0.01675290553955604,0.1064708532125425,0.4,0.033598007544545394,0.8245466947555542,0.8788611888885498,0.240973562002182,False,21
2,44.51212007700087,20.74000000000001,3.0259172949545143,0.017202127063991313,0.12167267843515858,0.2,-1.0,0.8201443552970886,0.8821837902069092,0.23997101187705994,False,21
2,44.61432906799746,20.774,3.0308661381430015,0.017765271782827927,0.12221182467118327,0.316410617107217,0.41794691446391485,0.8201443552970886,0.8821837902069092,0.23997101187705994,False,21
2,44.72676168799808,20.841999999999985,3.040404644592713,0.01890908244666328,0.12242198176829568,0.36208456117749277,0.18957719411253632,0.8134217262268066,0.8770532011985779,0.2377559244632721,False,20
2,44.82781574800174,20.875999999999976,3.045152247815509,0.01917912087959298,0.12635231670052668,0.4,0.07924195707183972,0.8134217262268066,0.8770532011985779,0.2377559244632721,False,20
2,44.94318097199721,20.94399999999996,3.055870357127734,0.020015090749241956,0.13408625910886687,0.2,-1.0,0.7959681153297424,0.8824813365936279,0.23820480704307556,False,21
2,45.045756159997836,20.977999999999952,3.0611658169596763,0.020666465233909363,0.13488519876646554,0.4,-0.07531312678748585,0.7959681153297424,0.8860983848571777,0.23820480704307556,False,21
2,45.1570128500025,21.04600000000005,3.071604697897506,0.022087313643409632,0.13453598905617514,0.34941287325535736,-0.2529356337232134,0.8230814933776855,0.8860983848571777,0.2380194365978241,False,20
2,45.262485231003666,21.08000000000004,3.0766170982799466,0.02276749248888518,0.1342617595801288,0.35121703011695554,-0.24391484941522243,0.832247257232666,0.8860983848571777,0.2380194365978241,False,20
2,45.37539532400115,21.148000000000025,3.0864558073113666,0.024404193518863367,0.12926877078855148,0.2,1.0,0.832247257232666,0.8839196562767029,0.23626884818077087,False,20
2,45.478471551999974,21.182000000000016,3.091469486953023,0.025084678363212983,0.12871126931960905,0.4,-0.02827764572244902,0.832247257232666,0.8841481804847717,0.23626884818077087,False,20
2,45.59232962399983,21.25,3.1013138085915353,0.026371777822721695,0.1290868873062092,0.4,0.02016141911161761,0.822076141834259,0.8841481804847717,0.2356656789779663,False,21
2,45.69283473499672,21.25,3.1013138085915353,0.026371777822721695,0.1290868873062092,0.4,0.02016141911161761,0.822076141834259,0.8841481804847717,0.2356656789779663,False,21
2,45.81318125400139,21.351999999999975,3.1167954418627595,0.028382136377708343,0.12915555084638614,0.3763151628555288,0.11842418572235605,0.8048577904701233,0.8858171105384827,0.2332727015018463,False,20
2,45.938929181000276,21.41999999999996,3.127340435664404,0.029711991054428982,0.13003933369961057,0.22033973808011292,0.8983013095994353,0.8013781309127808,0.899756669998169,0.27040213346481323,False,21
2,46.073820755998895,21.45399999999995,3.1322530588452033,0.030291671373229422,0.13087159498281828,0.4,0.02074355625581814,0.8013781309127808,0.899756669998169,0.27040213346481323,False,21
2,46.189530044001,21.55600000000004,3.1486029242320073,0.03237268906114556,0.1321201743867268,0.3216120125159088,0.391939937420456,0.7855126261711121,0.8982628583908081,0.2706693708896637,False,20
2,46.29026763400179,21.55600000000004,3.1486029242320073,0.03237268906114556,0.1321201743867268,0.3327537358192132,0.33623132090393437,0.7855126261711121,0.8982628583908081,0.2706693708896637,False,20
2,46.40673293599684,21.658000000000015,3.1631749566055385,0.03321211023356073,0.14690753887266678,0.2,-1.0,0.821180522441864,0.8922210931777954,0.2661873698234558,False,21
2,46.508084351000434,21.658000000000015,3.1631749566055385,0.03321211023356073,0.14690753887266678,0.2,-1.0,0.821180522441864,0.8922210931777954,0.2661873698234558,False,21
2,46.62278697599686,21.75999999999999,3.17660508247129,0.035109978439945164,0.14709718029988186,0.2690660332259001,0.6546698338704994,0.8331089019775391,0.8866031169891357,0.25917568802833557,False,21
2,46.72373263999907,21.75999999999999,3.17660508247129,0.035109978439945164,0.14709718029988186,0.3350615818379672,0.3246920908101641,0.8331089019775391,0.8866031169891357,0.25917568802833557,False,21
2,46.83802844800084,21.861999999999966,3.1903973480969907,0.03646119903026198,0.1574577415407755,0.22947298632838706,-0.8526350683580648,0.842545747756958,0.8874586820602417,0.2657034993171692,False,21
2,46.93876585399994,21.861999999999966,3.1903973480969907,0.03646119903026198,0.1574577415407755,0.2,-1.0,0.842545747756958,0.8874586820602417,0.2657034993171692,False,21
2,47.05019553699822,21.964000000000055,3.2033231328054304,0.03847616606469046,0.15498883766770216,0.34664054555339385,0.266797272233031,0.8350384831428528,0.8822146654129028,0.26338598132133484,False,21
2,47.151455095998244,21.964000000000055,3.2033231328054304,0.03847616606469046,0.15498883766770216,0.2,1.0,0.8350384831428528,0.8822146654129028,0.26338598132133484,False,21
2,47.282570627001405,22.03200000000004,3.2120439470511872,0.03981452868005329,0.1552746343097633,0.4,-0.04870167668383531,0.8296738862991333,0.8812276124954224,0.2674419581890106,False,21
2,47.39395430299919,22.06600000000003,3.2163725026961187,0.04021184810266548,0.15897997508893863,0.37187664168170176,-0.14061679159149137,0.8296738862991333,0.8812276124954224,0.2674419581890106,False,21
2,47.49878957100009,22.134000000000015,3.226102356247955,0.04136219831132193,0.1649885096234446,0.30166549545309096,-0.4916725227345453,0.8326789140701294,0.8847845792770386,0.2660347521305084,False,20
2,47.60814620299789,22.168000000000006,3.2308050630275584,0.042118058398413795,0.16450217467725475,0.4,0.025449917255311552,0.8326789140701294,0.8847845792770386,0.2660347521305084,False,20
2,47.74815738700272,22.269999999999982,3.245197823195619,0.04510127493889078,0.15532566398553227,0.2,1.0,0.7962977886199951,0.8780375123023987,0.26267483830451965,False,20
2,47.854403268996975,22.303999999999974,3.2500114468182923,0.045903630204502666,0.15466763703043987,0.2,1.0,0.810147762298584,0.8847886323928833,0.2636367976665497,False,21
2,47.988861283003644,22.337999999999965,3.2545970401595206,0.04663308404386677,0.15510896531614438,0.4,-0.014651035566300458,0.810147762298584,0.8847886323928833,0.2636367976665497,False,21
2,48.12062318500102,22.440000000000055,3.2693204751949065,0.048424413161225366,0.16280246720806657,0.2,-1.0,0.7818357348442078,0.8082320690155029,0.053471505641937256,False,21
2,48.2216370640017,22.440000000000055,3.2693204751949065,0.048424413161225366,0.16280246720806657,0.3427243355349223,-0.2863783223253884,0.7818357348442078,0.8082320690155029,0.053471505641937256,False,21
2,48.342863648002094,22.54200000000003,3.283765594721162,0.05100698573890857,0.15857964242119238,0.2,-1.0,0.7685180902481079,0.8082552552223206,0.055195435881614685,False,21
2,48.44393609800318,22.54200000000003,3.283765594721162,0.05100698573890857,0.15857964242119238,0.4,0.007989399097539235,0.7685180902481079,0.8082552552223206,0.055195435881614685,False,21
2,48.56920727100078,22.644000000000005,3.298524270040136,0.05389270395106498,0.15087116818586935,0.2,1.0,0.7385079264640808,0.8093165159225464,0.058500587940216064,False,19
2,48.670365899997705,22.644000000000005,3.298524270040136,0.05389270395106498,0.15087116818586935,0.2,1.0,0.7385079264640808,0.8093165159225464,0.058500587940216064,False,19
2,48.787476402998436,22.74599999999998,3.3129472136529587,0.05612388472989496,0.15015702199895586,0.2,-1.0,0.7433390617370605,0.8327916264533997,0.06072717905044556,False,20
2,48.88825955500215,22.74599999999998,3.3129472136529587,0.05612388472989496,0.15015702199895586,0.3220525438023142,-0.3897372809884292,0.7433390617370605,0.8327916264533997,0.06072717905044556,False,20
2,49.00445429100364,22.847999999999956,3.326325994525256,0.05900589689339598,0.13748720809882364,0.332708715962633,0.33645642018683497,0.7681819200515747,0.8331005573272705,0.0623198002576828,False,21
2,49.10530140899937,22.847999999999956,3.326325994525256,0.05900589689339598,0.13748720809882364,0.2,1.0,0.7681819200515747,0.8331005573272705,0.0623198002576828,False,21
2,49.22194739599945,22.950000000000045,3.3398962251346274,0.061175493018805656,0.13364647371908,0.2,-1.0,0.7816845774650574,0.8750945329666138,0.26140081882476807,False,21
2,49.32295948600222,22.950000000000045,3.3398962251346274,0.061175493018805656,0.13364647371908,0.2846062030391817,-0.5769689848040915,0.7816845774650574,0.8750945329666138,0.26140081882476807,False,21
2,49.435723891001544,23.05200000000002,3.353329136010791,0.06376954866166779,0.12182375763611139,0.2,-1.0,0.7881852388381958,0.8736521601676941,0.2594437003135681,False,21
2,49.53691559199797,23.05200000000002,3.353329136010791,0.06376954866166779,0.12182375763611139,0.2,1.0,0.7881852388381958,0.8736521601676941,0.2594437003135681,False,21
2,49.650252059997,23.153999999999996,3.3651548147266306,0.06614287971732395,0.10905144770277936,0.2,-1.0,0.7881076335906982,0.8782763481140137,0.25893881916999817,False,20
2,49.75143556299736,23.153999999999996,3.3651548147266306,0.06614287971732395,0.10905144770277936,0.2882609490813148,-0.5586952545934263,0.7881076335906982,0.8782763481140137,0.25893881916999817,False,20
2,49.86855243599712,23.255999999999972,3.377142358215379,0.06829256810983714,0.09623418489404699,0.2,1.0,0.7817513346672058,0.8732474446296692,0.25981852412223816,False,21
2,49.96964915699937,23.255999999999972,3.377142358215379,0.06829256810983714,0.09623418489404699,0.2,1.0,0.7817513346672058,0.8732474446296692,0.25981852412223816,False,21
2,50.08126978600194,23.35800000000006,3.3891749585617497,0.06944053419704042,0.09746070784287712,0.2,-1.0,0.7995869517326355,0.8502206206321716,0.17813485860824585,False,21
2,50.18242621800164,23.35800000000006,3.3891749585617497,0.06944053419704042,0.09746070784287712,0.340688411054888,-0.29655794472555996,0.7995869517326355,0.8502206206321716,0.17813485860824585,False,21
2,50.30153097100265,23.460000000000036,3.4021241170157452,0.0714354239544751,0.08618308389955179,0.29637582378984356,0.5181208810507824,0.7937746644020081,0.8523072004318237,0.17544659972190857,False,20
2,50.40256090299954,23.460000000000036,3.4021241170157452,0.0714354239544751,0.08618308389955179,0.2,1.0,0.7937746644020081,0.8523072004318237,0.17544659972190857,False,20
2,50.52077840999846,23.562000000000012,3.4157446385608248,0.07279604754546709,0.08392763055416867,0.3218701138078373,-0.3906494309608135,0.795806884765625,0.8527109026908875,0.1965377926826477,False,21
2,50.62172070299857,23.562000000000012,3.4157446385608248,0.07279604754546709,0.08392763055416867,0.34281846728806964,-0.2859076635596519,0.795806884765625,0.8527109026908875,0.1965377926826477,False,21
2,50.73459616600303,23.663999999999987,3.4305044092685306,0.07450939693778251,0.07637190095425989,0.2,1.0,0.8094494938850403,0.8527154326438904,0.19831350445747375,False,21
2,50.83549764200143,23.663999999999987,3.4305044092685306,0.07450939693778251,0.07637190095425989,0.3773913288866777,0.11304335556661145,0.8094494938850403,0.8527154326438904,0.19831350445747375,False,21
2,50.96498969700042,23.73199999999997,3.4402301744436343,0.07527019073489187,0.07684312102885683,0.350379137354386,-0.24810431322806997,0.8064121007919312,0.8515528440475464,0.2032376229763031,False,20
2,51.07399656900088,23.765999999999963,3.445314517143017,0.07566277573386164,0.0764572848860194,0.3718882458753649,-0.14055877062317562,0.8064121007919312,0.8515528440475464,0.2032376229763031,False,20
2,51.17762697499711,23.83400000000006,3.4557369601067953,0.07674730190483438,0.07131516745575084,0.2,1.0,0.7970103025436401,0.8420172333717346,0.18643924593925476,False,19
2,51.278129530001024,23.868000000000052,3.4609770568403997,0.07713711365039343,0.07128655161913845,0.2,1.0,0.7970103025436401,0.8420172333717346,0.18643924593925476,False,19
2,51.39679052700376,23.936000000000035,3.4708457748367025,0.07785135651209572,0.0714845437338302,0.33272377645454054,0.3363811177272973,0.8051823973655701,0.8403744697570801,0.17807170748710632,False,21
2,51.49747236500116,23.936000000000035,3.4708457748367025,0.07785135651209572,0.0714845437338302,0.33272377645454054,0.3363811177272973,0.8051823973655701,0.8403744697570801,0.17807170748710632,False,21
2,51.618643082001654,24.03800000000001,3.485013433684167,0.07818488285837365,0.08077195190766367,0.2,-1.0,0.812635064125061,0.8402573466300964,0.1797420084476471,False,21
2,51.72534339899721,24.072000000000003,3.489335689180468,0.07796128627019412,0.08821584966496483,0.3397767858291616,-0.30111607085419234,0.812635064125061,0.8402573466300964,0.1797420084476471,False,21
2,51.835848798997176,24.139999999999986,3.497907338469004,0.07854099177296889,0.09051244884760687,0.3341435076330058,0.32928246183497106,0.8101599812507629,0.8432005643844604,0.19108328223228455,False,21
2,51.93650946100388,24.139999999999986,3.497907338469004,0.07854099177296889,0.09051244884760687,0.3341435076330058,0.32928246183497106,0.8101599812507629,0.8432005643844604,0.19108328223228455,False,21
2,52.058518828998785,24.241999999999962,3.5122685470944965,0.0790054755311087,0.10287607501442593,0.2,-1.0,0.7826060056686401,0.8647565245628357,0.24515751004219055,False,20
2,52.15907375900133,24.241999999999962,3.5122685470944965,0.0790054755311087,0.10287607501442593,0.2,-1.0,0.7826060056686401,0.8647565245628357,0.24515751004219055,False,20
2,52.27844755499973,24.34400000000005,3.5264800000801855,0.08009640690349668,0.10750680962285383,0.2843329121748562,0.5783354391257192,0.773400604724884,0.8678316473960876,0.24297305941581726,False,21
2,52.378977006999776,24.34400000000005,3.5264800000801855,0.08009640690349668,0.10750680962285383,0.2843329121748562,0.5783354391257192,0.773400604724884,0.8678316473960876,0.24297305941581726,False,21
2,52.49936648300354,24.446000000000026,3.540850617041569,0.08104865291315431,0.11698783864911184,0.2,-1.0,0.8144158720970154,0.8503998517990112,0.20292916893959045,False,20
2,52.599945141002536,24.446000000000026,3.540850617041569,0.08104865291315431,0.11698783864911184,0.2,-1.0,0.8144158720970154,0.8503998517990112,0.20292916893959045,False,20
2,52.71941012000025,24.548000000000002,3.555688208706669,0.08245482255097826,0.12101800635188974,0.3239874521726034,0.3800627391369833,0.7931166887283325,0.8653399348258972,0.2411828339099884,False,20
2,52.82118512799934,24.581999999999994,3.5604977678157392,0.08304142244716482,0.12156533373419993,0.3239874521726034,0.3800627391369833,0.7931166887283325,0.8653399348258972,0.2411828339099884,False,20
2,52.94003022600373,24.649999999999977,3.570530563455784,0.08369619713096899,0.13012193716044282,0.2,-1.0,0.7831032872200012,0.8401053547859192,0.18522587418556213,False,21
2,53.04026488099771,24.68399999999997,3.5757250038015758,0.08434123637581596,0.13014395018390798,0.37457917128033036,-0.12710414359834815,0.8051360845565796,0.8401053547859192,0.18522587418556213,False,21
2,53.156453855997825,24.751999999999953,3.585641955228136,0.08567162654275143,0.1294428598947849,0.3762742902150047,-0.11862854892497668,0.8051360845565796,0.8367403149604797,0.18146488070487976,False,19
2,53.260277961999236,24.786000000000058,3.5903346068639324,0.08631603988252641,0.129029307754928,0.3762742902150047,-0.11862854892497668,0.8051360845565796,0.8367403149604797,0.18146488070487976,False,19
2,53.37818588600203,24.854000000000042,3.600669105209756,0.08774305390672228,0.12724523204838584,0.3496584066659681,0.2517079666701597,0.8043777942657471,0.834014892578125,0.18244850635528564,False,19
2,53.48099702900072,24.888000000000034,3.605389934610861,0.08846879229929708,0.12565422133093115,0.3496584066659681,0.2517079666701597,0.8043777942657471,0.834014892578125,0.18244850635528564,False,19
2,53.59922459500376,24.956000000000017,3.6154687315215925,0.08975327692703015,0.12594568446403717,0.32812449018764306,-0.3593775490617848,0.7949424982070923,0.839748203754425,0.17873945832252502,False,21
2,53.73063168599765,25.024,3.625107971945516,0.09115061778598603,0.12319491018874382,0.3131639576177393,-0.4341802119113035,0.7910915613174438,0.8454021215438843,0.19548693299293518,False,21
2,53.86562726199918,25.057999999999993,3.629868925441874,0.09212829978868209,0.11789687417848663,0.2,1.0,0.7910915613174438,0.8454021215438843,0.19548693299293518,False,21
2,53.978941777997534,25.159999999999968,3.6440229351050304,0.09393353172695208,0.11668039263542561,0.35173346111180426,-0.24133269444097877,0.7790537476539612,0.8615260124206543,0.2436741292476654,False,19
2,54.07974659700267,25.159999999999968,3.6440229351050304,0.09393353172695208,0.11668039263542561,0.3622603170005123,-0.18869841499743858,0.7790537476539612,0.8615260124206543,0.2436741292476654,False,19
2,54.19554970599711,25.262000000000057,3.6597108808635608,0.09624713391300721,0.10881872991985807,0.2,1.0,0.7776170372962952,0.8605920672416687,0.2432127296924591,False,21
2,54.29666926900245,25.262000000000057,3.6597108808635608,0.09624713391300721,0.10881872991985807,0.2754066514996569,0.6229667425017158,0.7776170372962952,0.8605920672416687,0.2432127296924591,False,21
2,54.414583625002706,25.364000000000033,3.6748370316610433,0.09789393197556787,0.1087001477138794,0.3217111373631117,-0.3914443131844416,0.7914000153541565,0.8357422947883606,0.18330445885658264,False,21
2,54.51582893000159,25.364000000000033,3.6748370316610433,0.09789393197556787,0.1087001477138794,0.3762904188177616,0.11854790591119213,0.7914000153541565,0.8357422947883606,0.18330445885658264,False,21
2,54.64524308199907,25.432000000000016,3.6848786068599817,0.09903347361553069,0.10594208119120034,0.357880915425519,-0.21059542287240512,0.7827661633491516,0.8319823741912842,0.1782173216342926,False,21
2,54.75531779800076,25.466000000000008,3.6896357709805425,0.09952930807645216,0.10520828317674726,0.35719965880277177,-0.21400170598614118,0.7827661633491516,0.8319823741912842,0.1782173216342926,False,21
2,54.85984861000179,25.533999999999992,3.6997780764160018,0.10103494312605064,0.09844330166646073,0.2552814112157181,0.7235929439214095,0.7647855877876282,0.8354504704475403,0.1790955364704132,False,21
2,54.968731537002895,25.567999999999984,3.7044832526271483,0.10180880183235093,0.09437516466275199,0.37253296033325833,-0.13733519833370839,0.7647855877876282,0.8354504704475403,0.1790955364704132,False,21
2,55.075557406998996,25.635999999999967,3.7143041526833334,0.10276747677849424,0.09412811649709246,0.33178218528153613,-0.3410890735923193,0.7701355218887329,0.8527989387512207,0.24278774857521057,False,21
2,55.18259577400022,25.66999999999996,3.7191673672282133,0.1032392129778721,0.09462815813227947,0.31294714433979715,-0.43526427830101433,0.7701355218887329,0.8527989387512207,0.24278774857521057,False,21
2,55.29107179700077,25.738000000000056,3.729041354882536,0.10437640806586117,0.0898135356371787,0.20797975771622412,0.9601012114188794,0.7741885185241699,0.8560742735862732,0.23690202832221985,False,21
2,55.398640377003176,25.772000000000048,3.7334113380379375,0.10509159392038125,0.08528815103532111,0.3790384909362183,0.10480754531890872,0.7741885185241699,0.8560742735862732,0.23690202832221985,False,21
2,55.508591767000325,25.840000000000032,3.7425975169958274,0.10588718602739312,0.08451591219614127,0.36509660264620114,0.17451698676899444,0.7879399657249451,0.8518532514572144,0.18942806124687195,False,20
2,55.609077230001276,25.840000000000032,3.7425975169958274,0.10588718602739312,0.08451591219614127,0.36509660264620114,0.17451698676899444,0.7879399657249451,0.8518532514572144,0.18942806124687195,False,20
2,55.73144854199927,25.942000000000007,3.7577556527560154,0.10717881011825997,0.08512466235753711,0.3549834295635749,-0.22508285218212545,0.7952065467834473,0.8521341681480408,0.18265464901924133,False,20
2,55.83199416400021,25.942000000000007,3.7577556527560154,0.10717881011825997,0.08512466235753711,0.3549834295635749,-0.22508285218212545,0.7952065467834473,0.8521341681480408,0.18265464901924133,False,20
2,55.95237413200084,26.043999999999983,3.773358384075068,0.10874506453268659,0.08051607254983557,0.20052319623059855,0.9973840188470073,0.7909808158874512,0.851520836353302,0.18194186687469482,False,21
2,56.05302205299813,26.043999999999983,3.773358384075068,0.10874506453268659,0.08051607254983557,0.20052319623059855,0.9973840188470073,0.7909808158874512,0.851520836353302,0.18194186687469482,False,21
2,56.17235554799845,26.145999999999958,3.7884133131142383,0.10997825177978963,0.080783024201717,0.4,-0.04585029494046916,0.8030440807342529,0.8412631154060364,0.18074873089790344,False,21
2,56.272967226999754,26.145999999999958,3.7884133131142383,0.10997825177978963,0.080783024201717,0.4,-0.04585029494046916,0.8030440807342529,0.8412631154060364,0.18074873089790344,False,21
2,56.39502138300304,26.248000000000047,3.8038195779617685,0.11122745280704543,0.08076564989838281,0.32729863112012364,-0.3635068443993819,0.7894987463951111,0.8492982983589172,0.18124502897262573,False,21
2,56.49566944799881,26.248000000000047,3.8038195779617685,0.11122745280704543,0.08076564989838281,0.32729863112012364,-0.3635068443993819,0.7894987463951111,0.8492982983589172,0.18124502897262573,False,21
2,56.62553382400074,26.350000000000023,3.8193117879671883,0.11257906453435847,0.07787371301101659,0.35049969031290257,0.24750154843548722,0.781861424446106,0.8446968793869019,0.1799960434436798,False,21
2,56.72645305199694,26.384000000000015,3.824254419472791,0.11306390188230758,0.0765029802226953,0.35049969031290257,0.24750154843548722,0.781861424446106,0.8446968793869019,0.1799960434436798,False,21
2,56.845108367997454,26.451999999999998,3.8347109426377473,0.11388380246780554,0.07755528321847166,0.4,-0.03385724181158849,0.7904247045516968,0.8426310420036316,0.17603111267089844,False,20
2,56.946209492998605,26.48599999999999,3.839708494625981,0.11424929085167558,0.07787748491795056,0.4,0.01718798577022386,0.7803081274032593,0.8410593867301941,0.1822233498096466,False,20
2,57.061444584003766,26.553999999999974,3.8509473300938453,0.11509918956254747,0.07839279652178636,0.4,-0.005265134386748319,0.7803081274032593,0.8410593867301941,0.1822233498096466,False,20
2,57.161457273999986,26.587999999999965,3.85625806944515,0.11549412629240817,0.07873931138260985,0.4,-0.005265134386748319,0.7957550287246704,0.8494817614555359,0.1822233498096466,False,20
2,57.27997488500114,26.65599999999995,3.8677637380289074,0.11640009072077818,0.0787772256314702,0.3540295982752775,0.2298520086236125,0.7957550287246704,0.8494817614555359,0.18459564447402954,False,19
2,57.4133794570007,26.724000000000046,3.8782717414357277,0.1169559810389481,0.0824409299625176,0.4,-0.007054307404145949,0.768740713596344,0.8615519404411316,0.239822655916214,False,21
2,57.548379402003775,26.758000000000038,3.8837566501816685,0.11725090005146377,0.08466411204596024,0.26625979502583047,-0.6687010248708478,0.768740713596344,0.8615519404411316,0.239822655916214,False,21
2,57.66304671399848,26.860000000000014,3.898876963593442,0.1185092167828617,0.08417192328053649,0.2944713537768998,0.527643231115501,0.7370558977127075,0.8640672564506531,0.24603649973869324,False,21
2,57.76440339999681,26.860000000000014,3.898876963593442,0.1185092167828617,0.08417192328053649,0.3734255548244269,0.13287222587786574,0.7370558977127075,0.8640672564506531,0.24603649973869324,False,21
2,57.88425476100383,26.96199999999999,3.9140234201497486,0.1191226796406452,0.09427310522041203,0.25964941399593916,-0.7017529300203043,0.7370031476020813,0.8599483966827393,0.24880605936050415,False,19
2,57.98537588999898,26.96199999999999,3.9140234201497486,0.1191226796406452,0.09427310522041203,0.2,-1.0,0.7370031476020813,0.8599483966827393,0.24880605936050415,False,19
2,58.095433271999354,27.063999999999965,3.928536155526408,0.1204732442186182,0.09429398986771109,0.3237548974793848,0.38122551260307624,0.7377915382385254,0.8587096333503723,0.24733152985572815,False,21
2,58.19658596399677,27.063999999999965,3.928536155526408,0.1204732442186182,0.09429398986771109,0.4,0.017730600321518714,0.7377915382385254,0.8587096333503723,0.24733152985572815,False,21
2,58.3326158839991,27.132000000000062,3.9388051907923987,0.12094693431256388,0.10182946979632354,0.2,-1.0,0.7227935194969177,0.8613237738609314,0.24856266379356384,False,21
2,58.4330128540023,27.166000000000054,3.94412637551824,0.12146459538808078,0.10173620110554307,0.2,-1.0,0.7227935194969177,0.8613237738609314,0.24856266379356384,False,21
2,58.551481866998074,27.234000000000037,3.954319287115848,0.12252227518557285,0.10135999598521268,0.32702580877939114,-0.36487095610304454,0.781050443649292,0.8350048065185547,0.181708425283432,False,21
2,58.66130291800073,27.26800000000003,3.959184713884186,0.12303530293469087,0.10109076109103603,0.32752903189958993,-0.3623548405020505,0.781050443649292,0.8350048065185547,0.181708425283432,False,21
2,58.76896724200196,27.336000000000013,3.9688117808259484,0.12461765600429447,0.09212267268239692,0.2,1.0,0.7750952839851379,0.8337880969047546,0.17920145392417908,False,21
2,58.86959417100297,27.336000000000013,3.9688117808259484,0.12461765600429447,0.09212267268239692,0.2,1.0,0.7750952839851379,0.8337880969047546,0.17920145392417908,False,21
2,58.991583620998426,27.437999999999988,3.9817143581159042,0.12642478103207444,0.08369688469996675,0.3549271727341832,-0.2253641363290838,0.7785557508468628,0.8277100324630737,0.17859217524528503,False,21
2,59.09646377900208,27.47199999999998,3.9860750604042,0.12657460935118112,0.08694932012051484,0.31941644452860085,-0.4029177773569958,0.7785557508468628,0.8277100324630737,0.17859217524528503,False,21
2,59.20665682700201,27.539999999999964,3.9951286527321366,0.1273562939055823,0.08617876098645103,0.3314243561420287,0.34287821928985646,0.7657414674758911,0.8287131190299988,0.1789449155330658,False,21
2,59.307137627001794,27.539999999999964,3.9951286527321366,0.1273562939055823,0.08617876098645103,0.3314243561420287,0.34287821928985646,0.7657414674758911,0.8287131190299988,0.1789449155330658,False,21
2,59.42733113899885,27.642000000000053,4.00861063853802,0.12879295251339543,0.08258716581426831,0.3675702221667222,-0.16214888916638917,0.777173638343811,0.8282591700553894,0.18028968572616577,False,20
2,59.52784501000133,27.642000000000053,4.00861063853802,0.12879295251339543,0.08258716581426831,0.3675702221667222,-0.16214888916638917,0.777173638343811,0.8282591700553894,0.18028968572616577,False,20
2,59.648025989001326,27.744000000000028,4.02346081779118,0.13008666873229333,0.08101411089556511,0.3778302340253281,-0.1108488298733596,0.763526439666748,0.808342456817627,0.17965388298034668,False,21
2,59.74851873199805,27.77800000000002,4.02844710730486,0.1305190450773332,0.08059061627867312,0.36405775321379186,-0.17971123393104066,0.763526439666748,0.808342456817627,0.17965388298034668,False,21
2,59.86462181300158,27.846000000000004,4.039127229437097,0.13166382286816114,0.07667516116071671,0.20795719466222848,0.9602140266888577,0.7767611145973206,0.815009355545044,0.1741064488887787,False,21
2,59.96597188900341,27.879999999999995,4.044392196623539,0.1320808116824769,0.07653454545927123,0.4,-0.021826124290817116,0.7767611145973206,0.815009355545044,0.1741064488887787,False,21
3,0.11956747400108725,0.2720000000000482,0.030836744571123276,-0.0020626246480737183,0.03736235603807732,0.2,1.0,0.5627171397209167,0.7754021883010864,0.04569092392921448,False,21
3,0.2508949990005931,0.34000000000003183,0.039270525250688894,-0.002427889333978672,0.04671665483627377,0.2,1.0,0.5833480954170227,0.7795571684837341,0.04647324979305267,False,21
3,0.38610886999958893,0.37400000000002365,0.04320720880748215,-0.002939114921338162,0.0557246599681629,0.2,-1.0,0.5833480954170227,0.7795571684837341,0.04647324979305267,False,21
3,0.5027166020008735,0.4759999999999991,0.0551703867872499,-0.0025894927382716345,0.06002307989509739,0.21574275983172436,0.9212862008413782,0.5747736692428589,0.7851437330245972,0.045805081725120544,False,21
3,0.6038448710023658,0.4759999999999991,0.0551703867872499,-0.0025894927382716345,0.06002307989509739,0.2209139881401898,0.895430059299051,0.5747736692428589,0.7851437330245972,0.045805081725120544,False,21
3,0.7214989670028444,0.5779999999999745,0.06816386167902323,-0.0031583679873740237,0.07892900796122201,0.2,-1.0,0.5756241679191589,0.7850528955459595,0.04532289505004883,False,21
3,0.822279605003132,0.5779999999999745,0.06816386167902323,-0.0031583679873740237,0.07892900796122201,0.2,-1.0,0.5756241679191589,0.7850528955459595,0.04532289505004883,False,21
3,0.954963146999944,0.6459999999999582,0.07699247963698282,-0.002785090919287012,0.08319882943247423,0.3303519715067144,-0.34824014246642815,0.6016864776611328,0.8361072540283203,0.24648365378379822,False,20
3,1.070409177998954,0.67999999999995,0.08132927782635392,-0.0023834488407222494,0.08166230250120954,0.37616323659593476,-0.11918381702032632,0.6016864776611328,0.8361072540283203,0.24648365378379822,False,20
3,1.1729817169980379,0.7480000000000473,0.09110636716512223,-0.001157747660965133,0.07510034219998404,0.24296116125641395,0.7851941937179302,0.600335419178009,0.8287457227706909,0.24541106820106506,False,20
3,1.2807063540021772,0.7820000000000391,0.09579586080533435,-0.0005318894886847039,0.07150576140214099,0.4,0.03752322566685358,0.600335419178009,0.8287457227706909,0.24541106820106506,False,20
3,1.3870667110022623,0.8500000000000227,0.1055420313866283,0.00020382132108073657,0.0714031151849572,0.31865002168524703,-0.40674989157376495,0.599211573600769,0.8245657086372375,0.24384120106697083,False,21
3,1.4874430199997732,0.8840000000000146,0.11017215024954734,0.0005496154268677976,0.07126518645191898,0.31865002168524703,-0.40674989157376495,0.599211573600769,0.8245657086372375,0.24384120106697083,False,21
3,1.6062533739968785,0.9519999999999982,0.11961686766744054,0.0018680198347018908,0.06197422079941204,0.2,1.0,0.5678881406784058,0.7763153314590454,0.04811908304691315,False,20
3,1.7067740639977274,0.98599999999999,0.12391676995861653,0.0026722057085105033,0.05495089383030553,0.3286006058566286,0.3569969707168571,0.5678881406784058,0.7763153314590454,0.04811908304691315,False,20
3,1.8171376550017158,1.0539999999999736,0.13253357598242507,0.00329407571532975,0.05343942108197966,0.30543011873637993,-0.4728494063181006,0.5672838687896729,0.7736809849739075,0.0476340651512146,False,21
3,1.9212561449967325,1.0879999999999654,0.13680441406593027,0.003599319295545409,0.051775159173392385,0.3783219922150931,-0.1083900389245348,0.5672838687896729,0.7736809849739075,0.0476340651512146,False,21
3,2.033240406002733,1.155999999999949,0.1460173368018689,0.0048845856006353265,0.04026851774592789,0.2,1.0,0.5655030012130737,0.775426983833313,0.04769240319728851,False,19
3,2.137945654001669,1.1899999999999409,0.15088021234088167,0.005476881786161706,0.035039841722798504,0.3160984153120827,0.4195079234395865,0.590936541557312,0.775426983833313,0.04769240319728851,False,19
3,2.245816458002082,1.2580000000000382,0.16030871101020994,0.006051860892901366,0.03226315876452739,0.3485079615795943,-0.2574601921020286,0.590936541557312,0.7901915311813354,0.047908976674079895,False,21
3,2.3462831119977636,1.2580000000000382,0.16030871101020994,0.006051860892901366,0.03226315876452739,0.3485079615795943,-0.2574601921020286,0.590936541557312,0.7901915311813354,0.047908976674079895,False,21
3,2.4669268450015807,1.3600000000000136,0.1746582658203817,0.006662952395488519,0.029347084108732702,0.34763694875806306,0.26181525620968493,0.5900557637214661,0.7882012128829956,0.04794436693191528,False,21
3,2.56722411300143,1.3940000000000055,0.17943592284763335,0.006900811907429984,0.028017403488612806,0.34763694875806306,0.26181525620968493,0.5900557637214661,0.7882012128829956,0.04794436693191528,False,21
3,2.6858992199995555,1.461999999999989,0.18963948466329736,0.0072101032733583965,0.028506446248823127,0.3371019872362077,-0.3144900638189616,0.5888306498527527,0.7861709594726562,0.0481468141078949,False,21
3,2.787692744001106,1.495999999999981,0.19459228753474747,0.007351850854153455,0.02827000180004523,0.35571590940457354,-0.22142045297713253,0.5888306498527527,0.7892064452171326,0.0481468141078949,False,21
3,2.902874047998921,1.5639999999999645,0.2046110866517277,0.008034196731606592,0.022226586326311124,0.2,1.0,0.5849164128303528,0.7892064452171326,0.04829283058643341,False,21
3,3.0051183129980927,1.5979999999999563,0.2097184686755072,0.008184233943569645,0.021914452931185782,0.2,1.0,0.5849164128303528,0.7892064452171326,0.04829283058643341,False,21
3,3.1236481460000505,1.66599999999994,0.21955620113240906,0.00840839330019063,0.022316510355700044,0.4,-0.006275499687582543,0.6150051951408386,0.8266196250915527,0.23585861921310425,False,21
3,3.2242267100009485,1.66599999999994,0.21955620113240906,0.00840839330019063,0.022316510355700044,0.4,-0.006275499687582543,0.6150051951408386,0.8353111743927002,0.23585861921310425,False,21
3,3.343321036998532,1.768000000000029,0.23621154517821272,0.00876735329288663,0.021920027007953508,0.4,0.040365786065726675,0.6103844046592712,0.8353111743927002,0.23510771989822388,False,21
3,3.4444352549980977,1.768000000000029,0.23621154517821272,0.00876735329288663,0.021920027007953508,0.4,0.040365786065726675,0.6103844046592712,0.8353111743927002,0.23510771989822388,False,21
3,3.5695322190003935,1.8700000000000045,0.2528907131025835,0.009116054250155513,0.022324900896127684,0.3607143388280908,0.19642830585954624,0.6348001956939697,0.8463568091392517,0.23514020442962646,False,20
3,3.6736274849972688,1.8700000000000045,0.2528907131025835,0.009116054250155513,0.022324900896127684,0.3607143388280908,0.19642830585954624,0.6348001956939697,0.8558712005615234,0.23514020442962646,False,20
3,3.7954354050016263,1.97199999999998,0.26892809863746725,0.009491236707659393,0.021547315381975532,0.3396088695581768,0.30195565220911613,0.6170569062232971,0.8558712005615234,0.23378947377204895,False,20
3,3.9277499460004037,2.0399999999999636,0.27904506488911457,0.009948747101800479,0.01853002403474141,0.3624018774983777,-0.18799061250811144,0.6380021572113037,0.8565317988395691,0.2323383092880249,False,21
3,4.062755630999163,2.0739999999999554,0.2842018580978917,0.010133170704147472,0.016898221009583037,0.30104063308614404,0.49479683456928,0.6380021572113037,0.8565317988395691,0.2323383092880249,False,21
3,4.176105564998579,2.1760000000000446,0.30039602627329903,0.010623114063225126,0.014046373620714286,0.3631418498528155,-0.1842907507359226,0.6548633575439453,0.8583016395568848,0.23327958583831787,False,21
3,4.276892112997302,2.1760000000000446,0.30039602627329903,0.010623114063225126,0.014046373620714286,0.4,-0.05479450345199399,0.6548633575439453,0.8583016395568848,0.23327958583831787,False,21
3,4.391740313003538,2.27800000000002,0.31711317188714905,0.010979048870700238,0.011938330408187954,0.3376159059592505,0.3119204702037476,0.6488438844680786,0.8590240478515625,0.231378436088562,False,20
3,4.492532750002283,2.27800000000002,0.31711317188714905,0.010979048870700238,0.011938330408187954,0.4,-0.059487189214824675,0.6488438844680786,0.8590240478515625,0.231378436088562,False,20
3,4.623295983998105,2.3460000000000036,0.32796559837452594,0.011095486702588786,0.012822707605133817,0.4,-0.04341500124004621,0.6329871416091919,0.8618375658988953,0.23478937149047852,False,20
3,4.7291937679983675,2.3799999999999955,0.33337252745389445,0.011162153230656958,0.012092746299955416,0.4,0.06331347919605401,0.6329871416091919,0.8618375658988953,0.23478937149047852,False,20
3,4.833909170003608,2.447999999999979,0.3449834051632822,0.011307610002730149,0.012490700023503451,0.37343802266051723,-0.13280988669741395,0.6622670888900757,0.8653581738471985,0.2356850802898407,False,21
3,4.941706236997561,2.481999999999971,0.3503168777816279,0.011368872136100296,0.01228550499238293,0.37231547807204374,0.1384226096397813,0.6622670888900757,0.8653581738471985,0.2356850802898407,False,21
3,5.048917952997726,2.5499999999999545,0.3611639585725803,0.0116258386825255,0.011037818253432636,0.3586045256552943,-0.2069773717235287,0.6616204380989075,0.8659664988517761,0.2354114055633545,False,21
3,5.153938743002072,2.5839999999999463,0.36654910059709017,0.011693471872717354,0.009957257891054843,0.35713192432303187,0.2143403783848407,0.6618660092353821,0.8659664988517761,0.2354114055633545,False,21
3,5.256998047996603,2.6520000000000437,0.37704617235857224,0.012047069303734035,0.006787950113157125,0.3686743082610149,0.15662845869492553,0.6618660092353821,0.8652501702308655,0.23511651158332825,False,20
3,5.357597160997102,2.6520000000000437,0.37704617235857224,0.012047069303734035,0.006787950113157125,0.3686743082610149,0.15662845869492553,0.6618660092353821,0.8652501702308655,0.23511651158332825,False,20
3,5.48138371600362,2.754000000000019,0.39226333629750215,0.012022898841094922,0.009270849095266402,0.26814319904385203,-0.6592840047807398,0.6594321727752686,0.8720167875289917,0.2371734082698822,False,20
3,5.5842614869980025,2.788000000000011,0.3975039053369146,0.012042512625045701,0.009100026807573281,0.4,0.03503844865595708,0.6594321727752686,0.8720167875289917,0.2371734082698822,False,20
3,5.6977553390024696,2.8559999999999945,0.4077162667155871,0.012130966963022797,0.008534856644171753,0.3790277656072957,0.10486117196352163,0.6592264771461487,0.8722820281982422,0.23558315634727478,False,19
3,5.803109198997845,2.8899999999999864,0.4128232200917061,0.012177835736512386,0.008931886265963085,0.4,0.011473415572579533,0.6592264771461487,0.8719875812530518,0.23558315634727478,False,19
3,5.909885038003267,2.95799999999997,0.42389677007388227,0.01228322744676849,0.009113838024201303,0.4,-0.04883505462521683,0.6439009308815002,0.8719875812530518,0.23769041895866394,False,21
3,6.013674171997991,2.991999999999962,0.42920998478502315,0.012329258130823393,0.009050726522075602,0.4,-0.03454539554913612,0.6439009308815002,0.8703136444091797,0.23769041895866394,False,21
3,6.123183663003147,3.0599999999999454,0.4407545035328775,0.012432381259245695,0.008726361351243129,0.4,-0.0044854148056576795,0.6434695720672607,0.8703136444091797,0.23674458265304565,False,19
3,6.249760856000648,3.1280000000000427,0.45186896822069705,0.012532100455712765,0.008553777210429405,0.4,-0.025329335075980508,0.6600319743156433,0.8727567791938782,0.2384011149406433,False,21
3,6.3846670529965195,3.1620000000000346,0.4576646000089563,0.01258278740910193,0.00861071327360539,0.369043243034061,-0.15478378482969518,0.6600319743156433,0.8727567791938782,0.2384011149406433,False,21
3,6.5054053560015745,3.26400000000001,0.47413614378167823,0.012953041179868438,0.004937403071346173,0.37990410137703584,0.10047949311482088,0.6599047780036926,0.8717309832572937,0.23993363976478577,False,21
3,6.606218059001549,3.26400000000001,0.47413614378167823,0.012953041179868438,0.004937403071346173,0.3216798813875618,0.391600593062191,0.6599047780036926,0.8717309832572937,0.23993363976478577,False,21
3,6.725818275997881,3.3659999999999854,0.4903316385976181,0.013061088298645359,0.004933836800282346,0.2,1.0,0.608815610408783,0.8156633973121643,0.06910279393196106,False,21
3,6.826891283002624,3.3659999999999854,0.4903316385976181,0.013061088298645359,0.004933836800282346,0.33570958861243194,0.3214520569378403,0.608815610408783,0.8156633973121643,0.06910279393196106,False,21
3,6.944536540999252,3.467999999999961,0.5054516163343123,0.012992579728928498,0.007448145994435702,0.2225228023844665,-0.8873859880776676,0.6075689792633057,0.8146607279777527,0.06831839680671692,False,20
3,7.045622457000718,3.467999999999961,0.5054516163343123,0.012992579728928498,0.007448145994435702,0.4,-0.021850285559459608,0.6075689792633057,0.8146607279777527,0.06831839680671692,False,20
3,7.165508833000786,3.5699999999999363,0.5204099183885421,0.013099860974958792,0.007265101309898776,0.37622519123834364,0.11887404380828187,0.6012475490570068,0.8130186200141907,0.06820675730705261,False,21
3,7.2665958069992485,3.5699999999999363,0.5204099183885421,0.013099860974958792,0.007265101309898776,0.4,-0.07032188964801597,0.6012475490570068,0.8130186200141907,0.06820675730705261,False,21
3,7.384908163003274,3.6720000000000255,0.536855768460555,0.013219495850277437,0.006935150946661634,0.3723042647484496,0.13847867625775212,0.5913604497909546,0.8113975524902344,0.06748084723949432,False,21
3,7.4857101700035855,3.6720000000000255,0.536855768460555,0.013219495850277437,0.006935150946661634,0.36907132672607307,0.15464336636963474,0.5913604497909546,0.8113975524902344,0.06748084723949432,False,21
3,7.60661828800221,3.774000000000001,0.5530687428566874,0.013125290460545835,0.010467765664262664,0.2029194326691442,-0.9854028366542791,0.6068689823150635,0.8094700574874878,0.0671183317899704,False,21
3,7.7074185960009345,3.774000000000001,0.5530687428566874,0.013125290460545835,0.010467765664262664,0.4,-0.015421132365528736,0.6068689823150635,0.8094700574874878,0.0671183317899704,False,21
3,7.824429995998798,3.8759999999999764,0.5687898130994825,0.013405110918071594,0.00830718733110402,0.37727149739925003,-0.11364251300374999,0.6063923239707947,0.8064918518066406,0.06654338538646698,False,21
3,7.925463134997699,3.8759999999999764,0.5687898130994825,0.013405110918071594,0.00830718733110402,0.2918955358649692,0.5405223206751542,0.6063923239707947,0.8064918518066406,0.06654338538646698,False,21
3,8.041687088996696,3.977999999999952,0.5840821219068926,0.013538984546226806,0.009086493420531238,0.31508436377933347,-0.4245781811033329,0.6072569489479065,0.8068467378616333,0.06686481833457947,False,20
3,8.142472594001447,3.977999999999952,0.5840821219068926,0.013538984546226806,0.009086493420531238,0.4,-0.047183037593419644,0.6072569489479065,0.8068467378616333,0.06686481833457947,False,20
3,8.276316693998524,4.046000000000049,0.5946520567193108,0.013637405818169275,0.008192888000639019,0.4,-0.05571948384748841,0.6133631467819214,0.8052751421928406,0.06598322093486786,False,19
3,8.38885214900074,4.080000000000041,0.6001541686863333,0.013807443841342186,0.006469991154223771,0.4,0.060115477663712905,0.6133631467819214,0.8052751421928406,0.06598322093486786,False,19
3,8.492877122000209,4.148000000000025,0.61177521480844,0.01394417040314914,0.005995600479060897,0.3733904201365206,-0.1330478993173973,0.6046410799026489,0.8027806878089905,0.06528617441654205,False,21
3,8.59345742900041,4.148000000000025,0.61177521480844,0.01394417040314914,0.005995600479060897,0.3733904201365206,-0.1330478993173973,0.6046410799026489,0.8027806878089905,0.06528617441654205,False,21
3,8.716753220003739,4.25,0.6282894162223206,0.014118653918463217,0.00441646813531048,0.4,0.09718674745453337,0.604362428188324,0.8017529249191284,0.06453821063041687,False,20
3,8.819121401000302,4.283999999999992,0.6337653052832072,0.014150356284230139,0.004995951510853624,0.4,-0.050346920128621096,0.604362428188324,0.8017529249191284,0.06453821063041687,False,20
3,8.927789435001614,4.351999999999975,0.6453143705340025,0.0141890164520907,0.005084743308412382,0.32827766121859264,0.35861169390703695,0.5872235894203186,0.8034090995788574,0.06493377685546875,False,21
3,9.033661542998743,4.385999999999967,0.6506403014779407,0.014214894751740679,0.005056968523380147,0.3676619238999861,0.16169038050006984,0.5872235894203186,0.8034090995788574,0.06493377685546875,False,21
3,9.145352614003059,4.453999999999951,0.6611198852486905,0.013987674137189836,0.009551792482450165,0.2,-1.0,0.60368412733078,0.7992696166038513,0.06405575573444366,False,21
3,9.246036468000966,4.487999999999943,0.66629598473123,0.014004942680785745,0.009424401736549338,0.4,-0.06286691235060929,0.60368412733078,0.7992696166038513,0.06405575573444366,False,21
3,9.359079998001107,4.55600000000004,0.6761588365018737,0.014100219232075342,0.00937282121875086,0.37830002356046205,-0.10849988219768991,0.602928638458252,0.7960863709449768,0.06375247240066528,False,20
3,9.45959190800204,4.55600000000004,0.6761588365018737,0.014100219232075342,0.00937282121875086,0.37830002356046205,-0.10849988219768991,0.602928638458252,0.7960863709449768,0.06375247240066528,False,20
3,9.581026015002863,4.6580000000000155,0.6922175287216585,0.014495759310869352,0.005937597125757885,0.31682070235719395,-0.4158964882140303,0.6096400022506714,0.7952780723571777,0.06328527629375458,False,20
3,9.684157891002542,4.692000000000007,0.6972899269176539,0.01452572810337602,0.005696610429442544,0.37554464369058427,-0.12227678154707892,0.6096400022506714,0.7915871739387512,0.06328527629375458,False,20
3,9.795793110999512,4.759999999999991,0.707641784607955,0.01487111647948238,0.0008264218700682639,0.2509709118233304,0.7451454408833481,0.601189374923706,0.7915871739387512,0.06306383013725281,False,21
3,9.89613292300055,4.793999999999983,0.7129228363554397,0.014903421621028706,0.0009708336139539316,0.2509709118233304,0.7451454408833481,0.601189374923706,0.7915871739387512,0.06306383013725281,False,21
3,10.014966420996643,4.861999999999966,0.723153243226819,0.01491801393449306,0.0013903904750349886,0.36236309906398356,-0.18818450468008222,0.6003495454788208,0.788925051689148,0.062192708253860474,False,21
3,10.120585819997359,4.895999999999958,0.728202741222992,0.014922906939030235,0.0010824254967252579,0.4,-0.08885562693752813,0.5998572111129761,0.788925051689148,0.062192708253860474,False,21
3,10.228832669003168,4.963999999999942,0.7388116463154931,0.015015509476641063,-0.0007306421923780027,0.3383850698987776,0.30807465050611227,0.5998572111129761,0.7883738279342651,0.0598234087228775,False,21
3,10.329896301002009,4.998000000000047,0.7441428805378894,0.015032009518123538,-0.0006794577716984501,0.4,0.030544791943186163,0.5998572111129761,0.7850487232208252,0.060459643602371216,False,21
3,10.445828288000484,5.066000000000031,0.7549617399433155,0.014981402546883762,0.0008179846725935902,0.3387284318027141,-0.3063578409864295,0.5766152143478394,0.7850487232208252,0.060459643602371216,False,21
3,10.57751326700236,5.1340000000000146,0.7653495606903927,0.01498433529399237,-0.00019470215852596633,0.3135488343645569,0.43225582817721586,0.5928776860237122,0.7817656397819519,0.05886483192443848,False,21
3,10.712641835998511,5.168000000000006,0.7705016227353186,0.014994542669297575,0.000325507272653121,0.36674805324771564,-0.1662597337614221,0.5928776860237122,0.7817656397819519,0.05886483192443848,False,21
3,10.83298423299857,5.269999999999982,0.785555163876248,0.014986723562627135,5.803786663315473e-05,0.4,0.03245963345602053,0.6096007227897644,0.8422186970710754,0.26229187846183777,False,21
3,10.93386162599927,5.269999999999982,0.785555163876248,0.014986723562627135,5.803786663315473e-05,0.2730790762020295,0.6346046189898527,0.6096007227897644,0.8422186970710754,0.26229187846183777,False,21
3,11.049704725999618,5.371999999999957,0.8012796316795737,0.015085987476948266,-0.000526659589900225,0.4,0.019045960443384136,0.6097870469093323,0.8394206762313843,0.2616143822669983,False,21
3,11.150474210000539,5.371999999999957,0.8012796316795737,0.015085987476948266,-0.000526659589900225,0.35345220780920955,-0.2327389609539522,0.6097870469093323,0.8394206762313843,0.2616143822669983,False,21
3,11.26035506399785,5.474000000000046,0.8173431161078889,0.015204789663071271,-0.0031018893559135153,0.3371602106392627,0.3141989468036866,0.5974268317222595,0.778683602809906,0.05805501341819763,False,20
3,11.361060035000264,5.474000000000046,0.8173431161078889,0.015204789663071271,-0.0031018893559135153,0.2,1.0,0.5974268317222595,0.778683602809906,0.05805501341819763,False,20
3,11.484321160998661,5.576000000000022,0.8319530231678652,0.014940446163477722,0.0008466360641539596,0.3631229675705884,0.18438516214705836,0.6021462678909302,0.7775441408157349,0.05754914879798889,False,21
3,11.585473601000558,5.576000000000022,0.8319530231678652,0.014940446163477722,0.0008466360641539596,0.2,-1.0,0.6021462678909302,0.7775441408157349,0.05754914879798889,False,21
3,11.709779791999608,5.677999999999997,0.8471876537356442,0.014662765977656117,0.004702707052028405,0.372596787175507,-0.13701606412246511,0.5959919691085815,0.7764664888381958,0.056976839900016785,False,21
3,11.810622548997344,5.677999999999997,0.8471876537356442,0.014662765977656117,0.004702707052028405,0.37522311017333654,0.12388444913331764,0.5959919691085815,0.7764664888381958,0.056976839900016785,False,21
3,11.943226980001782,5.745999999999981,0.8578241529128102,0.014769865234123032,0.004558007217689768,0.3392516735621538,-0.303741632189231,0.5732347369194031,0.7731564044952393,0.05651925504207611,False,21
3,12.055640049999056,5.779999999999973,0.8632354417485975,0.014642090945055582,0.006895846241444906,0.34326329153230073,-0.2836835423384964,0.5732347369194031,0.7731564044952393,0.05651925504207611,False,21
3,12.160543625002902,5.847999999999956,0.8736547905860452,0.01483540312892727,0.0042309463038106825,0.2566592689897882,0.7167036550510592,0.5888335108757019,0.7706053853034973,0.05614817142486572,False,21
3,12.266495101001055,5.881999999999948,0.8783243003162875,0.015060334089605748,0.001513627105005656,0.36791033671461865,0.16044831642690677,0.5888335108757019,0.7706053853034973,0.05614817142486572,False,21
3,12.373763711002539,5.9500000000000455,0.8881665078113401,0.015101920290070186,0.002144179271361835,0.37109221266457426,-0.14453893667712872,0.6022969484329224,0.7692969441413879,0.05525702238082886,False,21
3,12.474517640002887,5.984000000000037,0.8928017396406397,0.015102220053596111,0.002323198858947028,0.37109221266457426,-0.14453893667712872,0.6022969484329224,0.7692969441413879,0.05525702238082886,False,21
3,12.59278875200107,6.052000000000021,0.9033612409320928,0.015121849222425317,0.002167367319227052,0.3718758241360043,0.14062087931997888,0.5937614440917969,0.7669077515602112,0.05499975383281708,False,21
3,12.69933652599866,6.086000000000013,0.9084991760316106,0.015135849207422322,0.002452799314992738,0.4,0.09539681149560836,0.5937614440917969,0.7669077515602112,0.05499975383281708,False,21
3,12.80809070399846,6.153999999999996,0.9196566713215932,0.014934893960494574,0.005750246150878741,0.27604463753533476,-0.6197768123233262,0.6246465444564819,0.7699792981147766,0.054278627038002014,False,20
3,12.913214204003452,6.187999999999988,0.925096028580128,0.014934555179067062,0.0060894754114024065,0.3796800530984056,-0.10159973450797219,0.6246465444564819,0.7699792981147766,0.054278627038002014,False,20
3,13.025762199999008,6.255999999999972,0.9356582827809168,0.01498993805410446,0.005176230544534254,0.4,-0.001897543447964084,0.6300522685050964,0.7698943018913269,0.054136112332344055,False,19
3,13.127429865002341,6.289999999999964,0.9406264489947446,0.015029805964688803,0.004948386086653502,0.3730024860502792,-0.1349875697486041,0.6300522685050964,0.7698943018913269,0.054136112332344055,False,19
3,13.241165113999159,6.357999999999947,0.9515033001835621,0.015234636259873974,0.00284924987244001,0.2820187139470029,0.5899064302649856,0.6232199668884277,0.7695938944816589,0.05375225841999054,False,21
3,13.342345659002603,6.391999999999939,0.9567754865482593,0.015274952439604547,0.0029963686083442948,0.4,-0.0916167854046642,0.6165177822113037,0.7656322717666626,0.05320601165294647,False,21
3,13.449866201000987,6.460000000000036,0.9671361943254674,0.015290513509608491,0.0038827094661452706,0.34103757872020807,-0.29481210639895983,0.6165177822113037,0.7656322717666626,0.05320601165294647,False,21
3,13.55488799700106,6.494000000000028,0.9722513911769753,0.015298368405667399,0.0035593456544251055,0.37297624905976906,-0.13511875470115467,0.6165177822113037,0.7899225950241089,0.05320601165294647,False,21
3,13.66592570800276,6.562000000000012,0.9826285857997429,0.015581131838562507,-0.0005790746040127466,0.2,1.0,0.6369988322257996,0.7899225950241089,0.052878737449645996,False,21
3,13.766332550003426,6.596000000000004,0.9879013592050833,0.015604496428420059,-0.00041528492862263585,0.3405208096136802,0.2973959519315992,0.6442065238952637,0.7933827638626099,0.05267816781997681,False,21
3,13.879212565996568,6.663999999999987,0.997470600036273,0.015495642842225437,0.0015252377640198537,0.3623674555176664,-0.18816272241166793,0.6442065238952637,0.7933827638626099,0.05267816781997681,False,21
3,13.979597475001356,6.697999999999979,1.0018918553632923,0.015289192873167335,0.004332095141593077,0.36224272823999953,0.18878635880000244,0.6519402861595154,0.7933827638626099,0.05267816781997681,False,21
3,14.095958644997154,6.765999999999963,1.0117050308905602,0.015131885560994152,0.007207649666105334,0.36316720419448206,-0.1841639790275898,0.6519402861595154,0.8284957408905029,0.2457214891910553,False,20
3,14.215989370000898,6.833999999999946,1.0215912004901613,0.014870309872500941,0.011834365597498306,0.4,-0.04968363802863923,0.6564840078353882,0.8290873765945435,0.24415907263755798,False,21
3,14.350967708000098,6.867999999999938,1.026986175486305,0.014919977668373496,0.012079115969802337,0.4,0.051789885215674486,0.6564840078353882,0.8290873765945435,0.24415907263755798,False,21
3,14.467681626003468,6.970000000000027,1.0428512791319529,0.01509559068655649,0.011711407087734629,0.37999015702815025,-0.10004921485924895,0.654927134513855,0.8259332776069641,0.24176660180091858,False,21
3,14.568525444999977,6.970000000000027,1.0428512791319529,0.01509559068655649,0.011711407087734629,0.3754647764984813,-0.12267611750759377,0.654927134513855,0.8259332776069641,0.24176660180091858,False,21
3,14.6851869289967,7.072000000000003,1.0593903348054867,0.015409061809706954,0.009357225106900234,0.34332412549212277,0.2833793725393862,0.6382753252983093,0.820318877696991,0.24208638072013855,False,21
3,14.78629177500261,7.072000000000003,1.0593903348054867,0.015409061809706954,0.009357225106900234,0.3359301062999801,0.32034946850009965,0.6382753252983093,0.820318877696991,0.24208638072013855,False,21
3,14.898560303001432,7.173999999999978,1.0756295397596303,0.015574555409806696,0.009542919052178517,0.3282555508866304,-0.3587222455668481,0.6259147524833679,0.816665768623352,0.24099135398864746,False,20
3,14.999451607000083,7.173999999999978,1.0756295397596303,0.015574555409806696,0.009542919052178517,0.36274483382354034,0.18627583088229854,0.6259147524833679,0.816665768623352,0.24099135398864746,False,20
3,15.120863185999042,7.275999999999954,1.0915266796347383,0.015825955065828595,0.007908819931701307,0.3372375340500271,-0.3138123297498646,0.6159745454788208,0.8147321343421936,0.2393183410167694,False,19
3,15.22159197399742,7.275999999999954,1.0915266796347383,0.015825955065828595,0.007908819931701307,0.37559487899160815,0.12202560504195949,0.6159745454788208,0.8147321343421936,0.2393183410167694,False,19
3,15.336133062002773,7.378000000000043,1.1075099498978258,0.01602542356063471,0.00763782312678155,0.3662318541667092,-0.16884072916645404,0.6391463279724121,0.8127018809318542,0.23834121227264404,False,20
3,15.436751565997838,7.378000000000043,1.1075099498978258,0.01602542356063471,0.00763782312678155,0.30331801415112164,-0.48340992924439186,0.6391463279724121,0.8127018809318542,0.23834121227264404,False,20
3,15.578204368001025,7.446000000000026,1.11792105888431,0.016170001489474048,0.0056388594030910705,0.30589088747739207,0.47054556261303965,0.6450144648551941,0.8110094666481018,0.23789584636688232,False,21
3,15.678804508999747,7.446000000000026,1.11792105888431,0.016170001489474048,0.0056388594030910705,0.30589088747739207,0.47054556261303965,0.6450144648551941,0.8110094666481018,0.23789584636688232,False,21
3,15.803002339001978,7.548000000000002,1.1343562985497455,0.01633868919371712,0.005102971644273022,0.32496835713396105,0.3751582143301949,0.6476618051528931,0.7946820855140686,0.05175350606441498,False,21
3,15.90358792799816,7.548000000000002,1.1343562985497455,0.01633868919371712,0.005102971644273022,0.32496835713396105,0.3751582143301949,0.6476618051528931,0.7946820855140686,0.05175350606441498,False,21
3,16.023317655999563,7.649999999999977,1.1496506893830616,0.01605208980352372,0.010435181712800896,0.2,-1.0,0.6346912980079651,0.8008684515953064,0.053884536027908325,False,21
3,16.123867697002424,7.649999999999977,1.1496506893830616,0.01605208980352372,0.010435181712800896,0.2,-1.0,0.6346912980079651,0.8008684515953064,0.053884536027908325,False,21
3,16.262247391001438,7.751999999999953,1.1640810532269494,0.01609056038869853,0.011689513108454994,0.4,-0.08924496724498057,0.641991913318634,0.8303189277648926,0.23383590579032898,False,21
3,16.367992175997642,7.7859999999999445,1.1687430364038613,0.016146741211384066,0.011359849336667234,0.4,-0.04637797130046936,0.641991913318634,0.8303189277648926,0.23383590579032898,False,21
3,16.4771734370006,7.854000000000042,1.1795466161006571,0.016271858570193313,0.011232392094558355,0.36714512231561347,-0.16427438842193287,0.6379865407943726,0.8384278416633606,0.23390790820121765,False,20
3,16.577663532996667,7.854000000000042,1.1795466161006571,0.016271858570193313,0.011232392094558355,0.36714512231561347,-0.16427438842193287,0.6379865407943726,0.8384278416633606,0.23390790820121765,False,20
3,16.69743962299981,7.956000000000017,1.1954177204124923,0.01670768267773624,0.007188892731584523,0.3396005387428109,0.30199730628594573,0.655887246131897,0.8457752466201782,0.23164311051368713,False,21
3,16.80112200899748,7.990000000000009,1.2002782727912744,0.016922122280419366,0.004833107114111649,0.4,0.05285605251344014,0.6159190535545349,0.8457752466201782,0.23164311051368713,False,21
3,16.911093490001804,8.057999999999993,1.2105061188846291,0.016996034260870187,0.005126619054288122,0.35945492233883725,-0.20272538830581383,0.6159190535545349,0.7964514493942261,0.04186733067035675,False,20
3,17.012656275001063,8.057999999999993,1.2105061188846291,0.016996034260870187,0.005126619054288122,0.35945492233883725,-0.20272538830581383,0.6159190535545349,0.7964514493942261,0.04186733067035675,False,20
3,17.137307883000176,8.159999999999968,1.225874013246082,0.017328565474455243,0.0009794379160361923,0.24681002450351724,0.7659498774824139,0.6917909383773804,0.8572587370872498,0.2300141155719757,False,21
3,17.26135652600351,8.227999999999952,1.2356137087003594,0.01758674724424303,-0.002010239869491372,0.37134658453281255,0.14326707733593752,0.6931418776512146,0.8611056208610535,0.2308862805366516,False,20
3,17.396116481002537,8.261999999999944,1.2408149940213427,0.017579517872053294,-0.0016044163559482247,0.32604774141106274,-0.3697612929446862,0.6931418776512146,0.8611056208610535,0.2308862805366516,False,20
3,17.51159080999787,8.364000000000033,1.2556103215564105,0.017812014436521275,-0.0064003568094360185,0.2734251537032956,-0.6328742314835221,0.6815264821052551,0.8591231107711792,0.23051393032073975,False,18
3,17.61234426900046,8.364000000000033,1.2556103215564105,0.017812014436521275,-0.0064003568094360185,0.2817641418028899,0.5911792909855507,0.6815264821052551,0.8591231107711792,0.23051393032073975,False,18
3,17.72565418999875,8.466000000000008,1.270407608003296,0.01795592646337736,-0.008938933933917802,0.36830158395658086,0.15849208021709577,0.68250572681427,0.859650194644928,0.23453965783119202,False,21
3,17.82629297800304,8.466000000000008,1.270407608003296,0.01795592646337736,-0.008938933933917802,0.34643827323128773,-0.2678086338435614,0.68250572681427,0.859650194644928,0.23453965783119202,False,21
3,17.934403375998954,8.567999999999984,1.2862022433211338,0.01782823917395923,-0.009824756605048066,0.2,1.0,0.6920945644378662,0.861844003200531,0.23465725779533386,False,21
3,18.03517709500011,8.567999999999984,1.2862022433211338,0.01782823917395923,-0.009824756605048066,0.21146619349571744,0.9426690325214129,0.6920945644378662,0.861844003200531,0.23465725779533386,False,21
3,18.153734890001942,8.669999999999959,1.3012195614460242,0.017712481635490787,-0.009487967275416368,0.4,0.004153381747766902,0.7089380025863647,0.864656925201416,0.23582366108894348,False,20
3,18.254800750000868,8.669999999999959,1.3012195614460242,0.017712481635490787,-0.009487967275416368,0.4,0.0021896814932090627,0.7089380025863647,0.864656925201416,0.23582366108894348,False,20
3,18.36383004199888,8.772000000000048,1.3184846245062793,0.017548130221833526,-0.009823077386803786,0.4,0.038079554300724926,0.7086347937583923,0.8640201091766357,0.2350291907787323,False,21
3,18.46493913899758,8.772000000000048,1.3184846245062793,0.017548130221833526,-0.009823077386803786,0.3652503742713952,0.17374812864302416,0.7086347937583923,0.8640201091766357,0.2350291907787323,False,21
3,18.57771720400342,8.874000000000024,1.3355208697655532,0.01736468560223858,-0.008887088703780825,0.3550577393361358,-0.224711303319321,0.6963066458702087,0.8694972991943359,0.2354838252067566,False,19
3,18.679248031003226,8.874000000000024,1.3355208697655532,0.01736468560223858,-0.008887088703780825,0.4,0.045510832271787635,0.6963066458702087,0.8694972991943359,0.2354838252067566,False,19
3,18.794820005001384,8.975999999999999,1.3525666429876326,0.017204935200027548,-0.009542226551526702,0.36947043314328704,-0.1526478342835648,0.6803263425827026,0.8667845726013184,0.23595890402793884,False,19
3,18.896157969997148,8.975999999999999,1.3525666429876326,0.017204935200027548,-0.009542226551526702,0.36078568301801717,0.19607158490991428,0.6803263425827026,0.8667845726013184,0.23595890402793884,False,19
3,19.01478466000117,9.077999999999975,1.3687250495062813,0.016979170145355812,-0.007797386032184033,0.3539541766185239,-0.23022911690738046,0.6628184914588928,0.8660018444061279,0.23547443747520447,False,20
3,19.115374770000926,9.077999999999975,1.3687250495062813,0.016979170145355812,-0.007797386032184033,0.23894275784819166,-0.8052862107590417,0.6628184914588928,0.8660018444061279,0.23547443747520447,False,20
3,19.248093841997616,9.145999999999958,1.3788526684118212,0.01687783694482077,-0.008592931005620988,0.4,-0.02780732306477087,0.6568840742111206,0.8667281270027161,0.2362130582332611,False,19
3,19.34873590499774,9.145999999999958,1.3788526684118212,0.01687783694482077,-0.008592931005620988,0.4,-0.02780732306477087,0.6568840742111206,0.8667281270027161,0.2362130582332611,False,19
3,19.46836600700044,9.248000000000047,1.3943189954106516,0.017347628254921654,-0.01765837234833988,0.35257541286142,0.23712293569289977,0.7061285972595215,0.8679397106170654,0.23608547449111938,False,21
3,19.569006659003207,9.248000000000047,1.3943189954106516,0.017347628254921654,-0.01765837234833988,0.35257541286142,0.23712293569289977,0.7061285972595215,0.8679397106170654,0.23608547449111938,False,21
3,19.691702905001875,9.350000000000023,1.4096172688910964,0.017041558531234523,-0.016001155122555972,0.37347012685311204,-0.13264936573443994,0.6778652667999268,0.8692557215690613,0.2614045739173889,False,20
3,19.797021739002957,9.384000000000015,1.4148642791693145,0.016947164649871654,-0.01632564597514091,0.4,0.0951786383265133,0.6778652667999268,0.8692557215690613,0.2614045739173889,False,20
3,19.90495574999659,9.451999999999998,1.425714524668616,0.016766901732513773,-0.016475115903253984,0.3140384771350542,0.4298076143247291,0.6810261607170105,0.8685104846954346,0.26443567872047424,False,21
3,20.00549122600205,9.451999999999998,1.425714524668616,0.016766901732513773,-0.016475115903253984,0.3140384771350542,0.4298076143247291,0.6810261607170105,0.8685104846954346,0.26443567872047424,False,21
3,20.124640253998223,9.553999999999974,1.4408442097224605,0.016188955804833583,-0.011393006696558496,0.2726830515231373,-0.6365847423843134,0.643706202507019,0.8097802996635437,0.06731103360652924,False,20
3,20.225515261998225,9.587999999999965,1.445227373793796,0.015777390010296644,-0.006646380883180494,0.4,0.0735791457499973,0.643706202507019,0.8097802996635437,0.06731103360652924,False,20
3,20.33816483699775,9.655999999999949,1.4543146936170823,0.015680678012406014,-0.006163974858404625,0.35329633842122216,0.2335183078938894,0.6279651522636414,0.8101099729537964,0.0662347674369812,False,21
3,20.43819470699964,9.68999999999994,1.4589502698142807,0.015648630765446106,-0.006499685917549657,0.3435148218134001,0.2824258909329995,0.6279651522636414,0.8101099729537964,0.0662347674369812,False,21
3,20.55350720300339,9.758000000000038,1.4685881366183702,0.015389411792884512,-0.003289643489203519,0.23392661820261199,-0.8303669089869402,0.6099537014961243,0.8066786527633667,0.06391304731369019,False,21
3,20.656322543996794,9.79200000000003,1.4733616429428684,0.015335022123927003,-0.0027222427927233147,0.4,0.02491816904152458,0.6099537014961243,0.8068900108337402,0.06391304731369019,False,21
3,20.76649930200074,9.860000000000014,1.4831899038762804,0.015302269573699121,-0.003329419414124543,0.3725380637697068,-0.13730968115146625,0.6200572848320007,0.8068900108337402,0.06226356327533722,False,19
3,20.893585413999972,9.927999999999997,1.49296162547238,0.01526619838477826,-0.003557480412677713,0.37277110349509907,-0.13614448252450484,0.6197524070739746,0.8067162036895752,0.06081846356391907,False,21
3,21.02835558300285,9.961999999999989,1.4983372829386705,0.01535616091395043,-0.005187296456374329,0.3153460638809564,0.4232696805952182,0.6197524070739746,0.8067162036895752,0.06081846356391907,False,21
3,21.143260429002112,10.063999999999965,1.5146672090094546,0.015389755850089126,-0.006455091133908992,0.2,-1.0,0.6362864971160889,0.8055522441864014,0.05939836800098419,False,21
3,21.24434469699918,10.063999999999965,1.5146672090094546,0.015389755850089126,-0.006455091133908992,0.3302412875799562,-0.3487935621002191,0.6362864971160889,0.8055522441864014,0.05939836800098419,False,21
3,21.355125180001778,10.16599999999994,1.5301182529558033,0.01565358897453069,-0.011827111906457157,0.20557422085862742,-0.972128895706863,0.6420880556106567,0.8042927980422974,0.05814410746097565,False,21
3,21.456467736003106,10.16599999999994,1.5301182529558033,0.01565358897453069,-0.011827111906457157,0.2,1.0,0.6420880556106567,0.8042927980422974,0.05814410746097565,False,21
3,21.570503640003153,10.268000000000029,1.5440382145061233,0.015867034868122548,-0.016771747409315557,0.2,-1.0,0.6728670001029968,0.8104830384254456,0.058856308460235596,False,20
3,21.67129191999993,10.268000000000029,1.5440382145061233,0.015867034868122548,-0.016771747409315557,0.2810981817964018,-0.5945090910179911,0.6728670001029968,0.8104830384254456,0.058856308460235596,False,20
3,21.783102859997598,10.370000000000005,1.5576631899624798,0.01592623367561477,-0.021584590450568937,0.2,1.0,0.6472325921058655,0.8091325163841248,0.05873680114746094,False,21
3,21.883957751997514,10.370000000000005,1.5576631899624798,0.01592623367561477,-0.021584590450568937,0.4,0.08998863621412767,0.6472325921058655,0.8091325163841248,0.05873680114746094,False,21
3,21.993309869998484,10.47199999999998,1.5723453207958757,0.015470748971462849,-0.0184688256123667,0.4,-0.0626432376514289,0.639202892780304,0.807569682598114,0.058792173862457275,False,21
3,22.094044514000416,10.47199999999998,1.5723453207958757,0.015470748971462849,-0.0184688256123667,0.2140305695390634,-0.929847152304683,0.639202892780304,0.807569682598114,0.058792173862457275,False,21
3,22.209879768000974,10.573999999999955,1.5880398086983543,0.015132493775092886,-0.018692560308011103,0.4,0.009021412448351293,0.6550305485725403,0.8072448968887329,0.057753220200538635,False,20
3,22.3107906869991,10.573999999999955,1.5880398086983543,0.015132493775092886,-0.018692560308011103,0.3550087247771805,0.2249563761140979,0.6550305485725403,0.8072448968887329,0.057753220200538635,False,20
3,22.42492951099848,10.676000000000045,1.6046726033369327,0.014884578778289158,-0.018689737281022488,0.32560456955432754,-0.3719771522283624,0.6572538614273071,0.8055192232131958,0.05716821551322937,False,21
3,22.525773308996577,10.676000000000045,1.6046726033369327,0.014884578778289158,-0.018689737281022488,0.36900518448868963,-0.15497407755655196,0.6572538614273071,0.8055192232131958,0.05716821551322937,False,21
3,22.634327507999842,10.77800000000002,1.6206140517857917,0.0146212215966396,-0.019417408975704556,0.3183895004595327,0.4080524977023367,0.6565247774124146,0.8044219017028809,0.056402549147605896,False,21
3,22.735133998001402,10.77800000000002,1.6206140517857917,0.0146212215966396,-0.019417408975704556,0.35852626022205114,-0.20736869888974446,0.6565247774124146,0.8044219017028809,0.056402549147605896,False,21
3,22.8723069330008,10.846000000000004,1.6307207280149238,0.014297809179193148,-0.017857746417306634,0.4,0.0540873637561787,0.6868107318878174,0.8064010143280029,0.055943891406059265,False,21
3,22.987094404001255,10.879999999999995,1.6356497425317345,0.014357706429902974,-0.020223940306668242,0.366718272092471,0.16640863953764512,0.6868107318878174,0.8064010143280029,0.055943891406059265,False,21
3,23.090352127001097,10.947999999999979,1.6464037213279052,0.014295781542937053,-0.02162387757106758,0.36110845726204793,-0.19445771368976048,0.6683286428451538,0.8017324805259705,0.05502724647521973,False,21
3,23.190928532996622,10.947999999999979,1.6464037213279052,0.014295781542937053,-0.02162387757106758,0.36110845726204793,-0.19445771368976048,0.6683286428451538,0.8017324805259705,0.05502724647521973,False,21
3,23.298687725997297,11.083999999999946,1.66707036957123,0.013845602691451114,-0.02260789552556829,0.4,0.059159721103402514,0.6686137318611145,0.8000758290290833,0.054117441177368164,False,20
3,23.399485130998073,11.083999999999946,1.66707036957123,0.013845602691451114,-0.02260789552556829,0.3720397840673371,0.13980107966331434,0.6686137318611145,0.8000758290290833,0.054117441177368164,False,20
3,23.5322401500016,11.152000000000044,1.6780746978365066,0.013605687147092592,-0.02179822417565686,0.3375708204431823,-0.31214589778408863,0.6664100885391235,0.8011742830276489,0.05336117744445801,False,20
3,23.63288879799802,11.152000000000044,1.6780746978365066,0.013605687147092592,-0.02179822417565686,0.3375708204431823,-0.31214589778408863,0.6664100885391235,0.8011742830276489,0.05336117744445801,False,20
3,23.759012454000185,11.254000000000019,1.6939260343744225,0.013236589212226172,-0.022063608898097675,0.22069797409609038,0.896510129519548,0.6499773859977722,0.7979373931884766,0.05296853184700012,False,19
3,23.859511246002512,11.288000000000011,1.6991528909455822,0.013147525864097597,-0.021788437163540942,0.4,0.013290356476383505,0.6499773859977722,0.7979373931884766,0.05296853184700012,False,19
3,23.971911822998663,11.355999999999995,1.7092086169074203,0.012924611912586098,-0.02151166856440421,0.3621829683409225,0.18908515829538755,0.6455972790718079,0.7936426997184753,0.05264674127101898,False,21
3,24.072598671002197,11.389999999999986,1.7139994941095886,0.012813149154541922,-0.021357632180475213,0.36497625275522666,0.17511873622386684,0.6455972790718079,0.7936426997184753,0.05264674127101898,False,21
3,24.18634142600058,11.45799999999997,1.7243696390540524,0.012304130885118853,-0.017070836222416758,0.2,-1.0,0.6517025828361511,0.7916873693466187,0.052142396569252014,False,21
3,24.310390457998437,11.525999999999954,1.7343219790361057,0.012103130403896548,-0.017054414503541084,0.4,0.015763895518861544,0.6662571430206299,0.7916098833084106,0.05128772556781769,False,21
3,24.445266606002406,11.559999999999945,1.7395326583367148,0.012011736130676312,-0.017024254242222935,0.4,0.06702171415314798,0.6662571430206299,0.7916098833084106,0.05128772556781769,False,21
3,24.556308926003112,11.662000000000035,1.7553360492689107,0.011738786564140593,-0.016643060300316447,0.2,-1.0,0.6662396788597107,0.7919769287109375,0.05098597705364227,False,21
3,24.657157148001716,11.662000000000035,1.7553360492689107,0.011738786564140593,-0.016643060300316447,0.3720943585802977,-0.1395282070985115,0.6662396788597107,0.7919769287109375,0.05098597705364227,False,21
3,24.769005059002666,11.76400000000001,1.7716913613461454,0.011480246065867726,-0.01773151392194807,0.2,1.0,0.6837636232376099,0.7931343913078308,0.05049557983875275,False,21
3,24.869996620000165,11.76400000000001,1.7716913613461454,0.011480246065867726,-0.01773151392194807,0.3750408658094198,0.1247956709529009,0.6837636232376099,0.7931343913078308,0.05049557983875275,False,21
3,24.981359746001544,11.865999999999985,1.788242361556498,0.011186141114289378,-0.016638362218237012,0.2,1.0,0.6847737431526184,0.7920547723770142,0.05018430948257446,False,21
3,25.082171859998198,11.865999999999985,1.788242361556498,0.011186141114289378,-0.016638362218237012,0.4,-0.02384769027405225,0.6847737431526184,0.7920547723770142,0.05018430948257446,False,21
3,25.19092637400172,11.967999999999961,1.8051571308788665,0.01076502239076604,-0.01455691595451064,0.2,-1.0,0.6787476539611816,0.795535683631897,0.04973392188549042,False,21
3,25.292022902001918,11.967999999999961,1.8051571308788665,0.01076502239076604,-0.01455691595451064,0.26146290383841264,-0.6926854808079368,0.6787476539611816,0.795535683631897,0.04973392188549042,False,21
3,25.406776718999026,12.069999999999936,1.8209578685580363,0.010421604786173419,-0.012837999283605166,0.4,0.04873451411244409,0.6799191832542419,0.791955292224884,0.04908128082752228,False,21
3,25.507832091003365,12.069999999999936,1.8209578685580363,0.010421604786173419,-0.012837999283605166,0.2633597751326921,-0.6832011243365396,0.6799191832542419,0.791955292224884,0.04908128082752228,False,21
3,25.623806916999456,12.172000000000025,1.8369801795196334,0.010105837881242549,-0.011209713187283891,0.29262022285706657,-0.5368988857146672,0.6788386106491089,0.7947092652320862,0.04841989278793335,False,21
3,25.724834376000217,12.172000000000025,1.8369801795196334,0.010105837881242549,-0.011209713187283891,0.28842153002985926,-0.5578923498507038,0.6788386106491089,0.7947092652320862,0.04841989278793335,False,21
3,25.840755429002456,12.274000000000001,1.8512220500576446,0.010420848607086076,-0.01862321920904332,0.2,1.0,0.715263843536377,0.858728289604187,0.25605306029319763,False,20
3,25.941688450002403,12.274000000000001,1.8512220500576446,0.010420848607086076,-0.01862321920904332,0.4,0.03842070448368842,0.715263843536377,0.858728289604187,0.25605306029319763,False,20
3,26.05206989099679,12.375999999999976,1.8655440228780833,0.010111118368947075,-0.016807943445264293,0.4,-0.03663432379892409,0.719231903553009,0.8586231470108032,0.25677791237831116,False,21
3,26.152896214000066,12.375999999999976,1.8655440228780833,0.010111118368947075,-0.016807943445264293,0.3116602709095837,-0.4416986454520817,0.719231903553009,0.8586231470108032,0.25677791237831116,False,21
3,26.259581534999597,12.477999999999952,1.8813011136582776,0.009716723316115878,-0.014708342676891103,0.34664664200972456,0.26676678995137715,0.6966745853424072,0.8517152667045593,0.25437262654304504,False,21
3,26.360417376999976,12.477999999999952,1.8813011136582776,0.009716723316115878,-0.014708342676891103,0.2990616664473456,-0.504691667763272,0.6966745853424072,0.8517152667045593,0.25437262654304504,False,21
3,26.49476399699779,12.54600000000005,1.8915918127853792,0.00927725795417546,-0.010925483257087828,0.4,-0.048473636811924174,0.6827704310417175,0.7859960198402405,0.04708302021026611,False,21
3,26.6057104490028,12.580000000000041,1.8971669327933303,0.009215832290827265,-0.01090369041075858,0.4,-0.021307443028739347,0.6827704310417175,0.7859960198402405,0.04708302021026611,False,21
3,26.709269869003037,12.648000000000025,1.9087722097950504,0.009083758360366343,-0.011295504290622765,0.4,0.04942930981827645,0.6615156531333923,0.7807187438011169,0.04657772183418274,False,20
3,26.815428362999228,12.682000000000016,1.9141480297801725,0.00902577294099883,-0.011145782272727193,0.4,0.006361091925973138,0.6615156531333923,0.7807187438011169,0.04657772183418274,False,20
3,26.920729698002106,12.75,1.925701368446364,0.00889913805364254,-0.011049179513566362,0.36845139882721234,0.1577430058639384,0.6830857992172241,0.781032383441925,0.04637807607650757,False,21
3,27.02129754699854,12.75,1.925701368446364,0.00889913805364254,-0.011049179513566362,0.36845139882721234,0.1577430058639384,0.6830857992172241,0.781032383441925,0.04637807607650757,False,21
3,27.144101147001493,12.851999999999975,1.9420820974322235,0.008533857568824951,-0.007823213536415699,0.3360503359958172,-0.31974832002091413,0.6806451082229614,0.778252363204956,0.046347931027412415,False,21
3,27.245091381999373,12.885999999999967,1.947405067003671,0.008378567162021832,-0.006272510264908544,0.4,0.004049219171574463,0.6806451082229614,0.778252363204956,0.046347931027412415,False,21
3,27.3548003399992,12.95399999999995,1.9582629414328954,0.008280545885651372,-0.007026981168776103,0.31538648716232176,0.42306756418839125,0.694488525390625,0.7778880000114441,0.045309796929359436,False,21
3,27.45540524199896,12.95399999999995,1.9582629414328954,0.008280545885651372,-0.007026981168776103,0.31538648716232176,0.42306756418839125,0.694488525390625,0.7778880000114441,0.045309796929359436,False,21
3,27.575172547003604,13.05600000000004,1.9735680972006633,0.007918068756757822,-0.0025703208270434377,0.22203626666786108,-0.8898186666606946,0.690803050994873,0.7769553065299988,0.04637742042541504,False,20
3,27.67567071299709,13.05600000000004,1.9735680972006633,0.007918068756757822,-0.0025703208270434377,0.22203626666786108,-0.8898186666606946,0.690803050994873,0.7769553065299988,0.04637742042541504,False,20
3,27.797514297002635,13.158000000000015,1.9874031358929265,0.0074687221260885586,0.0030358368012903,0.3107784436183679,0.4461077819081605,0.6775386929512024,0.7700191736221313,0.04361124336719513,False,21
3,27.89785976299754,13.192000000000007,1.992020158901454,0.007441155250800935,0.004236637396056937,0.4,0.09633269864875355,0.6775386929512024,0.7700191736221313,0.04361124336719513,False,21
3,28.01252539899724,13.259999999999991,2.001902940673388,0.006689000073850483,0.015325224259174304,0.2,-1.0,0.6710904240608215,0.7660874724388123,0.043873488903045654,False,21
3,28.11395652899955,13.293999999999983,2.007248938804499,0.006479257439446663,0.01925249523943379,0.32834232445354994,-0.3582883777322502,0.6864980459213257,0.7660874724388123,0.043873488903045654,False,21
3,28.226300788002845,13.361999999999966,2.0174595359076903,0.00664305398577133,0.01885681723906058,0.3797341059446582,0.10132947027670905,0.6864980459213257,0.7663319110870361,0.04414592683315277,False,21
3,28.350719426998694,13.42999999999995,2.0281687369302346,0.0067594275653734,0.020785529552279542,0.4,-0.09678353957157308,0.6752656102180481,0.7673147320747375,0.04316580295562744,False,21
3,28.48527152799943,13.463999999999942,2.0338746679139543,0.006855105985139736,0.020550135274950674,0.37409818099096187,0.12950909504519073,0.6752656102180481,0.7673147320747375,0.04316580295562744,False,21
3,28.597197882998444,13.566000000000031,2.0502851312402446,0.007116297348633135,0.02217039658214264,0.2,-1.0,0.6776403784751892,0.7727649211883545,0.04389142990112305,False,21
3,28.698079715002677,13.566000000000031,2.0502851312402446,0.007116297348633135,0.02217039658214264,0.2952268580372723,-0.5238657098136389,0.6776403784751892,0.7727649211883545,0.04389142990112305,False,21
3,28.80719775799662,13.668000000000006,2.0650975720857034,0.007447674180910214,0.021125571722074334,0.2581362361904142,-0.7093188190479289,0.711925208568573,0.8079074621200562,0.04629625380039215,False,19
3,28.908068121003453,13.668000000000006,2.0650975720857034,0.007447674180910214,0.021125571722074334,0.23689024784145718,-0.8155487607927141,0.711925208568573,0.8079074621200562,0.04629625380039215,False,19
3,29.01882330400258,13.769999999999982,2.077924324790923,0.00909031968704392,0.002484667492552255,0.2,1.0,0.7339377999305725,0.8115498423576355,0.04330204427242279,False,19
3,29.11970741800178,13.769999999999982,2.077924324790923,0.00909031968704392,0.002484667492552255,0.2,1.0,0.7339377999305725,0.8115498423576355,0.04330204427242279,False,19
3,29.22963732700009,13.871999999999957,2.0897731320845905,0.009330785925931796,0.0003385209437490917,0.36402305944646196,-0.1798847027676902,0.7292561531066895,0.8475847840309143,0.24053433537483215,False,21
3,29.330410775000928,13.871999999999957,2.0897731320845905,0.009330785925931796,0.0003385209437490917,0.2833018073367019,-0.5834909633164904,0.7292561531066895,0.8475847840309143,0.24053433537483215,False,21
3,29.44372059500165,13.974000000000046,2.103431003670844,0.009230545087535227,0.0011912912031102382,0.2,1.0,0.7194816470146179,0.8413952589035034,0.237070232629776,False,21
3,29.545193799996923,13.974000000000046,2.103431003670844,0.009230545087535227,0.0011912912031102382,0.3308292083093419,0.34585395845329037,0.7194816470146179,0.8413952589035034,0.237070232629776,False,21
3,29.670491835000576,14.076000000000022,2.117176003613973,0.00877939865931887,0.008270680230930387,0.2956047524775838,-0.5219762376120812,0.7298627495765686,0.8350174427032471,0.2382895052433014,False,21
3,29.771749172003183,14.076000000000022,2.117176003613973,0.00877939865931887,0.008270680230930387,0.22257822855491025,-0.887108857225449,0.7298627495765686,0.8350174427032471,0.2382895052433014,False,21
3,29.88075570899673,14.177999999999997,2.130323418172266,0.00887124863243788,0.007987212632921408,0.20351003443844207,0.9824498278077898,0.734764575958252,0.8350417613983154,0.2364119589328766,False,20
3,29.981586602996686,14.177999999999997,2.130323418172266,0.00887124863243788,0.007987212632921408,0.29731251711956325,0.5134374144021839,0.734764575958252,0.8350417613983154,0.2364119589328766,False,20
3,30.108667931002856,14.245999999999981,2.1389140291785464,0.00827301554882623,0.01727416411755741,0.2,-1.0,0.7013411521911621,0.8311840295791626,0.23560479283332825,False,21
3,30.216549329001282,14.279999999999973,2.1428240942530405,0.007617114685130035,0.026685027948352414,0.34750554250351684,-0.2624722874824159,0.7013411521911621,0.8311840295791626,0.23560479283332825,False,21
3,30.322210906997498,14.347999999999956,2.1507923400640125,0.007381081308411966,0.03303509837631496,0.3617492722206441,-0.1912536388967795,0.7317885160446167,0.8353940844535828,0.2345120906829834,False,19
3,30.427660756002297,14.381999999999948,2.1549709313483407,0.007126595476198769,0.03809249811084836,0.4,-0.04952064452700533,0.7317885160446167,0.8353940844535828,0.2345120906829834,False,19
3,30.534235295002873,14.450000000000045,2.164166664676331,0.006919330630079707,0.04637444522037444,0.2,-1.0,0.7375444769859314,0.8347128629684448,0.23373734951019287,False,21
3,30.634378426002513,14.484000000000037,2.16900940189142,0.007116239190501556,0.04637077965349652,0.2,-1.0,0.7375444769859314,0.8347128629684448,0.23373734951019287,False,21
3,30.752838733998942,14.552000000000021,2.178406844430936,0.007556796122827966,0.04621556736838608,0.4,0.09604447850599342,0.7263336777687073,0.8378607630729675,0.23354384303092957,False,21
3,30.85896424100065,14.586000000000013,2.1834521453022915,0.007905333954776694,0.04409950605590869,0.3230208477668908,0.3848957611655464,0.7263336777687073,0.8378607630729675,0.23354384303092957,False,21
3,30.970534034000593,14.653999999999996,2.194106718144172,0.008475183006358916,0.04311678455816773,0.247453114294802,0.76273442852599,0.7206909656524658,0.8365872502326965,0.23297423124313354,False,21
3,31.0710874159995,14.653999999999996,2.194106718144172,0.008475183006358916,0.04311678455816773,0.247453114294802,0.76273442852599,0.7206909656524658,0.8365872502326965,0.23297423124313354,False,21
3,31.191408352999133,14.755999999999972,2.2079538556232476,0.008662605104051238,0.04898255587528299,0.2,-1.0,0.734754204750061,0.8429244160652161,0.23294270038604736,False,21
3,31.29555339399667,14.789999999999964,2.2123405202987674,0.008837069185917288,0.04953814280282406,0.4,0.028556151404078918,0.734754204750061,0.8429244160652161,0.23294270038604736,False,21
3,31.40963111900055,14.857999999999947,2.2218043920020043,0.009282807007940652,0.048690269232463175,0.37999136063828376,-0.1000431968085814,0.7388312220573425,0.8531168103218079,0.232428640127182,False,21
3,31.510181944002397,14.857999999999947,2.2218043920020043,0.009282807007940652,0.048690269232463175,0.37999136063828376,-0.1000431968085814,0.7388312220573425,0.8531168103218079,0.232428640127182,False,21
3,31.629285608003556,14.960000000000036,2.2367179528464276,0.010092845341014785,0.04655389022666034,0.3558014983291995,-0.22099250835400258,0.7403112649917603,0.8543411493301392,0.22929835319519043,False,20
3,31.72990711499733,14.960000000000036,2.2367179528464276,0.010092845341014785,0.04655389022666034,0.3558014983291995,-0.22099250835400258,0.7403112649917603,0.8543411493301392,0.22929835319519043,False,20
3,31.853567402999033,15.062000000000012,2.2516519698618405,0.011354044666577513,0.038163673561713525,0.24926521144092978,0.753673942795351,0.7422336339950562,0.8615585565567017,0.23028171062469482,False,20
3,31.957078254003136,15.096000000000004,2.256917257748494,0.011794418693448706,0.034632093439638766,0.3659269153777164,-0.1703654231114181,0.7422336339950562,0.8615585565567017,0.23028171062469482,False,20
3,32.072771302002366,15.163999999999987,2.2672554120304067,0.012345080599067157,0.03191727641558629,0.37376839315854626,-0.1311580342072686,0.7508209347724915,0.8697911500930786,0.22928151488304138,False,21
3,32.194703838998976,15.231999999999971,2.2774323790532525,0.013078838503098482,0.02593609907974209,0.3068432115889167,-0.46578394205541657,0.7439748644828796,0.8738614320755005,0.2271588146686554,False,21
3,32.32952242399915,15.265999999999963,2.2823752062483145,0.013494001550110346,0.0221668360909983,0.27489044295750525,0.6255477852124738,0.7439748644828796,0.8738614320755005,0.2271588146686554,False,21
3,32.44624718999694,15.367999999999938,2.296965421912063,0.01379576065374669,0.022690618979179785,0.2,-1.0,0.739778995513916,0.8689729571342468,0.23041677474975586,False,21
3,32.547078561998205,15.367999999999938,2.296965421912063,0.01379576065374669,0.022690618979179785,0.2582124398623742,-0.7089378006881291,0.739778995513916,0.8689729571342468,0.23041677474975586,False,21
3,32.662660078000044,15.470000000000027,2.31002720664684,0.014944961467917673,0.01074629776341301,0.31452699038717014,0.42736504806414943,0.7297093272209167,0.8707660436630249,0.2305426299571991,False,20
3,32.76356264700007,15.470000000000027,2.31002720664684,0.014944961467917673,0.01074629776341301,0.2,1.0,0.7297093272209167,0.8707660436630249,0.2305426299571991,False,20
3,32.871642318998056,15.572000000000003,2.3222182285324493,0.01525626914101356,0.008035446956026527,0.2,-1.0,0.7472109794616699,0.8669829368591309,0.23378035426139832,False,21
3,32.97242293599993,15.572000000000003,2.3222182285324493,0.01525626914101356,0.008035446956026527,0.3026275759926167,-0.48686212003691665,0.7472109794616699,0.8669829368591309,0.23378035426139832,False,21
3,33.09406793100061,15.673999999999978,2.335647497128141,0.01678811716948289,-0.01209062721739191,0.2,1.0,0.7546496391296387,0.8651520609855652,0.23166441917419434,False,20
3,33.19488597199961,15.673999999999978,2.335647497128141,0.01678811716948289,-0.01209062721739191,0.2,1.0,0.7546496391296387,0.8651520609855652,0.23166441917419434,False,20
3,33.302585778998036,15.775999999999954,2.3500649376298863,0.016845435692682674,-0.01564010873088972,0.3257519706280803,-0.3712401468595986,0.7531546950340271,0.8644548058509827,0.23319527506828308,False,21
3,33.40351196700067,15.775999999999954,2.3500649376298863,0.016845435692682674,-0.01564010873088972,0.4,-0.05502287477761209,0.7531546950340271,0.8644548058509827,0.23319527506828308,False,21
3,33.52243087300303,15.878000000000043,2.3654022078892845,0.0176237834942349,-0.030174697069859525,0.2,1.0,0.7593987584114075,0.8690509796142578,0.24126020073890686,False,19
3,33.62377436400129,15.878000000000043,2.3654022078892845,0.0176237834942349,-0.030174697069859525,0.2,1.0,0.7593987584114075,0.8690509796142578,0.24126020073890686,False,19
3,33.7391534519993,15.980000000000018,2.379986657184418,0.017240045083047145,-0.03030657801373003,0.32532074023066854,-0.3733962988466575,0.755966305732727,0.8650376200675964,0.2411719262599945,False,20
3,33.83994517799874,15.980000000000018,2.379986657184418,0.017240045083047145,-0.03030657801373003,0.36774225722322246,-0.16128871388388785,0.755966305732727,0.8650376200675964,0.2411719262599945,False,20
3,33.97955634500249,16.048000000000002,2.390606022512185,0.017015748187274034,-0.03226393553768898,0.20814522280254516,0.9592738859872743,0.7662199139595032,0.865118682384491,0.24639937281608582,False,20
3,34.08830705699802,16.081999999999994,2.3958224396853183,0.016878688858426992,-0.03203154463174387,0.33457206702623055,0.32713966486884727,0.7662199139595032,0.865118682384491,0.24639937281608582,False,20
3,34.1956004149979,16.149999999999977,2.4052916660656787,0.01635291734346111,-0.028530497962847907,0.2570914760793966,-0.7145426196030171,0.7263906002044678,0.8610281944274902,0.24483460187911987,False,20
3,34.29609071899904,16.149999999999977,2.4052916660656787,0.01635291734346111,-0.028530497962847907,0.2570914760793966,-0.7145426196030171,0.7263906002044678,0.8610281944274902,0.24483460187911987,False,20
3,34.419527723999636,16.251999999999953,2.4186375417237778,0.01565802452626652,-0.024286864479435916,0.33587447529325054,0.32062762353374746,0.734734833240509,0.8530085682868958,0.2443428933620453,False,21
3,34.525742031000846,16.285999999999945,2.423562319926411,0.01542642221386223,-0.022351422191287322,0.3794156326458149,0.10292183677092548,0.734734833240509,0.8530085682868958,0.2443428933620453,False,21
3,34.63529916999687,16.354000000000042,2.433814230420397,0.014513365631716462,-0.012880368313201492,0.2,-1.0,0.7555144429206848,0.8516989946365356,0.24386250972747803,False,19
3,34.73607764400367,16.388000000000034,2.438612270906185,0.014092246147016124,-0.008169446064872117,0.2,-1.0,0.7555144429206848,0.8516989946365356,0.24386250972747803,False,19
3,34.854786408999644,16.456000000000017,2.4481221213848894,0.01397679753835997,-0.008628461549586072,0.29693359430487715,0.5153320284756144,0.7595335841178894,0.8554968237876892,0.24257829785346985,False,21
3,34.95548835799855,16.49000000000001,2.4534277043786292,0.013963658762488418,-0.009095327462162399,0.29693359430487715,0.5153320284756144,0.7595335841178894,0.8554968237876892,0.24257829785346985,False,21
3,35.07435245600209,16.557999999999993,2.4638587693527345,0.013814820233708777,-0.007252129224593296,0.3214245338548387,-0.39287733072580666,0.7500607967376709,0.8534929156303406,0.23756077885627747,False,20
3,35.17586944100185,16.591999999999985,2.4691142269465547,0.013754678779025104,-0.007755465521286072,0.3754534544166525,0.12273272791673771,0.7500607967376709,0.8534929156303406,0.23756077885627747,False,20
3,35.29059639300249,16.659999999999968,2.4793369544489576,0.013829079547641598,-0.009841261003681963,0.35066001317716683,0.24669993411416602,0.7486465573310852,0.8732584118843079,0.23699861764907837,False,21
3,35.391097952000564,16.659999999999968,2.4793369544489576,0.013829079547641598,-0.009841261003681963,0.35066001317716683,0.24669993411416602,0.7486465573310852,0.8732584118843079,0.23699861764907837,False,21
3,35.514282297001046,16.761999999999944,2.494053748170592,0.013436754985688968,-0.005731683087563485,0.2533116103337985,-0.7334419483310076,0.7185307741165161,0.8632534742355347,0.22965523600578308,False,21
3,35.61479427800077,16.761999999999944,2.494053748170592,0.013436754985688968,-0.005731683087563485,0.2533116103337985,-0.7334419483310076,0.7185307741165161,0.8632534742355347,0.22965523600578308,False,21
3,35.74017245799769,16.864000000000033,2.5082359426099625,0.01300191516084641,-0.0004584867663554937,0.2,1.0,0.7429208159446716,0.8657306432723999,0.24291500449180603,False,21
3,35.867429475998506,16.932000000000016,2.517243817163549,0.012808967121490466,0.0021624438178386167,0.2,1.0,0.7101151943206787,0.8057854175567627,0.06858517229557037,False,19
3,36.00197846000083,16.966000000000008,2.521475706493398,0.012436430443159587,0.007138934224061731,0.32474119791353334,-0.37629401043233324,0.7101151943206787,0.8057854175567627,0.06858517229557037,False,19
3,36.11955844300246,17.067999999999984,2.5353091455207584,0.011763638804751446,0.018333576224548422,0.2,1.0,0.7339780330657959,0.8622233867645264,0.2529884874820709,False,20
3,36.22056489800161,17.067999999999984,2.5353091455207584,0.011763638804751446,0.018333576224548422,0.4,0.0011676283291949252,0.7339780330657959,0.8622233867645264,0.2529884874820709,False,20
3,36.33002747599676,17.16999999999996,2.548589961414437,0.01049033050933382,0.03953834236107404,0.2,1.0,0.7356449961662292,0.8052322864532471,0.0635138601064682,False,21
3,36.43083384700003,17.16999999999996,2.548589961414437,0.01049033050933382,0.03953834236107404,0.2,-1.0,0.7356449961662292,0.8052322864532471,0.0635138601064682,False,21
3,36.54355513700284,17.272000000000048,2.5608436772517433,0.009757676306798262,0.056952112580870566,0.25364774318031896,-0.7317612840984052,0.7383374571800232,0.8111974596977234,0.06591562926769257,False,20
3,36.64439689899882,17.272000000000048,2.5608436772517433,0.009757676306798262,0.056952112580870566,0.2797775370320343,-0.6011123148398287,0.7383374571800232,0.8111974596977234,0.06591562926769257,False,20
3,36.7575686420023,17.374000000000024,2.574370661385957,0.01073018642721591,0.05259024037282911,0.2508675758267553,0.7456621208662235,0.7509646415710449,0.8126775622367859,0.06190548837184906,False,21
3,36.8583230860022,17.374000000000024,2.574370661385957,0.01073018642721591,0.05259024037282911,0.2,1.0,0.7509646415710449,0.8126775622367859,0.06190548837184906,False,21
3,36.97057141499681,17.476,2.5879840756461467,0.011478066886180341,0.052124421838399854,0.3675968533383588,-0.16201573330820623,0.7366642951965332,0.8083310127258301,0.05871415138244629,False,20
3,37.0714796559987,17.476,2.5879840756461467,0.011478066886180341,0.052124421838399854,0.284200250877183,0.578998745614085,0.7366642951965332,0.8083310127258301,0.05871415138244629,False,20
3,37.18637631100137,17.577999999999975,2.6027317616115684,0.012275118418666525,0.051718181725217124,0.31586198771537677,-0.42069006142311643,0.7440770268440247,0.80958092212677,0.05569900572299957,False,20
3,37.287523473001784,17.577999999999975,2.6027317616115684,0.012275118418666525,0.051718181725217124,0.3635339870192751,0.1823300649036247,0.7440770268440247,0.80958092212677,0.05569900572299957,False,20
3,37.41908820199751,17.645999999999958,2.6124625630852636,0.013006885007291974,0.047664552956631724,0.3437854873242194,-0.28107256337890324,0.7527282238006592,0.8081835508346558,0.05254007875919342,False,21
3,37.5336755870012,17.67999999999995,2.6170090635735455,0.013276700036016999,0.046884805328986354,0.3330742744729728,-0.33462862763513634,0.7527282238006592,0.8081835508346558,0.05254007875919342,False,21
3,37.63722286900156,17.748000000000047,2.6268023050162097,0.014245645344933762,0.03957353998729919,0.2,1.0,0.738418459892273,0.8046325445175171,0.04921334981918335,False,21
3,37.74752229099977,17.78200000000004,2.6311978777568896,0.0149136463215257,0.033120344055918426,0.4,0.0495841653262674,0.738418459892273,0.8046325445175171,0.04921334981918335,False,21
3,37.853141389001394,17.850000000000023,2.6403341736346735,0.01536089823360061,0.030881746770089407,0.29868349001392236,-0.5065825499303881,0.7310391664505005,0.8030093312263489,0.04689207673072815,False,21
3,37.95999864800251,17.884000000000015,2.644808198111045,0.01564494112198972,0.028964377341436094,0.29047095109985804,-0.5476452445007098,0.7310391664505005,0.8030093312263489,0.04689207673072815,False,21
3,38.06719430399971,17.951999999999998,2.653772070096982,0.0169899625669906,0.014372176445341476,0.2,1.0,0.7311920523643494,0.8074693083763123,0.04574580490589142,False,21
3,38.171013669001695,17.98599999999999,2.6576024913233502,0.017858856276313777,0.0037780731893543276,0.30663723081850264,0.466813845907487,0.7311920523643494,0.8068544268608093,0.04574580490589142,False,21
3,38.27563594200183,18.053999999999974,2.665082009857884,0.018328640011071193,-0.0022737308322709343,0.3457104635072368,-0.2714476824638162,0.7075768709182739,0.8068544268608093,0.044660523533821106,False,20
3,38.38137880800059,18.087999999999965,2.66882185867142,0.018583425007263104,-0.005778607636490315,0.4,-0.07916706263646059,0.7075768709182739,0.8068544268608093,0.044660523533821106,False,20
3,38.49317656199855,18.15599999999995,2.6777807669145677,0.019204014299602355,-0.015444814168220982,0.2,1.0,0.7040549516677856,0.8728821277618408,0.2587662637233734,False,21
3,38.59368520499993,18.15599999999995,2.6777807669145677,0.019204014299602355,-0.015444814168220982,0.2,1.0,0.7040549516677856,0.8728821277618408,0.2587662637233734,False,21
3,38.71420373600267,18.258000000000038,2.692111720724084,0.019029861999675247,-0.01563081048580002,0.4,-0.08806585021215729,0.7583257555961609,0.8716263771057129,0.2577654719352722,False,21
3,38.816706454003,18.29200000000003,2.6970445081588164,0.01895146296291652,-0.015649349578113363,0.4,-0.06024540327348635,0.7583257555961609,0.8711774945259094,0.2577654719352722,False,21
3,38.92183492700133,18.360000000000014,2.7082300887917423,0.018772510402035668,-0.016058284420650014,0.4,0.05833933351990914,0.7591421008110046,0.8711774945259094,0.2566054165363312,False,21
3,39.022563648999494,18.394000000000005,2.7135272226175196,0.01870088311987325,-0.01629786328688109,0.4,0.05833933351990914,0.7591421008110046,0.8711774945259094,0.2566054165363312,False,21
3,39.14053609000257,18.46199999999999,2.72501809035024,0.018606603868677393,-0.01761607110671289,0.3329586555713987,0.33520672214300656,0.7437208890914917,0.7997071146965027,0.03198245167732239,False,20
3,39.24109353499807,18.46199999999999,2.72501809035024,0.018606603868677393,-0.01761607110671289,0.3329586555713987,0.33520672214300656,0.7437208890914917,0.7997071146965027,0.03198245167732239,False,20
3,39.363834048999706,18.563999999999965,2.741212702902584,0.018452797248234714,-0.018565472327596495,0.3506970077819368,-0.24651496109031618,0.729021430015564,0.8013699054718018,0.03230401873588562,False,20
3,39.465108718999545,18.597999999999956,2.7464555156870176,0.018347997104421095,-0.018607469382363184,0.3506970077819368,-0.24651496109031618,0.729021430015564,0.8013699054718018,0.03230401873588562,False,20
3,39.58380729799683,18.66599999999994,2.7568991351331746,0.018445041536603257,-0.023396364765346987,0.2,1.0,0.7103104591369629,0.7969033122062683,0.03266529738903046,False,19
3,39.71134142200026,18.734000000000037,2.7668795461724884,0.01824508263349032,-0.023264937221524278,0.3660363757476004,0.16981812126199813,0.70973140001297,0.7961183190345764,0.033910125494003296,False,21
3,39.84602142099902,18.76800000000003,2.771941637185395,0.01812450733701642,-0.02290333538301652,0.4,0.03299094354472603,0.70973140001297,0.7961183190345764,0.033910125494003296,False,21
3,39.96359703499911,18.870000000000005,2.7889406000681896,0.0177283448112561,-0.02357384344324906,0.4,0.04222162492180701,0.7422661185264587,0.8763275146484375,0.24891287088394165,False,20
3,40.064769711003464,18.870000000000005,2.7889406000681896,0.0177283448112561,-0.02357384344324906,0.3380994755512974,0.30950262224351327,0.7422661185264587,0.8763275146484375,0.24891287088394165,False,20
3,40.18222600599984,18.97199999999998,2.805195511588925,0.017350591935084567,-0.02288331313080305,0.3355321260577574,0.322339369711213,0.7752817273139954,0.8808568120002747,0.24864131212234497,False,20
3,40.28335919100209,18.97199999999998,2.805195511588925,0.017350591935084567,-0.02288331313080305,0.3750297166989064,0.12485141650546822,0.7752817273139954,0.8808568120002747,0.24864131212234497,False,20
3,40.40611034200265,19.073999999999955,2.8211595941132006,0.01647452351960959,-0.014956487138808015,0.2531511788983406,-0.734244105508297,0.7760985493659973,0.8763582110404968,0.249609112739563,False,21
3,40.506966328001,19.073999999999955,2.8211595941132006,0.01647452351960959,-0.014956487138808015,0.2852965370317945,-0.5735173148410279,0.7760985493659973,0.8763582110404968,0.249609112739563,False,21
3,40.62100768199889,19.176000000000045,2.8363343508960095,0.016224021759691,-0.01514374141011449,0.296448913253686,0.51775543373157,0.7911434173583984,0.8810003399848938,0.24818429350852966,False,20
3,40.72192055099731,19.176000000000045,2.8363343508960095,0.016224021759691,-0.01514374141011449,0.4,0.07935102719986252,0.7911434173583984,0.8810003399848938,0.24818429350852966,False,20
3,40.83352515399747,19.27800000000002,2.8514014308354003,0.015614048569305611,-0.008887635934830546,0.3380408084869554,-0.3097959575652232,0.7982684373855591,0.8800055980682373,0.246322900056839,False,21
3,40.93452925400197,19.27800000000002,2.8514014308354003,0.015614048569305611,-0.008887635934830546,0.2697004904622173,-0.6514975476889135,0.7982684373855591,0.8800055980682373,0.246322900056839,False,21
3,41.06369609400281,19.346000000000004,2.8610912417633156,0.015565316484109862,-0.010364940175778005,0.2,1.0,0.7473910450935364,0.8777680993080139,0.24511262774467468,False,21
3,41.17318339800113,19.379999999999995,2.8657991492850137,0.015537549448582518,-0.010073163958624938,0.28697058581430285,0.5651470709284857,0.7473910450935364,0.8777680993080139,0.24511262774467468,False,21
3,41.27697329199873,19.44799999999998,2.87488830045591,0.015195601747205734,-0.006184535316102428,0.31810382928774095,-0.4094808535612952,0.7459450960159302,0.877872109413147,0.24443963170051575,False,20
3,41.38772547300323,19.48199999999997,2.8790771722288016,0.014740300831536773,-0.0005593543708006295,0.3564595265217789,0.21770236739110532,0.7459450960159302,0.877872109413147,0.24443963170051575,False,20
3,41.49513331199705,19.549999999999955,2.8878264282531245,0.014689459389559009,0.0003100581517739123,0.21062594879326466,0.9468702560336768,0.7724623084068298,0.8781387805938721,0.2420351207256317,False,21
3,41.59564387299906,19.549999999999955,2.8878264282531245,0.014689459389559009,0.0003100581517739123,0.21062594879326466,0.9468702560336768,0.7724623084068298,0.8781387805938721,0.2420351207256317,False,21
3,41.714914516000135,19.652000000000044,2.900727161373198,0.013414997361761901,0.01750134855068983,0.2,-1.0,0.7842936515808105,0.8843709230422974,0.24115315079689026,False,21
3,41.82278702199983,19.686000000000035,2.9044674707701805,0.012591365118590925,0.028996820189380268,0.33345485944339415,-0.3327257027830295,0.7842936515808105,0.8843709230422974,0.24115315079689026,False,21
3,41.931960688998515,19.75400000000002,2.9120620007859315,0.012034527362060853,0.039492580005883904,0.2547760338941851,-0.7261198305290744,0.7711329460144043,0.8817925453186035,0.2439221441745758,False,20
3,42.03202361500007,19.78800000000001,2.9160685308076526,0.011654204652843498,0.04654618769855594,0.3673307588695444,-0.16334620565227814,0.7711329460144043,0.8817925453186035,0.2439221441745758,False,20
3,42.15030032699724,19.855999999999995,2.9243401945566356,0.011538876017241928,0.053711725622824294,0.2382678139256778,-0.8086609303716111,0.7803093791007996,0.879432201385498,0.2433086335659027,False,21
3,42.25307838500157,19.889999999999986,2.9292116445268253,0.011582087242704733,0.05696692158904344,0.4,-0.06014658916333518,0.7803093791007996,0.8772692680358887,0.2433086335659027,False,21
3,42.359636182998656,19.95799999999997,2.9393126022570777,0.012131679414064254,0.056785041049849785,0.27640207186221794,0.6179896406889105,0.7936809062957764,0.8772692680358887,0.244389146566391,False,21
3,42.46078345400019,19.991999999999962,2.9441238062195962,0.012414044630294396,0.05664525962236351,0.286031709796897,0.569841451015515,0.7936809062957764,0.8772692680358887,0.244389146566391,False,21
3,42.57738831500319,20.059999999999945,2.9535795870847252,0.012435516694012359,0.0639742417387195,0.2,-1.0,0.8016422986984253,0.8750191926956177,0.2398478090763092,False,21
3,42.68330051499652,20.093999999999937,2.9581920193139184,0.01263363470457727,0.06524819519478665,0.4,0.08596450308377368,0.8016422986984253,0.8729828596115112,0.2398478090763092,False,21
3,42.794201582000824,20.162000000000035,2.967751972032128,0.013239348102027947,0.06441783754693445,0.27573963821796915,0.6213018089101542,0.8037237524986267,0.8729828596115112,0.23876431584358215,False,20
3,42.89452374800021,20.196000000000026,2.972447860888119,0.013556536561833681,0.06443812658895637,0.2984618635371038,0.5076906823144812,0.8037237524986267,0.8729828596115112,0.23876431584358215,False,20
3,43.01298883600248,20.26400000000001,2.9819454465885094,0.013642830422790143,0.07189980211575361,0.2,-1.0,0.8302931785583496,0.875304639339447,0.23790261149406433,False,21
3,43.11338526700274,20.298000000000002,2.9861474151157457,0.013397562124009508,0.07895529769707918,0.4,-0.08811661109141264,0.8302931785583496,0.875304639339447,0.23790261149406433,False,21
3,43.231766475997574,20.365999999999985,2.994907052042657,0.013921955026896254,0.08143343376659733,0.26520528186070574,0.6739735906964714,0.8000495433807373,0.8737066388130188,0.23671883344650269,False,19
3,43.33202836300188,20.399999999999977,2.9992854837379523,0.014031565920910486,0.08458296418437039,0.26520528186070574,0.6739735906964714,0.8000495433807373,0.8737066388130188,0.23671883344650269,False,19
3,43.451040296997235,20.46799999999996,3.007978713051928,0.013492357197402835,0.10166893627121852,0.2,-1.0,0.804890513420105,0.880203902721405,0.2387881577014923,False,21
3,43.5529902010021,20.501999999999953,3.0118590605045554,0.013088481279677131,0.11201186987184072,0.2,-1.0,0.804890513420105,0.880203902721405,0.2387881577014923,False,21
3,43.67183443799877,20.569999999999936,3.0195825875493427,0.013427942841859051,0.11929895320038217,0.35279329770999185,-0.23603351145004103,0.8229989409446716,0.8778166174888611,0.23817425966262817,False,20
3,43.802275652997196,20.638000000000034,3.0277575973069006,0.013817605547640032,0.12802501236641614,0.2307008939132632,-0.846495530433684,0.8130326867103577,0.878869891166687,0.23917022347450256,False,20
3,43.93792484099686,20.672000000000025,3.0318138134042734,0.014326871734735737,0.12806212194862554,0.4,0.04616540881560374,0.8130326867103577,0.878869891166687,0.23917022347450256,False,20
3,44.05495350500132,20.774,3.045189436588024,0.01629690466775387,0.12365273983360581,0.2033530846079394,0.983234576960303,0.8128705620765686,0.8756375312805176,0.2379821240901947,False,20
3,44.15603593800188,20.774,3.045189436588024,0.01629690466775387,0.12365273983360581,0.4,0.015050791214064031,0.8128705620765686,0.8756375312805176,0.2379821240901947,False,20
3,44.26575502999913,20.875999999999976,3.059274009758344,0.01788207020788507,0.1263874417485288,0.27718952635701577,-0.6140523682149213,0.7740681767463684,0.8745555877685547,0.23797324299812317,False,20
3,44.36646136100171,20.875999999999976,3.059274009758344,0.01788207020788507,0.1263874417485288,0.4,0.07646803930316481,0.7740681767463684,0.8745555877685547,0.23797324299812317,False,20
3,44.48885791000066,20.977999999999952,3.074158590059,0.02004336481160401,0.12046135031959897,0.3171906007245693,0.41404699637715386,0.8123919367790222,0.8802911639213562,0.2374158501625061,False,21
3,44.58971071599808,20.977999999999952,3.074158590059,0.02004336481160401,0.12046135031959897,0.2,1.0,0.8123919367790222,0.8802911639213562,0.2374158501625061,False,21
3,44.72569161000138,21.04600000000005,3.083876634496611,0.021258506218480876,0.12081739533303172,0.3796646145343084,-0.10167692732845822,0.8376796245574951,0.8818934559822083,0.23465391993522644,False,21
3,44.83508575500309,21.08000000000004,3.0888970631935218,0.021858441592854185,0.1210999917529822,0.4,-0.010666347987593645,0.8376796245574951,0.8818934559822083,0.23465391993522644,False,21
3,44.93917547899764,21.148000000000025,3.100003724883361,0.023200742750268493,0.12059321867651564,0.4,-0.02821371861185501,0.7894808650016785,0.8744040727615356,0.2347756326198578,False,21
3,45.04776290400332,21.182000000000016,3.1052996430822493,0.023843067146929336,0.12051389844061122,0.4,-0.041520285614227645,0.7894808650016785,0.8744040727615356,0.2347756326198578,False,21
3,45.15344116799679,21.25,3.1167737031804625,0.025238134149646357,0.12032700520478708,0.3534469207753018,0.23276539612349095,0.805785059928894,0.8816817998886108,0.23579075932502747,False,21
3,45.25513438299822,21.283999999999992,3.122045288953323,0.025879060397318333,0.12028684195077653,0.3598678293002542,0.2006608534987292,0.805785059928894,0.8816817998886108,0.23579075932502747,False,21
3,45.364116203003505,21.351999999999975,3.1325138792621985,0.02686336685706421,0.12494135958588812,0.28833354864877164,-0.5583322567561416,0.7851137518882751,0.8959580659866333,0.2718590199947357,False,20
3,45.467619723996904,21.385999999999967,3.137258863519101,0.02728168449218786,0.1272728566898459,0.4,0.012872381557849914,0.7851137518882751,0.8959580659866333,0.2718590199947357,False,20
3,45.5782557479979,21.45399999999995,3.1471559868505783,0.028521805780318477,0.1269305095728834,0.2967632329144786,0.5161838354276072,0.7770156860351562,0.8957691192626953,0.2704683840274811,False,21
3,45.684677830999135,21.487999999999943,3.1518670790946013,0.029136218305340172,0.12670658839637305,0.3042398242869729,0.47880087856513565,0.7770156860351562,0.8911271095275879,0.2704683840274811,False,21
3,45.78912126900104,21.55600000000004,3.1613458494198974,0.029796472865739852,0.13435393973708262,0.2,-1.0,0.8186777830123901,0.8911271095275879,0.2673019468784332,False,20
3,45.889642367001215,21.55600000000004,3.1613458494198974,0.029796472865739852,0.13435393973708262,0.2,-1.0,0.8186777830123901,0.8911271095275879,0.2673019468784332,False,20
3,46.00913620799838,21.658000000000015,3.1744002150147868,0.030858547523232565,0.14471625334520594,0.4,-0.014091185123006222,0.8343788385391235,0.8862401843070984,0.2636440694332123,False,20
3,46.11427355700289,21.692000000000007,3.178764618479694,0.03124926535514759,0.147781275704696,0.3739142374056119,0.13042881297194064,0.8343788385391235,0.8836876153945923,0.2636440694332123,False,20
3,46.22436145300162,21.75999999999999,3.1888298536708373,0.03233212234495529,0.15382722579165603,0.21297945748430616,-0.9351027125784692,0.8399785161018372,0.8836876153945923,0.2631405293941498,False,21
3,46.3258739840021,21.793999999999983,3.193951222215861,0.03307222890799463,0.15383799001549595,0.4,0.05636443329549094,0.8360167741775513,0.8836876153945923,0.2631405293941498,False,21
3,46.437692765000975,21.861999999999966,3.2039123065895145,0.03464943094697072,0.15283684341178136,0.3228649875553347,0.38567506222332637,0.8360167741775513,0.8840184807777405,0.26714158058166504,False,19
3,46.540923790002125,21.895999999999958,3.208714365721026,0.035417555469407766,0.15264760002088704,0.34670876734086065,0.2664561632956968,0.8360167741775513,0.882195234298706,0.26714158058166504,False,19
3,46.655804996997176,21.963999999999942,3.2186903417619175,0.036558220130598486,0.15883268644094475,0.20549978645716954,-0.9725010677141523,0.8208945393562317,0.882195234298706,0.26655110716819763,False,21
3,46.77522391799721,22.03200000000004,3.2278810334504073,0.03768463219195055,0.1633892225365469,0.3662888191314981,-0.16855590434250978,0.794921338558197,0.8760417103767395,0.26653626561164856,False,21
3,46.91027180800302,22.06600000000003,3.2327724554040502,0.03848539478180802,0.16327570049892667,0.4,-0.05158386909559597,0.794921338558197,0.8760417103767395,0.26653626561164856,False,21
3,47.03106992300309,22.168000000000006,3.2478207565422044,0.04104416214457337,0.16170840125417876,0.3685896797968751,0.15705160101562451,0.796248733997345,0.874691367149353,0.26530101895332336,False,20
3,47.132166139999754,22.168000000000006,3.2478207565422044,0.04104416214457337,0.16170840125417876,0.4,0.033149329027708375,0.796248733997345,0.874691367149353,0.26530101895332336,False,20
3,47.24869520100037,22.269999999999982,3.2643426446222708,0.04371764451032977,0.16262998571302206,0.2,-1.0,0.8084571361541748,0.8792254328727722,0.26431870460510254,False,21
3,47.34978981099994,22.269999999999982,3.2643426446222708,0.04371764451032977,0.16262998571302206,0.35828820591903393,-0.20855897040483057,0.8084571361541748,0.8792254328727722,0.26431870460510254,False,21
3,47.47323391700047,22.371999999999957,3.2796729780091285,0.04650967316569173,0.15794757725974307,0.3004042908908089,0.49797854554595555,0.7851725220680237,0.8109248876571655,0.052086442708969116,False,21
3,47.57438117299898,22.371999999999957,3.2796729780091285,0.04650967316569173,0.15794757725974307,0.28794010641774453,0.5602994679112774,0.7851725220680237,0.8109248876571655,0.052086442708969116,False,21
3,47.691194109997014,22.474000000000046,3.294343973423066,0.04889190213117301,0.15782543238238964,0.24941740598458734,-0.7529129700770634,0.7682117223739624,0.8056241273880005,0.05287158489227295,False,21
3,47.79199503400014,22.474000000000046,3.294343973423066,0.04889190213117301,0.15782543238238964,0.35610681979100783,-0.21946590104496094,0.7682117223739624,0.8056241273880005,0.05287158489227295,False,21
3,47.90522201100248,22.576000000000022,3.3089220233758954,0.05153313373746967,0.15112011839583295,0.33443022961773106,0.327848851911345,0.747346043586731,0.8294795751571655,0.059002429246902466,False,21
3,48.005820316997415,22.576000000000022,3.3089220233758954,0.05153313373746967,0.15112011839583295,0.22133798629583185,0.8933100685208408,0.747346043586731,0.8294795751571655,0.059002429246902466,False,21
3,48.11956014399766,22.677999999999997,3.3232481060419437,0.053776739211378204,0.15061114674169052,0.2645989096601382,-0.6770054516993089,0.7349194288253784,0.8308115601539612,0.06053805351257324,False,21
3,48.22077928500221,22.677999999999997,3.3232481060419437,0.053776739211378204,0.15061114674169052,0.334537223266013,-0.3273138836699352,0.7349194288253784,0.8308115601539612,0.06053805351257324,False,21
3,48.34937226900365,22.74599999999998,3.332616766943035,0.0554623140324355,0.14452824334073597,0.2366306494329424,0.8168467528352881,0.7483469843864441,0.8349369764328003,0.06367076933383942,False,20
3,48.458640816003026,22.779999999999973,3.3370249231720495,0.056555755309384025,0.13864093463655006,0.4,0.09040117255180162,0.7483469843864441,0.8349369764328003,0.06367076933383942,False,20
3,48.562325124999916,22.847999999999956,3.3462947149342,0.057959362211354885,0.13690787550872396,0.31340141628821655,-0.4329929185589174,0.7810572385787964,0.8768995404243469,0.2594068944454193,False,20
3,48.67184264700336,22.881999999999948,3.350774443535637,0.05867841427191318,0.13555379478621482,0.31031580695520894,-0.44842096522395547,0.7810572385787964,0.8768995404243469,0.2594068944454193,False,20
3,48.77797885300242,22.950000000000045,3.35984510402779,0.060794698222516236,0.12318965440025327,0.2,1.0,0.7833239436149597,0.8778161406517029,0.261677622795105,False,19
3,48.88616056399769,22.984000000000037,3.363928297272306,0.06190415600808197,0.11532902335667339,0.3399303136035343,0.30034843198232863,0.7833239436149597,0.8778161406517029,0.261677622795105,False,19
3,48.99418073499692,23.05200000000002,3.3722919393121695,0.06307859324599484,0.1124375048119886,0.32488347378214094,-0.37558263108929535,0.7829217314720154,0.873965859413147,0.2611871659755707,False,21
3,49.09586858800321,23.086000000000013,3.3764947704509747,0.06376154068032426,0.10953060202771027,0.3741901664847522,-0.12904916757623933,0.7829217314720154,0.873965859413147,0.2611871659755707,False,21
3,49.20589365300111,23.153999999999996,3.3859630553980744,0.06545744515135475,0.10002530759532942,0.2,1.0,0.8004639744758606,0.8531754612922668,0.17908015847206116,False,20
3,49.30638448899845,23.153999999999996,3.3859630553980744,0.06545744515135475,0.10002530759532942,0.2,1.0,0.8004639744758606,0.8531754612922668,0.17908015847206116,False,20
3,49.42790688500099,23.255999999999972,3.4000054762362306,0.06727205378389822,0.09396906497642896,0.2646571307689793,-0.6767143461551037,0.8003338575363159,0.8528711199760437,0.1856861412525177,False,19
3,49.53165697299846,23.289999999999964,3.4045710848784476,0.06773698489812714,0.09343881752746537,0.2731065711113229,-0.6344671444433854,0.7925583720207214,0.8528711199760437,0.1856861412525177,False,19
3,49.63805881600274,23.357999999999947,3.4135180706426915,0.0693854226897776,0.08225869383512874,0.2,1.0,0.7925583720207214,0.8517193794250488,0.17829269170761108,False,20
3,49.743304930001614,23.39199999999994,3.4178280503376843,0.06997264632526648,0.07914882645974342,0.4,-0.038856029150481794,0.7925583720207214,0.8537064790725708,0.17829269170761108,False,20
3,49.852673986999434,23.460000000000036,3.4269501942522336,0.07072467190907047,0.07932070526694254,0.3674153307323969,-0.16292334633801558,0.8098564147949219,0.8537064790725708,0.20184138417243958,False,20
3,49.9532008189999,23.460000000000036,3.4269501942522336,0.07072467190907047,0.07932070526694254,0.3674153307323969,-0.16292334633801558,0.8098564147949219,0.8537064790725708,0.20184138417243958,False,20
3,50.07217630899686,23.562000000000012,3.4415624360743458,0.07188927751721182,0.07877649098373059,0.3433975280550905,0.28301235972454775,0.7973823547363281,0.8534689545631409,0.19613692164421082,False,21
3,50.17277165999985,23.562000000000012,3.4415624360743458,0.07188927751721182,0.07877649098373059,0.3433975280550905,0.28301235972454775,0.7973823547363281,0.8534689545631409,0.19613692164421082,False,21
3,50.29504190699663,23.663999999999987,3.456388014739522,0.07285597430536611,0.08270988628464104,0.2755616936160017,-0.6221915319199914,0.798109233379364,0.8454489707946777,0.1902351975440979,False,21
3,50.395529244997306,23.663999999999987,3.456388014739522,0.07285597430536611,0.08270988628464104,0.2755616936160017,-0.6221915319199914,0.798109233379364,0.8454489707946777,0.1902351975440979,False,21
3,50.52550017699832,23.765999999999963,3.47126014145533,0.07393903152087795,0.08373847963563356,0.28436243627490193,0.5781878186254905,0.8052274584770203,0.8418771028518677,0.1819104254245758,False,21
3,50.65565459000209,23.833999999999946,3.4809996691320344,0.074691835127424,0.08551398164822763,0.34118297714561735,0.29408511427191336,0.8056420087814331,0.8397754430770874,0.17912745475769043,False,21
3,50.79042171099718,23.867999999999938,3.4859836069511663,0.07477081336956062,0.09003980728735571,0.2,-1.0,0.8056420087814331,0.8397754430770874,0.17912745475769043,False,21
3,50.90162586200313,23.970000000000027,3.4994662517290642,0.0752796985536573,0.10014012813530716,0.36667854143663503,0.1666072928168249,0.8092436194419861,0.8417702913284302,0.18841135501861572,False,19
3,51.00239701200189,23.970000000000027,3.4994662517290642,0.0752796985536573,0.10014012813530716,0.21285264588816777,-0.9357367705591614,0.8092436194419861,0.8417702913284302,0.18841135501861572,False,19
3,51.123441538002226,24.072000000000003,3.514430111214731,0.07614066364024707,0.10981116292247262,0.37144815409082327,-0.14275922954588366,0.7928698658943176,0.8508366942405701,0.1780475676059723,False,21
3,51.22457804300211,24.072000000000003,3.514430111214731,0.07614066364024707,0.10981116292247262,0.22709888145485446,-0.8645055927257277,0.7928698658943176,0.8508366942405701,0.1780475676059723,False,21
3,51.338741259001836,24.173999999999978,3.5292079782528183,0.07769843346977819,0.11074673348570287,0.3032544620660073,0.48372768966996355,0.7742541432380676,0.8689896464347839,0.24293506145477295,False,21
3,51.43981553600315,24.173999999999978,3.5292079782528183,0.07769843346977819,0.11074673348570287,0.36194719289672156,-0.1902640355163922,0.7742541432380676,0.8689896464347839,0.24293506145477295,False,21
3,51.55959902500035,24.275999999999954,3.544031160949581,0.07875509095362111,0.11931192979829294,0.37130440555288374,-0.1434779722355814,0.7929999232292175,0.8665037751197815,0.2428945004940033,False,21
3,51.66020783499698,24.275999999999954,3.544031160949581,0.07875509095362111,0.11931192979829294,0.24595020577017634,-0.7702489711491183,0.7929999232292175,0.8665037751197815,0.2428945004940033,False,21
3,51.7769286670009,24.378000000000043,3.5589247604606227,0.080528828128897,0.11938280395625651,0.31166943358091076,0.44165283209544637,0.7939581274986267,0.8638710975646973,0.24245527386665344,False,19
3,51.87787019299867,24.378000000000043,3.5589247604606227,0.080528828128897,0.11938280395625651,0.4,-0.08356311368145694,0.7939581274986267,0.8638710975646973,0.24245527386665344,False,19
3,52.01591747000202,24.446000000000026,3.5691861448073103,0.08136714933616374,0.1250922797450471,0.25967135820734016,-0.7016432089632995,0.7644961476325989,0.8658847808837891,0.24514153599739075,False,19
3,52.12173180800164,24.480000000000018,3.574864500351973,0.08196744556684979,0.12692847211285926,0.4,-0.09932979287819937,0.7644961476325989,0.8658847808837891,0.24514153599739075,False,19
3,52.22650630299904,24.548000000000002,3.5859006333130674,0.0833329551826267,0.12661593769527046,0.36469720855396287,0.17651395723018562,0.8050122261047363,0.8373299837112427,0.18359223008155823,False,21
3,52.32932010800141,24.581999999999994,3.5916783885461405,0.08407227794873699,0.12679190446914396,0.4,0.033820606078648466,0.8050122261047363,0.8373299837112427,0.18359223008155823,False,21
3,52.435185478003405,24.649999999999977,3.602915236311422,0.08545234785821136,0.12814241506379148,0.35295549101350643,-0.23522254493246803,0.7954495549201965,0.8327648639678955,0.1821369230747223,False,21
3,52.53989614499733,24.68399999999997,3.6082362860575325,0.08611199137433224,0.12849608583153407,0.4,-0.09732101173933078,0.7954495549201965,0.8327648639678955,0.1821369230747223,False,21
3,52.64867275500001,24.751999999999953,3.618989423376566,0.08752269079845935,0.12697169029486846,0.36960955692291,0.15195221538545028,0.7939748167991638,0.8384668231010437,0.1732267439365387,False,21
3,52.75446780800121,24.785999999999945,3.624359060741757,0.08820592842296897,0.12714893313787565,0.4,-0.047787595448562675,0.7939748167991638,0.8651166558265686,0.1732267439365387,False,21
3,52.85772721400281,24.854000000000042,3.6352782972722784,0.0895094380410551,0.12899669508851946,0.3611706413717932,-0.19414679314103386,0.7792268395423889,0.8651166558265686,0.24272099137306213,False,19
3,52.96245978299703,24.888000000000034,3.640464394081201,0.09017520867313843,0.12872536911907878,0.3782285366478949,-0.10885731676052549,0.7792268395423889,0.8621919751167297,0.24272099137306213,False,19
3,53.06793289000052,24.956000000000017,3.651114619819263,0.09171318305305735,0.12563821774099077,0.31670994099942584,0.416450295002871,0.77940833568573,0.8621919751167297,0.24505123496055603,False,21
3,53.17150818800292,24.99000000000001,3.6560893938469365,0.0924832844159709,0.12373740526733483,0.4,0.04589249988125399,0.7788313031196594,0.8621919751167297,0.24505123496055603,False,21
3,53.27786011200078,25.057999999999993,3.666620809514663,0.09382431286331189,0.124482795167204,0.3383186287502202,-0.30840685624889935,0.7788313031196594,0.8630359172821045,0.24387863278388977,False,21
3,53.37848983099684,25.057999999999993,3.666620809514663,0.09382431286331189,0.124482795167204,0.3383186287502202,-0.30840685624889935,0.7788313031196594,0.8630359172821045,0.24387863278388977,False,21
3,53.49927532800211,25.159999999999968,3.6819166473951834,0.09604574289048193,0.11892849429239374,0.2852543129635765,0.5737284351821174,0.7899658679962158,0.8361387848854065,0.1820560097694397,False,19
3,53.60380619899661,25.19399999999996,3.6866593744876317,0.09690620427404693,0.11506666326304332,0.4,-0.07631834975727855,0.7899658679962158,0.8569509387016296,0.1820560097694397,False,19
3,53.71481701100129,25.261999999999944,3.696614762200386,0.09808633782678716,0.11505220875109495,0.2681439038525583,-0.6592804807372086,0.7633822560310364,0.8569509387016296,0.24214205145835876,False,21
3,53.83527370599768,25.33000000000004,3.7059453030860507,0.09932028624372291,0.11257352512790327,0.2825985565955154,-0.587007217022423,0.780057430267334,0.8618791699409485,0.24068579077720642,False,21
3,53.97032645699801,25.364000000000033,3.7105577338416773,0.1001898199709361,0.10764285028962138,0.2,1.0,0.780057430267334,0.8618791699409485,0.24068579077720642,False,21
3,54.085939065000275,25.466000000000008,3.724248859664,0.10180813828124707,0.10584627307930544,0.2,-1.0,0.7754377722740173,0.8605856895446777,0.24068394303321838,False,21
3,54.18711037399771,25.466000000000008,3.724248859664,0.10180813828124707,0.10584627307930544,0.34457665358450773,-0.27711673207746146,0.7754377722740173,0.8605856895446777,0.24068394303321838,False,21
3,54.29678251400037,25.567999999999984,3.7383005237512634,0.10386992048299318,0.09742524191201728,0.2,1.0,0.7713766694068909,0.8631543517112732,0.24068552255630493,False,19
3,54.397843826998724,25.567999999999984,3.7383005237512634,0.10386992048299318,0.09742524191201728,0.2,1.0,0.7713766694068909,0.8631543517112732,0.24068552255630493,False,19
3,54.50979590100178,25.66999999999996,3.7526143970145425,0.1053104241319482,0.09665401337306864,0.27284501849922754,-0.6357749075038625,0.7867507934570312,0.846800684928894,0.18026980757713318,False,21
3,54.61053115299728,25.66999999999996,3.7526143970145425,0.1053104241319482,0.09665401337306864,0.3605986163866064,-0.19700691806696818,0.7867507934570312,0.846800684928894,0.18026980757713318,False,21
3,54.72425020999799,25.772000000000048,3.767192764012872,0.10726116096781661,0.0863215505964555,0.2619798723642154,0.6901006381789232,0.7951292991638184,0.8508707880973816,0.18699654936790466,False,20
3,54.82501191699703,25.772000000000048,3.767192764012872,0.10726116096781661,0.0863215505964555,0.2,1.0,0.7951292991638184,0.8508707880973816,0.18699654936790466,False,20
3,54.935582552003325,25.874000000000024,3.7818482875753494,0.10858553588396037,0.08622166222921156,0.3255384094538616,-0.372307952730692,0.8028628826141357,0.8415935039520264,0.17915448546409607,False,21
3,55.03663614099787,25.874000000000024,3.7818482875753494,0.10858553588396037,0.08622166222921156,0.36124739065177747,-0.19376304674111267,0.8028628826141357,0.8415935039520264,0.17915448546409607,False,21
3,55.15027711300354,25.976,3.797426218735039,0.11000183000542199,0.08356461375385826,0.22404771636512721,0.879761418174364,0.8033071160316467,0.841793417930603,0.18092602491378784,False,20
3,55.25134925099701,25.976,3.797426218735039,0.11000183000542199,0.08356461375385826,0.36603452204596504,0.16982738977017497,0.8033071160316467,0.841793417930603,0.18092602491378784,False,20
3,55.35929379799927,26.077999999999975,3.8125424781652835,0.11124296767763628,0.08399453909568745,0.4,-0.09881559512332477,0.7895829081535339,0.8493456840515137,0.17907854914665222,False,19
3,55.46029349700257,26.077999999999975,3.8125424781652835,0.11124296767763628,0.08399453909568745,0.3477495652480696,0.2612521737596521,0.7895829081535339,0.8493456840515137,0.17907854914665222,False,19
3,55.57498735599802,26.17999999999995,3.8288828091321356,0.1126199292366942,0.08369093439351362,0.3418632712446734,-0.2906836437766332,0.7958842515945435,0.8497822284698486,0.1798994541168213,False,21
3,55.67580452599941,26.17999999999995,3.8288828091321356,0.1126199292366942,0.08369093439351362,0.3685029230342898,0.15748538482855115,0.7958842515945435,0.8497822284698486,0.1798994541168213,False,21
3,55.81347042499692,26.248000000000047,3.8390541298735266,0.11363309760670523,0.08095324205768602,0.4,0.024986766179782093,0.7817614674568176,0.8444884419441223,0.18479344248771667,False,20
3,55.92032839899912,26.28200000000004,3.844097240322524,0.11396348314706872,0.08285878243909248,0.3658294351388787,-0.17085282430560636,0.7817614674568176,0.8444884419441223,0.18479344248771667,False,20
3,56.025429004002945,26.350000000000023,3.855041895491758,0.11473151446469237,0.0842367599650483,0.31804975485552606,0.40975122572236994,0.7998736500740051,0.8527173399925232,0.17970731854438782,False,20
3,56.126696352999716,26.384000000000015,3.860098069979765,0.11515970161973296,0.08425854660170874,0.36517186391093803,0.17414068044530995,0.7998736500740051,0.8527173399925232,0.17970731854438782,False,20
3,56.2358218829977,26.451999999999998,3.8703081754920277,0.11571592387679594,0.08900498488470138,0.2,-1.0,0.7988178730010986,0.8478283882141113,0.18138596415519714,False,21
3,56.3388314219992,26.48599999999999,3.8755215746148735,0.11613678520675527,0.0887659706648642,0.3661887209697779,-0.16905639515111054,0.7988178730010986,0.8478283882141113,0.18138596415519714,False,21
3,56.44954826700268,26.553999999999974,3.8852799142917216,0.11703795208088458,0.08797713044146305,0.3594044327416226,0.2029778362918873,0.7376006245613098,0.8658555150032043,0.24871328473091125,False,20
3,56.55501685899799,26.587999999999965,3.89001222077106,0.11747687155746073,0.08795949809983769,0.4,-0.022086242567718475,0.7376006245613098,0.8658555150032043,0.24871328473091125,False,20
3,56.66686267899786,26.65599999999995,3.9003776177065768,0.11834659909617706,0.08940536239198023,0.3353314991443839,-0.3233425042780804,0.7429627180099487,0.8642970323562622,0.24772551655769348,False,21
3,56.76792314100021,26.68999999999994,3.9055996880043526,0.11880628518852543,0.08895780418586496,0.4,-0.005758156866711474,0.7375955581665039,0.8589472770690918,0.2483769953250885,False,21
3,56.873408330997336,26.758000000000038,3.9161111700587217,0.1199589676649641,0.08509684363498846,0.22928346031915217,0.8535826984042392,0.7375955581665039,0.8589472770690918,0.2483769953250885,False,21
3,56.974360008003714,26.79200000000003,3.921402102064528,0.12041944623551411,0.08503053509162228,0.36321655391668384,0.1839172304165809,0.7375955581665039,0.8593438267707825,0.24492233991622925,False,19
3,57.08172513399768,26.860000000000014,3.931346940148643,0.12125507824526588,0.0858351977083082,0.4,-0.0139642005967784,0.7377977967262268,0.8593438267707825,0.24492233991622925,False,19
3,57.2058213220007,26.927999999999997,3.941291989794129,0.1219563828025895,0.08809531244682736,0.4,0.09182430726081575,0.7243072986602783,0.860414981842041,0.2456659972667694,False,21
3,57.34067737699661,26.96199999999999,3.9469894006312782,0.12237245200023605,0.08930431472629076,0.30539583238421836,-0.4730208380789082,0.7243072986602783,0.860414981842041,0.2456659972667694,False,21
3,57.45750312999735,27.063999999999965,3.9630933568081037,0.12378678130998466,0.08845129207813325,0.32800550375199206,-0.35997248124003967,0.7803542017936707,0.8346230387687683,0.17993667721748352,False,20
3,57.558488864997344,27.063999999999965,3.9630933568081037,0.12378678130998466,0.08845129207813325,0.4,-0.009622881879214062,0.7803542017936707,0.8346230387687683,0.17993667721748352,False,20
3,57.67260366299888,27.16599999999994,3.9797751925541696,0.1253602239842941,0.0869262821334084,0.2,-1.0,0.7733580470085144,0.8284489512443542,0.17774900794029236,False,19
3,57.77358534799714,27.16599999999994,3.9797751925541696,0.1253602239842941,0.0869262821334084,0.3347133823405546,-0.32643308829722717,0.7733580470085144,0.8284489512443542,0.17774900794029236,False,19
3,57.88270493500022,27.26800000000003,3.9952718257337896,0.12721855620695757,0.0796744557111909,0.2,1.0,0.7734742760658264,0.8282838463783264,0.17660585045814514,False,21
3,57.9839480390001,27.26800000000003,3.9952718257337896,0.12721855620695757,0.0796744557111909,0.2,1.0,0.7734742760658264,0.8282838463783264,0.17660585045814514,False,21
3,58.10223539599974,27.370000000000005,4.010151474789085,0.1284563663995528,0.07961288206949936,0.2,-1.0,0.7861737012863159,0.8311972618103027,0.18075323104858398,False,21
3,58.20335730700026,27.370000000000005,4.010151474789085,0.1284563663995528,0.07961288206949936,0.3687301047106393,-0.15634947644680397,0.7861737012863159,0.8311972618103027,0.18075323104858398,False,21
3,58.31254370100214,27.47199999999998,4.024836016444655,0.12979591032477197,0.07644490518237029,0.4,-0.0006480850049863235,0.7728588581085205,0.8229254484176636,0.1790364682674408,False,21
3,58.413829384000564,27.47199999999998,4.024836016444655,0.12979591032477197,0.07644490518237029,0.2731831359763392,0.6340843201183042,0.7728588581085205,0.8229254484176636,0.1790364682674408,False,21
3,58.52592749500036,27.573999999999955,4.040782089700291,0.13117908901965608,0.07433303550420044,0.37730135068367954,-0.11349324658160262,0.7698880434036255,0.814822256565094,0.1748996078968048,False,21
3,58.62685641099961,27.573999999999955,4.040782089700291,0.13117908901965608,0.07433303550420044,0.34622671462957083,-0.26886642685214585,0.7698880434036255,0.814822256565094,0.1748996078968048,False,21
3,58.73918670700368,27.676000000000045,4.056693875154969,0.1325268277464426,0.07155001088344046,0.23896390090893316,0.8051804954553343,0.7395676374435425,0.8028542399406433,0.1800592839717865,False,20
3,58.840215830998204,27.676000000000045,4.056693875154969,0.1325268277464426,0.07155001088344046,0.4,-0.09053555429358816,0.7395676374435425,0.8028542399406433,0.1800592839717865,False,20
3,58.95138795099774,27.77800000000002,4.072032782733439,0.13362981367523002,0.0710463646843335,0.4,-0.07769788888350204,0.6589460372924805,0.8310580253601074,0.23101627826690674,False,19
3,59.05199934799748,27.77800000000002,4.072032782733439,0.13362981367523002,0.0710463646843335,0.3316679526924633,0.34166023653768385,0.6589460372924805,0.8310580253601074,0.23101627826690674,False,19
3,59.18491417000041,27.846000000000004,4.083100771617653,0.13441966058321564,0.0713033722805798,0.4,0.047885369352801854,0.6961423754692078,0.8284749388694763,0.23459762334823608,False,20
3,59.293652719999955,27.879999999999995,4.0880332717167285,0.13477835516532255,0.0712693106188252,0.35593943718981785,0.22030281405091084,0.6961423754692078,0.8284749388694763,0.23459762334823608,False,20
3,59.399253392999526,27.94799999999998,4.098688379567089,0.13542192459821945,0.07312991895381325,0.31891307209034353,-0.4054346395482825,0.6970183253288269,0.8349236249923706,0.23655924201011658,False,19
3,59.5077412899991,27.98199999999997,4.103518066737844,0.1355460673867842,0.07609782137744353,0.4,-0.083943031190074,0.6970183253288269,0.8349236249923706,0.23655924201011658,False,19
3,59.614016701001674,28.049999999999955,4.11369535687313,0.13630049267298,0.07575872066540089,0.4,0.07586524744960399,0.6957845687866211,0.8313421607017517,0.23173359036445618,False,20
3,59.718122115998995,28.083999999999946,4.1185241674426605,0.1366782797504722,0.07558143044949453,0.4,0.06037442393831169,0.6957845687866211,0.8313421607017517,0.23173359036445618,False,20
3,59.826406884996686,28.152000000000044,4.1295221838261345,0.13752273978657778,0.07558550732180787,0.3717123388424009,-0.14143830578799557,0.7497784495353699,0.799327552318573,0.1792130172252655,False,21
3,59.92972327699681,28.186000000000035,4.134780396539641,0.1379197504342003,0.07548496019215474,0.4,-0.036804265190368994,0.7497784495353699,0.799327552318573,0.1792130172252655,False,21
3,60.03924520900182,28.25400000000002,4.145758767681788,0.13884157951055492,0.07344215978440848,0.35652983862365695,0.21735080688171546,0.7472542524337769,0.7930421233177185,0.17192533612251282,False,19
